Name,Physical Storage Quantity,Storage Unit,GroupName,Date_week,Month,Stock_Class,Cycle,Max_Stock
AJAX VITRE,2.0,PC (1 PC),Hygiène,lundi,2024-01,A,0,32.0
AMANDES GRILEES SALEES 70GR,24.0,PC (1 PC),Fruits Secs,lundi,2024-01,B,0,84.0
AUBERGINE LEGUME,2.1,KG,Legumes Frais,lundi,2024-01,A,0,17.85
BACON DE DINDE TRANCHES (1 - 1.5 KG),10.0,KG,Charcuterie,lundi,2024-01,B,0,43.0
BISCUIT TUC,24.0,PC (1 PC),Epicerie,lundi,2024-01,D,0,120.0
BORGHELL,3.0,KG (1 KG),Epicerie,lundi,2024-01,C,0,10.0
BROCHETTE BAMBOO 20,2.0,PC (1 PC),Consommable,lundi,2024-01,C,0,14.0
CAKE MARBRE PBC,55.0,PC (1 PC),Viennoiserie,lundi,2024-01,A,0,363.0
CAROTTE,7.0,KG,Legumes Frais,lundi,2024-01,A,0,67.1
CAROTTE CAKE PBC,55.0,PC (1 PC),Viennoiserie,lundi,2024-01,B,0,330.0
CELTIA FUT DE 50L,2.0,PC (50 L),Alcools,lundi,2024-01,B,0,6.0
CHAMPIGNON FRAIS BARQUETTE,2.0,KG,Legumes Frais,lundi,2024-01,A,0,34.5
CHOCOLAT EN POUDRE,17.0,PC (0.2 KG),Cafe,lundi,2024-01,A,0,86.0
CITRON SALLE,7.0,KG,Legumes Frais,lundi,2024-01,B,0,28.0
CONCOMBRE,16.5,KG,Legumes Frais,lundi,2024-01,A,0,177.692
COOKIES,40.0,PC,Viennoiserie,lundi,2024-01,C,0,120.0
CORNICHON FRAIS,6.0,KG,Legumes Frais,lundi,2024-01,B,0,12.0
COURGETTE,2.0,KG,Legumes Frais,lundi,2024-01,A,0,28.6
DADDY'S CHIPS SAVORY TRUFFE PARMESAN 70G,15.0,PC (1 PC),Epicerie,lundi,2024-01,B,0,165.0
EMBALLAGE EN CARTON 30*12*6,150.0,PC (1 PC),Consommable,lundi,2024-01,D,0,300.0
EMINCE DE BOEUF PORT. SURGELE,5.395,KG (1000 GR),Viandes Surgelées,lundi,2024-01,A,0,79.49000000000001
ESCALOPE POULET PANE CONGELE,9.39,KG,Volaille Surgelée,lundi,2024-01,A,0,128.91
ESSUIT TOUT JUMBO,9.0,PC (1 KG),Hygiène,lundi,2024-01,A,0,157.0
FROMAGE BUCHE BLANCHE CHEVRE KG,0.11,KG (1 KG),Beurre Oeuf Fromage,lundi,2024-01,B,0,5.0
FROMAGE CHEDDAR PORTION KG,10.1,KG,Beurre Oeuf Fromage,lundi,2024-01,B,0,24.45
FROMAGE EDAM MEULE,7.2,KG,Beurre Oeuf Fromage,lundi,2024-01,B,0,35.622
FROMAGE MEULE GOUDA KG,8.3,KG,Beurre Oeuf Fromage,lundi,2024-01,A,0,32.932
FROMAGE MOZARELLA CARRE KG,30.0,KG,Beurre Oeuf Fromage,lundi,2024-01,B,0,145.0
FROMAGE PARMIGIANO REGIANO,0.75,PC (1 PC),Beurre Oeuf Fromage,lundi,2024-01,D,0,1.0499999999999998
GARCI GAZ P.E.T 1 L,44.0,L (1 GR),Eaux et Sodas,lundi,2024-01,A,0,344.0
HARISSA 5/2,11.0,BOTTE (1 BTE),Epicerie,lundi,2024-01,A,0,53.0
HUILE VEGETALE 5L,12.0,L (5 PC),Epicerie,lundi,2024-01,A,0,54.0
JAMBON DE BOEUF FUME,5.95,KG,Charcuterie,lundi,2024-01,A,0,18.1
JOUR ET NUIT ROSE 1/2,18.0,PC (1 PC),Alcools,lundi,2024-01,B,0,52.0
KETCHUP,1.0,PC (5000 PC),Epicerie,lundi,2024-01,C,0,40.0
KINDER T4,40.0,PC (1 PC),Epicerie,lundi,2024-01,B,0,180.0
LAVETTE COTON,6.0,PC (1 PC),Hygiène,lundi,2024-01,A,0,149.0
LOT CAFE EN GRAINS ( BARISTA N°3 ),10.0,PC (1 KG),Cafe,lundi,2024-01,A,0,98.0
MAYO 5L DEJ,30.0,KG (5000 GR),Epicerie,lundi,2024-01,A,0,170.0
MENTOS ROLLS FRUIT FLAVOUR,40.0,PC (1 PC),Epicerie,lundi,2024-01,D,0,80.0
MENTOS ROLLS MENTHE,40.0,PC (1 PC),Epicerie,lundi,2024-01,D,0,80.0
MENTOS ROLLS RAINBOW,40.0,PC (1 PC),Epicerie,lundi,2024-01,D,0,120.0
MENTOS ROLLS STRAWBERRY,40.0,PC (1 PC),Epicerie,lundi,2024-01,D,0,80.0
MENTOS ROLLS TUTTI FRUTTI,40.0,PC (1 PC),Epicerie,lundi,2024-01,D,0,80.0
NOIX DE CAJOU GRILLES SALEES 65GR,12.0,PC (1 PC),Fruits Secs,lundi,2024-01,B,0,96.0
OEUFS,4.0,PC (30 PC),Beurre Oeuf Fromage,lundi,2024-01,A,0,83.0
ORANGINA BOITE 24 CL,73.0,BTE (1 BTE),Eaux et Sodas,lundi,2024-01,A,0,347.0
PAILLE ENVELOPPE 7.5MM COLORE,5.0,SCH (50 PC),Consommable,lundi,2024-01,B,0,47.0
PAILLE ENVELOPPE 7.5MM NOIR,5.0,SCH (100 PC),Consommable,lundi,2024-01,B,0,33.0
PAIN CHAWARMA *10,8.0,PQT (10 PC),Boulangerie_R,lundi,2024-01,A,0,115.0
PAIN DE MIE CEREALE,26.0,PC (1 PC),Boulangerie_R,lundi,2024-01,B,0,130.0
PAIN DE MIE NATURE,52.0,PC,Boulangerie_R,lundi,2024-01,B,0,130.0
PAPIER ALUM DE 100,1.0,PC (1 PC),Consommable,lundi,2024-01,B,0,9.0
PAPIER CUISSON 40*60,1.0,PC (500 PC),Consommable,lundi,2024-01,C,0,4.0
PAPRIKA DOUX,2.0,KG (1 KG),Fruits & Legumes Frais,lundi,2024-01,C,0,3.0
PAPRIKA FORT,1.0,KG,Epicerie,lundi,2024-01,C,0,3.0
PATE SPAGHETTI,12.0,PC,Epicerie,lundi,2024-01,B,0,74.0
PIMENT FORT,4.7,KG,Legumes Frais,lundi,2024-01,A,0,78.95
PIMENT ROUGE SALLE,5.0,KG,Legumes Frais,lundi,2024-01,B,0,20.0
POIVRE NOIR MOULU,1.0,PC (1 KG),Epicerie,lundi,2024-01,B,0,3.0
ROQUETTE SALADE KG,1.0,KG,Legumes Frais,lundi,2024-01,C,0,4.35
ROULEAU CAISSE 80*80,50.0,PC (1 PC),Fournitures de Bureau,lundi,2024-01,A,0,205.0
ROULEAU TPE,20.0,PC (1 PC),Fournitures de Bureau,lundi,2024-01,A,0,286.0
SALADE LAITUE TUN,20.9,KG,Legumes Frais,lundi,2024-01,A,0,393.7
SANIT SURF,2.0,PC (1 PC),Hygiène,lundi,2024-01,A,0,51.0
SAUCE BARBECUE,1.0,PC (1 PC),Epicerie,lundi,2024-01,C,0,30.0
SEL FIN DE TABLE,1.0,PC (1 KG),Epicerie,lundi,2024-01,B,0,23.0
SERPILLERE,8.0,PC (1 PC),Hygiène,lundi,2024-01,A,0,122.0
SNICKERS,80.0,PC (1 PC),Epicerie,lundi,2024-01,C,0,100.0
SUCRE EN SACHET DAILY BREAK,10.0,PC (1 KG),Cafe,lundi,2024-01,A,0,230.0
THON EN BOITES,30.0,BTE (2.05 KG),Conserve de Poisson,lundi,2024-01,A,0,164.0
TOMATE CONCENTRE 4/4,12.0,PC,Epicerie,lundi,2024-01,D,0,24.0
TOMATE FRAICHE,34.3,KG,Legumes Frais,lundi,2024-01,A,0,526.85
TOQUE CHEF,2.0,PC (1 PC),Hygiène,lundi,2024-01,C,0,6.0
VIANDE HACHEE SPECIAL RESTO,4.7,PC (1 KG),Viandes Fraiches,lundi,2024-01,A,0,191.07
VIANDE SECHE FUME (BRESAOLA) TRANCHES 300GR,0.6,KG (1000 GR),Viandes Fraiches,lundi,2024-01,A,0,11.0
VIPA ORIENTAL MIX 100 GR,8.0,PC (1 PC),Fruits Secs,lundi,2024-01,B,0,48.0
AIL,5.3,KG (1 KG),Legumes Frais,mardi,2024-01,B,1,8.3
AJAX VITRE,11.0,PC (1 PC),Hygiène,mercredi,2024-01,A,1,32.0
AMANDE EFFILEE,1.0,PC (1 KG),Fruits Secs,mercredi,2024-01,B,1,4.0
AMANDES GRILEES SALEES 70GR,24.0,PC (1 PC),Fruits Secs,jeudi,2024-01,B,1,84.0
AMSTEL BEER BLLE 33CL,260.0,BTL,Alcools,lundi,2024-01,B,1,432.0
ASEPCLOR,10.0,PC (1 PC),Hygiène,dimanche,2024-01,A,1,60.0
AUBERGINE LEGUME,5.65,KG (1 KG),Legumes Frais,dimanche,2024-01,A,1,17.85
BACON BOEUF FUME TRANCHES ( 300GR),3.9,KG (1000 GR),Viandes Fraiches,vendredi,2024-01,A,1,6.9
BACON DE DINDE TRANCHES (1 - 1.5 KG),20.0,KG (1 KG),Charcuterie,vendredi,2024-01,B,1,43.0
BACTYGEL 703 CF,3.0,BTL (1 BTL),Hygiène,mardi,2024-01,B,1,4.0
BALAIS SANS MANCHE,2.0,PC (1 PC),Hygiène,lundi,2024-01,C,1,9.0
BASILIC BARQUETTE,2.6,KG (1 KG),Legumes Frais,mardi,2024-01,A,1,11.05
BLOUSE NON TISSEE,2.0,PC (1 KG),Hygiène,mardi,2024-01,C,1,36.0
BOITE PIZZA 32 cm,200.0,PC (1 PC),Consommable,vendredi,2024-01,C,1,200.0
BOITE PIZZA PM CIG,200.0,PC (1 PC),Consommable,samedi,2024-01,B,1,500.0
CACAHUETES GRILLEES SALEES 70GR,12.0,PC,Fruits Secs,dimanche,2024-01,C,1,60.0
CAKE CHOCOLAT PBC,48.0,PC (1 PC),Viennoiserie,vendredi,2024-01,B,1,88.0
CAKE CITRON PBC,108.0,PC (1 PC),Pâtisseries,jeudi,2024-01,B,1,216.0
CAKE MARBRE PBC,209.0,PC (1 PC),Viennoiserie,mardi,2024-01,A,1,363.0
CAPRE VRAC,2.0,KG (1 KG),Legumes Frais,vendredi,2024-01,B,1,9.0
CAROTTE,10.0,KG (1 KG),Legumes Frais,mardi,2024-01,A,1,67.1
CAROTTE CAKE PBC,110.0,PC (1 PC),Viennoiserie,vendredi,2024-01,B,1,330.0
CELTIA FUT DE 50L,2.0,PC (50 L),Alcools,dimanche,2024-01,B,1,6.0
CHAMPIGNON FRAIS BARQUETTE,22.0,KG (1 KG),Legumes Frais,mardi,2024-01,A,1,34.5
CHAPLUR,2.0,PC (1 KG),Epicerie,mardi,2024-01,C,1,16.0
CHOCOLAT EN POUDRE,26.0,PC (0.2 KG),Cafe,mardi,2024-01,A,1,86.0
CHOUX ROUGE,3.1,PC (1 PC),Legumes Frais,mardi,2024-01,A,1,9.6
CITRON,2.0,KG (1 KG),Legumes Frais,jeudi,2024-01,A,1,16.75
CITRON SALLE,7.0,KG (1 KG),Legumes Frais,vendredi,2024-01,B,1,28.0
COFFRET PORTRAIT AV SEP24.5/14.5,50.0,PC (1 PC),Consommable,dimanche,2024-01,C,1,150.0
CONCOMBRE,85.408,KG (1 KG),Legumes Frais,mercredi,2024-01,A,1,177.692
COOKIES,40.0,PC,Viennoiserie,mardi,2024-01,C,1,120.0
CORNICHON FRAIS,8.0,KG (1 KG),Legumes Frais,vendredi,2024-01,B,1,12.0
COURGE,15.2,KG (1 KG),Legumes Frais,mardi,2024-01,B,1,47.65
COURGETTE,8.95,KG (1 KG),Legumes Frais,dimanche,2024-01,A,1,28.6
COUSCOUS EN PAQUET,12.0,PC (1 PC),Epicerie,mercredi,2024-01,D,1,28.0
CREME DE BALSAMIQUE,1.0,BTL (1 ML),Epicerie,mercredi,2024-01,D,1,10.0
DADDY'S CHIPS CLASSIC SEL DE MER 70G,150.0,PC,Epicerie,mercredi,2024-01,A,1,225.0
DADDY'S CHIPS SAVORY TRUFFE PARMESAN 70G,45.0,PC (1 PC),Epicerie,mercredi,2024-01,B,1,165.0
DADDY'S CHIPS SPICY PAPRIKA 70G,105.0,PC,Epicerie,mercredi,2024-01,A,1,165.0
DINOL,70.0,BIDON (1 KG),Hygiène,mercredi,2024-01,A,1,135.0
EMBALLAGE EN CARTON 30*12*6,150.0,PC (1 PC),Consommable,mercredi,2024-01,D,1,300.0
EMINCE DE BOEUF PORT. SURGELE,15.14,KG (1000 GR),Viandes Surgelées,jeudi,2024-01,A,1,79.49000000000001
EPINARD,2.4,KG (1 KG),Legumes Frais,mardi,2024-01,B,1,12.15
ESCALOPE POULET FRAIS,160.0,PC (1 KG),Volaille Surgelée,jeudi,2024-01,A,1,503.16
ESCALOPE POULET PANE CONGELE,18.29,KG (1 KG),Volaille Surgelée,dimanche,2024-01,A,1,128.91
ESSUIT TOUT JUMBO,78.0,PC (1 KG),Hygiène,mercredi,2024-01,A,1,157.0
FARINE EN PAQUET,23.0,PC (1 KG),Epicerie,mardi,2024-01,A,1,252.0
FILM ETIRABLE 725GR,17.0,PC (1 GR),Consommable,mardi,2024-01,A,1,38.0
FRITE SURGELE 9/9 CLASSIC 2.5 KG,205.0,KG (2.5 KG),Legumes Surgelés,mardi,2024-01,A,1,290.0
FROMAGE CAMEMBERT 240g,8.0,BTE (240 GR),Beurre Oeuf Fromage,lundi,2024-01,D,1,12.0
FROMAGE CHEDDAR PORTION KG,18.05,KG,Beurre Oeuf Fromage,samedi,2024-01,B,1,24.45
FROMAGE EDAM MEULE,5.85,KG (1 KG),Beurre Oeuf Fromage,samedi,2024-01,B,1,35.622
FROMAGE FETA (Nature),0.96,PC (1 KG),Beurre Oeuf Fromage,samedi,2024-01,D,1,1.6
FROMAGE GORGONZELA,0.15,PC (1 KG),Beurre Oeuf Fromage,mercredi,2024-01,A,1,13.0
FROMAGE LAND OR,9.0,PC (1 KG),Beurre Oeuf Fromage,jeudi,2024-01,A,1,25.4
FROMAGE MAASDAM EN BLOC PB,30.0,KG,Beurre Oeuf Fromage,mardi,2024-01,A,1,65.5
FROMAGE MEULE GOUDA KG,12.15,KG (1 KG),Beurre Oeuf Fromage,samedi,2024-01,A,1,32.932
FROMAGE MOZARELLA CARRE KG,109.0,KG (1 KG),Beurre Oeuf Fromage,mercredi,2024-01,B,1,145.0
FROMAGE MOZZARELLA MINI,1.0,PC,Beurre Oeuf Fromage,samedi,2024-01,D,1,9.0
FROMAGE PARMIGIANO REGIANO,1.0499999999999998,PC (1 PC),Beurre Oeuf Fromage,vendredi,2024-01,D,1,1.0499999999999998
FROMAGE SICILIEN,1.866,KG (1 KG),Beurre Oeuf Fromage,mercredi,2024-01,D,1,5.946
FUT HEINEKEIN,120.0,PC (1 L),Alcools,mardi,2024-01,B,1,240.0
GARCI GAZ P.E.T 1 L,147.0,L (1 GR),Eaux et Sodas,mardi,2024-01,A,1,344.0
GATEAU CHOCOLAT PBC,100.0,PC (1 PC),Viennoiserie,mardi,2024-01,B,1,100.0
GRENAD,50.4,KG (1 KG),Jus Fruit Lait,mardi,2024-01,B,1,69.1
HARISSA 450G,10.0,BTE (1 BTE),Epicerie,jeudi,2024-01,C,1,17.0
HARISSA 5/2,35.0,BOTTE (1 BTE),Epicerie,jeudi,2024-01,A,1,53.0
HUILE VEGETALE 5L,30.0,L (5 PC),Epicerie,vendredi,2024-01,A,1,54.0
JAMBON DE BOEUF FUME,5.95,KG (1 KG),Charcuterie,mercredi,2024-01,A,1,18.1
JAMBON DE DINDE,10.95,PC (1 KG),Charcuterie,jeudi,2024-01,A,1,34.15
JEX CARRE,59.0,PC (1 PC),Hygiène,mardi,2024-01,A,1,180.0
JOUR ET NUIT ROSE 1/2,10.0,PC (1 PC),Alcools,jeudi,2024-01,B,1,52.0
JOUR ET NUIT ROUGE 1/2,8.0,PC (1 PC),Alcools,jeudi,2024-01,C,1,48.0
KETCHUP,1.0,PC (5000 PC),Epicerie,mardi,2024-01,C,1,40.0
KETCHUP BIDON 5L,2.0,PC (5000 PC),Epicerie,mardi,2024-01,B,1,35.0
KINDER T4,40.0,PC (1 PC),Epicerie,jeudi,2024-01,B,1,180.0
LAVETTE COTON,70.0,PC (1 PC),Hygiène,mardi,2024-01,A,1,149.0
LEVURE BOULANGERE NORMALE,4.0,PC (1 PC),Boulangerie_R,lundi,2024-01,B,1,34.0
LOT CAFE EN GRAINS ( BARISTA N°3 ),70.0,PC (1 KG),Cafe,mardi,2024-01,A,1,98.0
MAIS EN BOITE,21.4,PC (1 KG),Conserve de légumes,mercredi,2024-01,A,1,92.0
MAIS EN VRAC,1.0,PC (1 KG),Legumes Frais,lundi,2024-01,C,1,9.0
MANGUE,2.0,PC,Fruits & Legumes Frais,jeudi,2024-01,A,1,39.0
MARINADE POULET GRILLE 2KG PB,32.0,PC (1 KG),Volaille Surgelée,mardi,2024-01,A,1,36.0
MARS CHOCOLAT,40.0,PC (1 PC),Epicerie,samedi,2024-01,C,1,160.0
MAYO 5L DEJ,70.0,KG (5000 GR),Epicerie,mardi,2024-01,A,1,170.0
MENTHE SECHE,0.12,KG (1 KG),Epicerie,mardi,2024-01,D,1,2.0
MENTOS ROLLS MENTHE,40.0,PC (1 PC),Epicerie,lundi,2024-01,D,1,80.0
MENTOS ROLLS STRAWBERRY,40.0,PC (1 PC),Epicerie,mardi,2024-01,D,1,80.0
MIEL DOUX & FRAIS,1.0,PC (1 PC),Epicerie,mardi,2024-01,C,1,11.0
MIX A CREPE FRANCAISE,100.0,SAC (1 SAC),Pâtisseries,mardi,2024-01,B,1,150.0
MOELLEUX CHOCOLAT,36.0,PC,Viennoiserie,vendredi,2024-01,C,1,108.0
MOUTARDE DIJON 840 GR,9.0,BTE (840 GR),Epicerie,samedi,2024-01,B,1,25.0
MUFFINS VANILLE,48.0,PC,Viennoiserie,mardi,2024-01,B,1,96.0
NUGGETS PANE PB,100.0,PC (1 PC),Volaille Surgelée,dimanche,2024-01,A,1,275.0
OEUFS,38.0,PC (30 PC),Beurre Oeuf Fromage,mardi,2024-01,A,1,83.0
OIGNONS BLANC,90.95,KG (1 KG),Legumes Frais,mardi,2024-01,A,1,127.3
OIGNONS ROUGE,72.7,KG (1 KG),Legumes Frais,mardi,2024-01,A,1,119.4
OLIVE DENOYETE,7.0,KG (1 KG),Legumes Frais,vendredi,2024-01,B,1,35.0
OLIVE NOIRE SLICE,7.0,KG,Legumes Frais,mardi,2024-01,B,1,35.0
ORANGINA BOITE 24 CL,347.0,BTE (1 BTE),Eaux et Sodas,mardi,2024-01,A,1,347.0
PAILLE ENVELOPPE 7.5MM COLORE,24.0,SCH (50 PC),Consommable,vendredi,2024-01,B,1,47.0
PAILLE ENVELOPPE 7.5MM NOIR,23.0,SCH (100 PC),Consommable,mardi,2024-01,B,1,33.0
PAIN CHAWARMA *10,57.0,PQT (10 PC),Boulangerie_R,mardi,2024-01,A,1,115.0
PAIN DE MIE CEREALE,26.0,PC (1 PC),Boulangerie_R,samedi,2024-01,B,1,130.0
PAIN DE MIE NATURE,26.0,PC (1 PC),Boulangerie_R,samedi,2024-01,B,1,130.0
PAIN SCHNECK AUX RAISINS SURG PUR BEURRE GF,250.0,PC (1 PC),Viennoiserie,jeudi,2024-01,B,1,1200.0
PAPIER ALUM DE 100,2.0,PC (1 PC),Consommable,vendredi,2024-01,B,1,9.0
PAPIER SERVIETTE GOURMANDISE,40.0,PC (1 PC),Consommable,mercredi,2024-01,B,1,128.0
PAPRIKA FORT,1.0,KG (1 KG),Epicerie,mardi,2024-01,C,1,3.0
PAQUET 17/4,100.0,PC,Consommable,mardi,2024-01,C,1,300.0
PATE PIZZA FOCACCIA 12/40,80.0,PC (1 PC),Boulangerie_R,mardi,2024-01,A,1,170.0
PATE PIZZA FOCACCIA D32 CM,20.0,PC (1 PC),Boulangerie_R,vendredi,2024-01,C,1,50.0
PATE PIZZA PANCROCCHINO 32cm,46.0,PC (1 PC),Boulangerie_R,vendredi,2024-01,D,1,51.0
PATE PLUME COURTE,24.0,PC (1 KG),Epicerie,mardi,2024-01,B,1,58.0
PIECE RONDE BOEUF,5.55,KG (1 KG),Viandes Surgelées,mardi,2024-01,D,1,24.200000000000003
PIMENT DOUX,48.15,KG (1 KG),Legumes Frais,mardi,2024-01,A,1,97.3
PIMENT FORT,19.3,KG (1 KG),Legumes Frais,mardi,2024-01,A,1,78.95
PIMENT ROUGE SALLE,5.0,KG,Legumes Frais,vendredi,2024-01,B,1,20.0
PISTACHE CONCASSEE,1.0,PC (1000 GR),Fruits Secs,vendredi,2024-01,C,1,4.0
POIS CHICHE KG,3.0,PC (1 PC),Legumes Secs,mercredi,2024-01,C,1,8.0
POIVRE NOIR MOULU,1.0,PC (1 KG),Epicerie,mardi,2024-01,B,1,3.0
POMME DE TERRE,86.05,KG (1 KG),Legumes Frais,mercredi,2024-01,A,1,292.25
POUDRE TENDERS PB,30.0,KG (1 KG),Volaille Surgelée,jeudi,2024-01,B,1,42.0
POULET PAC FRAIS,63.42,KG (1 KG),Volaille Fraiche,jeudi,2024-01,C,1,98.48
QUATRE EPICES MOULU,1.0,PC (1 KG),Epicerie,mercredi,2024-01,C,1,3.0
RACLETTE,2.0,PC (1 PC),Hygiène,jeudi,2024-01,B,1,7.0
RAME PAPIER A4,3.0,PC (1 PC),Fournitures de Bureau,dimanche,2024-01,B,1,23.0
REMANENT HERBE CF,2.0,PC (1 PC),Hygiène,jeudi,2024-01,B,1,10.0
ROQUETTE SALADE KG,2.7,KG (1 KG),Legumes Frais,jeudi,2024-01,C,1,4.35
ROULEAU CAISSE 80*80,90.0,PC (1 PC),Fournitures de Bureau,samedi,2024-01,A,1,205.0
ROULEAU TPE,150.0,PC (1 PC),Fournitures de Bureau,samedi,2024-01,A,1,286.0
SAC EN PAPIER KRAFT 30/30/26,50.0,PC (1 PC),Consommable,samedi,2024-01,C,1,150.0
SACHET BRETELLES 38X60 MF,150.0,PC,Consommable,mardi,2024-01,B,1,225.0
SALADE LAITUE TUN,197.3,KG (1 KG),Legumes Frais,mercredi,2024-01,A,1,393.7
SANEX,48.0,PC (1 PC),Hygiène,mercredi,2024-01,A,1,100.0
SANIT SURF,23.0,PC (1 PC),Hygiène,mardi,2024-01,A,1,51.0
SAUCE A L'AIL,3.0,PC,Epicerie,mardi,2024-01,B,1,12.0
SAUCE A L'AIL PB,11.0,L (1 KG),Epicerie,mardi,2024-01,A,1,11.0
SAUCE BARBECUE,2.0,PC (1 PC),Epicerie,mardi,2024-01,C,1,30.0
SAUCE MAYONNAISE PESTO PB,10.0,L (1 L),Epicerie,mardi,2024-01,A,1,11.0
SAUCE PESTO PB,5.0,KG (1 KG),Epicerie,mardi,2024-01,A,1,5.0
SEL FIN DE TABLE,6.0,PC (1 KG),Epicerie,mardi,2024-01,B,1,23.0
SERPILLERE,49.0,PC (1 PC),Hygiène,mardi,2024-01,A,1,122.0
SERVIETTE 30*30 CIGUSTA,48.0,PC (1 PC),Consommable,samedi,2024-01,B,1,192.0
SNICKERS,40.0,PC (1 PC),Epicerie,mardi,2024-01,C,1,100.0
SUCRE EN SACHET CI-GUSTA,10.0,PC (1 PC),Cafe,mardi,2024-01,B,1,120.0
SUCRE EN SACHET DAILY BREAK,90.0,PC (1 KG),Cafe,mardi,2024-01,A,1,230.0
THON EN BOITES,111.0,BTE (2.05 KG),Conserve de Poisson,mercredi,2024-01,A,1,164.0
TOMATE CERISES,7.15,KG (1 KG),Legumes Frais,mercredi,2024-01,A,1,24.95
TOMATE CONCENTRE 4/4,12.0,PC (1 PC),Epicerie,mardi,2024-01,D,1,24.0
TOMATE FRAICHE,325.55,KG (1 KG),Legumes Frais,mardi,2024-01,A,1,526.85
TOMATES SECHEES,0.3,PC (1000 GR),Epicerie,mardi,2024-01,B,1,5.0
TOQUE CHEF,1.0,PC (1 PC),Hygiène,mardi,2024-01,C,1,6.0
VARIANTES,3.0,KG (1 KG),Legumes Frais,mardi,2024-01,D,1,10.0
VIANDE HACHEE SPECIAL RESTO,52.8,PC (1 KG),Viandes Fraiches,mardi,2024-01,A,1,191.07
VIANDE SECHE FUME (BRESAOLA) TRANCHES 300GR,3.6,KG (1000 GR),Viandes Fraiches,vendredi,2024-01,A,1,11.0
AIL,2.0,KG (1 KG),Legumes Frais,samedi,2024-01,B,2,8.3
AIL EN POUDRE,0.04,KG (1 KG),Fruits & Legumes Frais,vendredi,2024-01,C,2,2.0
AJAX VITRE,18.0,PC (1 PC),Hygiène,vendredi,2024-01,A,2,32.0
AMANDE EFFILEE,2.0,PC (1 KG),Fruits Secs,jeudi,2024-01,B,2,4.0
AMANDES GRILEES SALEES 70GR,36.0,PC (1 PC),Fruits Secs,dimanche,2024-01,B,2,84.0
AMSTEL BEER BLLE 33CL,329.0,BTL (1 BTL),Alcools,vendredi,2024-01,B,2,432.0
ASEPCLOR,20.0,PC (1 PC),Hygiène,dimanche,2024-01,A,2,60.0
AUBERGINE LEGUME,3.8,KG,Legumes Frais,dimanche,2024-01,A,2,17.85
BACON BOEUF FUME TRANCHES ( 300GR),4.2,KG (1000 GR),Viandes Fraiches,vendredi,2024-01,A,2,6.9
BACON DE DINDE TRANCHES (1 - 1.5 KG),10.0,KG (1 KG),Charcuterie,samedi,2024-01,B,2,43.0
BALAIS SANS MANCHE,5.0,PC (1 PC),Hygiène,dimanche,2024-01,C,2,9.0
BANANE,98.0,KG (1 PC),Fruits & Legumes Frais,mercredi,2024-01,A,2,155.0
BASILIC BARQUETTE,2.9,KG (1 KG),Legumes Frais,vendredi,2024-01,A,2,11.05
BEURRE MARGARINE  KG,4.5,PC (1 KG),Beurre Oeuf Fromage,samedi,2024-01,C,2,40.5
BISCUIT TUC,24.0,PC (1 PC),Epicerie,dimanche,2024-01,D,2,120.0
BLOUSE NON TISSEE,1.0,PC (1 KG),Hygiène,samedi,2024-01,C,2,36.0
BOITE PIZZA 32 cm,200.0,PC,Consommable,vendredi,2024-01,C,2,200.0
BOITE PIZZA PM CIG,200.0,PC (1 PC),Consommable,mercredi,2024-01,B,2,500.0
BROCHETTE BAMBOO 20,5.0,PC (1 PC),Consommable,vendredi,2024-01,C,2,14.0
CACAHUETES GRILLEES SALEES 70GR,24.0,PC (1 PC),Fruits Secs,vendredi,2024-01,C,2,60.0
CAKE CHOCOLAT PBC,16.0,PC (1 PC),Viennoiserie,dimanche,2024-01,B,2,88.0
CAKE CITRON PBC,36.0,PC (1 PC),Pâtisseries,dimanche,2024-01,B,2,216.0
CAKE MARBRE PBC,143.0,PC (1 PC),Viennoiserie,dimanche,2024-01,A,2,363.0
CAPRE VRAC,1.0,KG (1 KG),Legumes Frais,samedi,2024-01,B,2,9.0
CAROTTE,6.4,KG (1 KG),Legumes Frais,lundi,2024-01,A,2,67.1
CAROTTE CAKE PBC,143.0,PC (1 PC),Viennoiserie,dimanche,2024-01,B,2,330.0
CELTIA FUT DE 50L,1.0,PC (50 L),Alcools,mercredi,2024-01,B,2,6.0
CHAMPIGNON FRAIS BARQUETTE,21.5,KG,Legumes Frais,samedi,2024-01,A,2,34.5
CHAPLUR,2.0,PC (1 KG),Epicerie,vendredi,2024-01,C,2,16.0
CHOCOLAT EN POUDRE,10.0,PC (0.2 KG),Cafe,mardi,2024-01,A,2,86.0
CHOUX ROUGE,4.15,PC (1 PC),Legumes Frais,lundi,2024-01,A,2,9.6
CITRON,3.9,KG (1 KG),Legumes Frais,lundi,2024-01,A,2,16.75
CITRON SALLE,7.0,KG (1 KG),Legumes Frais,mardi,2024-01,B,2,28.0
COFFRET CHECHIA AV SEP 16/16,125.0,PC (1 PC),Consommable,vendredi,2024-01,C,2,125.0
CONCOMBRE,71.342,KG (1 KG),Legumes Frais,samedi,2024-01,A,2,177.692
CONFITURE DE FRAISES 380G,2.0,PC (1 PC),Conserve de légumes,dimanche,2024-01,D,2,3.0
COOKIES,40.0,PC,Viennoiserie,samedi,2024-01,C,2,120.0
COURGETTE,4.25,KG,Legumes Frais,dimanche,2024-01,A,2,28.6
COUSCOUS EN PAQUET,12.0,PC (1 PC),Epicerie,jeudi,2024-01,D,2,28.0
COUTEAU A PAIN 20CM,2.0,PC (1 PC),Accessoire & couvert,vendredi,2024-01,C,2,5.0
COUVERCLE POUR GOB 16 OZ ET 14 OZ,200.0,PC,Consommable,jeudi,2024-01,D,2,1250.0
CREME DE BALSAMIQUE,4.0,BTL (1 ML),Epicerie,jeudi,2024-01,D,2,10.0
DADDY'S CHIPS SAVORY TRUFFE PARMESAN 70G,75.0,PC,Epicerie,dimanche,2024-01,B,2,165.0
DADDY'S CHIPS SPICY PAPRIKA 70G,45.0,PC (1 PC),Epicerie,dimanche,2024-01,A,2,165.0
DINOL,70.0,BIDON (1 KG),Hygiène,samedi,2024-01,A,2,135.0
EMBALLAGE EN CARTON 30*12*6,100.0,PC (1 PC),Consommable,jeudi,2024-01,D,2,300.0
EMINCE DE BOEUF PORT. SURGELE,17.4,KG (1000 GR),Viandes Surgelées,vendredi,2024-01,A,2,79.49000000000001
ESCALOPE POULET FRAIS,239.27,PC (1 KG),Volaille Surgelée,samedi,2024-01,A,2,503.16
ESCALOPE POULET PANE CONGELE,13.88,KG (1 KG),Volaille Surgelée,mardi,2024-01,A,2,128.91
ESSUIT TOUT JUMBO,106.0,PC (1 KG),Hygiène,vendredi,2024-01,A,2,157.0
FARINE EN PAQUET,10.0,PC (1 KG),Epicerie,mardi,2024-01,A,2,252.0
FILM ETIRABLE 725GR,19.0,PC (1 GR),Consommable,vendredi,2024-01,A,2,38.0
FRAISE FRAIS,12.95,PC (1 KG),Fruits & Legumes Frais,mercredi,2024-01,A,2,64.35
FRITE SURGELE 9/9 CLASSIC 2.5 KG,135.0,KG (2.5 KG),Legumes Surgelés,samedi,2024-01,A,2,290.0
FRITE SURGELE WEDGES 2.5 KG,2.5,KG (2.5 KG),Legumes Surgelés,mercredi,2024-01,B,2,90.0
FROMAGE CAMEMBERT 240g,8.0,BTE (240 GR),Beurre Oeuf Fromage,vendredi,2024-01,D,2,12.0
FROMAGE CHEDDAR PORTION KG,19.555,KG,Beurre Oeuf Fromage,samedi,2024-01,B,2,24.45
FROMAGE EDAM MEULE,5.9,KG (1 KG),Beurre Oeuf Fromage,samedi,2024-01,B,2,35.622
FROMAGE FETA (Nature),0.64,PC (1 KG),Beurre Oeuf Fromage,vendredi,2024-01,D,2,1.6
FROMAGE LAND OR,1.8,PC (1 KG),Beurre Oeuf Fromage,samedi,2024-01,A,2,25.4
FROMAGE MAASDAM EN BLOC PB,26.0,KG,Beurre Oeuf Fromage,samedi,2024-01,A,2,65.5
FROMAGE MEULE GOUDA KG,15.168,KG (1 KG),Beurre Oeuf Fromage,samedi,2024-01,A,2,32.932
FROMAGE MOZARELLA CARRE KG,82.0,KG (1 KG),Beurre Oeuf Fromage,samedi,2024-01,B,2,145.0
FROMAGE MOZZARELLA MINI,9.0,PC,Beurre Oeuf Fromage,vendredi,2024-01,D,2,9.0
FROMAGE SICILIEN,1.949,KG (1 KG),Beurre Oeuf Fromage,samedi,2024-01,D,2,5.946
FUT HEINEKEIN,100.0,PC (1 L),Alcools,dimanche,2024-01,B,2,240.0
GARCI GAZ P.E.T 1 L,219.0,L (1 GR),Eaux et Sodas,vendredi,2024-01,A,2,344.0
GATEAU CHOCOLAT PBC,60.0,PC (1 PC),Viennoiserie,dimanche,2024-01,B,2,100.0
GRENAD,69.1,KG (1 KG),Jus Fruit Lait,vendredi,2024-01,B,2,69.1
HARISSA 5/2,13.0,BOTTE (1 BTE),Epicerie,vendredi,2024-01,A,2,53.0
HUILE VEGETALE 5L,32.0,L (5 PC),Epicerie,vendredi,2024-01,A,2,54.0
JAMBON DE BOEUF FUME,3.2,KG (1 KG),Charcuterie,samedi,2024-01,A,2,18.1
JAMBON DE DINDE,4.9,PC (1 KG),Charcuterie,vendredi,2024-01,A,2,34.15
JEX CARRE,24.0,PC (1 PC),Hygiène,samedi,2024-01,A,2,180.0
JOUR ET NUIT ROSE 1/2,14.0,PC (1 PC),Alcools,dimanche,2024-01,B,2,52.0
JOUR ET NUIT ROUGE 1/2,16.0,PC (1 PC),Alcools,dimanche,2024-01,C,2,48.0
JOUR ET NUIT3/4 BLANC,12.0,PC (1 PC),Alcools,vendredi,2024-01,C,2,30.0
LAVETTE COTON,82.0,PC,Hygiène,dimanche,2024-01,A,2,149.0
LOT CAFE EN GRAINS ( BARISTA N°3 ),78.0,PC (1 KG),Cafe,vendredi,2024-01,A,2,98.0
MAIS EN BOITE,10.0,PC (1 KG),Conserve de légumes,vendredi,2024-01,A,2,92.0
MAIS EN VRAC,2.0,PC (1 KG),Legumes Frais,samedi,2024-01,C,2,9.0
MANGUE,3.0,PC (1 PC),Fruits & Legumes Frais,vendredi,2024-01,A,2,39.0
MARINADE POULET GRILLE 2KG PB,24.0,PC (1 KG),Volaille Surgelée,samedi,2024-01,A,2,36.0
MARS CHOCOLAT,160.0,PC (1 PC),Epicerie,samedi,2024-01,C,2,160.0
MAYO 5L DEJ,80.0,KG (5000 GR),Epicerie,vendredi,2024-01,A,2,170.0
MENTHE FRAICHE,1.0,PC (1 PC),Legumes Frais,jeudi,2024-01,B,2,16.0
MENTOS ROLLS FRUIT FLAVOUR,40.0,PC (1 PC),Epicerie,vendredi,2024-01,D,2,80.0
MENTOS ROLLS MENTHE,40.0,PC,Epicerie,vendredi,2024-01,D,2,80.0
MENTOS ROLLS TUTTI FRUTTI,40.0,PC (1 PC),Epicerie,vendredi,2024-01,D,2,80.0
MIEL DOUX & FRAIS,5.0,PC (1 PC),Epicerie,vendredi,2024-01,C,2,11.0
MIX A CREPE FRANCAISE,60.0,SAC (1 SAC),Pâtisseries,vendredi,2024-01,B,2,150.0
MOELLEUX CHOCOLAT,36.0,PC (1 PC),Viennoiserie,vendredi,2024-01,C,2,108.0
MOUTARDE DIJON 840 GR,6.0,BTE (840 GR),Epicerie,samedi,2024-01,B,2,25.0
MUFFINS VANILLE,24.0,PC (1 PC),Viennoiserie,mardi,2024-01,B,2,96.0
NAPPAGE,1.0,PC,Pâtisseries,dimanche,2024-01,C,2,14.0
NOISETTE GRILLEE CONCASSEE,1.0,PC (1 KG),Fruits Secs,jeudi,2024-01,D,2,3.0
NOIX DE CAJOU GRILLES SALEES 65GR,48.0,PC (1 PC),Fruits Secs,dimanche,2024-01,B,2,96.0
NUGGETS PANE PB,25.0,PC (1 PC),Volaille Surgelée,jeudi,2024-01,A,2,275.0
OEUFS,34.0,PC (30 PC),Beurre Oeuf Fromage,samedi,2024-01,A,2,83.0
OIGNONS BLANC,89.4,KG (1 KG),Legumes Frais,samedi,2024-01,A,2,127.3
OIGNONS ROUGE,85.1,KG,Legumes Frais,dimanche,2024-01,A,2,119.4
OLIVE DENOYETE,7.0,KG (1 KG),Legumes Frais,samedi,2024-01,B,2,35.0
OLIVE NOIRE SLICE,14.0,KG,Legumes Frais,samedi,2024-01,B,2,35.0
ORANGINA BOITE 24 CL,172.0,BTE (1 BTE),Eaux et Sodas,vendredi,2024-01,A,2,347.0
PAILLE ENVELOPPE 7.5MM COLORE,11.0,SCH (50 PC),Consommable,dimanche,2024-01,B,2,47.0
PAILLE ENVELOPPE 7.5MM NOIR,33.0,SCH (100 PC),Consommable,samedi,2024-01,B,2,33.0
PAIN CHAWARMA *10,44.0,PQT (10 PC),Boulangerie_R,samedi,2024-01,A,2,115.0
PAIN DE MIE CEREALE,78.0,PC,Boulangerie_R,vendredi,2024-01,B,2,130.0
PAIN DE MIE NATURE,104.0,PC,Boulangerie_R,vendredi,2024-01,B,2,130.0
PAIN SCHNECK AUX RAISINS SURG PUR BEURRE GF,150.0,PC (1 PC),Viennoiserie,mercredi,2024-01,B,2,1200.0
PAPIER ALUM DE 100,2.0,PC (1 PC),Consommable,jeudi,2024-01,B,2,9.0
PAPIER CUISSON 40*60,1.0,PC (500 PC),Consommable,dimanche,2024-01,C,2,4.0
PAPIER SERVIETTE GOURMANDISE,88.0,PC (1 PC),Consommable,vendredi,2024-01,B,2,128.0
PAPRIKA FORT,1.0,KG (1 KG),Epicerie,dimanche,2024-01,C,2,3.0
PATE PIZZA FOCACCIA 12/40,48.0,PC,Boulangerie_R,vendredi,2024-01,A,2,170.0
PATE PIZZA FOCACCIA D32 CM,20.0,PC (1 PC),Boulangerie_R,vendredi,2024-01,C,2,50.0
PATE PLUME COURTE,12.0,PC (1 KG),Epicerie,samedi,2024-01,B,2,58.0
PATE SPAGHETTI,18.0,PC,Epicerie,dimanche,2024-01,B,2,74.0
PEPPERONI,2.0,KG (1 KG),Charcuterie,mercredi,2024-01,A,2,4.8
PIECE RONDE BOEUF,6.95,KG (1 KG),Viandes Surgelées,mercredi,2024-01,D,2,24.200000000000003
PIMENT DOUX,39.3,KG (1 KG),Legumes Frais,vendredi,2024-01,A,2,97.3
PIMENT FORT,23.0,KG (1 KG),Legumes Frais,lundi,2024-01,A,2,78.95
PIMENT ROUGE SALLE,5.0,KG,Legumes Frais,samedi,2024-01,B,2,20.0
POMME DE TERRE,111.95,KG,Legumes Frais,dimanche,2024-01,A,2,292.25
POUDRE TENDERS PB,10.0,KG (1 KG),Volaille Surgelée,vendredi,2024-01,B,2,42.0
POULET PAC FRAIS,83.86,KG (1 KG),Volaille Fraiche,samedi,2024-01,C,2,98.48
PUREE DE KIWI 1.32KG MONIN,1.0,PC (1320 GR),Pâtisseries,dimanche,2024-01,D,2,2.0
PUREE FRAISE 1.32KG MONIN,2.0,KG (1320 GR),Pâtisseries,dimanche,2024-01,D,2,2.0
QUATRE EPICES MOULU,1.0,PC (1 KG),Epicerie,dimanche,2024-01,C,2,3.0
RACLETTE,1.0,PC (1 PC),Hygiène,mardi,2024-01,B,2,7.0
RAME PAPIER A4,6.0,PC (1 PC),Fournitures de Bureau,mercredi,2024-01,B,2,23.0
REMANENT HERBE CF,2.0,PC (1 PC),Hygiène,samedi,2024-01,B,2,10.0
ROQUETTE SALADE KG,2.6499,KG (1 KG),Legumes Frais,samedi,2024-01,C,2,4.35
ROULEAU CAISSE 80*80,55.0,PC (1 PC),Fournitures de Bureau,dimanche,2024-01,A,2,205.0
ROULEAU DE 750 ETIQUETTE BLANC,4.0,PC,Consommable,vendredi,2024-01,C,2,16.0
ROULEAU TPE,90.0,PC (1 PC),Fournitures de Bureau,dimanche,2024-01,A,2,286.0
SAC EN PAPIER KRAFT 30/30/26,150.0,PC (1 PC),Consommable,jeudi,2024-01,C,2,150.0
SALADE LAITUE TUN,186.35,KG (1 KG),Legumes Frais,vendredi,2024-01,A,2,393.7
SANEX,32.0,PC (1 PC),Hygiène,samedi,2024-01,A,2,100.0
SANIT SURF,24.0,PC (1 PC),Hygiène,vendredi,2024-01,A,2,51.0
SAUCE A L'AIL,3.0,PC,Epicerie,dimanche,2024-01,B,2,12.0
SAUCE A L'AIL PB,8.0,L (1 KG),Epicerie,samedi,2024-01,A,2,11.0
SAUCE BARBECUE PB,15.0,KG,Epicerie,samedi,2024-01,D,2,15.0
SAUCE MAYONNAISE PESTO PB,8.0,L,Epicerie,samedi,2024-01,A,2,11.0
SAUCE PESTO PB,4.0,KG (1 KG),Epicerie,samedi,2024-01,A,2,5.0
SEL FIN DE TABLE,7.0,PC (1 KG),Epicerie,lundi,2024-01,B,2,23.0
SERPILLERE,57.0,PC (1 PC),Hygiène,samedi,2024-01,A,2,122.0
SERVIETTE 30*30 CIGUSTA,48.0,PC (1 PC),Consommable,mercredi,2024-01,B,2,192.0
SIROP DE CARAMEL 1L MONIN,1.0,PC (1000 ML),Pâtisseries,dimanche,2024-01,B,2,5.0
SUCRE EN SACHET CI-GUSTA,30.0,PC (1 PC),Cafe,dimanche,2024-01,B,2,120.0
SUCRE EN SACHET DAILY BREAK,80.0,PC (1 KG),Cafe,vendredi,2024-01,A,2,230.0
THON EN BOITES,70.0,BTE (2.05 KG),Conserve de Poisson,samedi,2024-01,A,2,164.0
TIC TAC MENTHE,12.0,PC (1 PC),Epicerie,dimanche,2024-01,D,2,36.0
TIC TAC ORANGE,12.0,PC (1 PC),Epicerie,dimanche,2024-01,D,2,36.0
TIC TAC STRAWBERRY MIX,12.0,PC (1 PC),Epicerie,dimanche,2024-01,D,2,60.0
TOMATE CERISES,7.7,KG (1 KG),Legumes Frais,samedi,2024-01,A,2,24.95
TOMATE CONCENTRE 4/4,24.0,PC (1 PC),Epicerie,samedi,2024-01,D,2,24.0
TOMATE FRAICHE,242.2,KG (1 KG),Legumes Frais,samedi,2024-01,A,2,526.85
TOMATES SECHEES,0.2,PC (1000 GR),Epicerie,vendredi,2024-01,B,2,5.0
TWIX,75.0,PC (1 PC),Epicerie,vendredi,2024-01,C,2,125.0
VIANDE HACHEE SPECIAL RESTO,45.1,PC (1 KG),Viandes Fraiches,vendredi,2024-01,A,2,191.07
VIANDE SECHE FUME (BRESAOLA) TRANCHES 300GR,3.6,KG (1000 GR),Viandes Fraiches,vendredi,2024-01,A,2,11.0
VINAIGRE 1L,12.0,L (1000 GR),Epicerie,samedi,2024-01,D,2,12.0
AGRAFFE,2.0,PC (1 PC),Fournitures de Bureau,samedi,2024-01,C,3,11.0
AIL,2.0,KG,Legumes Frais,mercredi,2024-01,B,3,8.3
AJAX VITRE,6.0,PC (1 PC),Hygiène,samedi,2024-01,A,3,32.0
AMANDE EFFILEE,1.0,PC (1 KG),Fruits Secs,vendredi,2024-01,B,3,4.0
AMANDES GRILEES SALEES 70GR,12.0,PC (1 PC),Fruits Secs,vendredi,2024-01,B,3,84.0
AMSTEL BEER BLLE 33CL,237.0,BTL (1 BTL),Alcools,lundi,2024-01,B,3,432.0
ASEPCLOR,25.0,PC (1 PC),Hygiène,mercredi,2024-01,A,3,60.0
AUBERGINE LEGUME,7.0,KG (1 KG),Legumes Frais,mercredi,2024-01,A,3,17.85
BACON BOEUF FUME TRANCHES ( 300GR),3.9,KG (1000 GR),Viandes Fraiches,mercredi,2024-01,A,3,6.9
BACON DE DINDE TRANCHES (1 - 1.5 KG),5.0,KG (1 KG),Charcuterie,mardi,2024-01,B,3,43.0
BACTYGEL 703 CF,2.0,BTL (1 BTL),Hygiène,mercredi,2024-01,B,3,4.0
BANANE,18.0,KG (1 PC),Fruits & Legumes Frais,lundi,2024-01,A,3,155.0
BASILIC BARQUETTE,2.05,KG (1 KG),Legumes Frais,lundi,2024-01,A,3,11.05
BLOUSE NON TISSEE,1.0,PC (1 KG),Hygiène,mardi,2024-01,C,3,36.0
BOITE PIZZA 32 cm,100.0,PC (1 PC),Consommable,mercredi,2024-01,C,3,200.0
BOITE PIZZA ONDULEE 31/31,50.0,PC,Consommable,mardi,2024-01,C,3,200.0
BOITE PIZZA PM CIG,200.0,PC (1 PC),Consommable,mercredi,2024-01,B,3,500.0
BORGHELL,4.0,KG (1 KG),Epicerie,lundi,2024-01,C,3,10.0
BOUTEILLE DE VINAIGRETTE 250ML,6.0,PC (250 GR),Epicerie,mercredi,2024-01,A,3,16.0
CACAHUETES GRILLEES SALEES 70GR,12.0,PC (1 PC),Fruits Secs,mardi,2024-01,C,3,60.0
CAKE CHOCOLAT PBC,32.0,PC (1 PC),Viennoiserie,lundi,2024-01,B,3,88.0
CAKE CITRON PBC,72.0,PC (1 PC),Pâtisseries,lundi,2024-01,B,3,216.0
CAKE MARBRE PBC,110.0,PC (1 PC),Viennoiserie,jeudi,2024-01,A,3,363.0
CAPRE VRAC,2.0,KG (1 KG),Legumes Frais,lundi,2024-01,B,3,9.0
CAROTTE,12.05,KG (1 KG),Legumes Frais,lundi,2024-01,A,3,67.1
CAROTTE CAKE PBC,110.0,PC (1 PC),Viennoiserie,dimanche,2024-01,B,3,330.0
CELTIA FUT DE 50L,1.0,PC (50 L),Alcools,lundi,2024-01,B,3,6.0
CHAMPIGNON FRAIS BARQUETTE,11.0,KG (1 KG),Legumes Frais,mercredi,2024-01,A,3,34.5
CHOCOLAT EN POUDRE,41.0,PC (0.2 KG),Cafe,lundi,2024-01,A,3,86.0
CHOUX ROUGE,2.0,PC (1 PC),Legumes Frais,samedi,2024-01,A,3,9.6
CHOUX VERT,1.75,KG (1 KG),Legumes Frais,samedi,2024-01,B,3,12.8
CITRON,2.0,KG (1 KG),Legumes Frais,mercredi,2024-01,A,3,16.75
CITRON SALLE,7.0,KG (1 KG),Legumes Frais,mercredi,2024-01,B,3,28.0
CONCOMBRE,66.5,KG (1 KG),Legumes Frais,mercredi,2024-01,A,3,177.692
CONFITURE DE FRAISES 380G,1.0,PC (1 PC),Conserve de légumes,jeudi,2024-01,D,3,3.0
CORNICHON FRAIS,2.0,KG (1 KG),Legumes Frais,lundi,2024-01,B,3,12.0
COURGETTE,8.85,KG (1 KG),Legumes Frais,mercredi,2024-01,A,3,28.6
COUVERCLE POUR GOB 16 OZ ET 14 OZ,300.0,PC (1 PC),Consommable,lundi,2024-01,D,3,1250.0
COUVERCLE SANS TROU PET BOMBE 80MM,100.0,PC,Consommable,jeudi,2024-01,D,3,600.0
CREME A FOUETTER,2.0,PC (1 KG),Epicerie,dimanche,2024-01,B,3,16.0
CREME DE CUISSON,3.0,L (0.95 L),Pâtisseries,mardi,2024-01,B,3,27.0
DADDY'S CHIPS CLASSIC SEL DE MER 70G,60.0,PC (1 PC),Epicerie,jeudi,2024-01,A,3,225.0
DADDY'S CHIPS SAVORY TRUFFE PARMESAN 70G,15.0,PC (1 PC),Epicerie,vendredi,2024-01,B,3,165.0
DADDY'S CHIPS SPICY PAPRIKA 70G,45.0,PC (1 PC),Epicerie,jeudi,2024-01,A,3,165.0
DINOL,65.0,BIDON (1 KG),Hygiène,mardi,2024-01,A,3,135.0
EMINCE DE BOEUF PORT. SURGELE,6.1,KG (1000 GR),Viandes Surgelées,lundi,2024-01,A,3,79.49000000000001
EPINARD,3.0,KG (1 KG),Legumes Frais,lundi,2024-01,B,3,12.15
ESCALOPE POULET FRAIS,162.49,PC (1 KG),Volaille Surgelée,mercredi,2024-01,A,3,503.16
ESCALOPE POULET PANE CONGELE,32.32,KG,Volaille Surgelée,mardi,2024-01,A,3,128.91
ESSUIES VERRES,1.0,PC (1 PC),Hygiène,dimanche,2024-01,D,3,4.0
ESSUIT TOUT JUMBO,82.0,PC (1 KG),Hygiène,lundi,2024-01,A,3,157.0
FARINE EN PAQUET,20.0,PC (1 KG),Epicerie,mardi,2024-01,A,3,252.0
FILM ETIRABLE 725GR,16.0,PC (1 GR),Consommable,mardi,2024-01,A,3,38.0
FRAISE FRAIS,25.85,PC (1 KG),Fruits & Legumes Frais,mercredi,2024-01,A,3,64.35
FRITE SURGELE 9/9 CLASSIC 2.5 KG,90.0,KG (2.5 KG),Legumes Surgelés,mardi,2024-01,A,3,290.0
FROMAGE BLUE CHEESE GR,2.0,PC (100 GR),Beurre Oeuf Fromage,mardi,2024-01,D,3,9.0
FROMAGE CAMEMBERT 240g,2.0,BTE (240 GR),Beurre Oeuf Fromage,dimanche,2024-01,D,3,12.0
FROMAGE CHEDDAR PORTION KG,12.12,KG,Beurre Oeuf Fromage,vendredi,2024-01,B,3,24.45
FROMAGE EDAM MEULE,5.6240000000000006,KG (1 KG),Beurre Oeuf Fromage,mardi,2024-01,B,3,35.622
FROMAGE FETA (Nature),0.96,PC (1 KG),Beurre Oeuf Fromage,samedi,2024-01,D,3,1.6
FROMAGE LAND OR,5.4,PC (1 KG),Beurre Oeuf Fromage,jeudi,2024-01,A,3,25.4
FROMAGE MAASDAM EN BLOC PB,10.0,KG (1 KG),Beurre Oeuf Fromage,samedi,2024-01,A,3,65.5
FROMAGE MEULE GOUDA KG,7.68,KG (1 KG),Beurre Oeuf Fromage,samedi,2024-01,A,3,32.932
FROMAGE MOZARELLA CARRE KG,75.0,KG (1 KG),Beurre Oeuf Fromage,mardi,2024-01,B,3,145.0
FROMAGE MOZZARELLA MINI,3.0,PC (1 PC),Beurre Oeuf Fromage,jeudi,2024-01,D,3,9.0
FROMAGE SICILIEN,1.924,KG (1 KG),Beurre Oeuf Fromage,samedi,2024-01,D,3,5.946
FUT HEINEKEIN,40.0,PC (1 L),Alcools,lundi,2024-01,B,3,240.0
GANT EN PLASTIQUE,1.0,PC (1 PC),Hygiène,jeudi,2024-01,D,3,24.0
GARCI GAZ P.E.T 1 L,33.0,L (1 GR),Eaux et Sodas,lundi,2024-01,A,3,344.0
GATEAU CHOCOLAT PBC,60.0,PC (1 PC),Viennoiserie,jeudi,2024-01,B,3,100.0
GOBLET PP TRANSPARENT 200CC/80MM YOZEL,100.0,PC,Consommable,jeudi,2024-01,D,3,700.0
GRENAD,34.75,KG (1 KG),Jus Fruit Lait,lundi,2024-01,B,3,69.1
HARISSA 5/2,21.0,BOTTE (1 BTE),Epicerie,mardi,2024-01,A,3,53.0
HUILE VEGETALE 5L,34.0,L (5 PC),Epicerie,lundi,2024-01,A,3,54.0
JAMBON DE BOEUF FUME,4.800000000000001,KG,Charcuterie,jeudi,2024-01,A,3,18.1
JAMBON DE DINDE,8.5,PC (1 KG),Charcuterie,mardi,2024-01,A,3,34.15
JEX CARRE,64.0,PC (1 PC),Hygiène,mercredi,2024-01,A,3,180.0
KETCHUP BIDON 5L,20.0,PC (1 KG),Epicerie,mercredi,2024-01,B,3,35.0
KINDER BUENO,90.0,PC (1 PC),Epicerie,vendredi,2024-01,A,3,300.0
KINDER T4,40.0,PC (1 PC),Epicerie,vendredi,2024-01,B,3,180.0
LAVETTE COTON,77.0,PC (1 PC),Hygiène,mercredi,2024-01,A,3,149.0
LOT CAFE EN GRAINS ( BARISTA N°3 ),75.0,PC (1 KG),Cafe,lundi,2024-01,A,3,98.0
MAIS EN BOITE,14.0,PC (1 KG),Conserve de légumes,lundi,2024-01,A,3,92.0
MARINADE POULET GRILLE 2KG PB,30.0,PC (1 KG),Volaille Surgelée,mardi,2024-01,A,3,36.0
MAYO 5L DEJ,95.0,KG (5000 GR),Epicerie,lundi,2024-01,A,3,170.0
MENTHE FRAICHE,1.0,PC (1 PC),Legumes Frais,lundi,2024-01,B,3,16.0
MENTHE SECHE,0.24,KG,Epicerie,lundi,2024-01,D,3,2.0
MENTOS ROLLS FRUIT FLAVOUR,40.0,PC (1 PC),Epicerie,samedi,2024-01,D,3,80.0
MIX A CREPE FRANCAISE,80.0,SAC (1 SAC),Pâtisseries,mardi,2024-01,B,3,150.0
MOELLEUX CHOCOLAT,36.0,PC (1 PC),Viennoiserie,jeudi,2024-01,C,3,108.0
MOUTARDE DIJON 840 GR,10.0,BTE (840 GR),Epicerie,mercredi,2024-01,B,3,25.0
MUFFINS VANILLE,48.0,PC (1 PC),Viennoiserie,jeudi,2024-01,B,3,96.0
NOISETTE GRILLEE CONCASSEE,1.0,PC (1 KG),Fruits Secs,vendredi,2024-01,D,3,3.0
NOIX DE CAJOU GRILLES SALEES 65GR,12.0,PC (1 PC),Fruits Secs,mardi,2024-01,B,3,96.0
NUGGETS PANE PB,50.0,PC (1 PC),Volaille Surgelée,lundi,2024-01,A,3,275.0
OEUFS,28.0,PC (30 PC),Beurre Oeuf Fromage,lundi,2024-01,A,3,83.0
OIGNONS BLANC,39.3,KG (1 KG),Legumes Frais,vendredi,2024-01,A,3,127.3
OIGNONS ROUGE,39.0,KG (1 KG),Legumes Frais,mardi,2024-01,A,3,119.4
OLIVE DENOYETE,14.0,KG (1 KG),Legumes Frais,lundi,2024-01,B,3,35.0
OLIVE NOIRE SLICE,3.0,KG (1 KG),Legumes Frais,samedi,2024-01,B,3,35.0
ORANGINA BOITE 24 CL,136.0,BTE (1 BTE),Eaux et Sodas,lundi,2024-01,A,3,347.0
PACK FOOD BOWL + COUVERCLE 1.2 L,75.0,PC (1 PC),Consommable,lundi,2024-01,B,3,175.0
PAILLE ENVELOPPE 7.5MM COLORE,20.0,SCH (50 PC),Consommable,lundi,2024-01,B,3,47.0
PAILLE ENVELOPPE 7.5MM NOIR,7.0,SCH (100 PC),Consommable,jeudi,2024-01,B,3,33.0
PAIN CHAWARMA *10,45.0,PQT (10 PC),Boulangerie_R,lundi,2024-01,A,3,115.0
PAIN DE MIE CEREALE,104.0,PC (1 PC),Boulangerie_R,lundi,2024-01,B,3,130.0
PAIN DE MIE NATURE,78.0,PC,Boulangerie_R,lundi,2024-01,B,3,130.0
PAIN SCHNECK AUX RAISINS SURG PUR BEURRE GF,300.0,PC (1 PC),Viennoiserie,mercredi,2024-01,B,3,1200.0
PAPIER ALUM DE 100,9.0,PC (1 PC),Consommable,lundi,2024-01,B,3,9.0
PAPIER SERVIETTE GOURMANDISE,40.0,PC (1 PC),Consommable,samedi,2024-01,B,3,128.0
PATE PAPILLON,4.0,PC (1 KG),Epicerie,lundi,2024-01,D,3,24.0
PATE PIZZA FOCACCIA 12/40,20.0,PC (1 PC),Boulangerie_R,mardi,2024-01,A,3,170.0
PATE PIZZA FOCACCIA D32 CM,20.0,PC (1 PC),Boulangerie_R,mercredi,2024-01,C,3,50.0
PATE PIZZA PANCROCCHINO 32cm,32.0,PC (1 PC),Boulangerie_R,mercredi,2024-01,D,3,51.0
PATE PLUME COURTE,12.0,PC (1 KG),Epicerie,mercredi,2024-01,B,3,58.0
PEPITTE DE DECORATION NOIRE KG,1.4,KG (1000 GR),Epicerie,jeudi,2024-01,D,3,8.5
PILLE AA,19.0,PC (1 GR),Fournitures de Bureau,mardi,2024-01,D,3,20.0
PIMENT DOUX,44.65,KG,Legumes Frais,lundi,2024-01,A,3,97.3
PIMENT ROUGE SALLE,5.0,KG,Legumes Frais,mercredi,2024-01,B,3,20.0
PISTACHE CONCASSEE,2.0,PC (1000 GR),Fruits Secs,vendredi,2024-01,C,3,4.0
POMME DE TERRE,74.05,KG (1 KG),Legumes Frais,mardi,2024-01,A,3,292.25
POUDRE TENDERS PB,10.0,KG (1 KG),Volaille Surgelée,jeudi,2024-01,B,3,42.0
POULET PAC FRAIS,25.69,KG,Volaille Fraiche,mardi,2024-01,C,3,98.48
POULET PANE AMANDE PB,40.0,PC (40 PC),Volaille Surgelée,dimanche,2024-01,A,3,350.0
PUREE DE KIWI 1.32KG MONIN,1.0,PC (1000 GR),Pâtisseries,samedi,2024-01,D,3,2.0
QUATRE EPICES MOULU,1.0,PC (1 KG),Epicerie,mercredi,2024-01,C,3,3.0
RACLETTE,3.0,PC (1 PC),Hygiène,samedi,2024-01,B,3,7.0
RAME PAPIER A4,7.0,PC (1 PC),Fournitures de Bureau,lundi,2024-01,B,3,23.0
REMANENT HERBE CF,4.0,PC (1 PC),Hygiène,mardi,2024-01,B,3,10.0
ROQUETTE SALADE KG,1.4,KG (1 KG),Legumes Frais,mercredi,2024-01,C,3,4.35
ROULEAU CAISSE 80*80,90.0,PC,Fournitures de Bureau,lundi,2024-01,A,3,205.0
ROULEAU TPE,50.0,PC (1 PC),Fournitures de Bureau,jeudi,2024-01,A,3,286.0
SALADE LAITUE TUN,123.05,KG (1 KG),Legumes Frais,lundi,2024-01,A,3,393.7
SANEX,44.0,PC (1 PC),Hygiène,mercredi,2024-01,A,3,100.0
SANIT SURF,11.0,PC (1 PC),Hygiène,mardi,2024-01,A,3,51.0
SAUCE A L'AIL,3.0,PC,Epicerie,mardi,2024-01,B,3,12.0
SAUCE A L'AIL PB,8.0,L (1 KG),Epicerie,mardi,2024-01,A,3,11.0
SAUCE BARBECUE PB,10.0,KG,Epicerie,vendredi,2024-01,D,3,15.0
SAUCE MAYONNAISE PESTO PB,8.0,L (1 L),Epicerie,mardi,2024-01,A,3,11.0
SAUCE PESTO PB,4.0,KG (1 KG),Epicerie,mardi,2024-01,A,3,5.0
SEL FIN DE TABLE,6.0,PC (1 KG),Epicerie,mercredi,2024-01,B,3,23.0
SERPILLERE,76.0,PC (1 PC),Hygiène,mercredi,2024-01,A,3,122.0
SIROP DE CARAMEL 1L MONIN,1.0,PC (1000 ML),Pâtisseries,samedi,2024-01,B,3,5.0
SIROP DE NOISETTES GRILLEES 70CL MONIN,1.0,PC (700 ML),Pâtisseries,samedi,2024-01,D,3,2.0
SUCRE EN SACHET CI-GUSTA,10.0,PC (1 PC),Cafe,mardi,2024-01,B,3,120.0
SUCRE EN SACHET DAILY BREAK,60.0,PC (1 KG),Cafe,mardi,2024-01,A,3,230.0
THON EN BOITES,58.0,BTE (2.05 KG),Conserve de Poisson,lundi,2024-01,A,3,164.0
TOMATE CERISES,5.65,KG (1 KG),Legumes Frais,vendredi,2024-01,A,3,24.95
TOMATE CONCENTRE 4/4,12.0,PC (1 PC),Epicerie,mercredi,2024-01,D,3,24.0
TOMATE FRAICHE,224.8,KG (1 KG),Legumes Frais,lundi,2024-01,A,3,526.85
TOMATES SECHEES,1.0,PC (1000 GR),Epicerie,lundi,2024-01,B,3,5.0
TWIX,25.0,PC (1 PC),Epicerie,vendredi,2024-01,C,3,125.0
VIANDE HACHEE SPECIAL RESTO,35.4,PC (1 KG),Viandes Fraiches,lundi,2024-01,A,3,191.07
VIANDE SECHE FUME (BRESAOLA) TRANCHES 300GR,5.7,KG (1000 GR),Viandes Fraiches,vendredi,2024-01,A,3,11.0
AGRAFFE,6.0,PC (1 PC),Fournitures de Bureau,samedi,2024-02,C,4,11.0
AIL,2.7,KG,Legumes Frais,jeudi,2024-02,B,4,8.3
AJAX VITRE,8.0,PC (1 PC),Hygiène,dimanche,2024-02,A,4,32.0
AMANDE EFFILEE,2.0,PC (1 KG),Fruits Secs,dimanche,2024-02,B,4,4.0
AMANDES GRILEES SALEES 70GR,24.0,PC (1 PC),Fruits Secs,jeudi,2024-02,B,4,84.0
AMSTEL BEER BLLE 33CL,219.0,BTL (1 BTL),Alcools,jeudi,2024-02,B,4,432.0
ASEPCLOR,15.0,PC (1 PC),Hygiène,vendredi,2024-02,A,4,60.0
AUBERGINE LEGUME,6.15,KG (1 KG),Legumes Frais,dimanche,2024-02,A,4,17.85
BACON BOEUF FUME TRANCHES ( 300GR),3.6,KG (1000 GR),Viandes Fraiches,vendredi,2024-02,A,4,6.9
BACON DE DINDE TRANCHES (1 - 1.5 KG),14.0,KG (1 KG),Charcuterie,lundi,2024-02,B,4,43.0
BACTYGEL 703 CF,3.0,BTL (1 BTL),Hygiène,vendredi,2024-02,B,4,4.0
BASILIC BARQUETTE,1.1,KG (1 KG),Legumes Frais,vendredi,2024-02,A,4,11.05
BEURRE MARGARINE  KG,4.5,PC (1 KG),Beurre Oeuf Fromage,lundi,2024-02,C,4,40.5
BLOUSE NON TISSEE,2.0,PC (1 KG),Hygiène,lundi,2024-02,C,4,36.0
BOITE D'ARCHIVE,4.0,PC (1 PC),Fournitures de Bureau,samedi,2024-02,D,4,35.0
BOUTEILLE DE VINAIGRETTE 250ML,5.0,PC (250 GR),Epicerie,jeudi,2024-02,A,4,16.0
CACAHUETES GRILLEES SALEES 70GR,12.0,PC (1 PC),Fruits Secs,jeudi,2024-02,C,4,60.0
CAKE CHOCOLAT PBC,16.0,PC,Viennoiserie,samedi,2024-02,B,4,88.0
CAKE CITRON PBC,36.0,PC (1 PC),Pâtisseries,dimanche,2024-02,B,4,216.0
CAKE MARBRE PBC,220.0,PC (1 PC),Viennoiserie,samedi,2024-02,A,4,363.0
CAROTTE,4.2,KG (1 KG),Legumes Frais,samedi,2024-02,A,4,67.1
CAROTTE CAKE PBC,176.0,PC (1 PC),Viennoiserie,samedi,2024-02,B,4,330.0
CELTIA FUT DE 50L,2.0,PC (50 L),Alcools,vendredi,2024-02,B,4,6.0
CHAMPIGNON FRAIS BARQUETTE,13.5,KG (1 KG),Legumes Frais,vendredi,2024-02,A,4,34.5
CHAPLUR,1.0,PC (1 KG),Epicerie,samedi,2024-02,C,4,16.0
CHOCOLAT CHAUD EN POUDRE,2.0,KG (1 KG),Cafe,vendredi,2024-02,B,4,7.0
CHOCOLAT EN POUDRE,15.0,PC (0.2 KG),Cafe,jeudi,2024-02,A,4,86.0
CHOUX ROUGE,3.65,PC (1 PC),Legumes Frais,vendredi,2024-02,A,4,9.6
CHOUX VERT,1.7,KG (1 KG),Legumes Frais,samedi,2024-02,B,4,12.8
CITRON,3.9,KG (1 KG),Legumes Frais,dimanche,2024-02,A,4,16.75
CITRON SALLE,7.0,KG (1 KG),Legumes Frais,vendredi,2024-02,B,4,28.0
COFFRET CHECHIA AV SEP 16/16,75.0,PC (1 PC),Consommable,jeudi,2024-02,C,4,125.0
COFFRET PORTRAIT AV SEP 11.5/11.5,50.0,PC (1 PC),Consommable,jeudi,2024-02,C,4,175.0
COFFRET PORTRAIT AV SEP24.5/14.5,100.0,PC (1 PC),Consommable,jeudi,2024-02,C,4,150.0
CONCOMBRE,58.1,KG (1 KG),Legumes Frais,samedi,2024-02,A,4,177.692
CORNICHON FRAIS,3.0,KG (1 KG),Legumes Frais,vendredi,2024-02,B,4,12.0
COURGE,6.15,KG (1 KG),Legumes Frais,jeudi,2024-02,B,4,47.65
COURGETTE,6.55,KG (1 KG),Legumes Frais,vendredi,2024-02,A,4,28.6
COUTEAU A PAIN 20CM,1.0,PC (1 PC),Accessoire & couvert,mardi,2024-02,C,4,5.0
COUVERCLE POUR GOB 16 OZ ET 14 OZ,150.0,PC,Consommable,jeudi,2024-02,D,4,1250.0
COUVERCLE SANS TROU PET BOMBE 80MM,400.0,PC,Consommable,samedi,2024-02,D,4,600.0
CREME DE BALSAMIQUE,1.0,BTL (1 ML),Epicerie,mardi,2024-02,D,4,10.0
CREME DE CUISSON,1.0,L (0.95 L),Pâtisseries,mardi,2024-02,B,4,27.0
DADDY'S CHIPS SAVORY TRUFFE PARMESAN 70G,15.0,PC,Epicerie,vendredi,2024-02,B,4,165.0
DADDY'S CHIPS SPICY PAPRIKA 70G,30.0,PC (1 PC),Epicerie,vendredi,2024-02,A,4,165.0
DINOL,55.0,BIDON (1 KG),Hygiène,vendredi,2024-02,A,4,135.0
EMINCE DE BOEUF PORT. SURGELE,8.6,KG (1000 GR),Viandes Surgelées,jeudi,2024-02,A,4,79.49000000000001
EPINARD,7.2,KG (1 KG),Legumes Frais,dimanche,2024-02,B,4,12.15
ESCALOPE POULET FRAIS,277.99,PC (1 KG),Volaille Surgelée,jeudi,2024-02,A,4,503.16
ESCALOPE POULET PANE CONGELE,40.33,KG (1 KG),Volaille Surgelée,jeudi,2024-02,A,4,128.91
ESSUIT TOUT JUMBO,74.0,PC (1 KG),Hygiène,jeudi,2024-02,A,4,157.0
FARINE EN PAQUET,30.0,PC (1 KG),Epicerie,vendredi,2024-02,A,4,252.0
FESTIFE MIX 100 GR,32.0,PC (1 PC),Fruits Secs,samedi,2024-02,C,4,32.0
FILM ETIRABLE 725GR,19.0,PC (1 GR),Consommable,jeudi,2024-02,A,4,38.0
FRAISE FRAIS,34.85,KG,Fruits & Legumes Frais,jeudi,2024-02,A,4,64.35
FRITE SURGELE 9/9 CLASSIC 2.5 KG,165.0,KG (2.5 KG),Legumes Surgelés,jeudi,2024-02,A,4,290.0
FROMAGE BLUE CHEESE GR,7.0,PC (100 GR),Beurre Oeuf Fromage,jeudi,2024-02,D,4,9.0
FROMAGE CAMEMBERT 240g,6.0,BTE (240 GR),Beurre Oeuf Fromage,samedi,2024-02,D,4,12.0
FROMAGE CHEDDAR PORTION KG,20.130000000000003,KG,Beurre Oeuf Fromage,jeudi,2024-02,B,4,24.45
FROMAGE EDAM MEULE,7.672,KG (1 KG),Beurre Oeuf Fromage,samedi,2024-02,B,4,35.622
FROMAGE FETA (Nature),1.6,PC (1 KG),Beurre Oeuf Fromage,lundi,2024-02,D,4,1.6
FROMAGE LAND OR,10.8,PC (1 KG),Beurre Oeuf Fromage,samedi,2024-02,A,4,25.4
FROMAGE MAASDAM EN BLOC PB,14.0,KG,Beurre Oeuf Fromage,vendredi,2024-02,A,4,65.5
FROMAGE MEULE GOUDA KG,11.716,KG (1 KG),Beurre Oeuf Fromage,samedi,2024-02,A,4,32.932
FROMAGE MOZARELLA CARRE KG,70.0,KG (1 KG),Beurre Oeuf Fromage,samedi,2024-02,B,4,145.0
FROMAGE MOZZARELLA MINI,6.0,PC (1 PC),Beurre Oeuf Fromage,lundi,2024-02,D,4,9.0
FROMAGE PARMIGIANO REGIANO,0.6,PC,Beurre Oeuf Fromage,mardi,2024-02,D,4,1.0499999999999998
FROMAGE SICILIEN,3.622,KG (1 KG),Beurre Oeuf Fromage,vendredi,2024-02,D,4,5.946
FUT HEINEKEIN,100.0,PC (1 L),Alcools,jeudi,2024-02,B,4,240.0
GANT EN PLASTIQUE,1.0,PC (1 PC),Hygiène,samedi,2024-02,D,4,24.0
GARCI GAZ P.E.T 1 L,140.0,L (1 GR),Eaux et Sodas,jeudi,2024-02,A,4,344.0
GATEAU CHOCOLAT PBC,40.0,PC (1 PC),Viennoiserie,mercredi,2024-02,B,4,100.0
GOBLET PP TRANSPARENT 200CC/80MM YOZEL,500.0,PC (1 PC),Consommable,samedi,2024-02,D,4,700.0
GRENAD,16.6,KG (1 KG),Jus Fruit Lait,jeudi,2024-02,B,4,69.1
HARISSA 450G,10.0,BTE,Epicerie,mardi,2024-02,C,4,17.0
HARISSA 5/2,34.0,BOTTE (1 BTE),Epicerie,vendredi,2024-02,A,4,53.0
HUILE VEGETALE 5L,37.0,L (5 PC),Epicerie,jeudi,2024-02,A,4,54.0
JAMBON DE BOEUF FUME,7.55,KG (1 KG),Charcuterie,jeudi,2024-02,A,4,18.1
JAMBON DE DINDE,6.0,PC (1 KG),Charcuterie,samedi,2024-02,A,4,34.15
JEX CARRE,30.0,PC (1 PC),Hygiène,vendredi,2024-02,A,4,180.0
JOUR ET NUIT ROSE 1/2,15.0,PC (1 PC),Alcools,mardi,2024-02,B,4,52.0
JOUR ET NUIT ROUGE 1/2,6.0,PC (1 PC),Alcools,mercredi,2024-02,C,4,48.0
JOUR ET NUIT3/4 BLANC,5.0,PC (1 PC),Alcools,mercredi,2024-02,C,4,30.0
KETCHUP BIDON 5L,10.0,PC (1 KG),Epicerie,jeudi,2024-02,B,4,35.0
KINDER BUENO,60.0,PC (1 PC),Epicerie,lundi,2024-02,A,4,300.0
KINDER T4,20.0,PC (1 PC),Epicerie,lundi,2024-02,B,4,180.0
LAVETTE COTON,60.0,PC (1 PC),Hygiène,vendredi,2024-02,A,4,149.0
LOT CAFE EN GRAINS ( BARISTA N°3 ),49.0,PC (1 KG),Cafe,jeudi,2024-02,A,4,98.0
MAIS EN BOITE,25.05,BTE (340 GR),Epicerie,vendredi,2024-02,A,4,92.0
MANGUE,10.0,PC,Fruits & Legumes Frais,jeudi,2024-02,A,4,39.0
MARINADE POULET GRILLE 2KG PB,30.0,PC (1 KG),Volaille Surgelée,jeudi,2024-02,A,4,36.0
MAYO 5L DEJ,100.0,KG (5000 GR),Beurre Oeuf Fromage,vendredi,2024-02,A,4,170.0
MENTOS ROLLS FRUIT FLAVOUR,40.0,PC (1 PC),Epicerie,vendredi,2024-02,D,4,80.0
MENTOS ROLLS MENTHE,40.0,PC (1 PC),Epicerie,vendredi,2024-02,D,4,80.0
MENTOS ROLLS RAINBOW,40.0,PC (1 PC),Epicerie,vendredi,2024-02,D,4,120.0
MENTOS ROLLS STRAWBERRY,40.0,PC (1 PC),Epicerie,vendredi,2024-02,D,4,80.0
MENTOS ROLLS TUTTI FRUTTI,80.0,PC (1 PC),Epicerie,vendredi,2024-02,D,4,80.0
MIEL DOUX & FRAIS,2.0,PC (1 PC),Epicerie,jeudi,2024-02,C,4,11.0
MIX A CREPE FRANCAISE,20.0,SAC (1 SAC),Pâtisseries,lundi,2024-02,B,4,150.0
MOELLEUX CHOCOLAT,36.0,PC (1 PC),Viennoiserie,mercredi,2024-02,C,4,108.0
MOUTARDE DIJON 840 GR,6.0,BTE (840 GR),Epicerie,dimanche,2024-02,B,4,25.0
NAPPAGE,1.0,PC (1 PC),Pâtisseries,vendredi,2024-02,C,4,14.0
NOISETTE GRILLEE CONCASSEE,2.0,PC (1 KG),Fruits Secs,dimanche,2024-02,D,4,3.0
NUGGETS PANE PB,75.0,PC (1 PC),Volaille Surgelée,jeudi,2024-02,A,4,275.0
OEUFS,27.0,PC (30 PC),Beurre Oeuf Fromage,jeudi,2024-02,A,4,83.0
OIGNONS BLANC,45.15,KG (1 KG),Legumes Frais,jeudi,2024-02,A,4,127.3
OIGNONS ROUGE,63.05,KG (1 KG),Legumes Frais,jeudi,2024-02,A,4,119.4
OLIVE DENOYETE,7.0,KG,Legumes Frais,vendredi,2024-02,B,4,35.0
ORANGINA BOITE 24 CL,100.0,BTE (1 BTE),Eaux et Sodas,jeudi,2024-02,A,4,347.0
PACK FOOD BOWL + COUVERCLE 1.2 L,50.0,PC (1 PC),Consommable,dimanche,2024-02,B,4,175.0
PAILLE ENVELOPPE 7.5MM COLORE,17.0,SCH (50 PC),Consommable,jeudi,2024-02,B,4,47.0
PAILLE ENVELOPPE 7.5MM NOIR,24.0,SCH (100 PC),Consommable,jeudi,2024-02,B,4,33.0
PAIN CHAWARMA *10,34.0,PQT (10 PC),Boulangerie_R,vendredi,2024-02,A,4,115.0
PAIN DE MIE CEREALE,52.0,PC,Boulangerie_R,vendredi,2024-02,B,4,130.0
PAIN DE MIE NATURE,104.0,PC,Boulangerie_R,vendredi,2024-02,B,4,130.0
PAIN SCHNECK AUX RAISINS SURG PUR BEURRE GF,150.0,PC (1 PC),Viennoiserie,mardi,2024-02,B,4,1200.0
PAPIER ALUM DE 100,2.0,PC (1 PC),Consommable,jeudi,2024-02,B,4,9.0
PAPIER SERVIETTE GOURMANDISE,80.0,PC (1 PC),Consommable,samedi,2024-02,B,4,128.0
PATE PIZZA FOCACCIA 12/40,52.0,PC (1 PC),Boulangerie_R,vendredi,2024-02,A,4,170.0
PIMENT DOUX,39.2,KG (1 KG),Legumes Frais,jeudi,2024-02,A,4,97.3
PIMENT FORT,5.0,KG (1 KG),Legumes Frais,jeudi,2024-02,A,4,78.95
PIMENT ROUGE SALLE,5.0,KG,Legumes Frais,vendredi,2024-02,B,4,20.0
POIVRE NOIR MOULU,1.0,PC (1 KG),Epicerie,dimanche,2024-02,B,4,3.0
POMME DE TERRE,119.999,KG (1 KG),Legumes Frais,jeudi,2024-02,A,4,292.25
POUDRE TENDERS PB,30.0,KG (1 KG),Volaille Surgelée,jeudi,2024-02,B,4,42.0
POULET PANE AMANDE PB,80.0,PC (40 PC),Volaille Surgelée,dimanche,2024-02,A,4,350.0
PUREE DE KIWI 1.32KG MONIN,1.0,PC (1000 GR),Pâtisseries,dimanche,2024-02,D,4,2.0
RAME PAPIER A4,5.0,PC (1 PC),Fournitures de Bureau,vendredi,2024-02,B,4,23.0
REMANENT HERBE CF,3.0,PC (1 PC),Hygiène,samedi,2024-02,B,4,10.0
ROQUETTE SALADE KG,1.8,KG (1 KG),Legumes Frais,vendredi,2024-02,C,4,4.35
ROULEAU CAISSE 80*80,60.0,PC (1 PC),Fournitures de Bureau,jeudi,2024-02,A,4,205.0
ROULEAU THERMIQUE BALANCE,30.0,PC (1 PC),Fournitures de Bureau,samedi,2024-02,D,4,30.0
ROULEAU TPE,30.0,PC (1 PC),Fournitures de Bureau,samedi,2024-02,A,4,286.0
SALADE LAITUE TUN,127.3,KG (1 KG),Legumes Frais,jeudi,2024-02,A,4,393.7
SANEX,32.0,PC (1 PC),Hygiène,vendredi,2024-02,A,4,100.0
SANIT SURF,26.0,PC (1 PC),Hygiène,jeudi,2024-02,A,4,51.0
SAUCE A L'AIL,3.0,PC,Epicerie,mercredi,2024-02,B,4,12.0
SAUCE A L'AIL PB,9.0,L (1 KG),Epicerie,jeudi,2024-02,A,4,11.0
SAUCE MAYONNAISE PESTO PB,8.0,L (1 L),Epicerie,jeudi,2024-02,A,4,11.0
SAUCE PESTO PB,3.0,KG (1 KG),Epicerie,jeudi,2024-02,A,4,5.0
SEL FIN DE TABLE,8.0,PC (1 KG),Epicerie,dimanche,2024-02,B,4,23.0
SERPILLERE,47.0,PC (1 PC),Hygiène,jeudi,2024-02,A,4,122.0
SERVIETTE 30*30 CIGUSTA,48.0,PC (1 PC),Consommable,vendredi,2024-02,B,4,192.0
SIROP DE CARAMEL 1L MONIN,1.0,PC (1000 ML),Pâtisseries,dimanche,2024-02,B,4,5.0
SUCRE EN SACHET CI-GUSTA,10.0,PC (1 PC),Cafe,mardi,2024-02,B,4,120.0
SUCRE EN SACHET DAILY BREAK,80.0,PC (1 KG),Cafe,jeudi,2024-02,A,4,230.0
THON EN BOITES,76.0,BTE (2.05 KG),Conserve de Poisson,jeudi,2024-02,A,4,164.0
TOMATE CERISES,7.550000000000001,KG (1 KG),Legumes Frais,jeudi,2024-02,A,4,24.95
TOMATE FRAICHE,234.25,KG (1 KG),Legumes Frais,jeudi,2024-02,A,4,526.85
TOMATES SECHEES,0.6,PC (1000 GR),Epicerie,jeudi,2024-02,B,4,5.0
TOQUE CHEF,3.0,PC (1 PC),Hygiène,mercredi,2024-02,C,4,6.0
TWIX,50.0,PC (1 PC),Epicerie,vendredi,2024-02,C,4,125.0
VIANDE HACHEE SPECIAL RESTO,45.2,PC (1 KG),Viandes Fraiches,jeudi,2024-02,A,4,191.07
VIANDE SECHE FUME (BRESAOLA) TRANCHES 300GR,1.7999999999999998,KG (1000 GR),Viandes Fraiches,lundi,2024-02,A,4,11.0
AIL,1.2,KG (1 KG),Legumes Frais,dimanche,2024-02,B,5,8.3
AJAX VITRE,5.0,PC (1 PC),Hygiène,dimanche,2024-02,A,5,32.0
AMANDE EFFILEE,1.0,PC (1 KG),Fruits Secs,dimanche,2024-02,B,5,4.0
AMANDES GRILEES SALEES 70GR,12.0,PC (1 PC),Fruits Secs,dimanche,2024-02,B,5,84.0
AMSTEL BEER BLLE 33CL,296.0,BTL (1 BTL),Alcools,dimanche,2024-02,B,5,432.0
ASEPCLOR,15.0,PC,Hygiène,mercredi,2024-02,A,5,60.0
AUBERGINE LEGUME,6.45,KG (1 KG),Legumes Frais,lundi,2024-02,A,5,17.85
BACON BOEUF FUME TRANCHES ( 300GR),2.3,KG (1000 GR),Viandes Fraiches,dimanche,2024-02,A,5,6.9
BACON DE DINDE TRANCHES (1 - 1.5 KG),20.5,KG (1 KG),Charcuterie,lundi,2024-02,B,5,43.0
BACTYGEL 703 CF,2.0,BTL (1 BTL),Hygiène,lundi,2024-02,B,5,4.0
BANANE,27.0,PC (1 PC),Fruits & Legumes Frais,mardi,2024-02,A,5,155.0
BASILIC BARQUETTE,2.9,KG (1 KG),Legumes Frais,dimanche,2024-02,A,5,11.05
BISCUIT TUC,24.0,PC (1 PC),Epicerie,dimanche,2024-02,D,5,120.0
BLOUSE NON TISSEE,2.0,PC (1 KG),Hygiène,lundi,2024-02,C,5,36.0
BOITE D'ARCHIVE,3.0,PC (1 PC),Fournitures de Bureau,mercredi,2024-02,D,5,35.0
BOITE FRAPPE CAFE 1.36KG MONIN,1.0,BTE (1360 GR),Pâtisseries,dimanche,2024-02,C,5,6.0
BOITE FRAPPE VANILLE 1.36KG MONIN,1.0,KG,Pâtisseries,jeudi,2024-02,C,5,6.0
BOITE PIZZA ONDULEE 31/31,100.0,PC (1 PC),Consommable,lundi,2024-02,C,5,200.0
BOITE PIZZA PM CIG,100.0,PC,Consommable,lundi,2024-02,B,5,500.0
BORGHELL,4.0,KG (1 KG),Epicerie,lundi,2024-02,C,5,10.0
BOUTEILLE DE VINAIGRETTE 250ML,10.0,PC (250 GR),Epicerie,dimanche,2024-02,A,5,16.0
Beurre 200Gr,20.0,PC (200 GR),Beurre Oeuf Fromage,lundi,2024-02,C,5,83.0
CACAHUETES GRILLEES SALEES 70GR,24.0,PC (1 PC),Fruits Secs,dimanche,2024-02,C,5,60.0
CAKE CHOCOLAT PBC,16.0,PC (1 PC),Viennoiserie,jeudi,2024-02,B,5,88.0
CAKE CITRON PBC,72.0,PC (1 PC),Pâtisseries,mardi,2024-02,B,5,216.0
CAKE MARBRE PBC,231.0,PC (1 PC),Viennoiserie,dimanche,2024-02,A,5,363.0
CAKE ORANGE PBC,72.0,PC,Viennoiserie,dimanche,2024-02,B,5,170.0
CAPRE VRAC,2.0,KG (1 KG),Legumes Frais,mardi,2024-02,B,5,9.0
CAROTTE,10.7,KG (1 KG),Legumes Frais,dimanche,2024-02,A,5,67.1
CAROTTE CAKE PBC,121.0,PC (1 PC),Viennoiserie,mardi,2024-02,B,5,330.0
CELTIA FUT DE 50L,1.0,PC (50 L),Alcools,lundi,2024-02,B,5,6.0
CHAMPIGNON FRAIS BARQUETTE,21.5,KG (1 KG),Legumes Frais,dimanche,2024-02,A,5,34.5
CHOCOLAT CHAUD EN POUDRE,1.0,KG (1 KG),Cafe,dimanche,2024-02,B,5,7.0
CHOCOLAT EN POUDRE,38.0,PC (0.2 KG),Cafe,lundi,2024-02,A,5,86.0
CHOUX ROUGE,4.1,PC (1 PC),Legumes Frais,samedi,2024-02,A,5,9.6
CITRON,4.85,KG (1 KG),Legumes Frais,lundi,2024-02,A,5,16.75
CITRON SALLE,7.0,KG (1 KG),Legumes Frais,mardi,2024-02,B,5,28.0
COFFRET PORTRAIT AV SEP 11.5/11.5,100.0,PC (1 PC),Consommable,samedi,2024-02,C,5,175.0
COFFRET PORTRAIT AV SEP24.5/14.5,50.0,PC (1 PC),Consommable,samedi,2024-02,C,5,150.0
CONCOMBRE,81.9,KG (1 KG),Legumes Frais,dimanche,2024-02,A,5,177.692
COOKIES,40.0,PC,Viennoiserie,dimanche,2024-02,C,5,120.0
CORNICHON FRAIS,5.0,KG (1 KG),Legumes Frais,mardi,2024-02,B,5,12.0
COURGE,4.45,KG,Legumes Frais,vendredi,2024-02,B,5,47.65
COURGETTE,6.75,KG (1 KG),Legumes Frais,lundi,2024-02,A,5,28.6
COUVERCLE POUR GOB 16 OZ ET 14 OZ,1100.0,PC,Consommable,dimanche,2024-02,D,5,1250.0
CREME DE BALSAMIQUE,2.0,BTL (1 ML),Epicerie,dimanche,2024-02,D,5,10.0
CREME DE CUISSON,4.0,L (0.95 L),Pâtisseries,dimanche,2024-02,B,5,27.0
DADDY'S CHIPS CLASSIC SEL DE MER 70G,60.0,PC (1 PC),Epicerie,dimanche,2024-02,A,5,225.0
DADDY'S CHIPS SAVORY TRUFFE PARMESAN 70G,15.0,PC,Epicerie,dimanche,2024-02,B,5,165.0
DADDY'S CHIPS SPICY PAPRIKA 70G,15.0,PC (1 PC),Epicerie,dimanche,2024-02,A,5,165.0
DINOL,75.0,BIDON (1 KG),Hygiène,lundi,2024-02,A,5,135.0
EMBALLAGE EN CARTON 30*12*6,150.0,PC (1 PC),Consommable,dimanche,2024-02,D,5,300.0
EMINCE DE BOEUF PORT. SURGELE,12.45,KG (1000 GR),Viandes Surgelées,dimanche,2024-02,A,5,79.49000000000001
ESCALOPE POULET FRAIS,243.11,PC (1 KG),Volaille Surgelée,mardi,2024-02,A,5,503.16
ESCALOPE POULET PANE CONGELE,8.77,KG (1 KG),Volaille Surgelée,jeudi,2024-02,A,5,128.91
ESSUIT TOUT JUMBO,91.0,PC (1 KG),Hygiène,dimanche,2024-02,A,5,157.0
FARINE EN PAQUET,20.0,PC (1 KG),Epicerie,mercredi,2024-02,A,5,252.0
FESTIFE MIX 100 GR,8.0,PC (1 PC),Fruits Secs,dimanche,2024-02,C,5,32.0
FILM ETIRABLE 725GR,16.0,PC (1 GR),Consommable,dimanche,2024-02,A,5,38.0
FRAISE FRAIS,42.0,KG (1 KG),Fruits & Legumes Frais,dimanche,2024-02,A,5,64.35
FRITE SURGELE 9/9 CLASSIC 2.5 KG,140.0,KG (2.5 KG),Legumes Surgelés,lundi,2024-02,A,5,290.0
FRITE SURGELE WEDGES 2.5 KG,7.5,KG (2.5 KG),Legumes Surgelés,lundi,2024-02,B,5,90.0
FROMAGE BLUE CHEESE GR,9.0,PC (100 GR),Beurre Oeuf Fromage,mercredi,2024-02,D,5,9.0
FROMAGE BUCHE BLANCHE CHEVRE KG,0.22,KG (1 KG),Beurre Oeuf Fromage,vendredi,2024-02,B,5,5.0
FROMAGE CAMEMBERT 240g,12.0,BTE (240 GR),Beurre Oeuf Fromage,dimanche,2024-02,D,5,12.0
FROMAGE CHEDDAR PORTION KG,17.849999999999998,KG,Beurre Oeuf Fromage,dimanche,2024-02,B,5,24.45
FROMAGE EDAM MEULE,7.856,KG (1 KG),Beurre Oeuf Fromage,lundi,2024-02,B,5,35.622
FROMAGE FETA (Nature),0.96,PC (1 KG),Beurre Oeuf Fromage,lundi,2024-02,D,5,1.6
FROMAGE LAND OR,3.6,PC (1 KG),Beurre Oeuf Fromage,mercredi,2024-02,A,5,25.4
FROMAGE MAASDAM EN BLOC PB,21.0,KG (1 KG),Beurre Oeuf Fromage,dimanche,2024-02,A,5,65.5
FROMAGE MEULE GOUDA KG,13.833,KG (1 KG),Beurre Oeuf Fromage,mardi,2024-02,A,5,32.932
FROMAGE MOZARELLA CARRE KG,75.0,KG (1 KG),Beurre Oeuf Fromage,mardi,2024-02,B,5,145.0
FROMAGE MOZZARELLA MINI,3.0,PC,Beurre Oeuf Fromage,samedi,2024-02,D,5,9.0
FUT HEINEKEIN,120.0,PC (1 L),Alcools,lundi,2024-02,B,5,240.0
GANT EN PLASTIQUE,1.0,PC (1 PC),Hygiène,lundi,2024-02,D,5,24.0
GARCI GAZ P.E.T 1 L,88.0,L (1 GR),Eaux et Sodas,dimanche,2024-02,A,5,344.0
GATEAU CHOCOLAT PBC,40.0,PC (1 PC),Viennoiserie,jeudi,2024-02,B,5,100.0
HARISSA 5/2,26.0,BOTTE (1 BTE),Epicerie,dimanche,2024-02,A,5,53.0
HUILE VEGETALE 5L,29.0,L (5 PC),Epicerie,dimanche,2024-02,A,5,54.0
JAMBON DE BOEUF FUME,7.9,KG (1 KG),Charcuterie,dimanche,2024-02,A,5,18.1
JAMBON DE DINDE,4.95,PC (1 KG),Charcuterie,lundi,2024-02,A,5,34.15
JEX CARRE,68.0,PC (1 PC),Hygiène,dimanche,2024-02,A,5,180.0
JOUR ET NUIT ROSE 1/2,5.0,PC (1 PC),Alcools,dimanche,2024-02,B,5,52.0
JOUR ET NUIT ROUGE 1/2,5.0,PC (1 PC),Alcools,dimanche,2024-02,C,5,48.0
KINDER BUENO,90.0,PC,Epicerie,dimanche,2024-02,A,5,300.0
KINDER T4,40.0,PC (1 PC),Epicerie,dimanche,2024-02,B,5,180.0
LAVETTE COTON,91.0,PC (1 PC),Hygiène,lundi,2024-02,A,5,149.0
LOT CAFE EN GRAINS ( BARISTA N°3 ),73.0,PC (1 KG),Cafe,dimanche,2024-02,A,5,98.0
MAIS EN BOITE,10.0,BTE (340 GR),Epicerie,lundi,2024-02,A,5,92.0
MAIS EN VRAC,2.0,PC (1 KG),Legumes Frais,vendredi,2024-02,C,5,9.0
MANGUE,9.0,PC (1 PC),Fruits & Legumes Frais,vendredi,2024-02,A,5,39.0
MARINADE POULET GRILLE 2KG PB,26.0,PC (1 KG),Volaille Surgelée,dimanche,2024-02,A,5,36.0
MARS CHOCOLAT,80.0,PC (1 PC),Epicerie,dimanche,2024-02,C,5,160.0
MAYO 5L DEJ,90.0,KG (5000 GR),Beurre Oeuf Fromage,dimanche,2024-02,A,5,170.0
MENTOS ROLLS STRAWBERRY,40.0,PC (1 PC),Epicerie,dimanche,2024-02,D,5,80.0
MIEL DOUX & FRAIS,4.0,PC (1 PC),Epicerie,jeudi,2024-02,C,5,11.0
MIX A CREPE FRANCAISE,54.0,SAC (1 SAC),Pâtisseries,dimanche,2024-02,B,5,150.0
MOUTARDE DIJON 840 GR,6.0,BTE (840 GR),Epicerie,jeudi,2024-02,B,5,25.0
MUFFINS VANILLE,24.0,PC (1 PC),Viennoiserie,mardi,2024-02,B,5,96.0
NOIX DE CAJOU GRILLES SALEES 65GR,24.0,PC (1 PC),Fruits Secs,dimanche,2024-02,B,5,96.0
NUGGETS PANE PB,75.0,PC (1 PC),Volaille Surgelée,dimanche,2024-02,A,5,275.0
NUTELLA & GO 52 GR,24.0,PC (1 PC),Epicerie,dimanche,2024-02,C,5,192.0
OEUFS,29.0,PC (30 PC),Beurre Oeuf Fromage,lundi,2024-02,A,5,83.0
OIGNONS BLANC,34.1,KG (1 KG),Legumes Frais,dimanche,2024-02,A,5,127.3
OIGNONS ROUGE,42.25,KG (1 KG),Legumes Frais,dimanche,2024-02,A,5,119.4
OLIVE NOIRE SLICE,6.0,KG,Legumes Frais,lundi,2024-02,B,5,35.0
ORANGINA BOITE 24 CL,198.0,BTE (1 BTE),Eaux et Sodas,dimanche,2024-02,A,5,347.0
PACK FOOD BOWL + COUVERCLE 1.2 L,75.0,PC (1 PC),Consommable,dimanche,2024-02,B,5,175.0
PAILLE ENVELOPPE 7.5MM COLORE,22.0,SCH (50 PC),Consommable,dimanche,2024-02,B,5,47.0
PAILLE ENVELOPPE 7.5MM NOIR,23.0,SCH (100 PC),Consommable,dimanche,2024-02,B,5,33.0
PAIN CHAWARMA *10,65.0,PQT (10 PC),Boulangerie_R,dimanche,2024-02,A,5,115.0
PAIN DE MIE CEREALE,104.0,PC (1 PC),Boulangerie_R,dimanche,2024-02,B,5,130.0
PAIN DE MIE NATURE,52.0,PC,Boulangerie_R,mercredi,2024-02,B,5,130.0
PAIN SCHNECK AUX RAISINS SURG PUR BEURRE GF,300.0,PC (1 PC),Viennoiserie,mardi,2024-02,B,5,1200.0
PAPIER ALUM DE 100,2.0,PC (1 PC),Consommable,dimanche,2024-02,B,5,9.0
PAPIER CUISSON 40*60,1.0,PC (500 PC),Consommable,mercredi,2024-02,C,5,4.0
PAPIER SERVIETTE GOURMANDISE,40.0,PC (1 PC),Consommable,vendredi,2024-02,B,5,128.0
PATE PIZZA FOCACCIA 12/40,32.0,PC (1 PC),Boulangerie_R,dimanche,2024-02,A,5,170.0
PEPITTE DE DECORATION NOIRE KG,1.9,KG (1000 GR),Epicerie,lundi,2024-02,D,5,8.5
PEPPERONI,1.0,KG (1 KG),Charcuterie,jeudi,2024-02,A,5,4.8
PILLE AA,4.0,PC (1 GR),Fournitures de Bureau,mercredi,2024-02,D,5,20.0
PIMENT DOUX,28.15,KG (1 KG),Legumes Frais,jeudi,2024-02,A,5,97.3
PIMENT FORT,5.0,KG (1 KG),Legumes Frais,vendredi,2024-02,A,5,78.95
PIMENT ROUGE SALLE,5.0,KG (1 KG),Legumes Frais,vendredi,2024-02,B,5,20.0
PISTACHE CONCASSEE,1.0,PC (1000 GR),Fruits Secs,dimanche,2024-02,C,5,4.0
POMME DE TERRE,74.001,KG (1 KG),Legumes Frais,dimanche,2024-02,A,5,292.25
POUDRE TENDERS PB,20.0,KG (1 KG),Volaille Surgelée,mardi,2024-02,B,5,42.0
POULET PANE AMANDE PB,120.0,PC (40 PC),Volaille Surgelée,dimanche,2024-02,A,5,350.0
PUREE DE BANANE 1L,1.0,PC (1 L),Epicerie,jeudi,2024-02,D,5,2.0
PUREE DE KIWI 1.32KG MONIN,1.0,PC (1000 GR),Pâtisseries,samedi,2024-02,D,5,2.0
QUATRE EPICES MOULU,1.0,PC (1 KG),Epicerie,mardi,2024-02,C,5,3.0
RACLETTE,2.0,PC (1 PC),Hygiène,dimanche,2024-02,B,5,7.0
RAME PAPIER A4,7.0,PC (1 PC),Fournitures de Bureau,mardi,2024-02,B,5,23.0
REMANENT HERBE CF,1.0,PC (1 PC),Hygiène,lundi,2024-02,B,5,10.0
ROQUETTE SALADE KG,4.35,KG (1 KG),Legumes Frais,mardi,2024-02,C,5,4.35
ROULEAU CAISSE 80*80,80.0,PC,Fournitures de Bureau,dimanche,2024-02,A,5,205.0
ROULEAU DE 750 ETIQUETTE BLANC,3.0,PC (1 PC),Consommable,dimanche,2024-02,C,5,16.0
ROULEAU TPE,105.0,PC (1 PC),Fournitures de Bureau,dimanche,2024-02,A,5,286.0
SACHET BRETELLES 38X60 MF,100.0,PC (1 PC),Consommable,dimanche,2024-02,B,5,225.0
SALADE LAITUE TUN,22.0,KG (1 KG),Legumes Frais,lundi,2024-02,A,5,393.7
SANEX,48.0,PC (1 PC),Hygiène,dimanche,2024-02,A,5,100.0
SANIT SURF,16.0,PC (1 PC),Hygiène,dimanche,2024-02,A,5,51.0
SAUCE A L'AIL,3.0,PC,Epicerie,lundi,2024-02,B,5,12.0
SAUCE A L'AIL PB,10.0,L (1 KG),Epicerie,dimanche,2024-02,A,5,11.0
SAUCE MAYONNAISE PESTO PB,10.0,L,Epicerie,dimanche,2024-02,A,5,11.0
SAUCE PESTO PB,5.0,KG,Epicerie,dimanche,2024-02,A,5,5.0
SAUCE PLAN B 5KG,5.0,SEAU (1000 GR),Epicerie,jeudi,2024-02,B,5,25.0
SERPILLERE,71.0,PC (1 PC),Hygiène,dimanche,2024-02,A,5,122.0
SERVIETTE 30*30 CIGUSTA,48.0,PC (1 PC),Consommable,dimanche,2024-02,B,5,192.0
SERVIETTE 30*30 MF,40.0,PQT (1 PQT),Consommable,dimanche,2024-02,B,5,74.0
SIROP DE CARAMEL 1L MONIN,1.0,PC (1000 ML),Pâtisseries,jeudi,2024-02,B,5,5.0
SIROP DE VANILLE 1L MONIN,1.0,PC (700 ML),Pâtisseries,samedi,2024-02,C,5,3.0
SUCRE EN SACHET CI-GUSTA,20.0,PC (1 PC),Cafe,mercredi,2024-02,B,5,120.0
SUCRE EN SACHET DAILY BREAK,90.0,PC (1 KG),Cafe,dimanche,2024-02,A,5,230.0
THON EN BOITES,59.0,BTE (2.05 KG),Conserve de Poisson,lundi,2024-02,A,5,164.0
TOMATE CERISES,7.95,KG (1 KG),Legumes Frais,lundi,2024-02,A,5,24.95
TOMATE FRAICHE,250.75,KG (1 KG),Legumes Frais,dimanche,2024-02,A,5,526.85
TOMATES SECHEES,0.6,PC (1000 GR),Epicerie,jeudi,2024-02,B,5,5.0
TOQUE CHEF,4.0,PC (1 PC),Hygiène,dimanche,2024-02,C,5,6.0
TWIX,50.0,PC (1 PC),Epicerie,dimanche,2024-02,C,5,125.0
VIANDE HACHEE SPECIAL RESTO,41.95,PC (1 KG),Viandes Fraiches,dimanche,2024-02,A,5,191.07
VIANDE SECHE FUME (BRESAOLA) TRANCHES 300GR,3.3,KG (1000 GR),Viandes Fraiches,dimanche,2024-02,A,5,11.0
VINAIGRE 1L,4.0,L (1000 GR),Epicerie,lundi,2024-02,D,5,12.0
sucre en buchette MF 10kg,1.0,KG (1 KG),Epicerie,dimanche,2024-02,C,5,10.0
AGRAFFE,4.0,PC (1 PC),Fournitures de Bureau,vendredi,2024-03,C,6,11.0
AIL,0.8,KG,Legumes Frais,jeudi,2024-02,B,6,8.3
AJAX VITRE,12.0,PC (1 PC),Hygiène,jeudi,2024-02,A,6,32.0
AMANDE EFFILEE,1.0,PC (1 KG),Fruits Secs,mardi,2024-02,B,6,4.0
AMSTEL BEER BLLE 33CL,215.0,BTL (1 BTL),Alcools,jeudi,2024-02,B,6,432.0
ASEPCLOR,15.0,PC (1 PC),Hygiène,vendredi,2024-02,A,6,60.0
AUBERGINE LEGUME,12.95,KG (1 KG),Legumes Frais,mercredi,2024-02,A,6,17.85
BACON BOEUF FUME TRANCHES ( 300GR),3.6,KG (1000 GR),Viandes Fraiches,jeudi,2024-02,A,6,6.9
BACON DE DINDE TRANCHES (1 - 1.5 KG),20.0,KG (1 KG),Charcuterie,jeudi,2024-02,B,6,43.0
BALAIS SANS MANCHE,1.0,PC (1 PC),Hygiène,lundi,2024-02,C,6,9.0
BANANE,26.0,PC,Fruits & Legumes Frais,dimanche,2024-02,A,6,155.0
BASILIC BARQUETTE,3.2,KG (1 KG),Legumes Frais,mercredi,2024-02,A,6,11.05
BISCUIT TUC,24.0,PC (1 PC),Epicerie,lundi,2024-02,D,6,120.0
BLOUSE NON TISSEE,12.0,PC (1 KG),Hygiène,mercredi,2024-02,C,6,36.0
BOITE D'ARCHIVE,26.0,PC (1 PC),Fournitures de Bureau,jeudi,2024-02,D,6,35.0
BOITE PIZZA PM CIG,200.0,PC (1 PC),Consommable,mardi,2024-02,B,6,500.0
BORGHELL,1.0,KG (1 KG),Epicerie,lundi,2024-02,C,6,10.0
BOUTEILLE DE VINAIGRETTE 250ML,8.0,PC (250 GR),Epicerie,jeudi,2024-02,A,6,16.0
BROCHETTE BAMBOO 20,3.0,PC,Consommable,mercredi,2024-02,C,6,14.0
Beurre 200Gr,20.0,PC (200 GR),Beurre Oeuf Fromage,jeudi,2024-02,C,6,83.0
CACAHUETES GRILLEES SALEES 70GR,12.0,PC (1 PC),Fruits Secs,dimanche,2024-02,C,6,60.0
CACAO EN POUDRE,1.0,PQT (0.25 KG),Cafe,jeudi,2024-02,C,6,7.0
CAKE CHOCOLAT PBC,56.0,PC (1 PC),Viennoiserie,jeudi,2024-02,B,6,88.0
CAKE CITRON PBC,72.0,PC (1 PC),Pâtisseries,samedi,2024-02,B,6,216.0
CAKE MARBRE PBC,242.0,PC (1 PC),Viennoiserie,jeudi,2024-02,A,6,363.0
CAKE ORANGE PBC,72.0,PC (1 PC),Viennoiserie,jeudi,2024-02,B,6,170.0
CAROTTE,9.8,KG (1 KG),Legumes Frais,mercredi,2024-02,A,6,67.1
CAROTTE CAKE PBC,220.0,PC (1 PC),Viennoiserie,jeudi,2024-02,B,6,330.0
CELTIA FUT DE 50L,1.0,PC (50 L),Alcools,mardi,2024-02,B,6,6.0
CHAMPIGNON FRAIS BARQUETTE,20.0,KG,Legumes Frais,mercredi,2024-02,A,6,34.5
CHAPLUR,2.0,PC (1 KG),Epicerie,mercredi,2024-02,C,6,16.0
CHEMISE CRAFT,20.0,PC (1 PC),Fournitures de Bureau,vendredi,2024-03,D,6,90.0
CHOCOLAT EN POUDRE,21.0,PC (0.2 KG),Cafe,jeudi,2024-02,A,6,86.0
CHOUX ROUGE,5.5,PC (1 PC),Legumes Frais,mercredi,2024-02,A,6,9.6
CITRON,6.0,KG (1 KG),Legumes Frais,mercredi,2024-02,A,6,16.75
CITRON SALLE,7.0,KG (1 KG),Legumes Frais,lundi,2024-02,B,6,28.0
COFFRET CHECHIA AV SEP 16/16,100.0,PC,Consommable,jeudi,2024-02,C,6,125.0
COFFRET PORTRAIT AV SEP 11.5/11.5,50.0,PC (1 PC),Consommable,lundi,2024-02,C,6,175.0
COFFRET PORTRAIT AV SEP 19.5/19.5,50.0,PC (1 PC),Consommable,lundi,2024-02,C,6,200.0
COFFRET PORTRAIT AV SEP24.5/14.5,50.0,PC (1 PC),Consommable,lundi,2024-02,C,6,150.0
CONCOMBRE,93.7,KG (1 KG),Legumes Frais,mercredi,2024-02,A,6,177.692
COOKIES,40.0,PC (1 PC),Viennoiserie,jeudi,2024-02,C,6,120.0
COURGE,3.05,KG (1 KG),Legumes Frais,vendredi,2024-02,B,6,47.65
COURGETTE,12.5,KG (1 KG),Legumes Frais,mercredi,2024-02,A,6,28.6
COUVERCLE POUR GOB 16 OZ ET 14 OZ,250.0,PC,Consommable,jeudi,2024-02,D,6,1250.0
COUVERCLE SANS TROU PET BOMBE 80MM,350.0,PC,Consommable,jeudi,2024-02,D,6,600.0
CREME DE BALSAMIQUE,2.0,BTL (1 ML),Epicerie,dimanche,2024-02,D,6,10.0
CREME DE CUISSON,8.0,L (0.95 L),Pâtisseries,jeudi,2024-02,B,6,27.0
DADDY'S CHIPS CLASSIC SEL DE MER 70G,90.0,PC (1 PC),Epicerie,jeudi,2024-02,A,6,225.0
DADDY'S CHIPS SPICY PAPRIKA 70G,60.0,PC (1 PC),Epicerie,jeudi,2024-02,A,6,165.0
DINOL,60.0,BIDON (1 KG),Hygiène,vendredi,2024-02,A,6,135.0
EMBALLAGE EN CARTON 30*12*6,50.0,PC (1 PC),Consommable,dimanche,2024-02,D,6,300.0
EMINCE DE BOEUF PORT. SURGELE,19.0,KG (1000 GR),Viandes Surgelées,mercredi,2024-02,A,6,79.49000000000001
ESCALOPE POULET FRAIS,300.76,PC (1 KG),Volaille Surgelée,jeudi,2024-02,A,6,503.16
ESCALOPE POULET PANE CONGELE,39.2,KG (1 KG),Volaille Surgelée,mercredi,2024-02,A,6,128.91
ESSUIT TOUT JUMBO,109.0,PC (1 KG),Hygiène,mercredi,2024-02,A,6,157.0
FARINE EN PAQUET,20.0,PC (1 KG),Epicerie,mercredi,2024-02,A,6,252.0
FILM ETIRABLE 725GR,18.0,PC (1 GR),Consommable,mercredi,2024-02,A,6,38.0
FRAISE FRAIS,61.4,KG (1 KG),Fruits & Legumes Frais,mercredi,2024-02,A,6,64.35
FRITE SURGELE 9/9 CLASSIC 2.5 KG,160.0,KG (2.5 KG),Legumes Surgelés,vendredi,2024-02,A,6,290.0
FROMAGE BLUE CHEESE GR,2.0,PC (100 GR),Beurre Oeuf Fromage,mercredi,2024-02,D,6,9.0
FROMAGE BUCHE BLANCHE CHEVRE KG,0.22,KG (1 KG),Beurre Oeuf Fromage,dimanche,2024-02,B,6,5.0
FROMAGE CHEDDAR PORTION KG,24.45,KG (1 KG),Beurre Oeuf Fromage,mercredi,2024-02,B,6,24.45
FROMAGE EDAM MEULE,17.832,KG (1 KG),Beurre Oeuf Fromage,mercredi,2024-02,B,6,35.622
FROMAGE LAND OR,16.2,PC (1 KG),Beurre Oeuf Fromage,dimanche,2024-02,A,6,25.4
FROMAGE MAASDAM EN BLOC PB,15.0,KG (1 KG),Beurre Oeuf Fromage,mercredi,2024-02,A,6,65.5
FROMAGE MEULE GOUDA KG,17.682,KG (1 KG),Beurre Oeuf Fromage,mercredi,2024-02,A,6,32.932
FROMAGE MOZARELLA CARRE KG,110.0,KG (1 KG),Beurre Oeuf Fromage,mercredi,2024-02,B,6,145.0
FROMAGE MOZZARELLA MINI,3.0,PC (1 PC),Beurre Oeuf Fromage,vendredi,2024-02,D,6,9.0
FROMAGE SICILIEN,3.756,KG (1 KG),Beurre Oeuf Fromage,vendredi,2024-02,D,6,5.946
FUT HEINEKEIN,80.0,PC (1 L),Alcools,jeudi,2024-02,B,6,240.0
GANT EN PLASTIQUE,1.0,PC (1 PC),Hygiène,lundi,2024-02,D,6,24.0
GARCI GAZ P.E.T 1 L,240.0,L (1 GR),Eaux et Sodas,mercredi,2024-02,A,6,344.0
GATEAU CHOCOLAT PBC,60.0,PC (1 PC),Viennoiserie,jeudi,2024-02,B,6,100.0
GOBLET PP TRANSPARENT 200CC/80MM YOZEL,700.0,PC (1 PC),Consommable,jeudi,2024-02,D,6,700.0
HARISSA 450G,10.0,BTE,Epicerie,jeudi,2024-02,C,6,17.0
HARISSA 5/2,26.0,BOTTE (1 BTE),Epicerie,jeudi,2024-02,A,6,53.0
HUILE VEGETALE 5L,30.0,L (5 PC),Epicerie,mercredi,2024-02,A,6,54.0
JAMBON DE BOEUF FUME,11.9,KG (1 KG),Charcuterie,mercredi,2024-02,A,6,18.1
JAMBON DE DINDE,8.9,PC (1 KG),Charcuterie,dimanche,2024-02,A,6,34.15
JEX CARRE,39.0,PC (1 PC),Hygiène,vendredi,2024-02,A,6,180.0
JOUR ET NUIT ROSE 1/2,9.0,PC (1 PC),Alcools,lundi,2024-02,B,6,52.0
JOUR ET NUIT ROUGE 1/2,10.0,PC (1 PC),Alcools,lundi,2024-02,C,6,48.0
JOUR ET NUIT3/4 BLANC,6.0,PC (1 PC),Alcools,lundi,2024-02,C,6,30.0
KETCHUP BIDON 5L,10.0,PC (1 KG),Epicerie,jeudi,2024-02,B,6,35.0
KINDER BUENO,120.0,PC (1 PC),Epicerie,jeudi,2024-02,A,6,300.0
KINDER T4,80.0,PC (1 PC),Epicerie,jeudi,2024-02,B,6,180.0
LAVETTE COTON,110.0,PC (1 PC),Hygiène,vendredi,2024-02,A,6,149.0
LOT CAFE EN GRAINS ( BARISTA N°3 ),68.0,PC (1 KG),Cafe,mercredi,2024-02,A,6,98.0
MAIS EN BOITE,12.0,BTE (340 GR),Epicerie,mercredi,2024-02,A,6,92.0
MAIS EN VRAC,3.0,PC (1 KG),Legumes Frais,samedi,2024-02,C,6,9.0
MANGUE,5.0,PC (1 PC),Fruits & Legumes Frais,mardi,2024-02,A,6,39.0
MARINADE POULET GRILLE 2KG PB,26.0,PC (1 KG),Volaille Surgelée,jeudi,2024-02,A,6,36.0
MARS CHOCOLAT,80.0,PC (1 PC),Epicerie,dimanche,2024-02,C,6,160.0
MAYO 5L DEJ,90.0,KG (5000 GR),Beurre Oeuf Fromage,jeudi,2024-02,A,6,170.0
MENTHE SECHE,0.24,KG (1 KG),Epicerie,lundi,2024-02,D,6,2.0
MIEL DOUX & FRAIS,2.0,PC (1 PC),Epicerie,jeudi,2024-02,C,6,11.0
MIX A CREPE FRANCAISE,70.0,SAC (1 SAC),Pâtisseries,samedi,2024-02,B,6,150.0
MOELLEUX CHOCOLAT,36.0,PC (1 PC),Viennoiserie,samedi,2024-02,C,6,108.0
MOUTARDE DIJON 840 GR,12.0,BTE (840 GR),Epicerie,samedi,2024-02,B,6,25.0
MUFFINS VANILLE,48.0,PC (1 PC),Viennoiserie,jeudi,2024-02,B,6,96.0
NAPPAGE,1.0,PC,Pâtisseries,jeudi,2024-02,C,6,14.0
NUGGETS PANE PB,75.0,PC (1 PC),Volaille Surgelée,vendredi,2024-02,A,6,275.0
NUTELLA & GO 52 GR,24.0,PC (1 PC),Epicerie,lundi,2024-02,C,6,192.0
OEUFS,33.0,PC (30 PC),Beurre Oeuf Fromage,mercredi,2024-02,A,6,83.0
OIGNONS BLANC,68.25,KG (1 KG),Legumes Frais,mercredi,2024-02,A,6,127.3
OIGNONS ROUGE,59.5,KG (1 KG),Legumes Frais,mercredi,2024-02,A,6,119.4
OLIVE DENOYETE,24.0,KG,Legumes Frais,vendredi,2024-02,B,6,35.0
OLIVE NOIRE SLICE,3.0,KG,Legumes Frais,mercredi,2024-02,B,6,35.0
ORANGINA BOITE 24 CL,94.0,BTE (1 BTE),Eaux et Sodas,mercredi,2024-02,A,6,347.0
PACK FOOD BOWL + COUVERCLE 1.2 L,125.0,PC (1 PC),Consommable,mercredi,2024-02,B,6,175.0
PAILLE ENVELOPPE 7.5MM COLORE,10.0,SCH (50 PC),Consommable,jeudi,2024-02,B,6,47.0
PAILLE ENVELOPPE 7.5MM NOIR,9.0,SCH (100 PC),Consommable,jeudi,2024-02,B,6,33.0
PAIN CHAWARMA *10,78.0,PQT (10 PC),Boulangerie_R,mercredi,2024-02,A,6,115.0
PAIN DE MIE CEREALE,78.0,PC (1 PC),Boulangerie_R,vendredi,2024-02,B,6,130.0
PAIN DE MIE NATURE,78.0,PC,Boulangerie_R,vendredi,2024-02,B,6,130.0
PAIN SCHNECK AUX RAISINS SURG PUR BEURRE GF,150.0,PC (1 PC),Viennoiserie,mardi,2024-02,B,6,1200.0
PAPIER ALUM DE 100,4.0,PC (1 PC),Consommable,jeudi,2024-02,B,6,9.0
PAPIER SERVIETTE GOURMANDISE,72.0,PC (1 PC),Consommable,vendredi,2024-02,B,6,128.0
PATE PIZZA FOCACCIA 12/40,74.0,PC (1 PC),Boulangerie_R,vendredi,2024-02,A,6,170.0
PATE PLUME COURTE,5.0,PC (1 KG),Epicerie,vendredi,2024-03,B,6,58.0
PATE SPAGHETTI,5.0,PC (1 PC),Epicerie,vendredi,2024-03,B,6,74.0
PEPPERONI,0.6,KG (1 KG),Charcuterie,mardi,2024-02,A,6,4.8
PIMENT DOUX,31.25,KG (1 KG),Legumes Frais,mercredi,2024-02,A,6,97.3
PIMENT FORT,9.6,KG (1 KG),Legumes Frais,vendredi,2024-02,A,6,78.95
PIMENT ROUGE SALLE,10.0,KG (1 KG),Legumes Frais,vendredi,2024-02,B,6,20.0
POIVRE NOIR MOULU,1.0,PC (1 KG),Epicerie,vendredi,2024-03,B,6,3.0
POMME DE TERRE,97.2,KG (1 KG),Legumes Frais,mercredi,2024-02,A,6,292.25
POUDRE TENDERS PB,20.0,KG (1 KG),Volaille Surgelée,jeudi,2024-02,B,6,42.0
POULET PANE AMANDE PB,120.0,PC (40 PC),Volaille Surgelée,vendredi,2024-02,A,6,350.0
QUATRE EPICES MOULU,1.0,PC (1 KG),Epicerie,dimanche,2024-02,C,6,3.0
RACLETTE,5.0,PC,Hygiène,lundi,2024-02,B,6,7.0
RAME PAPIER A4,6.0,PC (1 PC),Fournitures de Bureau,jeudi,2024-02,B,6,23.0
REMANENT HERBE CF,6.0,PC (1 PC),Hygiène,mercredi,2024-02,B,6,10.0
ROQUETTE SALADE KG,2.5,KG (1 KG),Legumes Frais,jeudi,2024-02,C,6,4.35
ROULEAU CAISSE 80*80,90.0,PC (1 PC),Fournitures de Bureau,jeudi,2024-02,A,6,205.0
ROULEAU DE 750 ETIQUETTE BLANC,2.0,PC,Consommable,lundi,2024-02,C,6,16.0
ROULEAU TPE,160.0,PC (1 PC),Fournitures de Bureau,jeudi,2024-02,A,6,286.0
SAC BOUTIQUE GDISE HD 50/45 BLANC,500.0,PC,Consommable,jeudi,2024-02,D,6,1000.0
SACHET BRETELLES 38X60 MF,50.0,PC,Consommable,lundi,2024-02,B,6,225.0
SACHET CONGELATION,3.0,PC (1 KG),Consommable,samedi,2024-02,D,6,10.0
SALADE LAITUE TUN,216.5,KG (1 KG),Legumes Frais,mercredi,2024-02,A,6,393.7
SANEX,32.0,PC (1 PC),Hygiène,vendredi,2024-02,A,6,100.0
SANIT SURF,18.0,PC (1 PC),Hygiène,jeudi,2024-02,A,6,51.0
SAUCE A L'AIL PB,8.0,L (1 KG),Epicerie,jeudi,2024-02,A,6,11.0
SAUCE MAYONNAISE PESTO PB,8.0,L (1 L),Epicerie,jeudi,2024-02,A,6,11.0
SAUCE PESTO PB,4.0,KG (1 KG),Epicerie,jeudi,2024-02,A,6,5.0
SAUCE PLAN B 5KG,5.0,SEAU (1000 GR),Epicerie,jeudi,2024-02,B,6,25.0
SEL FIN DE TABLE,5.0,PC (1 KG),Epicerie,jeudi,2024-02,B,6,23.0
SERPILLERE,75.0,PC (1 PC),Hygiène,vendredi,2024-02,A,6,122.0
SERVIETTE 30*30 CIGUSTA,48.0,PC (1 PC),Consommable,vendredi,2024-02,B,6,192.0
SIROP DE CARAMEL 1L MONIN,2.0,PC (1000 ML),Pâtisseries,jeudi,2024-02,B,6,5.0
SUCRE EN SACHET CI-GUSTA,10.0,PC (1 PC),Cafe,samedi,2024-02,B,6,120.0
SUCRE EN SACHET DAILY BREAK,100.0,PC (1 KG),Cafe,jeudi,2024-02,A,6,230.0
THON EN BOITES,112.0,BTE (2.05 KG),Conserve de Poisson,mercredi,2024-02,A,6,164.0
THYM MOULU,0.05,KG,Epicerie,jeudi,2024-02,D,6,2.0
TOMATE CERISES,11.4,KG (1 KG),Legumes Frais,mercredi,2024-02,A,6,24.95
TOMATE FRAICHE,322.9,KG (1 KG),Legumes Frais,mercredi,2024-02,A,6,526.85
TOQUE CHEF,3.0,PC (1 PC),Hygiène,vendredi,2024-02,C,6,6.0
TWIX,50.0,PC (1 PC),Epicerie,jeudi,2024-02,C,6,125.0
VIANDE HACHEE SPECIAL RESTO,47.25,PC (1 KG),Viandes Fraiches,mercredi,2024-02,A,6,191.07
VIANDE SECHE FUME (BRESAOLA) TRANCHES 300GR,3.9,KG (1000 GR),Viandes Fraiches,jeudi,2024-02,A,6,11.0
AGRAFFE,1.0,PC (1 PC),Fournitures de Bureau,jeudi,2024-03,C,7,11.0
AIL,1.65,KG (1 KG),Legumes Frais,mardi,2024-03,B,7,8.3
AJAX VITRE,13.0,PC (1 PC),Hygiène,samedi,2024-03,A,7,32.0
AMANDES GRILEES SALEES 70GR,48.0,PC (1 PC),Fruits Secs,samedi,2024-03,B,7,84.0
AMSTEL BEER BLLE 33CL,100.0,BTL (1 BTL),Alcools,dimanche,2024-03,B,7,432.0
ASEPCLOR,15.0,PC (1 PC),Hygiène,lundi,2024-03,A,7,60.0
AUBERGINE LEGUME,11.35,KG,Legumes Frais,samedi,2024-03,A,7,17.85
BACON BOEUF FUME TRANCHES ( 300GR),4.5,KG (1000 GR),Viandes Fraiches,dimanche,2024-03,A,7,6.9
BACON DE DINDE TRANCHES (1 - 1.5 KG),21.0,KG,Charcuterie,samedi,2024-03,B,7,43.0
BACTYGEL 703 CF,1.0,BTL (1 BTL),Hygiène,dimanche,2024-03,B,7,4.0
BANANE,52.0,PC,Fruits & Legumes Frais,samedi,2024-03,A,7,155.0
BASILIC BARQUETTE,3.15,KG,Legumes Frais,samedi,2024-03,A,7,11.05
BEURRE MARGARINE  KG,4.5,PC (1 KG),Beurre Oeuf Fromage,dimanche,2024-03,C,7,40.5
BISCUIT TUC,24.0,PC (1 PC),Epicerie,dimanche,2024-03,D,7,120.0
BOGA LIM PET 0.5,161.0,PC (1 PC),Eaux et Sodas,mercredi,2024-03,A,7,479.0
BOITE PIZZA 32 cm,100.0,PC (1 PC),Consommable,dimanche,2024-03,C,7,200.0
BOITE PIZZA PM CIG,300.0,PC,Consommable,dimanche,2024-03,B,7,500.0
BOUTEILLE DE VINAIGRETTE 250ML,8.0,PC (250 GR),Epicerie,dimanche,2024-03,A,7,16.0
BROCHETTE BAMBOO 20,2.0,PC,Consommable,jeudi,2024-03,C,7,14.0
CACAHUETES GRILLEES SALEES 70GR,12.0,PC (1 PC),Fruits Secs,jeudi,2024-03,C,7,60.0
CAKE CHOCOLAT PBC,24.0,PC (1 PC),Viennoiserie,mardi,2024-03,B,7,88.0
CAKE CITRON PBC,72.0,PC (1 PC),Pâtisseries,dimanche,2024-03,B,7,216.0
CAKE MARBRE PBC,220.0,PC (1 PC),Viennoiserie,dimanche,2024-03,A,7,363.0
CAKE ORANGE PBC,36.0,PC (1 PC),Viennoiserie,mardi,2024-03,B,7,170.0
CAROTTE,7.45,KG (1 KG),Legumes Frais,dimanche,2024-03,A,7,67.1
CAROTTE CAKE PBC,176.0,PC (1 PC),Viennoiserie,dimanche,2024-03,B,7,330.0
CELTIA FUT DE 50L,2.0,PC (50 L),Alcools,lundi,2024-03,B,7,6.0
CHAMPIGNON FRAIS BARQUETTE,20.0,KG (1 KG),Legumes Frais,samedi,2024-03,A,7,34.5
CHAPLUR,1.0,PC (1 KG),Epicerie,lundi,2024-03,C,7,16.0
CHEMISE CRAFT,20.0,PC,Fournitures de Bureau,jeudi,2024-03,D,7,90.0
CHOCOLAT CHAUD EN POUDRE,2.0,KG (1 KG),Cafe,dimanche,2024-03,B,7,7.0
CHOCOLAT EN POUDRE,45.0,PC (0.2 KG),Cafe,samedi,2024-03,A,7,86.0
CHORBA FRIK,5.0,PC (1 KG),Epicerie,lundi,2024-03,D,7,23.0
CHOUX ROUGE,1.6,PC (1 PC),Legumes Frais,dimanche,2024-03,A,7,9.6
CITRON,15.3,KG,Legumes Frais,samedi,2024-03,A,7,16.75
CITRON SALLE,14.0,KG,Legumes Frais,samedi,2024-03,B,7,28.0
COFFRET CHECHIA AV SEP 16/16,75.0,PC (1 PC),Consommable,lundi,2024-03,C,7,125.0
COFFRET PORTRAIT AV SEP 11.5/11.5,100.0,PC (1 PC),Consommable,lundi,2024-03,C,7,175.0
COFFRET PORTRAIT AV SEP24.5/14.5,50.0,PC (1 PC),Consommable,jeudi,2024-03,C,7,150.0
CONCOMBRE,73.19999999999999,KG,Legumes Frais,samedi,2024-03,A,7,177.692
CORNICHON FRAIS,7.0,KG,Legumes Frais,samedi,2024-03,B,7,12.0
COURGETTE,15.5,KG,Legumes Frais,samedi,2024-03,A,7,28.6
COUVERCLE SANS TROU PET BOMBE 80MM,300.0,PC (1 PC),Consommable,samedi,2024-03,D,7,600.0
CREME DE BALSAMIQUE,1.0,BTL (1 ML),Epicerie,jeudi,2024-03,D,7,10.0
CREME DE CUISSON,2.0,L (0.95 L),Pâtisseries,jeudi,2024-03,B,7,27.0
DADDY'S CHIPS CLASSIC SEL DE MER 70G,90.0,PC (1 PC),Epicerie,dimanche,2024-03,A,7,225.0
DATTE EN VRAC,1.0,KG (1 KG),Fruits & Legumes Frais,lundi,2024-03,B,7,18.3
DINOL,65.0,BIDON (1 KG),Hygiène,samedi,2024-03,A,7,135.0
EMBALLAGE EN CARTON 30*12*6,100.0,PC (1 PC),Consommable,lundi,2024-03,D,7,300.0
EMINCE DE BOEUF PORT. SURGELE,23.17,KG (1000 GR),Viandes Surgelées,samedi,2024-03,A,7,79.49000000000001
ESCALOPE POULET FRAIS,258.05,PC (1 KG),Volaille Surgelée,samedi,2024-03,A,7,503.16
ESCALOPE POULET PANE CONGELE,30.37,KG,Volaille Surgelée,samedi,2024-03,A,7,128.91
ESSUIT TOUT JUMBO,69.0,PC (1 KG),Hygiène,samedi,2024-03,A,7,157.0
FARINE EN PAQUET,30.0,PC (1 KG),Epicerie,dimanche,2024-03,A,7,252.0
FILM ETIRABLE 725GR,24.0,PC (1 GR),Consommable,samedi,2024-03,A,7,38.0
FRAISE FRAIS,64.35,KG (1 KG),Fruits & Legumes Frais,samedi,2024-03,A,7,64.35
FRITE SURGELE 9/9 CLASSIC 2.5 KG,112.5,KG (2.5 KG),Legumes Surgelés,dimanche,2024-03,A,7,290.0
FRITE SURGELE WEDGES 2.5 KG,2.5,KG (2.5 KG),Legumes Surgelés,samedi,2024-03,B,7,90.0
FROMAGE BLUE CHEESE GR,9.0,PC (100 GR),Beurre Oeuf Fromage,vendredi,2024-03,D,7,9.0
FROMAGE BUCHE BLANCHE CHEVRE KG,0.8800000000000001,KG (1 KG),Beurre Oeuf Fromage,vendredi,2024-03,B,7,5.0
FROMAGE CHEDDAR PORTION KG,14.7999,KG,Beurre Oeuf Fromage,samedi,2024-03,B,7,24.45
FROMAGE EDAM MEULE,7.470000000000001,KG,Beurre Oeuf Fromage,samedi,2024-03,B,7,35.622
FROMAGE LAND OR,9.0,PC (1 KG),Beurre Oeuf Fromage,dimanche,2024-03,A,7,25.4
FROMAGE MAASDAM EN BLOC PB,25.0,KG (1 KG),Beurre Oeuf Fromage,dimanche,2024-03,A,7,65.5
FROMAGE MEULE GOUDA KG,9.96,KG,Beurre Oeuf Fromage,samedi,2024-03,A,7,32.932
FROMAGE MOZARELLA CARRE KG,128.0,KG (1 KG),Beurre Oeuf Fromage,samedi,2024-03,B,7,145.0
FROMAGE PARMIGIANO REGIANO,0.45,PC (1 PC),Beurre Oeuf Fromage,samedi,2024-03,D,7,1.0499999999999998
FROMAGE SICILIEN,1.95,KG (1 KG),Beurre Oeuf Fromage,dimanche,2024-03,D,7,5.946
FUT HEINEKEIN,40.0,PC (1 L),Alcools,mardi,2024-03,B,7,240.0
GARCI GAZ P.E.T 1 L,75.0,L (1 GR),Eaux et Sodas,mercredi,2024-03,A,7,344.0
GATEAU CHOCOLAT PBC,40.0,PC (1 PC),Viennoiserie,dimanche,2024-03,B,7,100.0
GOBLET PP TRANSPARENT 200CC/80MM YOZEL,300.0,PC (1 PC),Consommable,samedi,2024-03,D,7,700.0
HARISSA 5/2,32.0,BOTTE (1 BTE),Epicerie,samedi,2024-03,A,7,53.0
HUILE D'OLIVE POMACE,19.0,L,Epicerie,lundi,2024-03,B,7,28.5
HUILE VEGETALE 5L,26.0,L (5 PC),Epicerie,samedi,2024-03,A,7,54.0
JAMBON DE BOEUF FUME,6.25,KG,Charcuterie,samedi,2024-03,A,7,18.1
JAMBON DE DINDE,18.0,PC (1 KG),Charcuterie,dimanche,2024-03,A,7,34.15
JEX CARRE,34.0,PC (1 PC),Hygiène,samedi,2024-03,A,7,180.0
JOUR ET NUIT ROSE 1/2,17.0,PC (1 PC),Alcools,dimanche,2024-03,B,7,52.0
JOUR ET NUIT ROUGE 1/2,17.0,PC (1 PC),Alcools,dimanche,2024-03,C,7,48.0
JOUR ET NUIT3/4 BLANC,3.0,PC (1 PC),Alcools,mardi,2024-03,C,7,30.0
KETCHUP BIDON 5L,5.0,PC (1 KG),Epicerie,jeudi,2024-03,B,7,35.0
KINDER BUENO,150.0,PC (1 PC),Epicerie,dimanche,2024-03,A,7,300.0
KINDER T4,60.0,PC (1 PC),Epicerie,dimanche,2024-03,B,7,180.0
LAVETTE COTON,59.0,PC (1 PC),Hygiène,samedi,2024-03,A,7,149.0
LOT CAFE EN GRAINS ( BARISTA N°3 ),98.0,PC (1 KG),Cafe,samedi,2024-03,A,7,98.0
MAIS EN BOITE,12.0,BTE (340 GR),Epicerie,dimanche,2024-03,A,7,92.0
MANGUE,10.0,PC (1 PC),Fruits & Legumes Frais,samedi,2024-03,A,7,39.0
MARINADE POULET GRILLE 2KG PB,28.0,PC (1 KG),Volaille Surgelée,dimanche,2024-03,A,7,36.0
MARS CHOCOLAT,40.0,PC (1 PC),Epicerie,jeudi,2024-03,C,7,160.0
MAYO 5L DEJ,90.0,KG (5000 GR),Beurre Oeuf Fromage,samedi,2024-03,A,7,170.0
MENTHE SECHE,0.42,KG (1 KG),Epicerie,samedi,2024-03,D,7,2.0
MENTOS ROLLS FRUIT FLAVOUR,40.0,PC (1 PC),Epicerie,dimanche,2024-03,D,7,80.0
MENTOS ROLLS RAINBOW,120.0,PC (1 PC),Epicerie,dimanche,2024-03,D,7,120.0
MENTOS ROLLS TUTTI FRUTTI,40.0,PC (1 PC),Epicerie,dimanche,2024-03,D,7,80.0
MIX A CREPE FRANCAISE,50.0,SAC (1 SAC),Pâtisseries,dimanche,2024-03,B,7,150.0
MOELLEUX CHOCOLAT,36.0,PC (1 PC),Viennoiserie,mardi,2024-03,C,7,108.0
MOUTARDE DIJON 840 GR,8.0,BTE (840 GR),Epicerie,jeudi,2024-03,B,7,25.0
MUFFINS VANILLE,48.0,PC (1 PC),Viennoiserie,mardi,2024-03,B,7,96.0
NAPPAGE,1.0,PC (1 PC),Pâtisseries,samedi,2024-03,C,7,14.0
NOISETTE GRILLEE CONCASSEE,1.0,PC (1 KG),Fruits Secs,dimanche,2024-03,D,7,3.0
NOIX DE CAJOU GRILLES SALEES 65GR,36.0,PC (1 PC),Fruits Secs,dimanche,2024-03,B,7,96.0
NUGGETS PANE PB,125.0,PC (1 PC),Volaille Surgelée,dimanche,2024-03,A,7,275.0
NUTELLA & GO 52 GR,24.0,PC (1 PC),Epicerie,dimanche,2024-03,C,7,192.0
OEUFS,29.0,PC (30 PC),Beurre Oeuf Fromage,samedi,2024-03,A,7,83.0
OIGNONS ROUGE,108.0,KG (1 KG),Legumes Frais,samedi,2024-03,A,7,119.4
OLIVE DENOYETE,10.0,KG,Legumes Frais,samedi,2024-03,B,7,35.0
OLIVE NOIRE SLICE,10.0,KG,Legumes Frais,lundi,2024-03,B,7,35.0
PAILLE ENVELOPPE 7.5MM COLORE,36.0,SCH (50 PC),Consommable,samedi,2024-03,B,7,47.0
PAILLE ENVELOPPE 7.5MM NOIR,25.0,SCH (100 PC),Consommable,samedi,2024-03,B,7,33.0
PAIN CHAWARMA *10,51.0,PQT (10 PC),Boulangerie_R,dimanche,2024-03,A,7,115.0
PAIN DE MIE CEREALE,52.0,PC (1 PC),Boulangerie_R,dimanche,2024-03,B,7,130.0
PAIN DE MIE NATURE,52.0,PC,Boulangerie_R,dimanche,2024-03,B,7,130.0
PAIN SCHNECK AUX RAISINS SURG PUR BEURRE GF,275.0,PC (1 PC),Viennoiserie,vendredi,2024-03,B,7,1200.0
PAPIER ALUM DE 100,1.0,PC (1 PC),Consommable,samedi,2024-03,B,7,9.0
PAPIER CUISSON 40*60,1.0,PC (500 PC),Consommable,samedi,2024-03,C,7,4.0
PAPIER SERVIETTE GOURMANDISE,40.0,PC (1 PC),Consommable,mercredi,2024-03,B,7,128.0
PAPRIKA DOUX,2.0,KG (1 KG),Fruits & Legumes Frais,lundi,2024-03,C,7,3.0
PAPRIKA FORT,1.0,KG (1 KG),Epicerie,lundi,2024-03,C,7,3.0
PATE PAPILLON,6.0,PC (1 KG),Epicerie,dimanche,2024-03,D,7,24.0
PATE PIZZA FOCACCIA 12/40,40.0,PC (1 PC),Boulangerie_R,dimanche,2024-03,A,7,170.0
PATE SPAGHETTI,5.5,PC (1 PC),Epicerie,lundi,2024-03,B,7,74.0
PEPPERONI,2.4,KG (1 KG),Charcuterie,dimanche,2024-03,A,7,4.8
PIECE RONDE BOEUF,4.8,KG,Viandes Surgelées,dimanche,2024-03,D,7,24.200000000000003
PIMENT DOUX,43.0,KG,Legumes Frais,samedi,2024-03,A,7,97.3
PIMENT FORT,4.6,KG (1 KG),Legumes Frais,vendredi,2024-03,A,7,78.95
PIMENT ROUGE SALLE,5.0,KG,Legumes Frais,samedi,2024-03,B,7,20.0
POIVRE NOIR MOULU,2.0,PC (1 KG),Epicerie,lundi,2024-03,B,7,3.0
POMME DE TERRE,86.4,KG (1 KG),Legumes Frais,lundi,2024-03,A,7,292.25
POUDRE TENDERS PB,15.0,KG (1 KG),Volaille Surgelée,dimanche,2024-03,B,7,42.0
POULET PANE AMANDE PB,240.0,PC (40 PC),Volaille Surgelée,samedi,2024-03,A,7,350.0
PUREE DE BANANE 1L,1.0,PC (1 L),Epicerie,samedi,2024-03,D,7,2.0
QUATRE EPICES MOULU,1.0,PC (1 KG),Epicerie,lundi,2024-03,C,7,3.0
RAME PAPIER A4,3.0,PC (1 PC),Fournitures de Bureau,dimanche,2024-03,B,7,23.0
ROQUETTE SALADE KG,2.5,KG,Legumes Frais,samedi,2024-03,C,7,4.35
ROULEAU CAISSE 80*80,100.0,PC (1 PC),Fournitures de Bureau,samedi,2024-03,A,7,205.0
ROULEAU DE 750 ETIQUETTE BLANC,2.0,PC,Consommable,jeudi,2024-03,C,7,16.0
ROULEAU TPE,135.0,PC (1 PC),Fournitures de Bureau,dimanche,2024-03,A,7,286.0
SAC EN PAPIER KRAFT 30/30/26,50.0,PC (1 PC),Consommable,samedi,2024-03,C,7,150.0
SALADE LAITUE TUN,179.6,KG,Legumes Frais,samedi,2024-03,A,7,393.7
SANEX,37.0,PC (1 PC),Hygiène,samedi,2024-03,A,7,100.0
SANIT SURF,14.0,PC (1 PC),Hygiène,samedi,2024-03,A,7,51.0
SAUCE A L'AIL,3.0,PC,Epicerie,mercredi,2024-03,B,7,12.0
SAUCE A L'AIL PB,8.0,L (1 KG),Epicerie,dimanche,2024-03,A,7,11.0
SAUCE BARBECUE PB,5.0,KG,Epicerie,dimanche,2024-03,D,7,15.0
SAUCE MAYONNAISE PESTO PB,8.0,L (1 L),Epicerie,dimanche,2024-03,A,7,11.0
SAUCE PESTO PB,4.0,KG (1 KG),Epicerie,dimanche,2024-03,A,7,5.0
SAUCE PLAN B 5KG,5.0,SEAU (1000 GR),Epicerie,jeudi,2024-03,B,7,25.0
SEL FIN DE TABLE,10.0,PC (1 KG),Epicerie,dimanche,2024-03,B,7,23.0
SERPILLERE,46.0,PC (1 PC),Hygiène,samedi,2024-03,A,7,122.0
SERVIETTE 30*30 CIGUSTA,96.0,PC (1 PC),Consommable,samedi,2024-03,B,7,192.0
SIROP DE CARAMEL 1L MONIN,2.0,PC (1000 ML),Pâtisseries,samedi,2024-03,B,7,5.0
SUCRE EN SACHET CI-GUSTA,10.0,PC (1 PC),Cafe,vendredi,2024-03,B,7,120.0
SUCRE EN SACHET DAILY BREAK,80.0,PC (1 KG),Cafe,samedi,2024-03,A,7,230.0
THON EN BOITES,65.0,BTE (2.05 KG),Conserve de Poisson,samedi,2024-03,A,7,164.0
TIC TAC MENTHE,24.0,PC (1 PC),Epicerie,dimanche,2024-03,D,7,36.0
TIC TAC ORANGE,12.0,PC (1 PC),Epicerie,lundi,2024-03,D,7,36.0
TIC TAC STRAWBERRY MIX,12.0,PC,Epicerie,lundi,2024-03,D,7,60.0
TOMATE CERISES,9.05,KG,Legumes Frais,samedi,2024-03,A,7,24.95
TOMATE CONCENTRE 4/4,12.0,PC (1 PC),Epicerie,lundi,2024-03,D,7,24.0
TOMATE FRAICHE,268.5,KG (1 KG),Legumes Frais,samedi,2024-03,A,7,526.85
TOMATES SECHEES,0.8,PC (1000 GR),Epicerie,vendredi,2024-03,B,7,5.0
TOQUE CHEF,1.0,PC (1 PC),Hygiène,samedi,2024-03,C,7,6.0
VIANDE HACHEE SPECIAL RESTO,54.9,PC (1 KG),Viandes Fraiches,samedi,2024-03,A,7,191.07
VIANDE SECHE FUME (BRESAOLA) TRANCHES 300GR,5.4,KG (1000 GR),Viandes Fraiches,dimanche,2024-03,A,7,11.0
AIL,4.0,KG (1 KG),Legumes Frais,jeudi,2024-03,B,8,8.3
AJAX VITRE,3.0,PC (1 PC),Hygiène,jeudi,2024-03,A,8,32.0
AMANDE EFFILEE,1.0,PC (1 KG),Fruits Secs,mercredi,2024-03,B,8,4.0
AMANDES GRILEES SALEES 70GR,24.0,PC (1 PC),Fruits Secs,mardi,2024-03,B,8,84.0
AUBERGINE LEGUME,3.6,KG (1 KG),Legumes Frais,mardi,2024-03,A,8,17.85
BACON BOEUF FUME TRANCHES ( 300GR),1.5,KG (1000 GR),Viandes Fraiches,dimanche,2024-03,A,8,6.9
BACON DE DINDE TRANCHES (1 - 1.5 KG),10.0,KG (1 KG),Charcuterie,mardi,2024-03,B,8,43.0
BACTYGEL 703 CF,2.0,BTL,Hygiène,mercredi,2024-03,B,8,4.0
BALAIS SANS MANCHE,1.0,PC (1 PC),Hygiène,samedi,2024-03,C,8,9.0
BASILIC BARQUETTE,0.7,KG (1 KG),Legumes Frais,mercredi,2024-03,A,8,11.05
BASILIC LA BOTTE,0.7,KG,Legumes Frais,mercredi,2024-03,C,8,3.2999
BOGA LIM PET 0.5,120.0,PC (1 PC),Eaux et Sodas,mardi,2024-03,A,8,479.0
BORGHELL,3.0,KG (1 KG),Epicerie,mercredi,2024-03,C,8,10.0
BOUTEILLE DE VINAIGRETTE 250ML,1.0,PC (250 GR),Epicerie,mercredi,2024-03,A,8,16.0
Beurre 200Gr,11.0,PC (200 GR),Beurre Oeuf Fromage,vendredi,2024-03,C,8,83.0
CAKE CITRON PBC,36.0,PC (1 PC),Pâtisseries,mercredi,2024-03,B,8,216.0
CAKE MARBRE PBC,22.0,PC (1 PC),Viennoiserie,vendredi,2024-03,A,8,363.0
CAKE ORANGE PBC,36.0,PC (1 PC),Viennoiserie,vendredi,2024-03,B,8,170.0
CAPRE VRAC,6.0,KG (1 KG),Legumes Frais,samedi,2024-03,B,8,9.0
CAROTTE,5.05,KG (1 KG),Legumes Frais,samedi,2024-03,A,8,67.1
CHAMPIGNON FRAIS BARQUETTE,11.5,KG (1 KG),Legumes Frais,mardi,2024-03,A,8,34.5
CHOCOLAT EN POUDRE,8.0,PC (0.2 KG),Cafe,mardi,2024-03,A,8,86.0
CHORBA FRIK,2.0,PC (1 KG),Epicerie,mardi,2024-03,D,8,23.0
CITRON,9.7,KG (1 KG),Legumes Frais,mercredi,2024-03,A,8,16.75
COFFRET CHECHIA AV SEP 16/16,50.0,PC (1 PC),Consommable,mardi,2024-03,C,8,125.0
COFFRET PORTRAIT AV SEP 11.5/11.5,75.0,PC (1 PC),Consommable,jeudi,2024-03,C,8,175.0
COFFRET PORTRAIT AV SEP 19.5/19.5,25.0,PC (1 PC),Consommable,jeudi,2024-03,C,8,200.0
CONCOMBRE,37.8,KG (1 KG),Legumes Frais,mercredi,2024-03,A,8,177.692
COURGETTE,4.3,KG (1 KG),Legumes Frais,mardi,2024-03,A,8,28.6
CUISSE DE POULET FRAIS,35.54,KG,Volaille Fraiche,mercredi,2024-03,C,8,47.85
DADDY'S CHIPS CLASSIC SEL DE MER 70G,60.0,PC (1 PC),Epicerie,mardi,2024-03,A,8,225.0
DADDY'S CHIPS SAVORY TRUFFE PARMESAN 70G,45.0,PC (1 PC),Epicerie,vendredi,2024-03,B,8,165.0
DADDY'S CHIPS SPICY PAPRIKA 70G,60.0,PC (1 PC),Epicerie,mardi,2024-03,A,8,165.0
DATTE EN VRAC,8.0,KG (1 KG),Fruits & Legumes Frais,mardi,2024-03,B,8,18.3
DINOL,45.0,BIDON (1 KG),Hygiène,jeudi,2024-03,A,8,135.0
EMBALLAGE EN CARTON 30*12*6,50.0,PC (1 PC),Consommable,mercredi,2024-03,D,8,300.0
EMINCE DE BOEUF PORT. SURGELE,3.0,KG (1000 GR),Viandes Surgelées,mardi,2024-03,A,8,79.49000000000001
EPINARD,1.12,KG (1 KG),Legumes Frais,samedi,2024-03,B,8,12.15
ESCALOPE POULET FRAIS,138.28,PC (1 KG),Volaille Surgelée,mardi,2024-03,A,8,503.16
ESCALOPE POULET PANE CONGELE,8.81,KG (1 KG),Volaille Surgelée,mercredi,2024-03,A,8,128.91
ESSUIT TOUT JUMBO,56.0,PC (1 KG),Hygiène,mardi,2024-03,A,8,157.0
FARINE EN PAQUET,10.0,PC (1 KG),Epicerie,vendredi,2024-03,A,8,252.0
FILM ETIRABLE 725GR,13.0,PC (1 GR),Consommable,mardi,2024-03,A,8,38.0
FRAISE FRAIS,22.34999,KG (1 KG),Fruits & Legumes Frais,mardi,2024-03,A,8,64.35
FRITE SURGELE 9/9 CLASSIC 2.5 KG,60.0,KG (2.5 KG),Legumes Surgelés,mardi,2024-03,A,8,290.0
FROMAGE BLUE CHEESE GR,1.0,PC (100 GR),Beurre Oeuf Fromage,vendredi,2024-03,D,8,9.0
FROMAGE CHEDDAR EN BLOC,5.0,KG,Beurre Oeuf Fromage,jeudi,2024-03,A,8,65.0
FROMAGE EDAM MEULE,3.98,KG (1 KG),Beurre Oeuf Fromage,dimanche,2024-03,B,8,35.622
FROMAGE LAND OR,3.6,PC (1 KG),Beurre Oeuf Fromage,vendredi,2024-03,A,8,25.4
FROMAGE MAASDAM EN BLOC PB,13.0,KG (1 KG),Beurre Oeuf Fromage,mercredi,2024-03,A,8,65.5
FROMAGE MEULE GOUDA KG,5.221,KG (1 KG),Beurre Oeuf Fromage,mardi,2024-03,A,8,32.932
FROMAGE MOZARELLA CARRE KG,15.0,KG (1 KG),Beurre Oeuf Fromage,mardi,2024-03,B,8,145.0
GARCI GAZ P.E.T 1 L,126.0,L (1 GR),Eaux et Sodas,mardi,2024-03,A,8,344.0
HARISSA 5/2,5.0,BOTTE (1 BTE),Epicerie,lundi,2024-03,A,8,53.0
HUILE VEGETALE 5L,51.0,L (5 PC),Epicerie,mardi,2024-03,A,8,54.0
JAMBON DE DINDE,5.0,PC (1 KG),Charcuterie,samedi,2024-03,A,8,34.15
JEX CARRE,37.0,PC (1 PC),Hygiène,jeudi,2024-03,A,8,180.0
KINDER BUENO,90.0,PC (1 PC),Epicerie,mardi,2024-03,A,8,300.0
KINDER T4,40.0,PC (1 PC),Epicerie,mardi,2024-03,B,8,180.0
LAVETTE COTON,41.0,PC (1 PC),Hygiène,jeudi,2024-03,A,8,149.0
MAIS EN BOITE,6.0,BTE (340 GR),Epicerie,mercredi,2024-03,A,8,92.0
MARINADE POULET GRILLE 2KG PB,12.0,PC (1 KG),Volaille Surgelée,mercredi,2024-03,A,8,36.0
MAYO 5L DEJ,60.0,KG (5000 GR),Beurre Oeuf Fromage,mardi,2024-03,A,8,170.0
MIX A CREPE FRANCAISE,10.0,SAC (1 SAC),Pâtisseries,dimanche,2024-03,B,8,150.0
MOUTARDE DIJON 840 GR,6.0,BTE (840 GR),Epicerie,lundi,2024-03,B,8,25.0
NAPPAGE,1.0,PC,Pâtisseries,mercredi,2024-03,C,8,14.0
NOIX DE CAJOU GRILLES SALEES 65GR,12.0,PC (1 PC),Fruits Secs,mardi,2024-03,B,8,96.0
NUGGETS PANE PB,25.0,PC (1 PC),Volaille Surgelée,mercredi,2024-03,A,8,275.0
NUTELLA & GO 52 GR,24.0,PC (1 PC),Epicerie,lundi,2024-03,C,8,192.0
OEUFS,13.0,PC (30 PC),Beurre Oeuf Fromage,mardi,2024-03,A,8,83.0
OIGNONS BLANC,45.1,KG (1 KG),Legumes Frais,mardi,2024-03,A,8,127.3
OIGNONS ROUGE,31.0,KG (1 KG),Legumes Frais,mercredi,2024-03,A,8,119.4
OLIVE DENOYETE,3.0,KG (1 KG),Legumes Frais,samedi,2024-03,B,8,35.0
PACK FOOD BOWL + COUVERCLE 1.2 L,6.0,PC,Consommable,mercredi,2024-03,B,8,175.0
PAILLE ENVELOPPE 7.5MM COLORE,5.0,SCH (50 PC),Consommable,dimanche,2024-03,B,8,47.0
PAILLE ENVELOPPE 7.5MM NOIR,10.0,SCH (100 PC),Consommable,dimanche,2024-03,B,8,33.0
PAIN CHAWARMA *10,30.0,PQT (10 PC),Boulangerie_R,mardi,2024-03,A,8,115.0
PAIN DE MIE CEREALE,26.0,PC (1 PC),Boulangerie_R,jeudi,2024-03,B,8,130.0
PAIN SCHNECK AUX RAISINS SURG PUR BEURRE GF,125.0,PC (1 PC),Viennoiserie,jeudi,2024-03,B,8,1200.0
PAPIER ALUM DE 100,1.0,PC (1 PC),Consommable,samedi,2024-03,B,8,9.0
PAPIER SERVIETTE GOURMANDISE,40.0,PC (1 PC),Consommable,jeudi,2024-03,B,8,128.0
PATE PIZZA FOCACCIA 12/40,50.0,PC (1 PC),Boulangerie_R,mercredi,2024-03,A,8,170.0
PATE PLUME COURTE,6.0,PC (1 KG),Epicerie,jeudi,2024-03,B,8,58.0
PEPITTE DE DECORATION NOIRE KG,1.4,KG (1000 GR),Epicerie,mercredi,2024-03,D,8,8.5
PIECE RONDE BOEUF,4.95,KG (1 KG),Viandes Surgelées,samedi,2024-03,D,8,24.200000000000003
PIMENT DOUX,18.8,KG (1 KG),Legumes Frais,mardi,2024-03,A,8,97.3
PIMENT FORT,5.0,KG (1 KG),Legumes Frais,mardi,2024-03,A,8,78.95
POCHETTE CROISSANT 15*7*29,1.0,PC (1000 PC),Consommable,mardi,2024-03,C,8,4.0
POIS CHICHE KG,2.0,PC (1 PC),Legumes Secs,mardi,2024-03,C,8,8.0
POMME DE TERRE,28.450000000000003,KG (1 KG),Legumes Frais,vendredi,2024-03,A,8,292.25
POUDRE TENDERS PB,5.0,KG (1 KG),Volaille Surgelée,mercredi,2024-03,B,8,42.0
POULET PANE AMANDE PB,40.0,PC (40 PC),Volaille Surgelée,mercredi,2024-03,A,8,350.0
RACLETTE,3.0,PC (1 PC),Hygiène,samedi,2024-03,B,8,7.0
RAME PAPIER A4,3.0,PC (1 PC),Fournitures de Bureau,mercredi,2024-03,B,8,23.0
ROULEAU CAISSE 80*80,30.0,PC (1 PC),Fournitures de Bureau,mercredi,2024-03,A,8,205.0
ROULEAU TPE,55.0,PC,Fournitures de Bureau,samedi,2024-03,A,8,286.0
SAC BOUTIQUE GDISE HD 50/45 BLANC,500.0,PC,Consommable,jeudi,2024-03,D,8,1000.0
SAC EN PAPIER KRAFT 30/30/26,50.0,PC (1 PC),Consommable,jeudi,2024-03,C,8,150.0
SALADE LAITUE TUN,99.75,KG (1 KG),Legumes Frais,mardi,2024-03,A,8,393.7
SANEX,24.0,PC (1 PC),Hygiène,vendredi,2024-03,A,8,100.0
SANIT SURF,9.0,PC (1 PC),Hygiène,samedi,2024-03,A,8,51.0
SAUCE A L'AIL PB,3.0,L (1 KG),Epicerie,mercredi,2024-03,A,8,11.0
SAUCE MAYONNAISE PESTO PB,3.0,L (1 L),Epicerie,mercredi,2024-03,A,8,11.0
SAUCE PESTO PB,1.0,KG (1 KG),Epicerie,mercredi,2024-03,A,8,5.0
SERPILLERE,35.0,PC (1 PC),Hygiène,jeudi,2024-03,A,8,122.0
SUCRE EN SACHET DAILY BREAK,40.0,PC (1 KG),Cafe,jeudi,2024-03,A,8,230.0
THON EN BOITES,40.0,BTE (2.05 KG),Conserve de Poisson,mardi,2024-03,A,8,164.0
TOMATE CERISES,2.65,KG (1 KG),Legumes Frais,vendredi,2024-03,A,8,24.95
TOMATE CONCENTRE 4/4,17.0,PC (1 PC),Epicerie,dimanche,2024-03,D,8,24.0
TOMATE FRAICHE,125.8,KG (1 KG),Legumes Frais,mardi,2024-03,A,8,526.85
TOMATES SECHEES,1.0,PC (1000 GR),Epicerie,samedi,2024-03,B,8,5.0
TOQUE CHEF,1.0,PC (1 PC),Hygiène,mardi,2024-03,C,8,6.0
VARIANTES,3.0,KG (1 KG),Legumes Frais,dimanche,2024-03,D,8,10.0
VIANDE HACHEE SPECIAL RESTO,16.35,PC (1 KG),Viandes Fraiches,mardi,2024-03,A,8,191.07
VIANDE SECHE FUME (BRESAOLA) TRANCHES 300GR,1.8,KG (1000 GR),Viandes Fraiches,dimanche,2024-03,A,8,11.0
VINAIGRE 1L,2.0,L (1000 GR),Epicerie,lundi,2024-03,D,8,12.0
AIL,3.0,KG (1 KG),Legumes Frais,mardi,2024-03,B,9,8.3
AIL EN POUDRE,1.0,KG (1 KG),Fruits & Legumes Frais,lundi,2024-03,C,9,2.0
AJAX VITRE,7.0,PC (1 PC),Hygiène,mercredi,2024-03,A,9,32.0
ASEPCLOR,5.0,PC (1 PC),Hygiène,lundi,2024-03,A,9,60.0
AUBERGINE LEGUME,6.75,KG (1 KG),Legumes Frais,vendredi,2024-03,A,9,17.85
BACON BOEUF FUME TRANCHES ( 300GR),2.1,KG (1000 GR),Viandes Fraiches,samedi,2024-03,A,9,6.9
BACON DE DINDE TRANCHES (1 - 1.5 KG),9.0,KG,Charcuterie,dimanche,2024-03,B,9,43.0
BACTYGEL 703 CF,1.0,BTL (1 BTL),Hygiène,lundi,2024-03,B,9,4.0
BALAIS SANS MANCHE,7.0,PC (1 PC),Hygiène,lundi,2024-03,C,9,9.0
BASILIC BARQUETTE,0.9,KG (1 KG),Legumes Frais,samedi,2024-03,A,9,11.05
BLOUSE NON TISSEE,1.0,PC (1 KG),Hygiène,lundi,2024-03,C,9,36.0
BOGA LIM PET 0.5,111.0,PC (1 PC),Eaux et Sodas,dimanche,2024-03,A,9,479.0
BOGA PET 30CL,24.0,PQT (1 PQT),Eaux et Sodas,samedi,2024-03,B,9,261.0
BOITE FRAPPE VANILLE 1.36KG MONIN,1.0,KG (1 KG),Pâtisseries,mercredi,2024-03,C,9,6.0
Beurre 200Gr,13.0,PC (200 GR),Beurre Oeuf Fromage,samedi,2024-03,C,9,83.0
CAKE CHOCOLAT PBC,16.0,PC (1 PC),Viennoiserie,jeudi,2024-03,B,9,88.0
CAKE MARBRE PBC,55.0,PC,Viennoiserie,samedi,2024-03,A,9,363.0
CAPRE VRAC,2.0,KG,Legumes Frais,mercredi,2024-03,B,9,9.0
CAROTTE,11.325,KG (1 KG),Legumes Frais,vendredi,2024-03,A,9,67.1
CAROTTE CAKE PBC,33.0,PC (1 PC),Viennoiserie,samedi,2024-03,B,9,330.0
CHAMPIGNON FRAIS BARQUETTE,10.5,KG (1 KG),Legumes Frais,vendredi,2024-03,A,9,34.5
CHOCOLAT EN POUDRE,15.0,PC (0.2 KG),Cafe,mercredi,2024-03,A,9,86.0
CHORBA FRIK,5.0,PC (1 KG),Epicerie,mardi,2024-03,D,9,23.0
CHOUX ROUGE,4.95,PC (1 PC),Legumes Frais,vendredi,2024-03,A,9,9.6
CHOUX VERT,3.45,KG (1 KG),Legumes Frais,vendredi,2024-03,B,9,12.8
CITRON,11.4,KG (1 KG),Legumes Frais,dimanche,2024-03,A,9,16.75
COCA COLA PET 30CL,24.0,PC (1 PQT),Eaux et Sodas,samedi,2024-03,B,9,435.0
COFFRET CHECHIA AV SEP 16/16,50.0,PC (1 PC),Consommable,vendredi,2024-03,C,9,125.0
COFFRET PORTRAIT AV SEP 11.5/11.5,50.0,PC (1 PC),Consommable,vendredi,2024-03,C,9,175.0
COFFRET PORTRAIT AV SEP 19.5/19.5,50.0,PC (1 PC),Consommable,vendredi,2024-03,C,9,200.0
COFFRET PORTRAIT AV SEP24.5/14.5,50.0,PC (1 PC),Consommable,vendredi,2024-03,C,9,150.0
CONCOMBRE,49.85,KG (1 KG),Legumes Frais,vendredi,2024-03,A,9,177.692
COOKIES,15.0,PC (1 PC),Viennoiserie,lundi,2024-03,C,9,120.0
COURGE,12.5,KG,Legumes Frais,vendredi,2024-03,B,9,47.65
COURGETTE,2.0,KG (1 KG),Legumes Frais,jeudi,2024-03,A,9,28.6
COUSCOUS EN PAQUET,4.0,PC (1 PC),Epicerie,dimanche,2024-03,D,9,28.0
COUTEAU A PAIN 20CM,2.0,PC (1 PC),Accessoire & couvert,vendredi,2024-03,C,9,5.0
CREME DE CUISSON,1.0,L (0.95 L),Pâtisseries,vendredi,2024-03,B,9,27.0
CUISSE DE POULET FRAIS,23.07,KG (1 KG),Volaille Fraiche,samedi,2024-03,C,9,47.85
DADDY'S CHIPS CLASSIC SEL DE MER 70G,15.0,PC (1 PC),Epicerie,mercredi,2024-03,A,9,225.0
DATTE EN VRAC,8.0,KG (1 KG),Fruits & Legumes Frais,samedi,2024-03,B,9,18.3
DINOL,70.0,BIDON (1 KG),Hygiène,dimanche,2024-03,A,9,135.0
EMBALLAGE EN CARTON 30*12*6,50.0,PC (1 PC),Consommable,mardi,2024-03,D,9,300.0
EMINCE DE BOEUF PORT. SURGELE,1.0,KG (1000 GR),Viandes Surgelées,vendredi,2024-03,A,9,79.49000000000001
ESCALOPE POULET FRAIS,138.11,PC (1 KG),Volaille Surgelée,samedi,2024-03,A,9,503.16
ESSUIT TOUT JUMBO,56.0,PC (1 KG),Hygiène,vendredi,2024-03,A,9,157.0
FANTA PET 30CL,24.0,PC (1 PQT),Eaux et Sodas,samedi,2024-03,B,9,312.0
FILM ETIRABLE 725GR,9.0,PC (1 GR),Consommable,samedi,2024-03,A,9,38.0
FRAISE FRAIS,28.2,KG (1 KG),Fruits & Legumes Frais,vendredi,2024-03,A,9,64.35
FRITE SURGELE 9/9 CLASSIC 2.5 KG,77.5,KG (2.5 KG),Legumes Surgelés,dimanche,2024-03,A,9,290.0
FROMAGE BLUE CHEESE GR,4.0,PC (100 GR),Beurre Oeuf Fromage,lundi,2024-03,D,9,9.0
FROMAGE CHEDDAR EN BLOC,7.5,KG (1 KG),Beurre Oeuf Fromage,dimanche,2024-03,A,9,65.0
FROMAGE LAND OR,9.0,PC (1 KG),Beurre Oeuf Fromage,samedi,2024-03,A,9,25.4
FROMAGE MAASDAM EN BLOC PB,12.0,KG (1 KG),Beurre Oeuf Fromage,dimanche,2024-03,A,9,65.5
FROMAGE MEULE GOUDA KG,3.916,KG (1 KG),Beurre Oeuf Fromage,vendredi,2024-03,A,9,32.932
FROMAGE MOZARELLA CARRE KG,30.0,KG,Beurre Oeuf Fromage,vendredi,2024-03,B,9,145.0
GANT EN PLASTIQUE,3.0,PC (1 PC),Hygiène,samedi,2024-03,D,9,24.0
GARCI GAZ P.E.T 1 L,74.0,L (1 GR),Eaux et Sodas,dimanche,2024-03,A,9,344.0
GATEAU CHOCOLAT PBC,20.0,PC (1 PC),Viennoiserie,lundi,2024-03,B,9,100.0
HARISSA 450G,1.0,BTE,Epicerie,jeudi,2024-03,C,9,17.0
HARISSA 5/2,7.0,BOTTE (1 BTE),Epicerie,samedi,2024-03,A,9,53.0
HUILE D'OLIVE POMACE,4.75,L,Epicerie,samedi,2024-03,B,9,28.5
HUILE VEGETALE 5L,20.0,L (5 PC),Epicerie,samedi,2024-03,A,9,54.0
JAMBON DE BOEUF FUME,3.2,KG (1 KG),Charcuterie,dimanche,2024-03,A,9,18.1
JAMBON DE DINDE,9.4,PC (1 KG),Charcuterie,mercredi,2024-03,A,9,34.15
JEX CARRE,52.0,PC (1 PC),Hygiène,samedi,2024-03,A,9,180.0
KETCHUP BIDON 5L,5.0,PC (1 KG),Epicerie,vendredi,2024-03,B,9,35.0
LAVETTE COTON,38.0,PC (1 PC),Hygiène,dimanche,2024-03,A,9,149.0
LOT CAFE GRAINS  PUR EXPRESS,3.0,KG,Cafe,mardi,2024-03,A,9,73.0
MAIS EN BOITE,13.0,BTE (340 GR),Epicerie,lundi,2024-03,A,9,92.0
MARINADE POULET GRILLE 2KG PB,18.0,PC (1 KG),Volaille Surgelée,vendredi,2024-03,A,9,36.0
MAYO 5L DEJ,65.0,KG (5000 GR),Beurre Oeuf Fromage,samedi,2024-03,A,9,170.0
MIX A CREPE FRANCAISE,20.0,SAC (1 SAC),Pâtisseries,samedi,2024-03,B,9,150.0
MOUSSE CHOCOLAT,2.0,PC,Pâtisseries,mercredi,2024-03,D,9,4.0
MOUTARDE DIJON 840 GR,11.0,BTE (840 GR),Epicerie,vendredi,2024-03,B,9,25.0
NOISETTE GRILLEE CONCASSEE,1.0,PC (1 KG),Fruits Secs,lundi,2024-03,D,9,3.0
NUGGETS PANE PB,25.0,PC (1 PC),Volaille Surgelée,dimanche,2024-03,A,9,275.0
OEUFS,20.0,PC (30 PC),Beurre Oeuf Fromage,vendredi,2024-03,A,9,83.0
OIGNONS BLANC,15.0,KG (1 KG),Legumes Frais,samedi,2024-03,A,9,127.3
OIGNONS ROUGE,66.55,KG (1 KG),Legumes Frais,vendredi,2024-03,A,9,119.4
PACK FOOD BOWL + COUVERCLE 1.2 L,124.0,PC,Consommable,lundi,2024-03,B,9,175.0
PAIN CHAWARMA *10,28.0,PQT (10 PC),Boulangerie_R,samedi,2024-03,A,9,115.0
PAIN DE MIE NATURE,26.0,PC,Boulangerie_R,samedi,2024-03,B,9,130.0
PAIN SCHNECK AUX RAISINS SURG PUR BEURRE GF,200.0,PC (1 PC),Viennoiserie,samedi,2024-03,B,9,1200.0
PAPIER ALUM DE 100,1.0,PC (1 PC),Consommable,mercredi,2024-03,B,9,9.0
PAPIER CUISSON 40*60,1.0,PC (500 PC),Consommable,lundi,2024-03,C,9,4.0
PAPIER SERVIETTE GOURMANDISE,40.0,PC (1 PC),Consommable,vendredi,2024-03,B,9,128.0
PAPRIKA DOUX,1.0,KG (1 KG),Fruits & Legumes Frais,lundi,2024-03,C,9,3.0
PAPRIKA FORT,1.0,KG (1 KG),Epicerie,mardi,2024-03,C,9,3.0
PAQUET 17/4,50.0,PC (1 PC),Consommable,mercredi,2024-03,C,9,300.0
PATE PIZZA FOCACCIA 12/40,54.0,PC (1 PC),Boulangerie_R,vendredi,2024-03,A,9,170.0
PATE SPAGHETTI,12.0,PC (1 PC),Epicerie,mardi,2024-03,B,9,74.0
PEPPERONI,0.3,KG (1 KG),Charcuterie,lundi,2024-03,A,9,4.8
PIECE RONDE BOEUF,5.2,KG (1 KG),Viandes Surgelées,vendredi,2024-03,D,9,24.200000000000003
PILLE AA,6.0,PC (1 GR),Fournitures de Bureau,vendredi,2024-03,D,9,20.0
PIMENT DOUX,40.8,KG (1 KG),Legumes Frais,vendredi,2024-03,A,9,97.3
PIMENT FORT,9.4,KG (1 KG),Legumes Frais,jeudi,2024-03,A,9,78.95
PIMENT ROUGE SALLE,5.0,KG (1 KG),Legumes Frais,dimanche,2024-03,B,9,20.0
POIS CHICHE KG,1.0,PC,Legumes Secs,dimanche,2024-03,C,9,8.0
POMME DE TERRE,67.35,KG (1 KG),Legumes Frais,vendredi,2024-03,A,9,292.25
POUDRE TENDERS PB,10.0,KG (1 KG),Volaille Surgelée,mercredi,2024-03,B,9,42.0
POULET PANE AMANDE PB,80.0,PC (40 PC),Volaille Surgelée,dimanche,2024-03,A,9,350.0
QUATRE EPICES MOULU,1.0,PC (1 KG),Epicerie,mercredi,2024-03,C,9,3.0
RAME PAPIER A4,5.0,PC (1 PC),Fournitures de Bureau,vendredi,2024-03,B,9,23.0
REMANENT HERBE CF,5.0,PC (1 PC),Hygiène,jeudi,2024-03,B,9,10.0
ROULEAU CAISSE 80*80,30.0,PC (1 PC),Fournitures de Bureau,samedi,2024-03,A,9,205.0
ROULEAU THERMIQUE BALANCE,2.0,PC (1 PC),Fournitures de Bureau,lundi,2024-03,D,9,30.0
ROULEAU TPE,50.0,PC (1 PC),Fournitures de Bureau,mercredi,2024-03,A,9,286.0
SAC EN PAPIER KRAFT 30/30/26,50.0,PC (1 PC),Consommable,vendredi,2024-03,C,9,150.0
SALADE LAITUE TUN,86.8,KG (1 KG),Legumes Frais,vendredi,2024-03,A,9,393.7
SANEX,43.0,PC (1 PC),Hygiène,lundi,2024-03,A,9,100.0
SANIT SURF,11.0,PC (1 PC),Hygiène,dimanche,2024-03,A,9,51.0
SAUCE A L'AIL,3.0,PC,Epicerie,lundi,2024-03,B,9,12.0
SAUCE A L'AIL PB,3.0,L (1 KG),Epicerie,dimanche,2024-03,A,9,11.0
SAUCE MAYONNAISE PESTO PB,3.0,L (1 L),Epicerie,dimanche,2024-03,A,9,11.0
SAUCE PESTO PB,3.0,KG (1 KG),Epicerie,dimanche,2024-03,A,9,5.0
SAUCE PLAN B 5KG,5.0,SEAU (1000 GR),Epicerie,dimanche,2024-03,B,9,25.0
SEL FIN DE TABLE,4.0,PC (1 KG),Epicerie,mardi,2024-03,B,9,23.0
SERPILLERE,61.0,PC,Hygiène,samedi,2024-03,A,9,122.0
SERVIETTE 30*30 CIGUSTA,48.0,PC (1 PC),Consommable,lundi,2024-03,B,9,192.0
SUCRE EN SACHET DAILY BREAK,10.0,PC (1 KG),Cafe,jeudi,2024-03,A,9,230.0
THON EN BOITES,38.0,BTE (2.05 KG),Conserve de Poisson,vendredi,2024-03,A,9,164.0
TOMATE CERISES,3.9,KG (1 KG),Legumes Frais,dimanche,2024-03,A,9,24.95
TOMATE CONCENTRE 4/4,12.0,PC (1 PC),Epicerie,mardi,2024-03,D,9,24.0
TOMATE FRAICHE,130.7,KG (1 KG),Legumes Frais,vendredi,2024-03,A,9,526.85
TOMATES SECHEES,0.2,PC (1000 GR),Epicerie,lundi,2024-03,B,9,5.0
TOQUE CHEF,3.0,PC (1 PC),Hygiène,lundi,2024-03,C,9,6.0
VIANDE HACHEE SPECIAL RESTO,18.75,PC (1 KG),Viandes Fraiches,vendredi,2024-03,A,9,191.07
VIANDE SECHE FUME (BRESAOLA) TRANCHES 300GR,3.2,KG (1000 GR),Viandes Fraiches,samedi,2024-03,A,9,11.0
VINAIGRE 1L,2.0,L (1000 GR),Epicerie,jeudi,2024-03,D,9,12.0
AIL,1.0,KG (1 KG),Legumes Frais,mardi,2024-04,B,10,8.3
AJAX VITRE,6.0,PC (1 PC),Hygiène,vendredi,2024-04,A,10,32.0
AMANDES GRILEES SALEES 70GR,36.0,PC (1 PC),Fruits Secs,mercredi,2024-04,B,10,84.0
AUBERGINE LEGUME,3.75,KG (1 KG),Legumes Frais,samedi,2024-04,A,10,17.85
BACON BOEUF FUME TRANCHES ( 300GR),2.1,KG (1000 GR),Viandes Fraiches,jeudi,2024-04,A,10,6.9
BACON DE DINDE TRANCHES (1 - 1.5 KG),3.0,KG (1 KG),Charcuterie,mardi,2024-04,B,10,43.0
BASILIC BARQUETTE,1.05,KG,Legumes Frais,jeudi,2024-04,A,10,11.05
BASILIC LA BOTTE,0.7,KG (1 KG),Legumes Frais,mercredi,2024-04,C,10,3.2999
BISCUIT TUC,24.0,PC (1 PC),Epicerie,vendredi,2024-04,D,10,120.0
BOGA LIM PET 0.5,346.0,PC (1 PC),Eaux et Sodas,mercredi,2024-04,A,10,479.0
BOITE D'ARCHIVE,5.0,PC (1 PC),Fournitures de Bureau,jeudi,2024-04,D,10,35.0
BOITE FRAPPE VANILLE 1.36KG MONIN,1.0,KG (1 KG),Pâtisseries,mardi,2024-04,C,10,6.0
BOITE PIZZA PM CIG,100.0,PC (1 PC),Consommable,lundi,2024-04,B,10,500.0
BOUTEILLE DE VINAIGRETTE 250ML,2.0,PC (250 GR),Epicerie,mercredi,2024-04,A,10,16.0
Beurre 200Gr,5.0,PC (200 GR),Beurre Oeuf Fromage,mercredi,2024-04,C,10,83.0
CACAHUETES GRILLEES SALEES 70GR,24.0,PC,Fruits Secs,mercredi,2024-04,C,10,60.0
CAKE CITRON PBC,72.0,PC (1 PC),Pâtisseries,vendredi,2024-04,B,10,216.0
CAKE MARBRE PBC,110.0,PC (1 PC),Viennoiserie,vendredi,2024-04,A,10,363.0
CAKE ORANGE PBC,36.0,PC (1 PC),Viennoiserie,vendredi,2024-04,B,10,170.0
CAPRE VRAC,2.0,KG (1 KG),Legumes Frais,vendredi,2024-04,B,10,9.0
CAROTTE,8.9,KG (1 KG),Legumes Frais,jeudi,2024-04,A,10,67.1
CAROTTE CAKE PBC,110.0,PC (1 PC),Viennoiserie,vendredi,2024-04,B,10,330.0
CELTIA FUT DE 50L,1.0,PC (50 L),Alcools,mercredi,2024-04,B,10,6.0
CHAMPIGNON FRAIS BARQUETTE,11.0,KG (1 KG),Legumes Frais,jeudi,2024-04,A,10,34.5
CHOCOLAT EN POUDRE,13.0,PC (0.2 KG),Cafe,vendredi,2024-04,A,10,86.0
CHORBA FRIK,3.0,PC (1 KG),Epicerie,jeudi,2024-04,D,10,23.0
CHOUX ROUGE,0.95,PC (1 PC),Legumes Frais,mardi,2024-04,A,10,9.6
CITRON,9.4,KG (1 KG),Legumes Frais,mercredi,2024-04,A,10,16.75
CITRON SALLE,10.0,KG (1 KG),Legumes Frais,mercredi,2024-04,B,10,28.0
CONCOMBRE,24.6,KG (1 KG),Legumes Frais,vendredi,2024-04,A,10,177.692
CORNICHON FRAIS,2.0,KG (1 KG),Legumes Frais,vendredi,2024-04,B,10,12.0
COURGETTE,5.8500000000000005,KG (1 KG),Legumes Frais,vendredi,2024-04,A,10,28.6
COUSCOUS EN PAQUET,4.0,PC,Epicerie,vendredi,2024-04,D,10,28.0
CUISSE DE POULET FRAIS,23.21,KG (1 KG),Volaille Fraiche,mercredi,2024-04,C,10,47.85
DADDY'S CHIPS CLASSIC SEL DE MER 70G,60.0,PC (1 PC),Epicerie,mercredi,2024-04,A,10,225.0
DADDY'S CHIPS SAVORY TRUFFE PARMESAN 70G,45.0,PC,Epicerie,mercredi,2024-04,B,10,165.0
DADDY'S CHIPS SPICY PAPRIKA 70G,60.0,PC,Epicerie,mercredi,2024-04,A,10,165.0
DATTE EN VRAC,5.0,KG,Fruits & Legumes Frais,mercredi,2024-04,B,10,18.3
DINOL,40.0,BIDON (1 KG),Hygiène,jeudi,2024-04,A,10,135.0
EMINCE DE BOEUF PORT. SURGELE,2.0,KG (1000 GR),Viandes Surgelées,lundi,2024-04,A,10,79.49000000000001
ESCALOPE POULET FRAIS,82.14,PC (1 KG),Volaille Surgelée,mercredi,2024-04,A,10,503.16
ESSUIT TOUT JUMBO,47.0,PC (1 KG),Hygiène,mercredi,2024-04,A,10,157.0
FILM ETIRABLE 725GR,9.0,PC (1 GR),Consommable,mercredi,2024-04,A,10,38.0
FRAISE FRAIS,26.1,KG (1 KG),Fruits & Legumes Frais,mercredi,2024-04,A,10,64.35
FRITE SURGELE 9/9 CLASSIC 2.5 KG,70.0,KG (2.5 KG),Legumes Surgelés,vendredi,2024-04,A,10,290.0
FROMAGE CHEDDAR EN BLOC,3.0,KG (1 KG),Beurre Oeuf Fromage,samedi,2024-04,A,10,65.0
FROMAGE EDAM MEULE,7.5,KG (1 KG),Beurre Oeuf Fromage,vendredi,2024-04,B,10,35.622
FROMAGE LAND OR,1.8,PC (1 KG),Beurre Oeuf Fromage,vendredi,2024-04,A,10,25.4
FROMAGE MAASDAM EN BLOC PB,13.0,KG (1 KG),Beurre Oeuf Fromage,jeudi,2024-04,A,10,65.5
FROMAGE MEULE GOUDA KG,9.44,KG (1 KG),Beurre Oeuf Fromage,vendredi,2024-04,A,10,32.932
FROMAGE MOZARELLA CARRE KG,50.0,KG (1 KG),Beurre Oeuf Fromage,vendredi,2024-04,B,10,145.0
FROMAGE SICILIEN,1.8,KG (1 KG),Beurre Oeuf Fromage,lundi,2024-04,D,10,5.946
GANT EN PLASTIQUE,2.0,PC (1 PC),Hygiène,mercredi,2024-04,D,10,24.0
GARCI GAZ P.E.T 1 L,221.0,L (1 GR),Eaux et Sodas,mercredi,2024-04,A,10,344.0
GATEAU CHOCOLAT PBC,20.0,PC (1 PC),Viennoiserie,vendredi,2024-04,B,10,100.0
HARISSA 450G,3.0,BTE (1 BTE),Epicerie,samedi,2024-04,C,10,17.0
HARISSA 5/2,9.0,BOTTE (1 BTE),Epicerie,mercredi,2024-04,A,10,53.0
HUILE D'OLIVE POMACE,1.0,L,Epicerie,mardi,2024-04,B,10,28.5
HUILE VEGETALE 5L,18.0,L (5 PC),Epicerie,mercredi,2024-04,A,10,54.0
JAMBON DE BOEUF FUME,5.0,KG (1 KG),Charcuterie,lundi,2024-04,A,10,18.1
JAMBON DE DINDE,6.25,PC (1 KG),Charcuterie,dimanche,2024-04,A,10,34.15
JEX CARRE,29.0,PC (1 PC),Hygiène,jeudi,2024-04,A,10,180.0
KINDER BUENO,60.0,PC (1 PC),Epicerie,vendredi,2024-04,A,10,300.0
KINDER T4,80.0,PC (1 PC),Epicerie,vendredi,2024-04,B,10,180.0
LAVETTE COTON,49.0,PC (1 PC),Hygiène,mercredi,2024-04,A,10,149.0
LOT CAFE GRAIN ESPRESSO ELITE 3,2.0,PC (1 KG),Cafe,lundi,2024-04,A,10,128.0
MAIS EN BOITE,9.0,BTE (340 GR),Epicerie,mercredi,2024-04,A,10,92.0
MARINADE POULET GRILLE 2KG PB,14.0,PC (1 KG),Volaille Surgelée,mercredi,2024-04,A,10,36.0
MAYO 5L DEJ,85.0,KG (5000 GR),Beurre Oeuf Fromage,mercredi,2024-04,A,10,170.0
MENTOS ROLLS MENTHE,40.0,PC (1 PC),Epicerie,samedi,2024-04,D,10,80.0
MIX A CREPE FRANCAISE,40.0,SAC (1 SAC),Pâtisseries,jeudi,2024-04,B,10,150.0
MOUSSE CHOCOLAT,2.0,PC,Pâtisseries,lundi,2024-04,D,10,4.0
MOUTARDE DIJON 840 GR,2.0,BTE (840 GR),Epicerie,mercredi,2024-04,B,10,25.0
MUFFINS VANILLE,24.0,PC (1 PC),Viennoiserie,vendredi,2024-04,B,10,96.0
NAPPAGE,1.0,PC (1 PC),Pâtisseries,dimanche,2024-04,C,10,14.0
NOIX DE CAJOU GRILLES SALEES 65GR,24.0,PC (1 PC),Fruits Secs,vendredi,2024-04,B,10,96.0
NUGGETS PANE PB,50.0,PC (1 PC),Volaille Surgelée,dimanche,2024-04,A,10,275.0
NUTELLA & GO 52 GR,72.0,PC (1 PC),Epicerie,vendredi,2024-04,C,10,192.0
OEUFS,15.0,PC (30 PC),Beurre Oeuf Fromage,mercredi,2024-04,A,10,83.0
OIGNONS BLANC,28.05,KG (1 KG),Legumes Frais,vendredi,2024-04,A,10,127.3
OIGNONS ROUGE,15.1,KG (1 KG),Legumes Frais,mercredi,2024-04,A,10,119.4
ORANGINA BOITE 24 CL,216.0,BTE (1 BTE),Eaux et Sodas,mardi,2024-04,A,10,347.0
PAILLE ENVELOPPE 7.5MM COLORE,2.0,SCH (50 PC),Consommable,jeudi,2024-04,B,10,47.0
PAILLE ENVELOPPE 7.5MM NOIR,7.0,SCH (100 PC),Consommable,mercredi,2024-04,B,10,33.0
PAIN CHAWARMA *10,33.0,PQT (10 PC),Boulangerie_R,mercredi,2024-04,A,10,115.0
PAPIER ALUM DE 100,1.0,PC (1 PC),Consommable,vendredi,2024-04,B,10,9.0
PATE PIZZA FOCACCIA 12/40,58.0,PC (1 PC),Boulangerie_R,mercredi,2024-04,A,10,170.0
PEPPERONI,0.3,KG (1 KG),Charcuterie,lundi,2024-04,A,10,4.8
PIECE RONDE BOEUF,6.95,KG (1 KG),Viandes Surgelées,jeudi,2024-04,D,10,24.200000000000003
PIMENT DOUX,16.7,KG (1 KG),Legumes Frais,mercredi,2024-04,A,10,97.3
PIMENT FORT,5.0,KG,Legumes Frais,vendredi,2024-04,A,10,78.95
PISTACHE CONCASSEE,1.0,PC (1000 GR),Fruits Secs,jeudi,2024-04,C,10,4.0
POIS CHICHE KG,1.0,PC (1 PC),Legumes Secs,jeudi,2024-04,C,10,8.0
POMME DE TERRE,35.55,KG (1 KG),Legumes Frais,mercredi,2024-04,A,10,292.25
POUDRE TENDERS PB,10.0,KG (1 KG),Volaille Surgelée,mercredi,2024-04,B,10,42.0
POULET PANE AMANDE PB,40.0,PC (40 PC),Volaille Surgelée,mercredi,2024-04,A,10,350.0
RACLETTE,1.0,PC (1 PC),Hygiène,mercredi,2024-04,B,10,7.0
ROULEAU CAISSE 80*80,85.0,PC (1 PC),Fournitures de Bureau,vendredi,2024-04,A,10,205.0
ROULEAU THERMIQUE BALANCE,1.0,PC (1 PC),Fournitures de Bureau,vendredi,2024-04,D,10,30.0
ROULEAU TPE,65.0,PC (1 PC),Fournitures de Bureau,lundi,2024-04,A,10,286.0
SALADE LAITUE TUN,111.9,KG (1 KG),Legumes Frais,mercredi,2024-04,A,10,393.7
SANEX,29.0,PC (1 PC),Hygiène,jeudi,2024-04,A,10,100.0
SANIT SURF,8.0,PC (1 PC),Hygiène,mercredi,2024-04,A,10,51.0
SAUCE A L'AIL PB,4.0,L (1 KG),Epicerie,mercredi,2024-04,A,10,11.0
SAUCE MAYONNAISE PESTO PB,2.0,L (1 L),Epicerie,mercredi,2024-04,A,10,11.0
SAUCE PESTO PB,2.0,KG (1 KG),Epicerie,mercredi,2024-04,A,10,5.0
SAUCE PLAN B 5KG,1.0,SEAU (1000 GR),Epicerie,mardi,2024-04,B,10,25.0
SEL FIN DE TABLE,3.0,PC (1 KG),Epicerie,mercredi,2024-04,B,10,23.0
SERPILLERE,41.0,PC (1 PC),Hygiène,jeudi,2024-04,A,10,122.0
SERVIETTE 30*30 CIGUSTA,18.0,PC (1 PC),Consommable,dimanche,2024-04,B,10,192.0
SUCRE EN SACHET CI-GUSTA,10.0,PC (1 PC),Cafe,jeudi,2024-04,B,10,120.0
SUCRE EN SACHET DAILY BREAK,40.0,PC (1 KG),Cafe,mercredi,2024-04,A,10,230.0
THON EN BOITES,40.0,BTE (2.05 KG),Conserve de Poisson,jeudi,2024-04,A,10,164.0
TOMATE CERISES,1.5,KG (1 KG),Legumes Frais,lundi,2024-04,A,10,24.95
TOMATE CONCENTRE 4/4,14.0,PC (1 PC),Epicerie,vendredi,2024-04,D,10,24.0
TOMATE FRAICHE,127.55,KG (1 KG),Legumes Frais,jeudi,2024-04,A,10,526.85
TOMATES SECHEES,1.0,PC (1000 GR),Epicerie,jeudi,2024-04,B,10,5.0
VIANDE HACHEE SPECIAL RESTO,17.3,PC (1 KG),Viandes Fraiches,mercredi,2024-04,A,10,191.07
VIANDE SECHE FUME (BRESAOLA) TRANCHES 300GR,2.7,KG (1000 GR),Viandes Fraiches,samedi,2024-04,A,10,11.0
AGRAFFE,7.0,PC (1 PC),Fournitures de Bureau,jeudi,2024-04,C,11,11.0
AJAX VITRE,13.0,PC (1 PC),Hygiène,jeudi,2024-04,A,11,32.0
AMANDE EFFILEE,3.0,PC (1 KG),Fruits Secs,jeudi,2024-04,B,11,4.0
AMANDES GRILEES SALEES 70GR,60.0,PC (1 PC),Fruits Secs,jeudi,2024-04,B,11,84.0
ASEPCLOR,10.0,PC (1 PC),Hygiène,mardi,2024-04,A,11,60.0
AUBERGINE LEGUME,11.05,KG (1 KG),Legumes Frais,vendredi,2024-04,A,11,17.85
BACON BOEUF FUME TRANCHES ( 300GR),3.9,KG (1000 GR),Viandes Fraiches,samedi,2024-04,A,11,6.9
BACON DE DINDE TRANCHES (1 - 1.5 KG),43.0,KG,Charcuterie,jeudi,2024-04,B,11,43.0
BACTYGEL 703 CF,1.0,BTL,Hygiène,samedi,2024-04,B,11,4.0
BALAIS SANS MANCHE,3.0,PC (1 PC),Hygiène,lundi,2024-04,C,11,9.0
BASILIC BARQUETTE,1.65,KG (1 KG),Legumes Frais,jeudi,2024-04,A,11,11.05
BISCUIT TUC,48.0,PC (1 PC),Epicerie,vendredi,2024-04,D,11,120.0
BOGA LIM PET 0.5,50.0,PC (1 PC),Eaux et Sodas,vendredi,2024-04,A,11,479.0
BOITE PIZZA PM CIG,200.0,PC (1 PC),Consommable,dimanche,2024-04,B,11,500.0
BORGHELL,3.0,KG (1 KG),Epicerie,samedi,2024-04,C,11,10.0
BOUTEILLE DE VINAIGRETTE 250ML,6.0,PC (250 GR),Epicerie,vendredi,2024-04,A,11,16.0
Beurre 200Gr,4.0,PC (200 GR),Beurre Oeuf Fromage,lundi,2024-04,C,11,83.0
CACAHUETES GRILLEES SALEES 70GR,12.0,PC (1 PC),Fruits Secs,jeudi,2024-04,C,11,60.0
CAKE CHOCOLAT PBC,56.0,PC (1 PC),Viennoiserie,vendredi,2024-04,B,11,88.0
CAKE CITRON PBC,36.0,PC (1 PC),Pâtisseries,mardi,2024-04,B,11,216.0
CAKE MARBRE PBC,330.0,PC,Viennoiserie,vendredi,2024-04,A,11,363.0
CAKE ORANGE PBC,72.0,PC (1 PC),Viennoiserie,vendredi,2024-04,B,11,170.0
CAPRE VRAC,2.0,KG (1 KG),Legumes Frais,lundi,2024-04,B,11,9.0
CAROTTE,6.75,KG (1 KG),Legumes Frais,vendredi,2024-04,A,11,67.1
CAROTTE CAKE PBC,330.0,PC (1 PC),Viennoiserie,vendredi,2024-04,B,11,330.0
CELTIA FUT DE 50L,1.0,PC (50 L),Alcools,mardi,2024-04,B,11,6.0
CHAMPIGNON FRAIS BARQUETTE,4.0,KG (1 KG),Legumes Frais,jeudi,2024-04,A,11,34.5
CHAPLUR,1.0,PC (1 KG),Epicerie,samedi,2024-04,C,11,16.0
CHOCOLAT EN POUDRE,24.0,PC (0.2 KG),Cafe,mardi,2024-04,A,11,86.0
CHOUX ROUGE,5.3,PC (1 PC),Legumes Frais,vendredi,2024-04,A,11,9.6
CITRON,11.6,KG (1 KG),Legumes Frais,vendredi,2024-04,A,11,16.75
CITRON SALLE,14.0,KG (1 KG),Legumes Frais,vendredi,2024-04,B,11,28.0
COFFRET CHECHIA AV SEP 16/16,50.0,PC (1 PC),Consommable,lundi,2024-04,C,11,125.0
COFFRET PORTRAIT AV SEP 11.5/11.5,125.0,PC (1 PC),Consommable,samedi,2024-04,C,11,175.0
COFFRET PORTRAIT AV SEP 19.5/19.5,125.0,PC (1 PC),Consommable,lundi,2024-04,C,11,200.0
COFFRET PORTRAIT AV SEP24.5/14.5,100.0,PC (1 PC),Consommable,lundi,2024-04,C,11,150.0
CONCOMBRE,108.85,KG (1 KG),Legumes Frais,jeudi,2024-04,A,11,177.692
COOKIES,80.0,PC,Viennoiserie,vendredi,2024-04,C,11,120.0
CORNICHON FRAIS,8.0,KG (1 KG),Legumes Frais,vendredi,2024-04,B,11,12.0
COURGETTE,12.75,KG (1 KG),Legumes Frais,vendredi,2024-04,A,11,28.6
COUTEAU A PAIN 20CM,1.0,PC (1 PC),Accessoire & couvert,jeudi,2024-04,C,11,5.0
COUVERCLE POUR GOB 16 OZ ET 14 OZ,1250.0,PC,Consommable,jeudi,2024-04,D,11,1250.0
COUVERCLE SANS TROU PET BOMBE 80MM,600.0,PC (1 PC),Consommable,mercredi,2024-04,D,11,600.0
CREME A FOUETTER,2.0,PC (1 KG),Beurre Oeuf Fromage,samedi,2024-04,B,11,16.0
CUISSE DE POULET FRAIS,22.94,KG (1 KG),Volaille Fraiche,jeudi,2024-04,C,11,47.85
DADDY'S CHIPS CLASSIC SEL DE MER 70G,165.0,PC (1 PC),Epicerie,jeudi,2024-04,A,11,225.0
DADDY'S CHIPS SAVORY TRUFFE PARMESAN 70G,75.0,PC (1 PC),Epicerie,jeudi,2024-04,B,11,165.0
DADDY'S CHIPS SPICY PAPRIKA 70G,90.0,PC (1 PC),Epicerie,jeudi,2024-04,A,11,165.0
DINOL,75.0,BIDON (1 KG),Hygiène,samedi,2024-04,A,11,135.0
EMBALLAGE EN CARTON 30*12*6,200.0,PC (1 PC),Consommable,vendredi,2024-04,D,11,300.0
EMINCE DE BOEUF PORT. SURGELE,22.95,KG (1000 GR),Viandes Surgelées,jeudi,2024-04,A,11,79.49000000000001
ESCALOPE POULET FRAIS,503.16,PC (1 KG),Volaille Surgelée,lundi,2024-04,A,11,503.16
ESCALOPE POULET PANE CONGELE,34.5,KG (1 KG),Volaille Surgelée,dimanche,2024-04,A,11,128.91
ESSUIT TOUT JUMBO,64.0,PC (1 KG),Hygiène,jeudi,2024-04,A,11,157.0
FILM ETIRABLE 725GR,26.0,PC (1 GR),Consommable,vendredi,2024-04,A,11,38.0
FRAISE FRAIS,58.4,KG (1 KG),Fruits & Legumes Frais,vendredi,2024-04,A,11,64.35
FRITE SURGELE 9/9 CLASSIC 2.5 KG,160.0,KG (2.5 KG),Legumes Surgelés,samedi,2024-04,A,11,290.0
FROMAGE BLUE CHEESE GR,1.0,PC (100 GR),Beurre Oeuf Fromage,lundi,2024-04,D,11,9.0
FROMAGE BUCHE BLANCHE CHEVRE KG,0.77,KG (1 KG),Beurre Oeuf Fromage,lundi,2024-04,B,11,5.0
FROMAGE CHEDDAR EN BLOC,20.0,KG,Beurre Oeuf Fromage,samedi,2024-04,A,11,65.0
FROMAGE EDAM MEULE,20.24,KG (1 KG),Beurre Oeuf Fromage,jeudi,2024-04,B,11,35.622
FROMAGE LAND OR,20.0,PC (1 KG),Beurre Oeuf Fromage,vendredi,2024-04,A,11,25.4
FROMAGE MAASDAM EN BLOC PB,26.0,KG (1 KG),Beurre Oeuf Fromage,samedi,2024-04,A,11,65.5
FROMAGE MEULE GOUDA KG,28.208,KG (1 KG),Beurre Oeuf Fromage,vendredi,2024-04,A,11,32.932
FROMAGE MOZARELLA CARRE KG,145.0,KG (1 KG),Beurre Oeuf Fromage,vendredi,2024-04,B,11,145.0
FROMAGE SICILIEN,5.946,KG (1 KG),Beurre Oeuf Fromage,vendredi,2024-04,D,11,5.946
FUT HEINEKEIN,60.0,PC (1 L),Alcools,jeudi,2024-04,B,11,240.0
GANT EN PLASTIQUE,2.0,PC (1 PC),Hygiène,mardi,2024-04,D,11,24.0
GARCI GAZ P.E.T 1 L,246.0,L (1 GR),Eaux et Sodas,jeudi,2024-04,A,11,344.0
GATEAU CHOCOLAT PBC,80.0,PC (1 PC),Viennoiserie,vendredi,2024-04,B,11,100.0
HARISSA 450G,6.0,BTE (1 BTE),Epicerie,jeudi,2024-04,C,11,17.0
HARISSA 5/2,28.0,BOTTE (1 BTE),Epicerie,jeudi,2024-04,A,11,53.0
HUILE D'OLIVE POMACE,1.0,L,Epicerie,mercredi,2024-04,B,11,28.5
HUILE VEGETALE 5L,20.0,L (5 PC),Epicerie,vendredi,2024-04,A,11,54.0
JAMBON DE BOEUF FUME,9.15,KG (1 KG),Charcuterie,vendredi,2024-04,A,11,18.1
JAMBON DE DINDE,24.15,PC (1 KG),Charcuterie,vendredi,2024-04,A,11,34.15
JEX CARRE,46.0,PC (1 PC),Hygiène,dimanche,2024-04,A,11,180.0
JOUR ET NUIT ROSE 1/2,12.0,PC (1 PC),Alcools,mardi,2024-04,B,11,52.0
JOUR ET NUIT ROUGE 1/2,12.0,PC (1 PC),Alcools,mardi,2024-04,C,11,48.0
JOUR ET NUIT3/4 BLANC,12.0,PC (1 PC),Alcools,mardi,2024-04,C,11,30.0
KETCHUP BIDON 5L,10.0,PC (1 KG),Epicerie,mercredi,2024-04,B,11,35.0
KINDER BUENO,150.0,PC (1 PC),Epicerie,jeudi,2024-04,A,11,300.0
KINDER T4,80.0,PC (1 PC),Epicerie,jeudi,2024-04,B,11,180.0
LAVETTE COTON,97.0,PC (1 PC),Hygiène,jeudi,2024-04,A,11,149.0
LOT CAFE GRAIN ESPRESSO ELITE 3,41.0,PC (1 KG),Cafe,lundi,2024-04,A,11,128.0
LOT CAFE GRAINS  PUR EXPRESS,1.0,KG,Cafe,jeudi,2024-04,A,11,73.0
LOT DE CAFE TURC,3.0,PC (1 KG),Cafe,jeudi,2024-04,D,11,3.0
MAIS EN BOITE,18.0,BTE (340 GR),Epicerie,samedi,2024-04,A,11,92.0
MARINADE POULET GRILLE 2KG PB,28.0,PC (1 KG),Volaille Surgelée,vendredi,2024-04,A,11,36.0
MAYO 5L DEJ,125.0,KG (5000 GR),Beurre Oeuf Fromage,jeudi,2024-04,A,11,170.0
MENTOS ROLLS FRUIT FLAVOUR,40.0,PC (1 PC),Epicerie,vendredi,2024-04,D,11,80.0
MENTOS ROLLS MENTHE,40.0,PC (1 PC),Epicerie,vendredi,2024-04,D,11,80.0
MENTOS ROLLS STRAWBERRY,80.0,PC,Epicerie,samedi,2024-04,D,11,80.0
MENTOS ROLLS TUTTI FRUTTI,40.0,PC (1 PC),Epicerie,vendredi,2024-04,D,11,80.0
MIX A CREPE FRANCAISE,120.0,SAC (1 SAC),Pâtisseries,vendredi,2024-04,B,11,150.0
MOELLEUX CHOCOLAT,108.0,PC (1 PC),Viennoiserie,lundi,2024-04,C,11,108.0
MOUTARDE DIJON 840 GR,12.0,BTE (840 GR),Epicerie,vendredi,2024-04,B,11,25.0
MUFFINS VANILLE,96.0,PC (1 PC),Viennoiserie,vendredi,2024-04,B,11,96.0
NOISETTE GRILLEE CONCASSEE,2.0,PC (1 KG),Fruits Secs,lundi,2024-04,D,11,3.0
NOIX DE CAJOU GRILLES SALEES 65GR,48.0,PC (1 PC),Fruits Secs,jeudi,2024-04,B,11,96.0
NUGGETS PANE PB,75.0,PC (1 PC),Volaille Surgelée,dimanche,2024-04,A,11,275.0
NUTELLA & GO 52 GR,24.0,PC (1 PC),Epicerie,jeudi,2024-04,C,11,192.0
OEUFS,30.0,PC (30 PC),Beurre Oeuf Fromage,jeudi,2024-04,A,11,83.0
OIGNONS BLANC,119.8,KG (1 KG),Legumes Frais,jeudi,2024-04,A,11,127.3
OIGNONS ROUGE,4.9,KG (1 KG),Legumes Frais,vendredi,2024-04,A,11,119.4
OLIVE DENOYETE,7.0,KG,Legumes Frais,samedi,2024-04,B,11,35.0
OLIVE NOIRE SLICE,13.0,KG,Legumes Frais,vendredi,2024-04,B,11,35.0
ORANGINA BOITE 24 CL,176.0,BTE (1 BTE),Eaux et Sodas,jeudi,2024-04,A,11,347.0
PACK FOOD BOWL + COUVERCLE 1.2 L,100.0,PC (1 PC),Consommable,lundi,2024-04,B,11,175.0
PAILLE ENVELOPPE 7.5MM COLORE,45.0,SCH (50 PC),Consommable,vendredi,2024-04,B,11,47.0
PAILLE ENVELOPPE 7.5MM NOIR,1.0,SCH (100 PC),Consommable,mardi,2024-04,B,11,33.0
PAIN CHAWARMA *10,65.0,PQT (10 PC),Boulangerie_R,vendredi,2024-04,A,11,115.0
PAIN SCHNECK AUX RAISINS SURG PUR BEURRE GF,275.0,PC (1 PC),Viennoiserie,vendredi,2024-04,B,11,1200.0
PAPIER ALUM DE 100,6.0,PC (1 PC),Consommable,jeudi,2024-04,B,11,9.0
PAPIER CUISSON 40*60,1.0,PC (500 PC),Consommable,vendredi,2024-04,C,11,4.0
PAPIER SERVIETTE GOURMANDISE,120.0,PC (1 PC),Consommable,samedi,2024-04,B,11,128.0
PAQUET 17/4,124.0,PC (1 PC),Consommable,samedi,2024-04,C,11,300.0
PATE PAPILLON,2.0,PC (1 KG),Epicerie,samedi,2024-04,D,11,24.0
PATE PIZZA FOCACCIA 12/40,52.0,PC (1 PC),Boulangerie_R,samedi,2024-04,A,11,170.0
PEPITTE DE DECORATION NOIRE KG,1.55,KG (1000 GR),Epicerie,jeudi,2024-04,D,11,8.5
PEPPERONI,4.8,KG (1 KG),Charcuterie,jeudi,2024-04,A,11,4.8
PIMENT DOUX,49.6,KG (1 KG),Legumes Frais,jeudi,2024-04,A,11,97.3
PIMENT ROUGE SALLE,19.0,KG (1 KG),Legumes Frais,vendredi,2024-04,B,11,20.0
PISTACHE CONCASSEE,1.0,PC (1000 GR),Fruits Secs,jeudi,2024-04,C,11,4.0
POCHETTE CROISSANT 15*7*29,3.0,PC (1000 PC),Consommable,samedi,2024-04,C,11,4.0
POIVRE NOIR MOULU,1.0,PC (1 KG),Epicerie,samedi,2024-04,B,11,3.0
POMME DE TERRE,15.6,KG (1 KG),Legumes Frais,vendredi,2024-04,A,11,292.25
POULET PANE AMANDE PB,120.0,PC (40 PC),Volaille Surgelée,dimanche,2024-04,A,11,350.0
RACLETTE,2.0,PC (1 PC),Hygiène,mardi,2024-04,B,11,7.0
RAME PAPIER A4,4.0,PC (1 PC),Fournitures de Bureau,samedi,2024-04,B,11,23.0
REMANENT HERBE CF,4.0,PC (1 PC),Hygiène,samedi,2024-04,B,11,10.0
ROQUETTE SALADE BARQUETTE,1.9,KG,Legumes Frais,jeudi,2024-04,A,11,5.9
ROULEAU CAISSE 80*80,90.0,PC (1 PC),Fournitures de Bureau,jeudi,2024-04,A,11,205.0
ROULEAU DE 750 ETIQUETTE BLANC,5.0,PC (1 PC),Consommable,samedi,2024-04,C,11,16.0
ROULEAU THERMIQUE BALANCE,2.0,PC (1 PC),Fournitures de Bureau,mercredi,2024-04,D,11,30.0
ROULEAU TPE,125.0,PC (1 PC),Fournitures de Bureau,jeudi,2024-04,A,11,286.0
SACHET BRETELLES 38X60 MF,150.0,PC (1 PC),Consommable,vendredi,2024-04,B,11,225.0
SALADE LAITUE TUN,221.05,KG (1 KG),Legumes Frais,jeudi,2024-04,A,11,393.7
SANEX,43.0,PC (1 PC),Hygiène,vendredi,2024-04,A,11,100.0
SANIT SURF,21.0,PC (1 PC),Hygiène,jeudi,2024-04,A,11,51.0
SAUCE A L'AIL PB,7.0,L (1 KG),Epicerie,vendredi,2024-04,A,11,11.0
SAUCE MAYONNAISE PESTO PB,9.0,L (1 L),Epicerie,vendredi,2024-04,A,11,11.0
SAUCE PESTO PB,3.0,KG (1 KG),Epicerie,vendredi,2024-04,A,11,5.0
SAUCE PLAN B 5KG,5.0,SEAU (1000 GR),Epicerie,lundi,2024-04,B,11,25.0
SEL FIN DE TABLE,5.0,PC (1 KG),Epicerie,vendredi,2024-04,B,11,23.0
SERPILLERE,59.0,PC (1 PC),Hygiène,samedi,2024-04,A,11,122.0
SIROP DE NOISETTES GRILLEES 70CL MONIN,1.0,PC (700 ML),Pâtisseries,lundi,2024-04,D,11,2.0
SUCRE EN SACHET CI-GUSTA,20.0,PC (1 PC),Cafe,samedi,2024-04,B,11,120.0
SUCRE EN SACHET DAILY BREAK,90.0,PC (1 KG),Cafe,jeudi,2024-04,A,11,230.0
THON EN BOITES,126.0,BTE (2.05 KG),Conserve de Poisson,vendredi,2024-04,A,11,164.0
TOMATE CERISES,8.3,KG (1 KG),Legumes Frais,jeudi,2024-04,A,11,24.95
TOMATE FRAICHE,294.65,KG (1 KG),Legumes Frais,jeudi,2024-04,A,11,526.85
TOQUE CHEF,4.0,PC (1 PC),Hygiène,jeudi,2024-04,C,11,6.0
VIANDE HACHEE SPECIAL RESTO,38.7,PC (1 KG),Viandes Fraiches,jeudi,2024-04,A,11,191.07
VIANDE SECHE FUME (BRESAOLA) TRANCHES 300GR,6.6,KG (1000 GR),Viandes Fraiches,jeudi,2024-04,A,11,11.0
VINAIGRE 1L,5.0,L (1000 GR),Epicerie,lundi,2024-04,D,11,12.0
AGRAFFE,2.0,PC (1 PC),Fournitures de Bureau,mardi,2024-04,C,12,11.0
AIL,3.0,KG (1 KG),Legumes Frais,dimanche,2024-04,B,12,8.3
AJAX VITRE,10.0,PC (1 PC),Hygiène,dimanche,2024-04,A,12,32.0
AMANDES GRILEES SALEES 70GR,12.0,PC (1 PC),Fruits Secs,lundi,2024-04,B,12,84.0
ASEPCLOR,20.0,PC (1 PC),Hygiène,lundi,2024-04,A,12,60.0
AUBERGINE LEGUME,13.4,KG (1 KG),Legumes Frais,mercredi,2024-04,A,12,17.85
BACON BOEUF FUME TRANCHES ( 300GR),5.4,KG (1000 GR),Viandes Fraiches,dimanche,2024-04,A,12,6.9
BACON DE DINDE TRANCHES (1 - 1.5 KG),25.0,KG (1 KG),Charcuterie,vendredi,2024-04,B,12,43.0
BALAIS SANS MANCHE,2.0,PC (1 PC),Hygiène,lundi,2024-04,C,12,9.0
BASILIC BARQUETTE,2.8,KG (1 KG),Legumes Frais,mardi,2024-04,A,12,11.05
BASILIC LA BOTTE,0.8,KG (1 KG),Legumes Frais,lundi,2024-04,C,12,3.2999
BEURRE MARGARINE  KG,13.5,PC (1 KG),Beurre Oeuf Fromage,vendredi,2024-04,C,12,40.5
BLOUSE NON TISSEE,9.0,PC (1 KG),Hygiène,lundi,2024-04,C,12,36.0
BOGA LIM PET 0.5,442.0,PC (1 PC),Eaux et Sodas,lundi,2024-04,A,12,479.0
BOGA PET 30CL,24.0,PQT (1 PQT),Eaux et Sodas,lundi,2024-04,B,12,261.0
BOITE D'ARCHIVE,27.0,PC (1 PC),Fournitures de Bureau,mardi,2024-04,D,12,35.0
BOITE FRAPPE VANILLE 1.36KG MONIN,1.0,KG (1 KG),Pâtisseries,lundi,2024-04,C,12,6.0
BOITE PIZZA PM CIG,200.0,PC (1 PC),Consommable,mercredi,2024-04,B,12,500.0
BORGHELL,2.0,KG (1 KG),Epicerie,lundi,2024-04,C,12,10.0
BOUTEILLE DE VINAIGRETTE 250ML,8.0,PC (250 GR),Epicerie,dimanche,2024-04,A,12,16.0
Beurre 200Gr,68.0,PC (200 GR),Beurre Oeuf Fromage,mercredi,2024-04,C,12,83.0
CAKE CHOCOLAT PBC,56.0,PC (1 PC),Viennoiserie,dimanche,2024-04,B,12,88.0
CAKE CITRON PBC,118.0,PC (1 PC),Pâtisseries,dimanche,2024-04,B,12,216.0
CAKE MARBRE MARGARINE,44.0,PC,Pâtisseries,dimanche,2024-04,A,12,561.0
CAKE MARBRE PBC,242.0,PC (1 PC),Viennoiserie,mardi,2024-04,A,12,363.0
CAKE ORANGE PBC,46.0,PC (1 PC),Viennoiserie,samedi,2024-04,B,12,170.0
CAPRE VRAC,3.0,KG (1 KG),Legumes Frais,lundi,2024-04,B,12,9.0
CAROTTE,14.6,KG (1 KG),Legumes Frais,mercredi,2024-04,A,12,67.1
CAROTTE CAKE PBC,154.0,PC (1 PC),Viennoiserie,mardi,2024-04,B,12,330.0
CELTIA FUT DE 50L,1.0,PC (50 L),Alcools,mercredi,2024-04,B,12,6.0
CHAMPIGNON FRAIS BARQUETTE,14.0,KG,Legumes Frais,mardi,2024-04,A,12,34.5
CHAPLUR,2.0,PC (1 KG),Epicerie,mardi,2024-04,C,12,16.0
CHEMISE CRAFT,10.0,PC,Fournitures de Bureau,samedi,2024-04,D,12,90.0
CHOCOLAT CHAUD EN POUDRE,4.0,KG (1 KG),Cafe,lundi,2024-04,B,12,7.0
CHOCOLAT EN POUDRE,51.0,PC (0.2 KG),Cafe,dimanche,2024-04,A,12,86.0
CHOUX ROUGE,2.8,PC (1 PC),Legumes Frais,samedi,2024-04,A,12,9.6
CITRON,8.1,KG (1 KG),Legumes Frais,mercredi,2024-04,A,12,16.75
CITRON SALLE,17.0,KG (1 KG),Legumes Frais,mercredi,2024-04,B,12,28.0
COCA COLA PET 30CL,36.0,PC (1 PQT),Eaux et Sodas,lundi,2024-04,B,12,435.0
COCA COLA ZERO 30 CL,24.0,PC (1 PC),Eaux et Sodas,lundi,2024-04,B,12,148.0
COFFRET CHECHIA AV SEP 16/16,25.0,PC (1 PC),Consommable,lundi,2024-04,C,12,125.0
COFFRET PORTRAIT AV SEP 11.5/11.5,50.0,PC (1 PC),Consommable,samedi,2024-04,C,12,175.0
COFFRET PORTRAIT AV SEP 19.5/19.5,50.0,PC (1 PC),Consommable,samedi,2024-04,C,12,200.0
CONCOMBRE,86.25,KG (1 KG),Legumes Frais,lundi,2024-04,A,12,177.692
CONFITURE DE FRAISES 380G,2.0,PC,Conserve de légumes,jeudi,2024-04,D,12,3.0
COOKIES,80.0,PC,Viennoiserie,lundi,2024-04,C,12,120.0
CORNICHON FRAIS,4.0,KG (1 KG),Legumes Frais,lundi,2024-04,B,12,12.0
COURGE,6.4,KG (1 KG),Legumes Frais,dimanche,2024-04,B,12,47.65
COURGETTE,16.25,KG (1 KG),Legumes Frais,mardi,2024-04,A,12,28.6
COUTEAU A PAIN 20CM,1.0,PC (1 PC),Accessoire & couvert,dimanche,2024-04,C,12,5.0
COUVERCLE POUR GOB 16 OZ ET 14 OZ,400.0,PC,Consommable,mardi,2024-04,D,12,1250.0
CREME A FOUETTER,2.0,PC (1 KG),Beurre Oeuf Fromage,mardi,2024-04,B,12,16.0
CREME DE BALSAMIQUE,3.0,BTL (1 ML),Epicerie,mardi,2024-04,D,12,10.0
CREME DE CUISSON,2.0,L (0.95 L),Beurre Oeuf Fromage,mardi,2024-04,B,12,27.0
CUISSE DE POULET FRAIS,47.85,KG (1 KG),Volaille Fraiche,mardi,2024-04,C,12,47.85
Citronnade La Classique 1LITRE,5.0,L (1 L),Jus Fruit Lait,lundi,2024-04,D,12,40.0
DADDY'S CHIPS CLASSIC SEL DE MER 70G,90.0,PC (1 PC),Epicerie,lundi,2024-04,A,12,225.0
DADDY'S CHIPS SAVORY TRUFFE PARMESAN 70G,60.0,PC (1 PC),Epicerie,lundi,2024-04,B,12,165.0
DADDY'S CHIPS SPICY PAPRIKA 70G,75.0,PC (1 PC),Epicerie,lundi,2024-04,A,12,165.0
DATTE EN VRAC,1.0,KG,Fruits & Legumes Frais,mardi,2024-04,B,12,18.3
DINOL,70.0,BIDON (1 KG),Hygiène,lundi,2024-04,A,12,135.0
EMINCE DE BOEUF PORT. SURGELE,19.315,KG (1000 GR),Viandes Surgelées,dimanche,2024-04,A,12,79.49000000000001
ESCALOPE POULET FRAIS,305.93,PC (1 KG),Volaille Surgelée,mardi,2024-04,A,12,503.16
ESCALOPE POULET PANE CONGELE,20.82,KG (1 KG),Volaille Surgelée,mercredi,2024-04,A,12,128.91
ESSUIT TOUT JUMBO,106.0,PC (1 KG),Hygiène,dimanche,2024-04,A,12,157.0
FANTA PET 30CL,24.0,PC (1 PQT),Eaux et Sodas,lundi,2024-04,B,12,312.0
FILM ETIRABLE 725GR,14.0,PC (1 GR),Consommable,mardi,2024-04,A,12,38.0
FRAISE FRAIS,49.55,KG (1 KG),Fruits & Legumes Frais,dimanche,2024-04,A,12,64.35
FRITE SURGELE 9/9 CLASSIC 2.5 KG,160.0,KG (2.5 KG),Legumes Surgelés,dimanche,2024-04,A,12,290.0
FROMAGE BLUE CHEESE GR,1.0,PC (100 GR),Beurre Oeuf Fromage,mardi,2024-04,D,12,9.0
FROMAGE CAMEMBERT 240g,1.0,BTE (240 GR),Beurre Oeuf Fromage,mardi,2024-04,D,12,12.0
FROMAGE CHEDDAR EN BLOC,36.0,KG (1 KG),Beurre Oeuf Fromage,jeudi,2024-04,A,12,65.0
FROMAGE EDAM MEULE,15.092,KG (1 KG),Beurre Oeuf Fromage,mardi,2024-04,B,12,35.622
FROMAGE GOUTA,1.0,KG (1 KG),Beurre Oeuf Fromage,mardi,2024-04,C,12,16.0
FROMAGE LAND OR,25.2,PC (1 KG),Beurre Oeuf Fromage,lundi,2024-04,A,12,25.4
FROMAGE MAASDAM EN BLOC PB,35.0,KG (1 KG),Beurre Oeuf Fromage,mardi,2024-04,A,12,65.5
FROMAGE MEULE GOUDA KG,20.108,KG (1 KG),Beurre Oeuf Fromage,mardi,2024-04,A,12,32.932
FROMAGE MOZARELLA CARRE KG,110.0,KG (1 KG),Beurre Oeuf Fromage,mardi,2024-04,B,12,145.0
FROMAGE MOZZARELLA MINI,7.0,PC,Beurre Oeuf Fromage,jeudi,2024-04,D,12,9.0
FROMAGE SICILIEN,1.894,KG (1 KG),Beurre Oeuf Fromage,lundi,2024-04,D,12,5.946
FUT HEINEKEIN,100.0,PC (1 L),Alcools,dimanche,2024-04,B,12,240.0
GANT EN PLASTIQUE,3.0,PC (1 PC),Hygiène,samedi,2024-04,D,12,24.0
GARCI GAZ P.E.T 1 L,234.0,L (1 GR),Eaux et Sodas,dimanche,2024-04,A,12,344.0
GATEAU CHOCOLAT PBC,80.0,PC (1 PC),Viennoiserie,dimanche,2024-04,B,12,100.0
GOBLET PP TRANSPARENT 200CC/80MM YOZEL,100.0,PC,Consommable,lundi,2024-04,D,12,700.0
GOBLET TRANS 0.5L,1000.0,PC,Consommable,lundi,2024-04,D,12,1800.0
HARISSA 5/2,42.0,BOTTE (1 BTE),Epicerie,lundi,2024-04,A,12,53.0
HUILE D'OLIVE POMACE,17.0,L,Epicerie,mardi,2024-04,B,12,28.5
HUILE VEGETALE 5L,36.0,L (5 PC),Epicerie,dimanche,2024-04,A,12,54.0
JAMBON DE BOEUF FUME,7.85,KG (1 KG),Charcuterie,mardi,2024-04,A,12,18.1
JAMBON DE DINDE,32.5,PC (1 KG),Charcuterie,lundi,2024-04,A,12,34.15
JEX CARRE,52.0,PC (1 PC),Hygiène,lundi,2024-04,A,12,180.0
JOUR ET NUIT BLANC 1/2,8.0,PC (1 PC),Alcools,jeudi,2024-04,C,12,52.0
JOUR ET NUIT ROSE 1/2,12.0,PC (1 PC),Alcools,jeudi,2024-04,B,12,52.0
JOUR ET NUIT ROUGE 1/2,17.0,PC (1 PC),Alcools,jeudi,2024-04,C,12,48.0
JOUR ET NUIT3/4 BLANC,6.0,PC (1 PC),Alcools,jeudi,2024-04,C,12,30.0
KETCHUP BIDON 5L,5.0,PC (1 KG),Epicerie,mardi,2024-04,B,12,35.0
KINDER BUENO,150.0,PC (1 PC),Epicerie,lundi,2024-04,A,12,300.0
KINDER T4,40.0,PC (1 PC),Epicerie,lundi,2024-04,B,12,180.0
LAVETTE COTON,109.0,PC (1 PC),Hygiène,dimanche,2024-04,A,12,149.0
LOT CAFE GRAIN ESPRESSO ELITE 3,17.0,PC (1 KG),Cafe,dimanche,2024-04,A,12,128.0
LOT CAFE GRAINS  PUR EXPRESS,56.0,KG (1 KG),Cafe,lundi,2024-04,A,12,73.0
MAIS EN BOITE,16.0,BTE (340 GR),Epicerie,dimanche,2024-04,A,12,92.0
MANGUE,17.0,PC,Fruits & Legumes Frais,samedi,2024-04,A,12,39.0
MARINADE POULET GRILLE 2KG PB,30.0,PC (1 KG),Volaille Surgelée,dimanche,2024-04,A,12,36.0
MAYO 5L DEJ,165.0,KG (5000 GR),Beurre Oeuf Fromage,dimanche,2024-04,A,12,170.0
MENTHE SECHE,0.3,KG,Epicerie,vendredi,2024-04,D,12,2.0
MENTOS ROLLS MENTHE,40.0,PC (1 PC),Epicerie,lundi,2024-04,D,12,80.0
MENTOS ROLLS STRAWBERRY,40.0,PC (1 PC),Epicerie,lundi,2024-04,D,12,80.0
MIEL DOUX & FRAIS,7.0,PC (1 PC),Epicerie,jeudi,2024-04,C,12,11.0
MIX A CREPE FRANCAISE,80.0,SAC (1 SAC),Pâtisseries,jeudi,2024-04,B,12,150.0
MOUSSE CHOCOLAT,1.0,PC,Pâtisseries,mardi,2024-04,D,12,4.0
MOUTARDE DIJON 840 GR,6.0,BTE (840 GR),Epicerie,mardi,2024-04,B,12,25.0
NAPPAGE,1.0,PC,Pâtisseries,mardi,2024-04,C,12,14.0
NOISETTE GRILLEE CONCASSEE,1.0,PC (1 KG),Fruits Secs,mardi,2024-04,D,12,3.0
NOIX DE CAJOU GRILLES SALEES 65GR,24.0,PC (1 PC),Fruits Secs,vendredi,2024-04,B,12,96.0
NUGGETS PANE PB,50.0,PC (1 PC),Volaille Surgelée,jeudi,2024-04,A,12,275.0
OEUFS,34.0,PC (30 PC),Beurre Oeuf Fromage,dimanche,2024-04,A,12,83.0
OIGNONS BLANC,108.4,KG,Legumes Frais,lundi,2024-04,A,12,127.3
OLIVE DENOYETE,28.0,KG,Legumes Frais,vendredi,2024-04,B,12,35.0
OLIVE NOIRE SLICE,17.0,KG,Legumes Frais,dimanche,2024-04,B,12,35.0
OLIVE VIOLETTE,3.0,KG,Legumes Frais,lundi,2024-04,C,12,14.0
ORANGINA BOITE 24 CL,281.0,BTE (1 BTE),Eaux et Sodas,dimanche,2024-04,A,12,347.0
PAILLE ENVELOPPE 7.5MM COLORE,47.0,SCH (50 PC),Consommable,dimanche,2024-04,B,12,47.0
PAIN CHAWARMA *10,72.0,PQT (10 PC),Boulangerie_R,dimanche,2024-04,A,12,115.0
PAIN DE MIE CEREALE,8.0,PC (1 PC),Boulangerie_R,mardi,2024-04,B,12,130.0
PAIN SCHNECK AUX RAISINS SURG PUR BEURRE GF,250.0,PC (1 PC),Viennoiserie,dimanche,2024-04,B,12,1200.0
PAIN SHNEK AU RAISIN MARGARINE,100.0,PC (1 KG),Pâtisseries,samedi,2024-04,C,12,700.0
PAPIER ALUM DE 100,2.0,PC (1 PC),Consommable,mercredi,2024-04,B,12,9.0
PAPIER SERVIETTE GOURMANDISE,80.0,PC (1 PC),Consommable,lundi,2024-04,B,12,128.0
PAPRIKA DOUX,1.0,KG (1 KG),Fruits & Legumes Frais,dimanche,2024-04,C,12,3.0
PAPRIKA FORT,1.0,KG (1 KG),Epicerie,dimanche,2024-04,C,12,3.0
PAQUET 17/4,126.0,PC (1 PC),Consommable,mercredi,2024-04,C,12,300.0
PATE PIZZA FOCACCIA 12/40,88.0,PC (1 PC),Boulangerie_R,dimanche,2024-04,A,12,170.0
PEPPERONI,1.8,KG (1 KG),Charcuterie,dimanche,2024-04,A,12,4.8
PILLE AA,20.0,PC (1 GR),Fournitures de Bureau,samedi,2024-04,D,12,20.0
PIMENT DOUX,38.7,KG (1 KG),Legumes Frais,mardi,2024-04,A,12,97.3
PIMENT FORT,15.0,KG (1 KG),Legumes Frais,dimanche,2024-04,A,12,78.95
PIMENT ROUGE SALLE,1.0,KG (1 KG),Legumes Frais,mercredi,2024-04,B,12,20.0
POCHETTE CROISSANT 15*7*29,2.0,PC (1000 PC),Consommable,samedi,2024-04,C,12,4.0
POIS CHICHE KG,1.0,PC (1 PC),Legumes Secs,dimanche,2024-04,C,12,8.0
POIVRE NOIR MOULU,1.0,PC (1 KG),Epicerie,dimanche,2024-04,B,12,3.0
POMME DE TERRE,67.65,KG (1 KG),Legumes Frais,lundi,2024-04,A,12,292.25
POUDRE TENDERS PB,35.0,KG (1 KG),Volaille Surgelée,dimanche,2024-04,B,12,42.0
POULET PANE AMANDE PB,200.0,PC (40 PC),Volaille Surgelée,dimanche,2024-04,A,12,350.0
QUATRE EPICES MOULU,1.0,PC (1 KG),Epicerie,dimanche,2024-04,C,12,3.0
RACLETTE,2.0,PC (1 PC),Hygiène,samedi,2024-04,B,12,7.0
RAME PAPIER A4,13.0,PC,Fournitures de Bureau,samedi,2024-04,B,12,23.0
ROQUETTE SALADE BARQUETTE,1.9,KG (1 KG),Legumes Frais,mardi,2024-04,A,12,5.9
ROULEAU CAISSE 80*80,135.0,PC (1 PC),Fournitures de Bureau,dimanche,2024-04,A,12,205.0
ROULEAU TPE,230.0,PC (1 PC),Fournitures de Bureau,lundi,2024-04,A,12,286.0
SAC BOUTIQUE GDISE HD 50/45 BLANC,500.0,PC,Consommable,mardi,2024-04,D,12,1000.0
SACHET BRETELLES 38X60 MF,50.0,PC (1 PC),Consommable,mardi,2024-04,B,12,225.0
SALADE LAITUE TUN,248.0,KG (1 KG),Legumes Frais,dimanche,2024-04,A,12,393.7
SANEX,52.0,PC (1 PC),Hygiène,lundi,2024-04,A,12,100.0
SANIT SURF,12.0,PC (1 PC),Hygiène,dimanche,2024-04,A,12,51.0
SAUCE A L'AIL,3.0,PC,Epicerie,lundi,2024-04,B,12,12.0
SAUCE A L'AIL PB,10.0,L (1 KG),Epicerie,dimanche,2024-04,A,12,11.0
SAUCE BARBECUE PB,10.0,KG (1 KG),Epicerie,mardi,2024-04,D,12,15.0
SAUCE MAYONNAISE PESTO PB,10.0,L (1 L),Epicerie,dimanche,2024-04,A,12,11.0
SAUCE PESTO PB,4.0,KG (1 KG),Epicerie,dimanche,2024-04,A,12,5.0
SAUCE PLAN B 5KG,9.0,SEAU (1000 GR),Epicerie,jeudi,2024-04,B,12,25.0
SEL FIN DE TABLE,10.0,PC (1 KG),Epicerie,mardi,2024-04,B,12,23.0
SERPILLERE,84.0,PC (1 PC),Hygiène,lundi,2024-04,A,12,122.0
SERVIETTE 30*30 CIGUSTA,48.0,PC (1 PC),Consommable,samedi,2024-04,B,12,192.0
SUCRE EN SACHET CI-GUSTA,10.0,PC (1 PC),Cafe,lundi,2024-04,B,12,120.0
SUCRE EN SACHET DAILY BREAK,90.0,PC (1 KG),Cafe,dimanche,2024-04,A,12,230.0
SUCRE GLACE,1.0,PC (1 PC),Pâtisseries,mardi,2024-04,D,12,27.0
THON EN BOITES,81.0,BTE (2.05 KG),Conserve de Poisson,lundi,2024-04,A,12,164.0
TOMATE CERISES,5.300000000000001,KG (1 KG),Legumes Frais,lundi,2024-04,A,12,24.95
TOMATE CONCENTRE 4/4,13.0,PC,Epicerie,dimanche,2024-04,D,12,24.0
TOMATE FRAICHE,304.2,KG (1 KG),Legumes Frais,dimanche,2024-04,A,12,526.85
TOMATES SECHEES,2.6,PC (1000 GR),Epicerie,dimanche,2024-04,B,12,5.0
TOQUE CHEF,5.0,PC (1 PC),Hygiène,vendredi,2024-04,C,12,6.0
VARIANTES,3.0,KG (1 KG),Legumes Frais,dimanche,2024-04,D,12,10.0
VIANDE HACHEE SPECIAL RESTO,47.3,PC (1 KG),Viandes Fraiches,dimanche,2024-04,A,12,191.07
VIANDE SECHE FUME (BRESAOLA) TRANCHES 300GR,9.3,KG (1000 GR),Viandes Fraiches,dimanche,2024-04,A,12,11.0
VINAIGRE 1L,1.0,L (1000 GR),Epicerie,dimanche,2024-04,D,12,12.0
AIL,6.0,KG,Legumes Frais,vendredi,2024-05,B,13,8.3
AIL EN POUDRE,1.0,KG (1 KG),Fruits & Legumes Frais,samedi,2024-05,C,13,2.0
AJAX VITRE,19.0,PC (1 PC),Hygiène,mercredi,2024-05,A,13,32.0
ALKASURF DDA 5KG,1.0,PC (1 PC),Hygiène,samedi,2024-05,D,13,15.0
AMANDE EFFILEE,2.0,PC (1 KG),Fruits Secs,dimanche,2024-05,B,13,4.0
AMANDES GRILEES SALEES 70GR,36.0,PC (1 PC),Fruits Secs,vendredi,2024-05,B,13,84.0
ASEPCLOR,20.0,PC (1 PC),Hygiène,jeudi,2024-05,A,13,60.0
AUBERGINE LEGUME,13.0,KG (1 KG),Legumes Frais,vendredi,2024-05,A,13,17.85
BACON BOEUF FUME TRANCHES ( 300GR),5.4,KG (1000 GR),Viandes Fraiches,jeudi,2024-05,A,13,6.9
BACON DE DINDE TRANCHES (1 - 1.5 KG),34.0,KG (1 KG),Charcuterie,mercredi,2024-05,B,13,43.0
BACTYGEL 703 CF,1.0,BTL (1 BTL),Hygiène,samedi,2024-05,B,13,4.0
BALAIS SANS MANCHE,4.0,PC (1 PC),Hygiène,samedi,2024-05,C,13,9.0
BANANE,18.0,KG (1 PC),Fruits & Legumes Frais,mardi,2024-05,A,13,155.0
BASILIC BARQUETTE,3.0,KG,Legumes Frais,mercredi,2024-05,A,13,11.05
BISCUIT TUC,48.0,PC (1 PC),Epicerie,vendredi,2024-05,D,13,120.0
BLOUSE NON TISSEE,5.0,PC (1 KG),Hygiène,vendredi,2024-05,C,13,36.0
BOGA LIM PET 0.5,479.0,PC (1 PC),Eaux et Sodas,mercredi,2024-05,A,13,479.0
BOGA PET 30CL,228.0,PQT (1 PQT),Eaux et Sodas,mercredi,2024-05,B,13,261.0
BOITE FRAPPE CAFE 1.36KG MONIN,1.0,BTE (1360 GR),Pâtisseries,vendredi,2024-05,C,13,6.0
BOITE FRAPPE VANILLE 1.36KG MONIN,1.0,KG (1 KG),Pâtisseries,mercredi,2024-05,C,13,6.0
BOUTEILLE DE VINAIGRETTE 250ML,8.0,PC (250 GR),Epicerie,mercredi,2024-05,A,13,16.0
Beurre 200Gr,41.0,PC (200 GR),Beurre Oeuf Fromage,lundi,2024-05,C,13,83.0
CACAHUETES GRILLEES SALEES 70GR,24.0,PC (1 PC),Fruits Secs,vendredi,2024-05,C,13,60.0
CAKE CHOCOLAT PBC,80.0,PC (1 PC),Viennoiserie,mercredi,2024-05,B,13,88.0
CAKE CITRON PBC,98.0,PC (1 PC),Viennoiserie,mercredi,2024-05,B,13,216.0
CAKE MARBRE MARGARINE,330.0,PC (1 PC),Pâtisseries,mercredi,2024-05,A,13,561.0
CAKE MARBRE PBC,319.0,PC (1 PC),Viennoiserie,mercredi,2024-05,A,13,363.0
CAKE NATURE MARGARINE,132.0,PC (1 PC),Pâtisseries,samedi,2024-05,C,13,132.0
CAKE ORANGE PBC,170.0,PC (1 PC),Viennoiserie,mercredi,2024-05,B,13,170.0
CAROTTE,28.35,KG (1 KG),Legumes Frais,jeudi,2024-05,A,13,67.1
CAROTTE CAKE PBC,319.0,PC (1 PC),Viennoiserie,mercredi,2024-05,B,13,330.0
CELTIA FUT DE 50L,2.0,PC (50 L),Alcools,mercredi,2024-05,B,13,6.0
CHAMPIGNON FRAIS BARQUETTE,21.0,KG,Legumes Frais,mercredi,2024-05,A,13,34.5
CHAPLUR,1.0,PC (1 KG),Epicerie,jeudi,2024-05,C,13,16.0
CHOCOLAT CHAUD EN POUDRE,5.0,KG (1 KG),Cafe,vendredi,2024-05,B,13,7.0
CHOCOLAT EN POUDRE,43.0,PC (0.2 KG),Cafe,jeudi,2024-05,A,13,86.0
CHOUX ROUGE,4.75,PC (1 PC),Legumes Frais,vendredi,2024-05,A,13,9.6
CITRON,10.85,KG (1 KG),Legumes Frais,lundi,2024-05,A,13,16.75
CITRON SALLE,7.0,KG (1 KG),Legumes Frais,lundi,2024-05,B,13,28.0
COCA COLA PET 30CL,396.0,PQT (1 PQT),Eaux et Sodas,mercredi,2024-05,B,13,435.0
COCA COLA ZERO 30 CL,109.0,PC (1 PC),Eaux et Sodas,jeudi,2024-05,B,13,148.0
COFFRET PORTRAIT AV SEP 11.5/11.5,30.0,PC,Consommable,mercredi,2024-05,C,13,175.0
CONCOMBRE,80.30000000000001,KG (1 KG),Legumes Frais,vendredi,2024-05,A,13,177.692
COOKIES,40.0,PC,Viennoiserie,samedi,2024-05,C,13,120.0
CORNICHON FRAIS,6.0,KG (1 KG),Legumes Frais,mercredi,2024-05,B,13,12.0
COURGE,11.75,KG (1 KG),Legumes Frais,vendredi,2024-05,B,13,47.65
COURGETTE,16.25,KG (1 KG),Legumes Frais,samedi,2024-05,A,13,28.6
COUSCOUS EN PAQUET,6.0,PC (1 PC),Epicerie,mercredi,2024-05,D,13,28.0
COUTEAU A PAIN 20CM,1.0,PC (1 PC),Accessoire & couvert,vendredi,2024-05,C,13,5.0
COUVERCLE SANS TROU PET BOMBE 80MM,400.0,PC (1 PC),Consommable,vendredi,2024-05,D,13,600.0
CREME A FOUETTER,8.0,PC (1 KG),Beurre Oeuf Fromage,samedi,2024-05,B,13,16.0
CREME CHANTILLY,1.0,PC,Pâtisseries,lundi,2024-05,D,13,11.0
CUISSE DE POULET FRAIS,12.84,KG (1 KG),Volaille Fraiche,samedi,2024-05,C,13,47.85
Citronnade La Classique 1LITRE,40.0,L (1 L),Jus Fruit Lait,mercredi,2024-05,D,13,40.0
DADDY'S CHIPS CLASSIC SEL DE MER 70G,165.0,PC (1 PC),Epicerie,mercredi,2024-05,A,13,225.0
DADDY'S CHIPS SAVORY TRUFFE PARMESAN 70G,120.0,PC (1 PC),Epicerie,vendredi,2024-05,B,13,165.0
DADDY'S CHIPS SPICY PAPRIKA 70G,105.0,PC (1 PC),Epicerie,mercredi,2024-05,A,13,165.0
DINOL,80.0,BIDON (1 KG),Hygiène,mercredi,2024-05,A,13,135.0
EMINCE DE BOEUF PORT. SURGELE,25.985,KG (1000 GR),Viandes Surgelées,mercredi,2024-05,A,13,79.49000000000001
ESCALOPE POULET FRAIS,296.01,PC (1 KG),Volaille Surgelée,vendredi,2024-05,A,13,503.16
ESCALOPE POULET PANE CONGELE,56.78,KG (1 KG),Volaille Surgelée,jeudi,2024-05,A,13,128.91
ESSUIT TOUT JUMBO,96.0,PC (1 KG),Hygiène,mercredi,2024-05,A,13,157.0
FANTA PET 30CL,156.0,PC (1 PQT),Eaux et Sodas,mercredi,2024-05,B,13,312.0
FARINE EN PAQUET,3.0,PC (1 KG),Epicerie,jeudi,2024-05,A,13,252.0
FILM ETIRABLE 725GR,21.0,PC (1 GR),Consommable,mercredi,2024-05,A,13,38.0
FRAISE FRAIS,58.85,KG (1 KG),Fruits & Legumes Frais,jeudi,2024-05,A,13,64.35
FRITE SURGELE 9/9 CLASSIC 2.5 KG,156.75,KG (2.5 KG),Legumes Surgelés,mercredi,2024-05,A,13,290.0
FROMAGE CHEDDAR EN BLOC,30.0,KG,Beurre Oeuf Fromage,vendredi,2024-05,A,13,65.0
FROMAGE EDAM MEULE,8.662,KG (1 KG),Beurre Oeuf Fromage,vendredi,2024-05,B,13,35.622
FROMAGE LAND OR,22.6,PC (1 KG),Beurre Oeuf Fromage,mercredi,2024-05,A,13,25.4
FROMAGE MAASDAM EN BLOC PB,40.0,KG (1 KG),Beurre Oeuf Fromage,mercredi,2024-05,A,13,65.5
FROMAGE MEULE GOUDA KG,11.4,KG (1 KG),Beurre Oeuf Fromage,samedi,2024-05,A,13,32.932
FROMAGE MOZARELLA CARRE KG,70.0,KG (1 KG),Beurre Oeuf Fromage,vendredi,2024-05,B,13,145.0
FROMAGE PARMESAN PB,1.0,KG (0.2 KG),Beurre Oeuf Fromage,vendredi,2024-05,A,13,3.8
FROMAGE SICILIEN,2.89,KG (1 KG),Beurre Oeuf Fromage,dimanche,2024-05,D,13,5.946
FUT HEINEKEIN,60.0,PC (1 L),Alcools,samedi,2024-05,B,13,240.0
GANT EN PLASTIQUE,4.0,PC (1 PC),Hygiène,jeudi,2024-05,D,13,24.0
GARCI GAZ P.E.T 1 L,220.0,L (1 GR),Eaux et Sodas,mercredi,2024-05,A,13,344.0
GATEAU CHOCOLAT PBC,40.0,PC (1 PC),Viennoiserie,samedi,2024-05,B,13,100.0
GOBLET PP TRANSPARENT 200CC/80MM YOZEL,400.0,PC (1 PC),Consommable,vendredi,2024-05,D,13,700.0
GOBLET TRANS 0.5L,1800.0,PC,Consommable,vendredi,2024-05,D,13,1800.0
HARISSA 450G,9.0,BTE (1 BTE),Epicerie,jeudi,2024-05,C,13,17.0
HARISSA 5/2,46.0,BOTTE (1 BTE),Epicerie,mercredi,2024-05,A,13,53.0
HUILE D'OLIVE POMACE,14.25,L,Epicerie,jeudi,2024-05,B,13,28.5
HUILE VEGETALE 5L,54.0,L (5 PC),Epicerie,mercredi,2024-05,A,13,54.0
JAMBON DE BOEUF FUME,7.0,KG (1 KG),Charcuterie,vendredi,2024-05,A,13,18.1
JAMBON DE DINDE,16.65,PC (1 KG),Charcuterie,jeudi,2024-05,A,13,34.15
JEX CARRE,72.0,PC (1 PC),Hygiène,mercredi,2024-05,A,13,180.0
JOUR ET NUIT BLANC 1/2,18.0,PC (1 PC),Alcools,samedi,2024-05,C,13,52.0
JOUR ET NUIT ROUGE 1/2,5.0,PC (1 PC),Alcools,samedi,2024-05,C,13,48.0
KETCHUP BIDON 5L,11.0,PC (1 KG),Epicerie,mercredi,2024-05,B,13,35.0
KINDER BUENO,120.0,PC (1 PC),Epicerie,mercredi,2024-05,A,13,300.0
KINDER T4,120.0,PC (1 PC),Epicerie,vendredi,2024-05,B,13,180.0
LAVETTE COTON,106.0,PC (1 PC),Hygiène,mercredi,2024-05,A,13,149.0
LOT CAFE GRAIN ESPRESSO ELITE 3,10.0,PC (1 KG),Cafe,vendredi,2024-05,A,13,128.0
MAIS EN BOITE,23.0,PC (1 KG),Conserve de légumes,vendredi,2024-05,A,13,92.0
MANGUE,10.0,PC (1 PC),Fruits & Legumes Frais,samedi,2024-05,A,13,39.0
MARINADE POULET GRILLE 2KG PB,32.0,PC (1 KG),Volaille Surgelée,mercredi,2024-05,A,13,36.0
MAYO 5L DEJ,130.0,KG (5000 GR),Beurre Oeuf Fromage,jeudi,2024-05,A,13,170.0
MENTHE FRAICHE,1.0,PC (1 PC),Legumes Frais,mardi,2024-05,B,13,16.0
MENTOS ROLLS FRUIT FLAVOUR,40.0,PC (1 PC),Epicerie,jeudi,2024-05,D,13,80.0
MENTOS ROLLS MENTHE,40.0,PC (1 PC),Epicerie,vendredi,2024-05,D,13,80.0
MENTOS ROLLS STRAWBERRY,80.0,PC (1 PC),Epicerie,vendredi,2024-05,D,13,80.0
MENTOS ROLLS TUTTI FRUTTI,80.0,PC (1 PC),Epicerie,vendredi,2024-05,D,13,80.0
MIX A CREPE FRANCAISE,50.0,SAC (1 SAC),Pâtisseries,vendredi,2024-05,B,13,150.0
MOELLEUX CHOCOLAT,72.0,PC (1 PC),Viennoiserie,dimanche,2024-05,C,13,108.0
MOUSSE CHOCOLAT,1.0,PC,Pâtisseries,vendredi,2024-05,D,13,4.0
MOUTARDE DIJON 840 GR,8.0,BTE (840 GR),Epicerie,vendredi,2024-05,B,13,25.0
MUFFINS VANILLE,96.0,PC,Viennoiserie,mercredi,2024-05,B,13,96.0
NAPPAGE,1.0,PC (1 PC),Pâtisseries,dimanche,2024-05,C,13,14.0
NOIX DE CAJOU GRILLES SALEES 65GR,36.0,PC (1 PC),Fruits Secs,vendredi,2024-05,B,13,96.0
NUGGETS PANE PB,50.0,PC (1 PC),Volaille Surgelée,mercredi,2024-05,A,13,275.0
NUTELLA & GO 52 GR,72.0,PC (1 PC),Epicerie,vendredi,2024-05,C,13,192.0
OEUFS,41.0,PC (30 PC),Beurre Oeuf Fromage,mercredi,2024-05,A,13,83.0
OIGNONS BLANC,127.3,KG (1 KG),Legumes Frais,mercredi,2024-05,A,13,127.3
OLIVE DENOYETE,7.0,KG (1 KG),Legumes Frais,mercredi,2024-05,B,13,35.0
OLIVE NOIRE SLICE,22.0,KG (1 KG),Legumes Frais,samedi,2024-05,B,13,35.0
OLIVE VIOLETTE,3.0,KG (1 KG),Legumes Frais,vendredi,2024-05,C,13,14.0
ORANGINA BOITE 24 CL,48.0,BTE (1 BTE),Eaux et Sodas,mercredi,2024-05,A,13,347.0
PACK FOOD BOWL + COUVERCLE 1.2 L,117.0,PC (1 PC),Consommable,mercredi,2024-05,B,13,175.0
PAILLE ENVELOPPE 7.5MM COLORE,43.0,SCH (50 PC),Consommable,jeudi,2024-05,B,13,47.0
PAILLE ENVELOPPE 7.5MM NOIR,14.0,SCH (100 PC),Consommable,vendredi,2024-05,B,13,33.0
PAIN CHAWARMA *10,85.0,PQT (10 PC),Boulangerie_R,jeudi,2024-05,A,13,115.0
PAIN SCHNECK AUX RAISINS SURG PUR BEURRE GF,225.0,PC (1 PC),Viennoiserie,mercredi,2024-05,B,13,1200.0
PAIN SHNEK AU RAISIN MARGARINE,200.0,PC (1 KG),Pâtisseries,mercredi,2024-05,C,13,700.0
PAPIER ALUM DE 100,5.0,PC (1 PC),Consommable,mercredi,2024-05,B,13,9.0
PAPIER SERVIETTE GOURMANDISE,120.0,PC,Consommable,mercredi,2024-05,B,13,128.0
PATE PAPILLON,4.0,PC (1 KG),Epicerie,samedi,2024-05,D,13,24.0
PATE PIZZA FOCACCIA 12/40,64.0,PC (1 PC),Boulangerie_R,jeudi,2024-05,A,13,170.0
PECHES,10.0,KG (1 KG),Fruits & Legumes Frais,jeudi,2024-05,A,13,27.5
PEPITTE DE DECORATION NOIRE KG,1.7,KG (1000 GR),Epicerie,dimanche,2024-05,D,13,8.5
PEPPERONI,2.7,KG (1 KG),Charcuterie,jeudi,2024-05,A,13,4.8
PIECE RONDE BOEUF,4.45,KG (1 KG),Viandes Surgelées,mardi,2024-05,D,13,24.200000000000003
PIMENT DOUX,71.9,KG (1 KG),Legumes Frais,mercredi,2024-05,A,13,97.3
PIMENT FORT,23.7,KG (1 KG),Legumes Frais,samedi,2024-05,A,13,78.95
PIMENT ROUGE SALLE,10.0,KG (1 KG),Legumes Frais,lundi,2024-05,B,13,20.0
POCHETTE CROISSANT 15*7*29,1.0,PC (1000 PC),Consommable,jeudi,2024-05,C,13,4.0
POIS CHICHE KG,2.0,PC (1 PC),Legumes Secs,mercredi,2024-05,C,13,8.0
POIVRE NOIR MOULU,1.0,PC (1 KG),Epicerie,mercredi,2024-05,B,13,3.0
POMME DE TERRE,155.0,KG (1 KG),Legumes Frais,jeudi,2024-05,A,13,292.25
POUDRE TENDERS PB,30.0,KG (1 KG),Volaille Surgelée,jeudi,2024-05,B,13,42.0
POULET PANE AMANDE PB,160.0,PC (40 PC),Volaille Surgelée,mercredi,2024-05,A,13,350.0
PUREE ANANAS 1 L,1.0,PC (1 L),Epicerie,vendredi,2024-05,D,13,2.0
PUREE DE BANANE 1L,1.0,PC (1 L),Epicerie,vendredi,2024-05,D,13,2.0
PUREE FRAISE 1.32KG MONIN,1.0,KG (1320 GR),Pâtisseries,dimanche,2024-05,D,13,2.0
QUATRE EPICES MOULU,1.0,PC (1 KG),Epicerie,mercredi,2024-05,C,13,3.0
RAME PAPIER A4,3.0,PC (1 PC),Fournitures de Bureau,mardi,2024-05,B,13,23.0
REMANENT HERBE CF,4.0,PC (1 PC),Hygiène,samedi,2024-05,B,13,10.0
ROQUETTE SALADE BARQUETTE,0.7999999999999999,KG,Legumes Frais,jeudi,2024-05,A,13,5.9
ROULEAU CAISSE 80*80,205.0,PC (1 PC),Fournitures de Bureau,jeudi,2024-05,A,13,205.0
ROULEAU DE 750 ETIQUETTE BLANC,2.0,PC,Consommable,samedi,2024-05,C,13,16.0
ROULEAU TPE,230.0,PC (1 PC),Fournitures de Bureau,jeudi,2024-05,A,13,286.0
SALADE LAITUE TUN,247.7,KG (1 KG),Legumes Frais,mercredi,2024-05,A,13,393.7
SANEX,65.0,PC (1 PC),Hygiène,mercredi,2024-05,A,13,100.0
SANIT SURF,34.0,PC (1 PC),Hygiène,mercredi,2024-05,A,13,51.0
SAUCE A L'AIL PB,11.0,L (1 KG),Epicerie,mercredi,2024-05,A,13,11.0
SAUCE BARBECUE PB,5.0,KG,Epicerie,vendredi,2024-05,D,13,15.0
SAUCE MAYONNAISE PESTO PB,11.0,L (1 L),Epicerie,mercredi,2024-05,A,13,11.0
SAUCE PESTO PB,5.0,KG (1 KG),Epicerie,mercredi,2024-05,A,13,5.0
SAUCE PLAN B 5KG,15.0,SEAU (1000 GR),Epicerie,vendredi,2024-05,B,13,25.0
SCHWEPPES TONIC 24 CL,12.0,PC,Eaux et Sodas,mardi,2024-05,D,13,31.0
SEL FIN DE TABLE,12.0,PC (1 KG),Epicerie,lundi,2024-05,B,13,23.0
SERPILLERE,81.0,PC (1 PC),Hygiène,mercredi,2024-05,A,13,122.0
SERVIETTE 30*30 CIGUSTA,48.0,PC (1 PC),Consommable,dimanche,2024-05,B,13,192.0
SERVIETTE 30*30 MF,15.0,PQT (1 PQT),Consommable,vendredi,2024-05,B,13,74.0
SIROP DE VANILLE 1L MONIN,1.0,PC (700 ML),Pâtisseries,vendredi,2024-05,C,13,3.0
SUCRE EN SACHET CI-GUSTA,20.0,PC (1 PC),Cafe,jeudi,2024-05,B,13,120.0
SUCRE EN SACHET DAILY BREAK,150.0,PC (1 KG),Cafe,mercredi,2024-05,A,13,230.0
THON EN BOITES,87.0,BTE (2.05 KG),Conserve de Poisson,mercredi,2024-05,A,13,164.0
TIC TAC MENTHE,12.0,PC,Epicerie,vendredi,2024-05,D,13,36.0
TIC TAC ORANGE,12.0,PC (1 PC),Epicerie,vendredi,2024-05,D,13,36.0
TIC TAC STRAWBERRY MIX,12.0,PC (1 PC),Epicerie,vendredi,2024-05,D,13,60.0
TOMATE CERISES,7.3,KG (1 KG),Legumes Frais,mercredi,2024-05,A,13,24.95
TOMATE CONCENTRE 4/4,12.0,PC,Epicerie,lundi,2024-05,D,13,24.0
TOMATE FRAICHE,310.4,KG (1 KG),Legumes Frais,mercredi,2024-05,A,13,526.85
TOMATES SECHEES,0.5,PC (1000 GR),Epicerie,mercredi,2024-05,B,13,5.0
TOQUE CHEF,2.0,PC (1 PC),Hygiène,dimanche,2024-05,C,13,6.0
VIANDE HACHEE SPECIAL RESTO,52.4,PC (1 KG),Viandes Fraiches,mercredi,2024-05,A,13,191.07
VIANDE SECHE FUME (BRESAOLA) TRANCHES 300GR,8.1,KG (1000 GR),Viandes Fraiches,jeudi,2024-05,A,13,11.0
VINAIGRE 1L,6.0,L (1000 GR),Epicerie,vendredi,2024-05,D,13,12.0
AJAX VITRE,16.0,PC (1 PC),Hygiène,samedi,2024-05,A,14,32.0
AMANDE EFFILEE,1.0,PC (1 KG),Fruits Secs,lundi,2024-05,B,14,4.0
AMANDES GRILEES SALEES 70GR,24.0,PC (1 PC),Fruits Secs,samedi,2024-05,B,14,84.0
AMSTEL BEER BLLE 33CL,144.0,BTL (1 BTL),Alcools,jeudi,2024-05,B,14,432.0
ASEPCLOR,15.0,PC (1 PC),Hygiène,lundi,2024-05,A,14,60.0
AUBERGINE LEGUME,5.5,KG (1 KG),Legumes Frais,mercredi,2024-05,A,14,17.85
BACON BOEUF FUME TRANCHES ( 300GR),6.3,KG (1000 GR),Viandes Fraiches,samedi,2024-05,A,14,6.9
BACON DE DINDE TRANCHES (1 - 1.5 KG),26.0,KG,Charcuterie,dimanche,2024-05,B,14,43.0
BACTYGEL 703 CF,3.0,BTL (1 BTL),Hygiène,jeudi,2024-05,B,14,4.0
BALAIS SANS MANCHE,2.0,PC (1 PC),Hygiène,vendredi,2024-05,C,14,9.0
BASILIC BARQUETTE,3.0,KG (1 KG),Legumes Frais,mercredi,2024-05,A,14,11.05
BASILIC LA BOTTE,0.45,KG,Legumes Frais,lundi,2024-05,C,14,3.2999
BISCUIT TUC,48.0,PC (1 PC),Epicerie,dimanche,2024-05,D,14,120.0
BLOUSE NON TISSEE,7.0,PC (1 KG),Hygiène,dimanche,2024-05,C,14,36.0
BOGA CIDRE PET 30 CL,17.0,PC,Eaux et Sodas,lundi,2024-05,C,14,182.0
BOGA LIM PET 0.5,217.0,PC (1 PC),Eaux et Sodas,samedi,2024-05,A,14,479.0
BOGA PET 30CL,132.0,PQT (1 PQT),Eaux et Sodas,samedi,2024-05,B,14,261.0
BOITE D'ARCHIVE,1.0,PC,Fournitures de Bureau,samedi,2024-05,D,14,35.0
BOITE FRAPPE VANILLE 1.36KG MONIN,2.0,KG (1 KG),Pâtisseries,mardi,2024-05,C,14,6.0
BOITE PIZZA PM CIG,100.0,PC (1 PC),Consommable,lundi,2024-05,B,14,500.0
BORGHELL,4.0,KG (1 KG),Epicerie,dimanche,2024-05,C,14,10.0
BOUTEILLE DE VINAIGRETTE 250ML,10.0,PC (250 GR),Epicerie,dimanche,2024-05,A,14,16.0
BROCHETTE BAMBOO 20,1.0,SCH (100 PC),Consommable,mercredi,2024-05,C,14,14.0
Beurre 200Gr,21.0,PC (200 GR),Beurre Oeuf Fromage,samedi,2024-05,C,14,83.0
CACAHUETES GRILLEES SALEES 70GR,12.0,PC (1 PC),Fruits Secs,mardi,2024-05,C,14,60.0
CACAO EN POUDRE,1.0,PQT (0.25 KG),Cafe,lundi,2024-05,C,14,7.0
CAKE CHOCOLAT PBC,48.0,PC (1 PC),Viennoiserie,dimanche,2024-05,B,14,88.0
CAKE CITRON PBC,72.0,PC (1 PC),Viennoiserie,dimanche,2024-05,B,14,216.0
CAKE MARBRE MARGARINE,495.0,PC (1 PC),Pâtisseries,samedi,2024-05,A,14,561.0
CAKE MARBRE PBC,242.0,PC (1 PC),Viennoiserie,dimanche,2024-05,A,14,363.0
CAKE NATURE MARGARINE,110.0,PC (1 PC),Pâtisseries,samedi,2024-05,C,14,132.0
CAKE ORANGE PBC,36.0,PC (1 PC),Viennoiserie,mardi,2024-05,B,14,170.0
CAROTTE,28.2,KG (1 KG),Legumes Frais,lundi,2024-05,A,14,67.1
CAROTTE CAKE PBC,110.0,PC (1 PC),Viennoiserie,mardi,2024-05,B,14,330.0
CELTIA FUT DE 50L,2.0,PC (50 L),Alcools,samedi,2024-05,B,14,6.0
CHAMPIGNON FRAIS BARQUETTE,16.0,KG (1 KG),Legumes Frais,mardi,2024-05,A,14,34.5
CHAPLUR,5.0,PC (1 KG),Epicerie,lundi,2024-05,C,14,16.0
CHOCOLAT CHAUD EN POUDRE,1.0,KG (1 KG),Cafe,vendredi,2024-05,B,14,7.0
CHOCOLAT EN POUDRE,70.0,PC (0.2 KG),Cafe,samedi,2024-05,A,14,86.0
CHOUX ROUGE,7.029999999999999,PC (1 PC),Legumes Frais,samedi,2024-05,A,14,9.6
CHOUX VERT,10.4,KG (1 KG),Legumes Frais,lundi,2024-05,B,14,12.8
CITRON,3.9,KG (1 KG),Legumes Frais,vendredi,2024-05,A,14,16.75
CITRON SALLE,14.0,KG (1 KG),Legumes Frais,samedi,2024-05,B,14,28.0
COCA COLA PET 30CL,344.0,PQT (1 PQT),Eaux et Sodas,dimanche,2024-05,B,14,435.0
COCA COLA ZERO 30 CL,96.0,PC (1 PC),Eaux et Sodas,lundi,2024-05,B,14,148.0
COFFRET CHECHIA AV SEP 16/16,50.0,PC (1 PC),Consommable,dimanche,2024-05,C,14,125.0
COFFRET PORTRAIT AV SEP 11.5/11.5,175.0,PC (1 PC),Consommable,samedi,2024-05,C,14,175.0
COFFRET PORTRAIT AV SEP 19.5/19.5,100.0,PC (1 PC),Consommable,samedi,2024-05,C,14,200.0
COFFRET PORTRAIT AV SEP24.5/14.5,100.0,PC (1 PC),Consommable,samedi,2024-05,C,14,150.0
CONCOMBRE,87.0,KG (1 KG),Legumes Frais,samedi,2024-05,A,14,177.692
COOKIES,80.0,PC,Viennoiserie,dimanche,2024-05,C,14,120.0
CORNICHON FRAIS,7.5,KG (1 KG),Legumes Frais,dimanche,2024-05,B,14,12.0
COURGE,25.05,KG (1 KG),Legumes Frais,samedi,2024-05,B,14,47.65
COURGETTE,2.85,KG (1 KG),Legumes Frais,jeudi,2024-05,A,14,28.6
COUSCOUS EN PAQUET,4.0,PC (1 PC),Epicerie,jeudi,2024-05,D,14,28.0
COUTEAU A PAIN 20CM,2.0,PC (1 PC),Accessoire & couvert,samedi,2024-05,C,14,5.0
COUVERCLE SANS TROU PET BOMBE 80MM,300.0,PC,Consommable,mercredi,2024-05,D,14,600.0
CREME A FOUETTER,4.0,PC (1 KG),Beurre Oeuf Fromage,lundi,2024-05,B,14,16.0
CREME DE BALSAMIQUE,3.0,BTL (1 ML),Epicerie,samedi,2024-05,D,14,10.0
CREME DE CUISSON,3.0,L (0.95 L),Beurre Oeuf Fromage,mardi,2024-05,B,14,27.0
CUISSE DE POULET FRAIS,24.85,KG,Volaille Fraiche,samedi,2024-05,C,14,47.85
Citronnade La Classique 1LITRE,40.0,L (1 L),Jus Fruit Lait,samedi,2024-05,D,14,40.0
DADDY'S CHIPS CLASSIC SEL DE MER 70G,45.0,PC (1 PC),Epicerie,dimanche,2024-05,A,14,225.0
DADDY'S CHIPS SAVORY TRUFFE PARMESAN 70G,60.0,PC (1 PC),Epicerie,dimanche,2024-05,B,14,165.0
DADDY'S CHIPS SPICY PAPRIKA 70G,60.0,PC (1 PC),Epicerie,dimanche,2024-05,A,14,165.0
DINOL,105.0,BIDON (1 KG),Hygiène,samedi,2024-05,A,14,135.0
EMBALLAGE EN CARTON 30*12*6,100.0,PC (1 PC),Consommable,dimanche,2024-05,D,14,300.0
EMINCE DE BOEUF PORT. SURGELE,19.7,KG (1000 GR),Viandes Surgelées,dimanche,2024-05,A,14,79.49000000000001
ESCALOPE POULET FRAIS,440.78,PC (1 KG),Volaille Surgelée,samedi,2024-05,A,14,503.16
ESSUIT TOUT JUMBO,109.0,PC (1 KG),Hygiène,samedi,2024-05,A,14,157.0
FANTA PET 30CL,108.0,PC (1 PQT),Eaux et Sodas,samedi,2024-05,B,14,312.0
FARINE EN PAQUET,40.0,PC (1 KG),Epicerie,lundi,2024-05,A,14,252.0
FESTIFE MIX 100 GR,16.0,PC (1 PC),Fruits Secs,samedi,2024-05,C,14,32.0
FILM ETIRABLE 725GR,27.0,PC (1 GR),Consommable,samedi,2024-05,A,14,38.0
FRAISE FRAIS,52.900000000000006,KG (1 KG),Fruits & Legumes Frais,samedi,2024-05,A,14,64.35
FRITE SURGELE 9/9 CLASSIC 2.5 KG,162.5,KG (2.5 KG),Legumes Surgelés,samedi,2024-05,A,14,290.0
FROMAGE CAMEMBERT 240g,1.0,BTE (240 GR),Beurre Oeuf Fromage,lundi,2024-05,D,14,12.0
FROMAGE CHEDDAR EN BLOC,20.0,KG (1 KG),Beurre Oeuf Fromage,dimanche,2024-05,A,14,65.0
FROMAGE EDAM MEULE,21.11,KG (1 KG),Beurre Oeuf Fromage,samedi,2024-05,B,14,35.622
FROMAGE GORGONZELA,2.25,PC (1 KG),Beurre Oeuf Fromage,samedi,2024-05,A,14,13.0
FROMAGE LAND OR,7.2,PC (1 KG),Beurre Oeuf Fromage,mercredi,2024-05,A,14,25.4
FROMAGE MAASDAM EN BLOC PB,40.0,KG (1 KG),Beurre Oeuf Fromage,samedi,2024-05,A,14,65.5
FROMAGE MEULE GOUDA KG,22.148,KG (1 KG),Beurre Oeuf Fromage,samedi,2024-05,A,14,32.932
FROMAGE MOZARELLA CARRE KG,110.0,KG (1 KG),Beurre Oeuf Fromage,samedi,2024-05,B,14,145.0
FROMAGE PARMESAN PB,1.6,KG (0.2 KG),Beurre Oeuf Fromage,lundi,2024-05,A,14,3.8
FROMAGE SICILIEN,1.822,KG (1 KG),Beurre Oeuf Fromage,lundi,2024-05,D,14,5.946
FUT HEINEKEIN,140.0,PC (1 L),Alcools,dimanche,2024-05,B,14,240.0
GARCI GAZ P.E.T 1 L,176.0,L (1 GR),Eaux et Sodas,samedi,2024-05,A,14,344.0
GATEAU CHOCOLAT PBC,40.0,PC (1 PC),Viennoiserie,dimanche,2024-05,B,14,100.0
GOBLET PP TRANSPARENT 200CC/80MM YOZEL,300.0,PC,Consommable,mercredi,2024-05,D,14,700.0
HARISSA 450G,4.0,BTE,Epicerie,lundi,2024-05,C,14,17.0
HARISSA 5/2,26.0,BOTTE (1 BTE),Epicerie,samedi,2024-05,A,14,53.0
HUILE D'OLIVE POMACE,14.25,L,Epicerie,lundi,2024-05,B,14,28.5
HUILE VEGETALE 5L,38.0,L (5 PC),Epicerie,samedi,2024-05,A,14,54.0
JAMBON DE BOEUF FUME,9.2,KG (1 KG),Charcuterie,samedi,2024-05,A,14,18.1
JAMBON DE DINDE,12.0,PC (1 KG),Charcuterie,mercredi,2024-05,A,14,34.15
JEX CARRE,71.0,PC (1 PC),Hygiène,samedi,2024-05,A,14,180.0
JOUR ET NUIT3/4 BLANC,3.0,PC (1 PC),Alcools,samedi,2024-05,C,14,30.0
KETCHUP BIDON 5L,5.0,PC (1 KG),Epicerie,dimanche,2024-05,B,14,35.0
KINDER T4,140.0,PC (1 PC),Epicerie,dimanche,2024-05,B,14,180.0
LAVETTE COTON,109.0,PC (1 PC),Hygiène,samedi,2024-05,A,14,149.0
LEVURE BOULANGERE NORMALE,2.0,PC (1 PC),Boulangerie_R,lundi,2024-05,B,14,34.0
LOT CAFE GRAIN ESPRESSO ELITE 3,61.0,PC (1 KG),Cafe,dimanche,2024-05,A,14,128.0
LOT CAFE GRAINS  PUR EXPRESS,17.0,KG,Cafe,dimanche,2024-05,A,14,73.0
LOT DE CAFE TURC,2.0,PC (1 KG),Cafe,dimanche,2024-05,D,14,3.0
MAIS EN BOITE,24.85,BTE (340 GR),Epicerie,dimanche,2024-05,A,14,92.0
MAIS EN VRAC,1.0,PC (1 KG),Legumes Frais,lundi,2024-05,C,14,9.0
MARINADE POULET GRILLE 2KG PB,29.0,PC (1 KG),Volaille Surgelée,dimanche,2024-05,A,14,36.0
MAYO 5L DEJ,150.0,KG (5000 GR),Beurre Oeuf Fromage,samedi,2024-05,A,14,170.0
MENTHE FRAICHE,0.2,PC (1 PC),Legumes Frais,vendredi,2024-05,B,14,16.0
MENTHE SECHE,0.36,KG (1 KG),Epicerie,samedi,2024-05,D,14,2.0
MIEL DOUX & FRAIS,11.0,PC (1 PC),Epicerie,mardi,2024-05,C,14,11.0
MIX A CREPE FRANCAISE,90.0,SAC (1 SAC),Pâtisseries,samedi,2024-05,B,14,150.0
MOUSSE CHOCOLAT,1.0,PC,Pâtisseries,mercredi,2024-05,D,14,4.0
MOUTARDE DIJON 840 GR,20.0,BTE (840 GR),Epicerie,samedi,2024-05,B,14,25.0
MUFFINS VANILLE,24.0,PC,Viennoiserie,dimanche,2024-05,B,14,96.0
NAPPAGE,2.0,PC (1 PC),Pâtisseries,dimanche,2024-05,C,14,14.0
NOISETTE GRILLEE CONCASSEE,1.0,PC (1 KG),Fruits Secs,lundi,2024-05,D,14,3.0
NUGGETS PANE PB,75.0,PC (1 PC),Volaille Surgelée,dimanche,2024-05,A,14,275.0
OEUFS,42.0,PC (30 PC),Beurre Oeuf Fromage,samedi,2024-05,A,14,83.0
OIGNONS BLANC,123.05,KG (1 KG),Legumes Frais,samedi,2024-05,A,14,127.3
OLIVE DENOYETE,14.0,KG,Legumes Frais,jeudi,2024-05,B,14,35.0
OLIVE NOIRE SLICE,7.0,KG,Legumes Frais,jeudi,2024-05,B,14,35.0
OLIVE VIOLETTE,3.0,KG (1 KG),Legumes Frais,jeudi,2024-05,C,14,14.0
PACK FOOD BOWL + COUVERCLE 1.2 L,101.0,PC (1 PC),Consommable,mardi,2024-05,B,14,175.0
PAILLE ENVELOPPE 7.5MM COLORE,22.0,SCH (50 PC),Consommable,dimanche,2024-05,B,14,47.0
PAILLE ENVELOPPE 7.5MM NOIR,8.0,SCH (100 PC),Consommable,dimanche,2024-05,B,14,33.0
PAIN CHAWARMA *10,80.0,PQT (10 PC),Boulangerie_R,samedi,2024-05,A,14,115.0
PAIN DE MIE CEREALE,52.0,PC (1 PC),Boulangerie_R,jeudi,2024-05,B,14,130.0
PAIN DE MIE NATURE,78.0,PC (1 PC),Boulangerie_R,mardi,2024-05,B,14,130.0
PAIN SCHNECK AUX RAISINS SURG PUR BEURRE GF,300.0,PC (1 PC),Viennoiserie,samedi,2024-05,B,14,1200.0
PAIN SHNEK AU RAISIN MARGARINE,250.0,PC (1 KG),Pâtisseries,samedi,2024-05,C,14,700.0
PAPIER ALUM DE 100,4.0,PC (1 PC),Consommable,dimanche,2024-05,B,14,9.0
PAPIER CUISSON 40*60,2.0,PC (500 PC),Consommable,lundi,2024-05,C,14,4.0
PAPIER SERVIETTE GOURMANDISE,80.0,PC (1 PC),Consommable,samedi,2024-05,B,14,128.0
PAPRIKA FORT,2.0,KG (1 KG),Epicerie,jeudi,2024-05,C,14,3.0
PATE PAPILLON,2.0,PC (1 KG),Epicerie,mercredi,2024-05,D,14,24.0
PATE PIZZA FOCACCIA 12/40,100.0,PC (1 PC),Boulangerie_R,samedi,2024-05,A,14,170.0
PATE PIZZA FOCACCIA D32 CM,30.0,PC (1 PC),Boulangerie_R,vendredi,2024-05,C,14,50.0
PECHES,14.2,KG (1 KG),Fruits & Legumes Frais,dimanche,2024-05,A,14,27.5
PEPPERONI,2.4,KG (1 KG),Charcuterie,samedi,2024-05,A,14,4.8
PILLE AA,1.0,PC (1 GR),Fournitures de Bureau,lundi,2024-05,D,14,20.0
PIMENT DOUX,57.3,KG (1 KG),Legumes Frais,samedi,2024-05,A,14,97.3
PIMENT FORT,39.4,KG (1 KG),Legumes Frais,samedi,2024-05,A,14,78.95
PISTACHE CONCASSEE,2.0,PC (1000 GR),Fruits Secs,dimanche,2024-05,C,14,4.0
POCHETTE CROISSANT 15*7*29,3.0,PC (1000 PC),Consommable,mercredi,2024-05,C,14,4.0
POIS CHICHE KG,3.0,PC (1 PC),Legumes Secs,jeudi,2024-05,C,14,8.0
POIVRE NOIR MOULU,1.0,PC (1 KG),Epicerie,mercredi,2024-05,B,14,3.0
POMME DE TERRE,166.0,KG (1 KG),Legumes Frais,samedi,2024-05,A,14,292.25
POUDRE TENDERS PB,20.0,KG (1 KG),Volaille Surgelée,mardi,2024-05,B,14,42.0
POULET PANE AMANDE PB,80.0,PC (40 PC),Volaille Surgelée,mardi,2024-05,A,14,350.0
PUREE ANANAS 1 L,1.0,PC (1 L),Epicerie,mardi,2024-05,D,14,2.0
PUREE DE BANANE 1L,1.0,PC (1 L),Epicerie,mardi,2024-05,D,14,2.0
PUREE FRAISE 1.32KG MONIN,1.0,KG (1320 GR),Pâtisseries,mardi,2024-05,D,14,2.0
PUREE MANGUE 1L,2.0,PC (1 L),Epicerie,samedi,2024-05,D,14,2.0
RAME PAPIER A4,3.0,PC (1 PC),Fournitures de Bureau,lundi,2024-05,B,14,23.0
ROQUETTE SALADE BARQUETTE,1.0,KG (1 KG),Legumes Frais,mardi,2024-05,A,14,5.9
ROULEAU CAISSE 80*80,70.0,PC (1 PC),Fournitures de Bureau,mardi,2024-05,A,14,205.0
ROULEAU DE 750 ETIQUETTE BLANC,5.0,PC (1 PC),Consommable,lundi,2024-05,C,14,16.0
ROULEAU TPE,145.0,PC (1 PC),Fournitures de Bureau,samedi,2024-05,A,14,286.0
SAC BOUTIQUE GDISE HD 50/45 BLANC,350.0,PC,Consommable,jeudi,2024-05,D,14,1000.0
SAC EN PAPIER KRAFT 30/30/26,150.0,PC (1 PC),Consommable,dimanche,2024-05,C,14,150.0
SALADE LAITUE TUN,259.35,KG (1 KG),Legumes Frais,samedi,2024-05,A,14,393.7
SANEX,63.0,PC (1 PC),Hygiène,samedi,2024-05,A,14,100.0
SANIT SURF,20.0,PC (1 PC),Hygiène,dimanche,2024-05,A,14,51.0
SAUCE A L'AIL,3.0,PC,Epicerie,samedi,2024-05,B,14,12.0
SAUCE A L'AIL PB,10.0,L (1 KG),Epicerie,dimanche,2024-05,A,14,11.0
SAUCE BARBECUE PB,5.0,KG,Epicerie,vendredi,2024-05,D,14,15.0
SAUCE MAYONNAISE PESTO PB,10.0,L (1 L),Epicerie,dimanche,2024-05,A,14,11.0
SAUCE PESTO PB,4.0,KG (1 KG),Epicerie,dimanche,2024-05,A,14,5.0
SAUCE PLAN B 5KG,5.0,SEAU (1000 GR),Epicerie,dimanche,2024-05,B,14,25.0
SERPILLERE,82.0,PC (1 PC),Hygiène,samedi,2024-05,A,14,122.0
SERVIETTE 30*30 CIGUSTA,96.0,PC (1 PC),Consommable,dimanche,2024-05,B,14,192.0
SIROP DE NOISETTES GRILLEES 70CL MONIN,1.0,PC (700 ML),Pâtisseries,lundi,2024-05,D,14,2.0
SIROP DE VANILLE 1L MONIN,2.0,PC (700 ML),Pâtisseries,mardi,2024-05,C,14,3.0
SQUEEZE CREME  CHEDDAR 450GR,10.0,BTL (450 GR),Beurre Oeuf Fromage,mardi,2024-05,D,14,27.0
SUCRE EN SACHET CI-GUSTA,20.0,PC (1 PC),Cafe,mardi,2024-05,B,14,120.0
SUCRE EN SACHET DAILY BREAK,70.0,PC (1 KG),Cafe,dimanche,2024-05,A,14,230.0
THON EN BOITES,96.0,BTE (2.05 KG),Conserve de Poisson,samedi,2024-05,A,14,164.0
THYM MOULU,0.08,KG,Epicerie,lundi,2024-05,D,14,2.0
TIC TAC MENTHE,12.0,PC (1 PC),Epicerie,dimanche,2024-05,D,14,36.0
TIC TAC ORANGE,12.0,PC (1 PC),Epicerie,dimanche,2024-05,D,14,36.0
TIC TAC STRAWBERRY MIX,12.0,PC,Epicerie,dimanche,2024-05,D,14,60.0
TOMATE CERISES,9.45,KG (1 KG),Legumes Frais,samedi,2024-05,A,14,24.95
TOMATE FRAICHE,361.8,KG (1 KG),Legumes Frais,samedi,2024-05,A,14,526.85
TOMATES SECHEES,1.2,PC (1000 GR),Epicerie,samedi,2024-05,B,14,5.0
TOQUE CHEF,6.0,PC (1 PC),Hygiène,samedi,2024-05,C,14,6.0
VARIANTES,3.0,KG (1 KG),Legumes Frais,mardi,2024-05,D,14,10.0
VIANDE HACHEE SPECIAL RESTO,55.05,PC (1 KG),Viandes Fraiches,samedi,2024-05,A,14,191.07
VIANDE SECHE FUME (BRESAOLA) TRANCHES 300GR,8.7,KG (1000 GR),Viandes Fraiches,samedi,2024-05,A,14,11.0
VINAIGRE 1L,5.0,L (1000 GR),Epicerie,lundi,2024-05,D,14,12.0
VIPA ORIENTAL MIX 100 GR,16.0,PC (1 PC),Fruits Secs,samedi,2024-05,B,14,48.0
AGRAFFE,8.0,PC,Fournitures de Bureau,mercredi,2024-05,C,15,11.0
AIL,4.0,KG (1 KG),Legumes Frais,mardi,2024-05,B,15,8.3
AIL EN POUDRE,1.0,KG (1 KG),Fruits & Legumes Frais,samedi,2024-05,C,15,2.0
AJAX VITRE,13.0,PC (1 PC),Hygiène,mardi,2024-05,A,15,32.0
ALKASURF DDA 5KG,4.0,PC,Hygiène,jeudi,2024-05,D,15,15.0
AMANDE EFFILEE,1.0,PC (1 KG),Fruits Secs,mercredi,2024-05,B,15,4.0
AMANDES GRILEES SALEES 70GR,36.0,PC (1 PC),Fruits Secs,mardi,2024-05,B,15,84.0
AMSTEL BEER BLLE 33CL,343.0,BTL (1 BTL),Alcools,jeudi,2024-05,B,15,432.0
ASEPCLOR,5.0,PC (1 PC),Hygiène,vendredi,2024-05,A,15,60.0
AUBERGINE LEGUME,8.0,KG (1 KG),Legumes Frais,mercredi,2024-05,A,15,17.85
BACON BOEUF FUME TRANCHES ( 300GR),3.6,KG (1000 GR),Viandes Fraiches,mardi,2024-05,A,15,6.9
BACON DE DINDE TRANCHES (1 - 1.5 KG),20.0,KG (1 KG),Charcuterie,samedi,2024-05,B,15,43.0
BACTYGEL 703 CF,2.0,BTL (1 BTL),Hygiène,lundi,2024-05,B,15,4.0
BALAIS SANS MANCHE,2.0,PC (1 PC),Hygiène,mercredi,2024-05,C,15,9.0
BASILIC BARQUETTE,2.8,KG (1 KG),Legumes Frais,mercredi,2024-05,A,15,11.05
BEURRE MARGARINE  KG,27.0,PC (1 KG),Beurre Oeuf Fromage,mercredi,2024-05,C,15,40.5
BLOUSE NON TISSEE,2.0,PC (1 KG),Hygiène,jeudi,2024-05,C,15,36.0
BOGA CIDRE PET 30 CL,86.0,PC (1 PC),Eaux et Sodas,vendredi,2024-05,C,15,182.0
BOGA PET 30CL,72.0,PQT (1 PQT),Eaux et Sodas,vendredi,2024-05,B,15,261.0
BOITE FRAPPE VANILLE 1.36KG MONIN,1.0,KG (1 KG),Pâtisseries,lundi,2024-05,C,15,6.0
BOITE PIZZA 32 cm,100.0,PC (1 PC),Consommable,mercredi,2024-05,C,15,200.0
BOITE PIZZA ONDULEE 31/31,50.0,PC,Consommable,lundi,2024-05,C,15,200.0
BOUTEILLE DE VINAIGRETTE 250ML,10.0,PC (250 GR),Epicerie,mardi,2024-05,A,15,16.0
BROCHETTE BAMBOO 20,2.0,PC (1 PC),Consommable,mardi,2024-05,C,15,14.0
Beurre 200Gr,52.0,PC (200 GR),Beurre Oeuf Fromage,mardi,2024-05,C,15,83.0
CACAO EN POUDRE,1.0,PQT (0.25 KG),Cafe,mardi,2024-05,C,15,7.0
CAKE CHOCOLAT PBC,64.0,PC (1 PC),Viennoiserie,vendredi,2024-05,B,15,88.0
CAKE CITRON PBC,72.0,PC (1 PC),Viennoiserie,jeudi,2024-05,B,15,216.0
CAKE MARBRE MARGARINE,286.0,PC,Pâtisseries,mardi,2024-05,A,15,561.0
CAKE MARBRE PBC,187.0,PC (1 PC),Viennoiserie,jeudi,2024-05,A,15,363.0
CAKE NATURE MARGARINE,88.0,PC (1 PC),Pâtisseries,mercredi,2024-05,C,15,132.0
CAKE ORANGE PBC,72.0,PC (1 PC),Viennoiserie,mardi,2024-05,B,15,170.0
CAPRE VRAC,4.0,KG (1 KG),Legumes Frais,vendredi,2024-05,B,15,9.0
CAROTTE,28.75,KG (1 KG),Legumes Frais,mardi,2024-05,A,15,67.1
CAROTTE CAKE PBC,165.0,PC (1 PC),Viennoiserie,jeudi,2024-05,B,15,330.0
CELTIA FUT DE 50L,3.0,PC (50 L),Alcools,mardi,2024-05,B,15,6.0
CHAMPIGNON FRAIS BARQUETTE,15.0,KG (1 KG),Legumes Frais,mercredi,2024-05,A,15,34.5
CHAPLUR,7.0,PC (1 KG),Epicerie,mardi,2024-05,C,15,16.0
CHOCOLAT EN POUDRE,28.0,PC (0.2 KG),Cafe,vendredi,2024-05,A,15,86.0
CHOUX ROUGE,7.7,PC (1 PC),Legumes Frais,mardi,2024-05,A,15,9.6
CITRON,6.9,KG (1 KG),Legumes Frais,mercredi,2024-05,A,15,16.75
CITRON SALLE,7.0,KG (1 KG),Legumes Frais,vendredi,2024-05,B,15,28.0
COCA COLA PET 30CL,221.0,PQT (1 PQT),Eaux et Sodas,mardi,2024-05,B,15,435.0
COCA COLA ZERO 30 CL,107.0,PC (1 PC),Eaux et Sodas,mardi,2024-05,B,15,148.0
COFFRET CHECHIA AV SEP 16/16,50.0,PC (1 PC),Consommable,mercredi,2024-05,C,15,125.0
COFFRET PORTRAIT AV SEP 11.5/11.5,50.0,PC (1 PC),Consommable,mercredi,2024-05,C,15,175.0
COFFRET PORTRAIT AV SEP 19.5/19.5,50.0,PC (1 PC),Consommable,mercredi,2024-05,C,15,200.0
COFFRET PORTRAIT AV SEP24.5/14.5,50.0,PC (1 PC),Consommable,mercredi,2024-05,C,15,150.0
CONCOMBRE,80.35,KG (1 KG),Legumes Frais,mardi,2024-05,A,15,177.692
COOKIES,40.0,PC (1 PC),Viennoiserie,mercredi,2024-05,C,15,120.0
CORNICHON FRAIS,8.0,KG (1 KG),Legumes Frais,mardi,2024-05,B,15,12.0
COURGE,11.2,KG (1 KG),Legumes Frais,jeudi,2024-05,B,15,47.65
COURGETTE,13.25,KG (1 KG),Legumes Frais,mercredi,2024-05,A,15,28.6
COUSCOUS EN PAQUET,11.0,PC (1 PC),Epicerie,jeudi,2024-05,D,15,28.0
COUTEAU A PAIN 20CM,2.0,PC (1 PC),Accessoire & couvert,mardi,2024-05,C,15,5.0
COUVERCLE SANS TROU PET BOMBE 80MM,400.0,PC,Consommable,vendredi,2024-05,D,15,600.0
CREME A FOUETTER,8.0,PC (1 KG),Beurre Oeuf Fromage,mardi,2024-05,B,15,16.0
CREME A FOUETTER 1LT HOLE,10.0,PC (1 PC),GLACES,lundi,2024-05,C,15,31.0
CREME DE BALSAMIQUE,3.0,BTL (1 ML),Epicerie,lundi,2024-05,D,15,10.0
CREME DE CUISSON,6.0,L (0.95 L),Beurre Oeuf Fromage,mardi,2024-05,B,15,27.0
CUISSE DE POULET FRAIS,23.92,KG,Volaille Fraiche,mardi,2024-05,C,15,47.85
Citronnade La Classique 1LITRE,27.0,L (1 L),Jus Fruit Lait,mardi,2024-05,D,15,40.0
DADDY'S CHIPS CLASSIC SEL DE MER 70G,75.0,PC (1 PC),Epicerie,samedi,2024-05,A,15,225.0
DADDY'S CHIPS SAVORY TRUFFE PARMESAN 70G,75.0,PC (1 PC),Epicerie,mardi,2024-05,B,15,165.0
DADDY'S CHIPS SPICY PAPRIKA 70G,45.0,PC (1 PC),Epicerie,samedi,2024-05,A,15,165.0
DINOL,120.0,BIDON (1 KG),Hygiène,mardi,2024-05,A,15,135.0
EMINCE DE BOEUF PORT. SURGELE,21.0,KG (1000 GR),Viandes Surgelées,mardi,2024-05,A,15,79.49000000000001
ESCALOPE POULET FRAIS,253.13,PC (1 KG),Volaille Surgelée,mardi,2024-05,A,15,503.16
ESCALOPE POULET PANE CONGELE,9.03,KG,Volaille Surgelée,mercredi,2024-05,A,15,128.91
ESSUIT TOUT JUMBO,103.0,PC (1 KG),Hygiène,mardi,2024-05,A,15,157.0
FANTA PET 30CL,120.0,PC (1 PQT),Eaux et Sodas,vendredi,2024-05,B,15,312.0
FARINE EN PAQUET,54.0,PC (1 KG),Epicerie,mardi,2024-05,A,15,252.0
FESTIFE MIX 100 GR,24.0,PC (1 PC),Fruits Secs,vendredi,2024-05,C,15,32.0
FILM ETIRABLE 725GR,24.0,PC (1 GR),Consommable,mardi,2024-05,A,15,38.0
FRAISE FRAIS,52.5,KG (1 KG),Fruits & Legumes Frais,mardi,2024-05,A,15,64.35
FRITE SURGELE 9/9 CLASSIC 2.5 KG,192.0,KG (2.5 KG),Legumes Surgelés,mardi,2024-05,A,15,290.0
FROMAGE CHEDDAR EN BLOC,21.0,KG,Beurre Oeuf Fromage,jeudi,2024-05,A,15,65.0
FROMAGE EDAM MEULE,9.35,KG,Beurre Oeuf Fromage,vendredi,2024-05,B,15,35.622
FROMAGE GORGONZELA,0.45,PC (1 KG),Beurre Oeuf Fromage,mercredi,2024-05,A,15,13.0
FROMAGE LAND OR,13.4,PC (1 KG),Beurre Oeuf Fromage,mercredi,2024-05,A,15,25.4
FROMAGE MAASDAM EN BLOC PB,30.0,KG (1 KG),Beurre Oeuf Fromage,mardi,2024-05,A,15,65.5
FROMAGE MEULE GOUDA KG,14.352,KG (1 KG),Beurre Oeuf Fromage,jeudi,2024-05,A,15,32.932
FROMAGE MOZARELLA CARRE KG,90.0,KG (1 KG),Beurre Oeuf Fromage,mardi,2024-05,B,15,145.0
FROMAGE PARMESAN PB,0.6000000000000001,KG (0.2 KG),Beurre Oeuf Fromage,jeudi,2024-05,A,15,3.8
FROMAGE SICILIEN,2.938,KG (1 KG),Beurre Oeuf Fromage,dimanche,2024-05,D,15,5.946
FUT HEINEKEIN,180.0,PC (1 L),Alcools,mercredi,2024-05,B,15,240.0
GARCI GAZ P.E.T 1 L,239.0,L (1 GR),Eaux et Sodas,mardi,2024-05,A,15,344.0
GATEAU CHOCOLAT PBC,40.0,PC (1 PC),Viennoiserie,mardi,2024-05,B,15,100.0
GOBLET PP TRANSPARENT 200CC/80MM YOZEL,700.0,PC (1 PC),Consommable,vendredi,2024-05,D,15,700.0
GOBLET TRANS 0.5L,200.0,PC,Consommable,samedi,2024-05,D,15,1800.0
HARISSA 450G,10.0,BTE (1 BTE),Epicerie,mardi,2024-05,C,15,17.0
HARISSA 5/2,38.0,BOTTE (1 BTE),Epicerie,mercredi,2024-05,A,15,53.0
HUILE D'OLIVE POMACE,19.0,L,Epicerie,mardi,2024-05,B,15,28.5
HUILE VEGETALE 5L,53.0,L (5 PC),Epicerie,mardi,2024-05,A,15,54.0
JAMBON DE BOEUF FUME,10.5,KG (1 KG),Charcuterie,mardi,2024-05,A,15,18.1
JAMBON DE DINDE,16.0,PC (1 KG),Charcuterie,dimanche,2024-05,A,15,34.15
JEX CARRE,85.0,PC (1 PC),Hygiène,mardi,2024-05,A,15,180.0
KETCHUP BIDON 5L,19.0,PC (1 KG),Epicerie,mardi,2024-05,B,15,35.0
KINDER T4,60.0,PC (1 PC),Epicerie,vendredi,2024-05,B,15,180.0
LAVETTE COTON,130.0,PC (1 PC),Hygiène,mardi,2024-05,A,15,149.0
LEVURE BOULANGERE NORMALE,4.0,PC,Boulangerie_R,mercredi,2024-05,B,15,34.0
LEVURE CHIMIQUE,1.0,PC,Pâtisseries,mardi,2024-05,D,15,3.0
LOT CAFE GRAIN ESPRESSO ELITE 3,27.0,PC (1 KG),Cafe,mardi,2024-05,A,15,128.0
LOT CAFE GRAINS  PUR EXPRESS,48.0,KG,Cafe,mardi,2024-05,A,15,73.0
MAIS EN BOITE,17.7,KG,Viandes Surgelées,jeudi,2024-05,A,15,92.0
MAIS EN VRAC,3.0,PC (1 KG),Legumes Frais,mardi,2024-05,C,15,9.0
MARINADE POULET GRILLE 2KG PB,26.0,PC (1 KG),Volaille Surgelée,mardi,2024-05,A,15,36.0
MAYO 5L DEJ,135.0,KG (5000 GR),Beurre Oeuf Fromage,mardi,2024-05,A,15,170.0
MENTHE FRAICHE,3.8,PC (1 PC),Legumes Frais,mardi,2024-05,B,15,16.0
MENTOS ROLLS TUTTI FRUTTI,40.0,PC (1 PC),Epicerie,mardi,2024-05,D,15,80.0
MIX A CREPE FRANCAISE,40.0,SAC (1 SAC),Pâtisseries,samedi,2024-05,B,15,150.0
MOELLEUX CHOCOLAT,36.0,PC (1 PC),Viennoiserie,mardi,2024-05,C,15,108.0
MOUSSE CHOCOLAT,2.0,PC,Pâtisseries,vendredi,2024-05,D,15,4.0
MUFFINS VANILLE,48.0,PC (1 PC),Viennoiserie,mardi,2024-05,B,15,96.0
NAPPAGE,2.0,PC (1 PC),Pâtisseries,dimanche,2024-05,C,15,14.0
NOISETTE GRILLEE CONCASSEE,1.0,PC (1 KG),Fruits Secs,mardi,2024-05,D,15,3.0
NOIX DE CAJOU GRILLES SALEES 65GR,24.0,PC (1 PC),Fruits Secs,vendredi,2024-05,B,15,96.0
NUGGETS PANE PB,25.0,PC (1 PC),Volaille Surgelée,mardi,2024-05,A,15,275.0
OEUFS,41.0,PC (30 PC),Beurre Oeuf Fromage,mardi,2024-05,A,15,83.0
OIGNONS BLANC,93.4,KG (1 KG),Legumes Frais,mardi,2024-05,A,15,127.3
OIGNONS ROUGE,32.55,KG (1 KG),Legumes Frais,vendredi,2024-05,A,15,119.4
OLIVE DENOYETE,7.0,KG,Legumes Frais,mercredi,2024-05,B,15,35.0
OLIVE NOIRE SLICE,35.0,KG (1 KG),Legumes Frais,mardi,2024-05,B,15,35.0
OLIVE VIOLETTE,11.0,KG (1 KG),Legumes Frais,vendredi,2024-05,C,15,14.0
PACK FOOD BOWL + COUVERCLE 1.2 L,175.0,PC (1 PC),Consommable,mardi,2024-05,B,15,175.0
PAILLE ENVELOPPE 7.5MM COLORE,21.0,SCH (50 PC),Consommable,mercredi,2024-05,B,15,47.0
PAIN CHAWARMA *10,50.0,PQT (10 PC),Boulangerie_R,mardi,2024-05,A,15,115.0
PAIN DE MIE CEREALE,52.0,PC,Boulangerie_R,mercredi,2024-05,B,15,130.0
PAIN DE MIE NATURE,52.0,PC,Boulangerie_R,mardi,2024-05,B,15,130.0
PAIN SCHNECK AUX RAISINS SURG PUR BEURRE GF,300.0,PC (1 PC),Viennoiserie,mercredi,2024-05,B,15,1200.0
PAIN SHNEK AU RAISIN MARGARINE,250.0,PC (1 KG),Pâtisseries,mercredi,2024-05,C,15,700.0
PAPIER ALUM DE 100,3.0,PC (1 PC),Consommable,samedi,2024-05,B,15,9.0
PAPIER CUISSON 40*60,1.0,PC (500 PC),Consommable,dimanche,2024-05,C,15,4.0
PAPIER SERVIETTE GOURMANDISE,40.0,PC (1 PC),Consommable,lundi,2024-05,B,15,128.0
PAPRIKA DOUX,1.0,KG (1 KG),Fruits & Legumes Frais,samedi,2024-05,C,15,3.0
PATE PIZZA FOCACCIA 12/40,105.0,PC (1 PC),Boulangerie_R,mardi,2024-05,A,15,170.0
PATE PIZZA FOCACCIA D32 CM,40.0,PC (1 PC),Boulangerie_R,mercredi,2024-05,C,15,50.0
PATE PLUME COURTE,18.5,PC (1 KG),Epicerie,mardi,2024-05,B,15,58.0
PECHES,10.85,KG (1 KG),Fruits & Legumes Frais,mardi,2024-05,A,15,27.5
PEPITTE DE DECORATION NOIRE KG,1.8,KG (1000 GR),Epicerie,mardi,2024-05,D,15,8.5
PEPPERONI,1.2,KG (1 KG),Charcuterie,samedi,2024-05,A,15,4.8
PIECE RONDE BOEUF,6.75,KG (1 KG),Viandes Surgelées,mardi,2024-05,D,15,24.200000000000003
PILLE AA,7.0,PC (1 GR),Fournitures de Bureau,mercredi,2024-05,D,15,20.0
PIMENT DOUX,42.95,KG,Legumes Frais,mardi,2024-05,A,15,97.3
PIMENT FORT,61.2,KG (1 KG),Legumes Frais,mardi,2024-05,A,15,78.95
PIMENT ROUGE SALLE,5.0,KG (1 KG),Legumes Frais,vendredi,2024-05,B,15,20.0
PISTACHE CONCASSEE,1.0,PC (1000 GR),Fruits Secs,mardi,2024-05,C,15,4.0
POIVRE NOIR MOULU,1.0,PC (1 KG),Epicerie,mercredi,2024-05,B,15,3.0
POMME DE TERRE,149.95,KG (1 KG),Legumes Frais,mardi,2024-05,A,15,292.25
POUDRE TENDERS PB,20.0,KG (1 KG),Volaille Surgelée,jeudi,2024-05,B,15,42.0
POULET PANE AMANDE PB,120.0,PC (40 PC),Volaille Surgelée,mardi,2024-05,A,15,350.0
QUATRE EPICES MOULU,1.0,PC (1 KG),Epicerie,mardi,2024-05,C,15,3.0
RACLETTE,5.0,PC,Hygiène,jeudi,2024-05,B,15,7.0
RAME PAPIER A4,9.0,PC (1 PC),Fournitures de Bureau,mercredi,2024-05,B,15,23.0
ROQUETTE SALADE BARQUETTE,0.5,KG (1 KG),Legumes Frais,mercredi,2024-05,A,15,5.9
ROULEAU CAISSE 80*80,65.0,PC (1 PC),Fournitures de Bureau,vendredi,2024-05,A,15,205.0
ROULEAU DE 750 ETIQUETTE BLANC,2.0,PC,Consommable,lundi,2024-05,C,15,16.0
ROULEAU TPE,120.0,PC (1 PC),Fournitures de Bureau,jeudi,2024-05,A,15,286.0
SACHET CONGELATION,1.0,PC (1 KG),Consommable,jeudi,2024-05,D,15,10.0
SALADE LAITUE TUN,264.55,KG (1 KG),Legumes Frais,mardi,2024-05,A,15,393.7
SANEX,64.0,PC (1 PC),Hygiène,mardi,2024-05,A,15,100.0
SANIT SURF,23.0,PC (1 PC),Hygiène,mardi,2024-05,A,15,51.0
SAUCE A L'AIL,6.0,PC,Epicerie,jeudi,2024-05,B,15,12.0
SAUCE A L'AIL PB,10.0,L (1 KG),Epicerie,mardi,2024-05,A,15,11.0
SAUCE BARBECUE PB,5.0,KG,Epicerie,mardi,2024-05,D,15,15.0
SAUCE MAYONNAISE PESTO PB,10.0,L (1 L),Epicerie,mardi,2024-05,A,15,11.0
SAUCE PESTO PB,4.0,KG (1 KG),Epicerie,mardi,2024-05,A,15,5.0
SAUCE PLAN B 5KG,10.0,SEAU (1000 GR),Epicerie,samedi,2024-05,B,15,25.0
SEL FIN DE TABLE,12.0,PC (1 KG),Epicerie,lundi,2024-05,B,15,23.0
SERPILLERE,122.0,PC (1 PC),Hygiène,mardi,2024-05,A,15,122.0
SERVIETTE 30*30 CIGUSTA,48.0,PC,Consommable,jeudi,2024-05,B,15,192.0
SERVIETTE 30*30 MF,25.0,PQT (1 PQT),Consommable,lundi,2024-05,B,15,74.0
SIROP DE CARAMEL 1L MONIN,1.0,PC (1000 ML),Pâtisseries,mardi,2024-05,B,15,5.0
SQUEEZE CREME  CHEDDAR 450GR,10.0,BTL (450 GR),Beurre Oeuf Fromage,jeudi,2024-05,D,15,27.0
SUCRE EN SACHET CI-GUSTA,40.0,PC (1 PC),Cafe,vendredi,2024-05,B,15,120.0
SUCRE EN SACHET DAILY BREAK,160.0,PC (1 KG),Cafe,mardi,2024-05,A,15,230.0
SUCRE GLACE,14.0,PC (1 PC),Pâtisseries,mardi,2024-05,D,15,27.0
THON EN BOITES,90.0,BTE (2.05 KG),Conserve de Poisson,mercredi,2024-05,A,15,164.0
THYM MOULU,1.0,PC (1 KG),Epicerie,lundi,2024-05,D,15,2.0
TOMATE CERISES,7.15,KG (1 KG),Legumes Frais,mardi,2024-05,A,15,24.95
TOMATE CONCENTRE 4/4,12.0,PC,Epicerie,mercredi,2024-05,D,15,24.0
TOMATE FRAICHE,340.3,KG (1 KG),Legumes Frais,mardi,2024-05,A,15,526.85
TOMATES SECHEES,0.4,PC (1000 GR),Epicerie,dimanche,2024-05,B,15,5.0
TOQUE CHEF,2.0,PC (1 PC),Hygiène,mardi,2024-05,C,15,6.0
VIANDE HACHEE SPECIAL RESTO,48.8,PC (1 KG),Viandes Fraiches,mardi,2024-05,A,15,191.07
VIANDE SECHE FUME (BRESAOLA) TRANCHES 300GR,4.8,KG (1000 GR),Viandes Fraiches,mardi,2024-05,A,15,11.0
VINAIGRE 1L,7.0,L (1000 GR),Epicerie,lundi,2024-05,D,15,12.0
VIPA ORIENTAL MIX 100 GR,24.0,PC (1 PC),Fruits Secs,mardi,2024-05,B,15,48.0
sucre en buchette MF 10kg,10.0,KG,Epicerie,mardi,2024-05,C,15,10.0
AGRAFFE,8.0,PC (1 PC),Fournitures de Bureau,jeudi,2024-06,C,16,11.0
AIL,1.0,KG (1 KG),Legumes Frais,jeudi,2024-06,B,16,8.3
AJAX VITRE,19.0,PC (1 PC),Hygiène,samedi,2024-06,A,16,32.0
AMANDES GRILEES SALEES 70GR,36.0,PC (1 PC),Fruits Secs,jeudi,2024-06,B,16,84.0
AMSTEL BEER BLLE 33CL,186.0,BTL (1 BTL),Alcools,samedi,2024-06,B,16,432.0
ASEPCLOR,20.0,PC (1 PC),Hygiène,samedi,2024-06,A,16,60.0
AUBERGINE LEGUME,15.0,KG (1 KG),Legumes Frais,samedi,2024-06,A,16,17.85
BACON BOEUF FUME TRANCHES ( 300GR),2.1,KG (1000 GR),Viandes Fraiches,samedi,2024-06,A,16,6.9
BACON DE DINDE TRANCHES (1 - 1.5 KG),15.0,KG (1 KG),Charcuterie,lundi,2024-06,B,16,43.0
BASILIC BARQUETTE,4.5,KG (1 KG),Legumes Frais,vendredi,2024-05,A,16,11.05
BEURRE MARGARINE  KG,31.5,PC (1 KG),Beurre Oeuf Fromage,samedi,2024-06,C,16,40.5
BLOUSE NON TISSEE,6.0,PC (1 KG),Hygiène,lundi,2024-06,C,16,36.0
BOGA CIDRE PET 30 CL,182.0,PC (1 PC),Eaux et Sodas,samedi,2024-06,C,16,182.0
BOGA LIM PET 0.5,1.0,PC,Eaux et Sodas,vendredi,2024-05,A,16,479.0
BOGA PET 30CL,108.0,PQT (1 PQT),Eaux et Sodas,lundi,2024-06,B,16,261.0
BOITE D'ARCHIVE,6.0,PC (1 PC),Fournitures de Bureau,jeudi,2024-06,D,16,35.0
BOITE FRAPPE CAFE 1.36KG MONIN,1.0,BTE (1360 GR),Pâtisseries,dimanche,2024-06,C,16,6.0
BOITE FRAPPE VANILLE 1.36KG MONIN,1.0,KG (1 KG),Pâtisseries,samedi,2024-06,C,16,6.0
BOITE PIZZA ONDULEE 31/31,100.0,PC (1 PC),Consommable,samedi,2024-06,C,16,200.0
BOITE PIZZA PM CIG,200.0,PC (1 PC),Consommable,samedi,2024-06,B,16,500.0
BORGHELL,3.0,KG (1 KG),Epicerie,dimanche,2024-06,C,16,10.0
BOUTEILLE DE VINAIGRETTE 250ML,4.0,PC (250 GR),Epicerie,dimanche,2024-06,A,16,16.0
BROCHETTE BAMBOO 20,2.0,PC (1 PC),Consommable,vendredi,2024-05,C,16,14.0
Beurre 200Gr,29.0,PC (200 GR),Beurre Oeuf Fromage,lundi,2024-06,C,16,83.0
CACAHUETES GRILLEES SALEES 70GR,48.0,PC (1 PC),Fruits Secs,dimanche,2024-06,C,16,60.0
CACAO EN POUDRE,2.0,PQT (0.25 KG),Cafe,lundi,2024-06,C,16,7.0
CAKE CHOCOLAT PBC,32.0,PC (1 PC),Viennoiserie,dimanche,2024-06,B,16,88.0
CAKE CITRON PBC,69.0,PC (1 PC),Viennoiserie,dimanche,2024-06,B,16,216.0
CAKE MARBRE PBC,198.0,PC,Viennoiserie,dimanche,2024-06,A,16,363.0
CAKE ORANGE PBC,72.0,PC (1 PC),Viennoiserie,dimanche,2024-06,B,16,170.0
CAROTTE,21.5,KG (1 KG),Legumes Frais,samedi,2024-06,A,16,67.1
CAROTTE CAKE PBC,132.0,PC (1 PC),Viennoiserie,vendredi,2024-05,B,16,330.0
CELTIA FUT DE 50L,1.0,PC (50 L),Alcools,mardi,2024-06,B,16,6.0
CHAMPIGNON FRAIS BARQUETTE,12.0,KG (1 KG),Legumes Frais,mardi,2024-06,A,16,34.5
CHAPLUR,5.0,PC (1 KG),Epicerie,jeudi,2024-06,C,16,16.0
CHOCOLAT CHAUD EN POUDRE,1.0,KG (1 KG),Cafe,mardi,2024-06,B,16,7.0
CHOCOLAT EN POUDRE,57.0,PC (0.2 KG),Cafe,vendredi,2024-05,A,16,86.0
CHOUX ROUGE,3.2,PC (1 PC),Legumes Frais,mardi,2024-06,A,16,9.6
CHOUX VERT,1.2,KG (1 KG),Legumes Frais,samedi,2024-06,B,16,12.8
CITRON,9.4,KG (1 KG),Legumes Frais,dimanche,2024-06,A,16,16.75
CITRON SALLE,15.0,KG (1 KG),Legumes Frais,mercredi,2024-06,B,16,28.0
COCA COLA PET 30CL,289.0,PQT (1 PQT),Eaux et Sodas,samedi,2024-06,B,16,435.0
COCA COLA ZERO 30 CL,114.0,PC (1 PC),Eaux et Sodas,samedi,2024-06,B,16,148.0
COFFRET CHECHIA AV SEP 16/16,50.0,PC (1 PC),Consommable,lundi,2024-06,C,16,125.0
COFFRET PORTRAIT AV SEP 11.5/11.5,50.0,PC (1 PC),Consommable,lundi,2024-06,C,16,175.0
COFFRET PORTRAIT AV SEP24.5/14.5,50.0,PC (1 PC),Consommable,lundi,2024-06,C,16,150.0
CONCOMBRE,102.25,KG (1 KG),Legumes Frais,samedi,2024-06,A,16,177.692
CORNICHON FRAIS,10.0,KG (1 KG),Legumes Frais,samedi,2024-06,B,16,12.0
COURGE,24.05,KG (1 KG),Legumes Frais,lundi,2024-06,B,16,47.65
COURGETTE,22.7,KG,Legumes Frais,vendredi,2024-05,A,16,28.6
COUSCOUS EN PAQUET,5.0,PC (1 PC),Epicerie,mardi,2024-06,D,16,28.0
COUVERCLE SANS TROU PET BOMBE 80MM,150.0,PC,Consommable,lundi,2024-06,D,16,600.0
CREME A FOUETTER,5.0,PC (1 KG),Beurre Oeuf Fromage,dimanche,2024-06,B,16,16.0
CREME A FOUETTER 1LT HOLE,1.0,PC (1 PC),GLACES,dimanche,2024-06,C,16,31.0
CREME DE BALSAMIQUE,1.0,BTL (1 ML),Epicerie,mardi,2024-06,D,16,10.0
CREME DE CUISSON,6.0,L (0.95 L),Beurre Oeuf Fromage,samedi,2024-06,B,16,27.0
CUISSE DE POULET FRAIS,11.73,KG,Volaille Fraiche,mardi,2024-06,C,16,47.85
DADDY'S CHIPS CLASSIC SEL DE MER 70G,75.0,PC (1 PC),Epicerie,samedi,2024-06,A,16,225.0
DADDY'S CHIPS SAVORY TRUFFE PARMESAN 70G,45.0,PC (1 PC),Epicerie,dimanche,2024-06,B,16,165.0
DADDY'S CHIPS SPICY PAPRIKA 70G,90.0,PC (1 PC),Epicerie,samedi,2024-06,A,16,165.0
DINOL,90.0,BIDON (1 KG),Hygiène,samedi,2024-06,A,16,135.0
EMBALLAGE EN CARTON 30*12*6,100.0,PC (1 PC),Consommable,dimanche,2024-06,D,16,300.0
EMINCE DE BOEUF PORT. SURGELE,24.8,KG (1000 GR),Viandes Surgelées,vendredi,2024-05,A,16,79.49000000000001
ESCALOPE POULET FRAIS,342.24,PC (1 KG),Volaille Surgelée,samedi,2024-06,A,16,503.16
ESCALOPE POULET PANE CONGELE,79.34,KG (1 KG),Volaille Surgelée,samedi,2024-06,A,16,128.91
ESSUIES VERRES,2.0,PC,Hygiène,jeudi,2024-06,D,16,4.0
ESSUIT TOUT JUMBO,99.0,PC (1 KG),Hygiène,samedi,2024-06,A,16,157.0
FANTA PET 30CL,161.0,PC (1 PQT),Eaux et Sodas,samedi,2024-06,B,16,312.0
FARINE EN PAQUET,59.0,PC (1 KG),Epicerie,vendredi,2024-05,A,16,252.0
FILM ETIRABLE 725GR,21.0,PC (1 GR),Consommable,vendredi,2024-05,A,16,38.0
FRAISE FRAIS,35.7,KG (1 KG),Fruits & Legumes Frais,samedi,2024-06,A,16,64.35
FRITE SURGELE 9/9 CLASSIC 2.5 KG,178.0,KG (2.5 KG),Legumes Surgelés,vendredi,2024-05,A,16,290.0
FROMAGE CHEDDAR EN BLOC,20.0,KG (1 KG),Beurre Oeuf Fromage,dimanche,2024-06,A,16,65.0
FROMAGE EDAM MEULE,20.846,KG (1 KG),Beurre Oeuf Fromage,dimanche,2024-06,B,16,35.622
FROMAGE GORGONZELA,1.05,PC (1 KG),Beurre Oeuf Fromage,dimanche,2024-06,A,16,13.0
FROMAGE GOUTA,1.0,KG,Beurre Oeuf Fromage,mercredi,2024-06,C,16,16.0
FROMAGE LAND OR,25.4,PC (1 KG),Beurre Oeuf Fromage,samedi,2024-06,A,16,25.4
FROMAGE MAASDAM EN BLOC PB,35.0,KG (1 KG),Beurre Oeuf Fromage,dimanche,2024-06,A,16,65.5
FROMAGE MEULE GOUDA KG,19.78,KG (1 KG),Beurre Oeuf Fromage,samedi,2024-06,A,16,32.932
FROMAGE MOZARELLA CARRE KG,7.0,KG (1 KG),Beurre Oeuf Fromage,vendredi,2024-05,B,16,145.0
FROMAGE MOZZARELLA CARRE KG,143.0,KG (1 KG),Beurre Oeuf Fromage,samedi,2024-06,C,16,155.0
FROMAGE PARMESAN PB,1.2000000000000002,KG (0.2 KG),Beurre Oeuf Fromage,dimanche,2024-06,A,16,3.8
FUT HEINEKEIN,140.0,PC (1 L),Alcools,samedi,2024-06,B,16,240.0
GARCI GAZ P.E.T 1 L,332.0,L (1 GR),Eaux et Sodas,vendredi,2024-05,A,16,344.0
GATEAU CHOCOLAT PBC,40.0,PC (1 PC),Viennoiserie,lundi,2024-06,B,16,100.0
GOBLET PP TRANSPARENT 200CC/80MM YOZEL,300.0,PC,Consommable,mardi,2024-06,D,16,700.0
HARISSA 450G,8.0,BTE (1 BTE),Epicerie,vendredi,2024-05,C,16,17.0
HARISSA 5/2,38.0,BOTTE (1 BTE),Epicerie,vendredi,2024-05,A,16,53.0
HUILE D'OLIVE POMACE,14.25,L,Epicerie,samedi,2024-06,B,16,28.5
HUILE VEGETALE 5L,28.0,L (5 PC),Epicerie,vendredi,2024-05,A,16,54.0
JAMBON DE BOEUF FUME,10.6,KG (1 KG),Charcuterie,samedi,2024-06,A,16,18.1
JAMBON DE DINDE,29.05,PC (1 KG),Charcuterie,samedi,2024-06,A,16,34.15
JEX CARRE,51.0,PC (1 PC),Hygiène,samedi,2024-06,A,16,180.0
KETCHUP BIDON 5L,15.0,PC (1 KG),Epicerie,dimanche,2024-06,B,16,35.0
KINDER T4,40.0,PC (1 PC),Epicerie,samedi,2024-06,B,16,180.0
LAVETTE COTON,113.0,PC (1 PC),Hygiène,samedi,2024-06,A,16,149.0
LEVURE BOULANGERE NORMALE,2.0,PC,Boulangerie_R,samedi,2024-06,B,16,34.0
LEVURE CHIMIQUE,1.0,PC,Pâtisseries,lundi,2024-06,D,16,3.0
LOT CAFE GRAIN ESPRESSO ELITE 3,43.0,PC (1 KG),Cafe,samedi,2024-06,A,16,128.0
LOT CAFE GRAINS  PUR EXPRESS,44.0,KG,Cafe,vendredi,2024-05,A,16,73.0
MAIS EN BOITE,34.75,KG (1 KG),Viandes Surgelées,vendredi,2024-05,A,16,92.0
MAIS EN VRAC,1.0,PC (1 KG),Legumes Frais,lundi,2024-06,C,16,9.0
MARINADE EMINCE DE BOEUF 2KG,2.0,KG (1 KG),Epicerie,vendredi,2024-05,B,16,10.0
MARINADE POULET GRILLE 2KG PB,28.0,PC (1 KG),Volaille Surgelée,dimanche,2024-06,A,16,36.0
MAYO 5L DEJ,165.0,KG (5000 GR),Beurre Oeuf Fromage,vendredi,2024-05,A,16,170.0
MELANGE EPICES VIANDE 500GR PB,0.5,KG (1 KG),Epicerie,vendredi,2024-05,D,16,2.0
MELANGE TENDER 2KG PB,1.0,KG (1 KG),Epicerie,vendredi,2024-05,B,16,13.0
MENTHE SECHE,0.18,KG (1 KG),Epicerie,dimanche,2024-06,D,16,2.0
MENTOS ROLLS FRUIT FLAVOUR,40.0,PC (1 PC),Epicerie,dimanche,2024-06,D,16,80.0
MENTOS ROLLS MENTHE,80.0,PC (1 PC),Epicerie,dimanche,2024-06,D,16,80.0
MENTOS ROLLS RAINBOW,40.0,PC (1 PC),Epicerie,samedi,2024-06,D,16,120.0
MENTOS ROLLS TUTTI FRUTTI,40.0,PC (1 PC),Epicerie,samedi,2024-06,D,16,80.0
MIX A CREPE FRANCAISE,40.0,SAC (1 SAC),Pâtisseries,dimanche,2024-06,B,16,150.0
MOELLEUX CHOCOLAT,36.0,PC (1 PC),Viennoiserie,dimanche,2024-06,C,16,108.0
MOUSSE CHOCOLAT,4.0,PC (1 PC),Pâtisseries,vendredi,2024-05,D,16,4.0
MOUTARDE DIJON 840 GR,5.0,BTE (840 GR),Epicerie,samedi,2024-06,B,16,25.0
MUFFINS VANILLE,48.0,PC (1 PC),Viennoiserie,mardi,2024-06,B,16,96.0
NAPPAGE,1.0,PC (1 PC),Pâtisseries,lundi,2024-06,C,16,14.0
NOIX DE CAJOU GRILLES SALEES 65GR,60.0,PC (1 PC),Fruits Secs,dimanche,2024-06,B,16,96.0
NUGGETS PANE PB,50.0,PC (1 PC),Volaille Surgelée,samedi,2024-06,A,16,275.0
OEUFS,58.0,PC (30 PC),Beurre Oeuf Fromage,vendredi,2024-05,A,16,83.0
OIGNONS BLANC,52.5,KG (1 KG),Legumes Frais,vendredi,2024-05,A,16,127.3
OIGNONS ROUGE,61.7,KG (1 KG),Legumes Frais,samedi,2024-06,A,16,119.4
OLIVE DENOYETE,21.0,KG,Legumes Frais,samedi,2024-06,B,16,35.0
OLIVE NOIRE SLICE,7.0,KG (1 KG),Legumes Frais,vendredi,2024-06,B,16,35.0
OLIVE VIOLETTE,10.0,KG (1 KG),Legumes Frais,samedi,2024-06,C,16,14.0
PAILLE ENVELOPPE 7.5MM COLORE,4.0,SCH (50 PC),Consommable,mardi,2024-06,B,16,47.0
PAILLE NOIR,10.0,PQT (1000 PC),Consommable,samedi,2024-06,A,16,39.0
PAIN CHAWARMA *10,59.0,PQT (10 PC),Boulangerie_R,vendredi,2024-05,A,16,115.0
PAIN DE MIE NATURE,130.0,PC,Boulangerie_R,vendredi,2024-05,B,16,130.0
PAIN SCHNECK AUX RAISINS SURG PUR BEURRE GF,250.0,PC (1 PC),Viennoiserie,mardi,2024-06,B,16,1200.0
PAIN SHNEK AU RAISIN MARGARINE,275.0,PC (1 KG),Pâtisseries,mardi,2024-06,C,16,700.0
PAPIER ALUM DE 100,1.0,PC (1 PC),Consommable,dimanche,2024-06,B,16,9.0
PAPIER CUISSON 40*60,1.0,PC (500 PC),Consommable,vendredi,2024-06,C,16,4.0
PAPIER SERVIETTE GOURMANDISE,80.0,PC (1 PC),Consommable,dimanche,2024-06,B,16,128.0
PATE PIZZA FOCACCIA 12/40,115.0,PC,Boulangerie_R,vendredi,2024-05,A,16,170.0
PATE PIZZA FOCACCIA D32 CM,25.0,PC,Boulangerie_R,vendredi,2024-05,C,16,50.0
PECHES,11.35,KG (1 KG),Fruits & Legumes Frais,dimanche,2024-06,A,16,27.5
PEPITTE DE DECORATION NOIRE KG,1.985,KG (1000 GR),Epicerie,lundi,2024-06,D,16,8.5
PEPPERONI,1.5,KG (1 KG),Charcuterie,samedi,2024-06,A,16,4.8
PIMENT DOUX,44.95,KG (1 KG),Legumes Frais,lundi,2024-06,A,16,97.3
PIMENT FORT,48.6,KG (1 KG),Legumes Frais,vendredi,2024-05,A,16,78.95
PIMENT ROUGE SALLE,10.0,KG (1 KG),Legumes Frais,samedi,2024-06,B,16,20.0
POIS CHICHE KG,1.0,PC (1 PC),Legumes Secs,mardi,2024-06,C,16,8.0
POIVRE NOIR MOULU,2.0,PC (1 KG),Epicerie,samedi,2024-06,B,16,3.0
POMME DE TERRE,189.95,KG (1 KG),Legumes Frais,vendredi,2024-05,A,16,292.25
POUDRE TENDERS PB,25.0,KG (1 KG),Volaille Surgelée,samedi,2024-06,B,16,42.0
POULET PANE AMANDE PB,200.0,PC (40 PC),Volaille Surgelée,samedi,2024-06,A,16,350.0
RACLETTE,1.0,PC (1 PC),Hygiène,vendredi,2024-06,B,16,7.0
RAME PAPIER A4,7.0,PC (1 PC),Fournitures de Bureau,dimanche,2024-06,B,16,23.0
REMANENT HERBE CF,1.0,PC,Hygiène,mardi,2024-06,B,16,10.0
RIZ EN PAQUET,6.0,PC (1 PC),Epicerie,dimanche,2024-06,C,16,35.0
ROQUETTE SALADE BARQUETTE,3.6,KG,Legumes Frais,vendredi,2024-05,A,16,5.9
ROULEAU CAISSE 80*80,65.0,PC (1 PC),Fournitures de Bureau,dimanche,2024-06,A,16,205.0
ROULEAU DE 750 ETIQUETTE BLANC,2.0,PC (1 PC),Consommable,samedi,2024-06,C,16,16.0
ROULEAU TPE,150.0,PC (1 PC),Fournitures de Bureau,dimanche,2024-06,A,16,286.0
SACHET BRETELLES 38X60 MF,50.0,PC (1 PC),Consommable,samedi,2024-06,B,16,225.0
SACHET CONGELATION,3.0,PC (1 KG),Consommable,lundi,2024-06,D,16,10.0
SALADE LAITUE TUN,274.45,KG (1 KG),Legumes Frais,vendredi,2024-05,A,16,393.7
SANEX,68.0,PC (1 PC),Hygiène,samedi,2024-06,A,16,100.0
SANIT SURF,22.0,PC (1 PC),Hygiène,samedi,2024-06,A,16,51.0
SAUCE A L'AIL PB,8.0,L (1 KG),Epicerie,dimanche,2024-06,A,16,11.0
SAUCE AU POIVRE SAC 500GR PB,0.5,KG (1 SAC),Epicerie,vendredi,2024-05,B,16,5.0
SAUCE BARBECUE PB,5.0,KG,Epicerie,dimanche,2024-06,D,16,15.0
SAUCE MAYONNAISE PESTO PB,4.0,L (1 L),Epicerie,mardi,2024-06,A,16,11.0
SAUCE PESTO PB,3.0,KG (1 KG),Epicerie,mardi,2024-06,A,16,5.0
SAUCE PLAN B 5KG,15.0,SEAU (1000 GR),Epicerie,dimanche,2024-06,B,16,25.0
SCHWEPPES TONIC 24 CL,12.0,PC (1 PC),Eaux et Sodas,dimanche,2024-06,D,16,31.0
SEL FIN DE TABLE,5.0,PC (1 KG),Epicerie,samedi,2024-06,B,16,23.0
SERPILLERE,68.0,PC (1 PC),Hygiène,samedi,2024-06,A,16,122.0
SERVIETTE 30*30 CIGUSTA,96.0,PC,Consommable,dimanche,2024-06,B,16,192.0
SIROP DE CARAMEL 1L MONIN,1.0,PC (1000 ML),Pâtisseries,dimanche,2024-06,B,16,5.0
SUCRE EN SACHET CI-GUSTA,20.0,PC (1 PC),Cafe,mardi,2024-06,B,16,120.0
SUCRE EN SACHET DAILY BREAK,110.0,PC (1 KG),Cafe,samedi,2024-06,A,16,230.0
SUCRE GLACE,27.0,PC (1 PC),Pâtisseries,vendredi,2024-05,D,16,27.0
THON EN BOITES,100.0,BTE (2.05 KG),Conserve de Poisson,samedi,2024-06,A,16,164.0
TIC TAC MENTHE,12.0,PC (1 PC),Epicerie,dimanche,2024-06,D,16,36.0
TIC TAC ORANGE,12.0,PC (1 PC),Epicerie,dimanche,2024-06,D,16,36.0
TIC TAC SPEARMINT,12.0,PC (1 PC),Epicerie,dimanche,2024-06,D,16,60.0
TOMATE CERISES,8.5,KG (1 KG),Legumes Frais,vendredi,2024-05,A,16,24.95
TOMATE CONCENTRE 4/4,12.0,PC (1 PC),Epicerie,mardi,2024-06,D,16,24.0
TOMATE FRAICHE,366.05,KG (1 KG),Legumes Frais,vendredi,2024-05,A,16,526.85
TOMATES SECHEES,0.4,PC (1000 GR),Epicerie,dimanche,2024-06,B,16,5.0
VIANDE HACHEE SPECIAL RESTO,54.0,PC (1 KG),Viandes Fraiches,vendredi,2024-05,A,16,191.07
VIANDE SECHE FUME (BRESAOLA) TRANCHES 300GR,6.3,KG (1000 GR),Viandes Fraiches,samedi,2024-06,A,16,11.0
VINAIGRE 1L,9.0,L (1000 GR),Epicerie,samedi,2024-06,D,16,12.0
sucre en buchette MF 10kg,1.0,KG,Epicerie,vendredi,2024-05,C,16,10.0
AIL,2.05,KG (1 KG),Legumes Frais,mardi,2024-06,B,17,8.3
AIL EN POUDRE,1.0,KG (1 KG),Fruits & Legumes Frais,mardi,2024-06,C,17,2.0
AJAX VITRE,15.0,PC (1 PC),Hygiène,lundi,2024-06,A,17,32.0
AMANDE EFFILEE,1.0,PC (1 KG),Fruits Secs,dimanche,2024-06,B,17,4.0
AMANDES GRILEES SALEES 70GR,24.0,PC (1 PC),Fruits Secs,mardi,2024-06,B,17,84.0
AMSTEL BEER BLLE 33CL,189.0,BTL (1 BTL),Alcools,mardi,2024-06,B,17,432.0
ASEPCLOR,20.0,PC (1 PC),Hygiène,mardi,2024-06,A,17,60.0
AUBERGINE LEGUME,8.6,KG (1 KG),Legumes Frais,mercredi,2024-06,A,17,17.85
BACON BOEUF FUME TRANCHES ( 300GR),4.2,KG (1000 GR),Viandes Fraiches,mercredi,2024-06,A,17,6.9
BACON DE DINDE TRANCHES (1 - 1.5 KG),19.5,KG (1 KG),Charcuterie,vendredi,2024-06,B,17,43.0
BACTYGEL 703 CF,3.0,BTL (1 BTL),Hygiène,mercredi,2024-06,B,17,4.0
BALAIS SANS MANCHE,1.0,PC (1 PC),Hygiène,mardi,2024-06,C,17,9.0
BASILIC BARQUETTE,1.6,KG (1 KG),Legumes Frais,lundi,2024-06,A,17,11.05
BASILIC LA BOTTE,1.2,KG,Legumes Frais,mercredi,2024-06,C,17,3.2999
BEURRE MARGARINE  KG,13.5,PC (1 KG),Beurre Oeuf Fromage,lundi,2024-06,C,17,40.5
BISCUIT TUC,48.0,PC (1 PC),Epicerie,mardi,2024-06,D,17,120.0
BOGA CIDRE PET 30 CL,132.0,PC (1 PC),Eaux et Sodas,jeudi,2024-06,C,17,182.0
BOGA PET 30CL,72.0,PQT (1 PQT),Eaux et Sodas,vendredi,2024-06,B,17,261.0
BOITE PIZZA 32 cm,50.0,PC (1 PC),Consommable,mardi,2024-06,C,17,200.0
BOITE PIZZA ONDULEE 31/31,200.0,PC,Consommable,mardi,2024-06,C,17,200.0
BOITE PIZZA PM CIG,200.0,PC (1 PC),Consommable,lundi,2024-06,B,17,500.0
BOUTEILLE DE VINAIGRETTE 250ML,6.0,PC (250 GR),Epicerie,mardi,2024-06,A,17,16.0
Beurre 200Gr,12.0,PC (200 GR),Beurre Oeuf Fromage,jeudi,2024-06,C,17,83.0
CAKE CHOCOLAT PBC,24.0,PC (1 PC),Viennoiserie,mardi,2024-06,B,17,88.0
CAKE CITRON PBC,72.0,PC (1 PC),Viennoiserie,mardi,2024-06,B,17,216.0
CAKE MARBRE MARGARINE,341.0,PC (1 PC),Pâtisseries,jeudi,2024-06,A,17,561.0
CAKE MARBRE PBC,187.0,PC (1 PC),Viennoiserie,mardi,2024-06,A,17,363.0
CAKE NATURE MARGARINE,66.0,PC (1 PC),Pâtisseries,jeudi,2024-06,C,17,132.0
CAKE ORANGE PBC,36.0,PC (1 PC),Viennoiserie,mardi,2024-06,B,17,170.0
CAROTTE,24.15,KG (1 KG),Legumes Frais,jeudi,2024-06,A,17,67.1
CAROTTE CAKE PBC,121.0,PC (1 PC),Viennoiserie,mardi,2024-06,B,17,330.0
CELTIA FUT DE 50L,3.0,PC (50 L),Alcools,lundi,2024-06,B,17,6.0
CHAMPIGNON FRAIS BARQUETTE,11.0,KG (1 KG),Legumes Frais,samedi,2024-06,A,17,34.5
CHAPLUR,5.0,PC (1 KG),Epicerie,vendredi,2024-06,C,17,16.0
CHOCOLAT CHAUD EN POUDRE,5.0,KG (1 KG),Cafe,mardi,2024-06,B,17,7.0
CHOCOLAT EN POUDRE,28.0,PC (0.2 KG),Cafe,vendredi,2024-06,A,17,86.0
CHOUX ROUGE,4.65,PC (1 PC),Legumes Frais,mardi,2024-06,A,17,9.6
CHOUX VERT,3.1500000000000004,KG (1 KG),Legumes Frais,mardi,2024-06,B,17,12.8
CITRON,7.3,KG (1 KG),Legumes Frais,vendredi,2024-06,A,17,16.75
CITRON SALLE,14.0,KG (1 KG),Legumes Frais,mercredi,2024-06,B,17,28.0
COCA COLA PET 30CL,263.0,PQT (1 PQT),Eaux et Sodas,lundi,2024-06,B,17,435.0
COCA COLA ZERO 30 CL,80.0,PC (1 PC),Eaux et Sodas,vendredi,2024-06,B,17,148.0
COFFRET PORTRAIT AV SEP 11.5/11.5,100.0,PC (1 PC),Consommable,jeudi,2024-06,C,17,175.0
CONCOMBRE,83.8,KG (1 KG),Legumes Frais,mercredi,2024-06,A,17,177.692
COOKIES,40.0,PC,Viennoiserie,mardi,2024-06,C,17,120.0
CORNICHON FRAIS,2.0,KG (1 KG),Legumes Frais,lundi,2024-06,B,17,12.0
COURGE,19.6,KG (1 KG),Legumes Frais,mercredi,2024-06,B,17,47.65
COURGETTE,11.65,KG (1 KG),Legumes Frais,mardi,2024-06,A,17,28.6
COUSCOUS EN PAQUET,5.0,PC (1 PC),Epicerie,mercredi,2024-06,D,17,28.0
COUTEAU A PAIN 20CM,2.0,PC (1 PC),Accessoire & couvert,lundi,2024-06,C,17,5.0
CREME A FOUETTER,1.0,PC (1 KG),Beurre Oeuf Fromage,vendredi,2024-06,B,17,16.0
CREME A FOUETTER 1LT HOLE,12.0,PC,GLACES,lundi,2024-06,C,17,31.0
CREME DE BALSAMIQUE,2.0,BTL (1 ML),Epicerie,samedi,2024-06,D,17,10.0
CREME DE CUISSON,5.0,L (0.95 L),Beurre Oeuf Fromage,lundi,2024-06,B,17,27.0
CUISSE DE POULET FRAIS,22.450000000000003,KG (1 KG),Volaille Fraiche,mardi,2024-06,C,17,47.85
DADDY'S CHIPS CLASSIC SEL DE MER 70G,90.0,PC,Epicerie,mercredi,2024-06,A,17,225.0
DADDY'S CHIPS SAVORY TRUFFE PARMESAN 70G,30.0,PC (1 PC),Epicerie,mardi,2024-06,B,17,165.0
DADDY'S CHIPS SPICY PAPRIKA 70G,75.0,PC (1 PC),Epicerie,lundi,2024-06,A,17,165.0
DINOL,75.0,BIDON (1 KG),Hygiène,mardi,2024-06,A,17,135.0
EMINCE DE BOEUF PORT. SURGELE,21.8,KG (1000 GR),Viandes Surgelées,lundi,2024-06,A,17,79.49000000000001
ESCALOPE POULET FRAIS,220.57,PC (1 KG),Volaille Surgelée,mardi,2024-06,A,17,503.16
ESCALOPE POULET PANE CONGELE,58.47,KG (1 KG),Volaille Surgelée,jeudi,2024-06,A,17,128.91
ESSUIT TOUT JUMBO,93.0,PC (1 KG),Hygiène,lundi,2024-06,A,17,157.0
FANTA PET 30CL,156.0,PC (1 PQT),Eaux et Sodas,lundi,2024-06,B,17,312.0
FARINE EN PAQUET,64.0,PC (1 KG),Epicerie,lundi,2024-06,A,17,252.0
FILM ETIRABLE 725GR,23.0,PC (1 GR),Consommable,lundi,2024-06,A,17,38.0
FRITE SURGELE 9/9 CLASSIC 2.5 KG,180.0,KG (2.5 KG),Legumes Surgelés,lundi,2024-06,A,17,290.0
FROMAGE CHEDDAR EN BLOC,20.0,KG,Beurre Oeuf Fromage,mercredi,2024-06,A,17,65.0
FROMAGE EDAM MEULE,11.65,KG (1 KG),Beurre Oeuf Fromage,mardi,2024-06,B,17,35.622
FROMAGE GORGONZELA,0.9,PC (1 KG),Beurre Oeuf Fromage,mercredi,2024-06,A,17,13.0
FROMAGE LAND OR,16.25,PC (1 KG),Beurre Oeuf Fromage,mercredi,2024-06,A,17,25.4
FROMAGE MAASDAM EN BLOC PB,35.0,KG (1 KG),Beurre Oeuf Fromage,mercredi,2024-06,A,17,65.5
FROMAGE MEULE GOUDA KG,15.16,KG (1 KG),Beurre Oeuf Fromage,mardi,2024-06,A,17,32.932
FROMAGE MOZZARELLA CARRE KG,100.0,KG (1 KG),Beurre Oeuf Fromage,mardi,2024-06,C,17,155.0
FROMAGE PARMESAN PB,1.6,KG (0.2 KG),Beurre Oeuf Fromage,mercredi,2024-06,A,17,3.8
FUT HEINEKEIN,180.0,PC (1 L),Alcools,mardi,2024-06,B,17,240.0
GARCI GAZ P.E.T 1 L,227.0,L (1 GR),Eaux et Sodas,lundi,2024-06,A,17,344.0
GATEAU CHOCOLAT PBC,40.0,PC (1 PC),Viennoiserie,jeudi,2024-06,B,17,100.0
GOBLET PP TRANSPARENT 200CC/80MM YOZEL,400.0,PC (1 PC),Consommable,mardi,2024-06,D,17,700.0
HARISSA 450G,16.0,BTE (1 BTE),Epicerie,mardi,2024-06,C,17,17.0
HARISSA 5/2,37.0,BOTTE (1 BTE),Epicerie,lundi,2024-06,A,17,53.0
HUILE D'OLIVE POMACE,19.0,L,Epicerie,lundi,2024-06,B,17,28.5
HUILE VEGETALE 5L,42.0,L (5 PC),Epicerie,lundi,2024-06,A,17,54.0
JAMBON DE BOEUF FUME,8.05,KG (1 KG),Charcuterie,vendredi,2024-06,A,17,18.1
JAMBON DE DINDE,16.95,PC (1 KG),Charcuterie,mardi,2024-06,A,17,34.15
JEX CARRE,50.0,PC (1 PC),Hygiène,mardi,2024-06,A,17,180.0
KETCHUP BIDON 5L,10.0,PC (1 KG),Epicerie,jeudi,2024-06,B,17,35.0
KINDER T4,80.0,PC (1 PC),Epicerie,mardi,2024-06,B,17,180.0
LAVETTE COTON,96.0,PC (1 PC),Hygiène,lundi,2024-06,A,17,149.0
LEVURE BOULANGERE NORMALE,9.0,PC,Boulangerie_R,mardi,2024-06,B,17,34.0
LOT CAFE GRAIN ESPRESSO ELITE 3,39.0,PC (1 KG),Cafe,lundi,2024-06,A,17,128.0
LOT CAFE GRAINS  PUR EXPRESS,34.0,KG,Cafe,mardi,2024-06,A,17,73.0
MAIS EN BOITE,10.0,BTE (340 GR),Epicerie,mercredi,2024-06,A,17,92.0
MAIS EN VRAC,2.0,PC (1 KG),Legumes Frais,mardi,2024-06,C,17,9.0
MARINADE POULET GRILLE 2KG PB,18.0,PC (1 KG),Volaille Surgelée,mardi,2024-06,A,17,36.0
MAYO 5L DEJ,100.0,KG (5000 GR),Beurre Oeuf Fromage,mardi,2024-06,A,17,170.0
MENTHE SECHE,0.3,KG (1 KG),Epicerie,mardi,2024-06,D,17,2.0
MIX A CREPE FRANCAISE,80.0,SAC (1 SAC),Pâtisseries,lundi,2024-06,B,17,150.0
MOUSSE CHOCOLAT,3.0,PC (1 PC),Pâtisseries,mardi,2024-06,D,17,4.0
MOUTARDE DIJON 840 GR,6.0,BTE (840 GR),Epicerie,mardi,2024-06,B,17,25.0
MUFFINS VANILLE,24.0,PC (1 PC),Viennoiserie,mardi,2024-06,B,17,96.0
NAPPAGE,1.0,PC,Pâtisseries,dimanche,2024-06,C,17,14.0
NOIX DE CAJOU GRILLES SALEES 65GR,36.0,PC (1 PC),Fruits Secs,mardi,2024-06,B,17,96.0
NUGGETS PANE PB,100.0,PC (1 PC),Volaille Surgelée,mardi,2024-06,A,17,275.0
OEUFS,46.0,PC (30 PC),Beurre Oeuf Fromage,lundi,2024-06,A,17,83.0
OIGNONS BLANC,83.85,KG (1 KG),Legumes Frais,lundi,2024-06,A,17,127.3
OIGNONS ROUGE,51.95,KG (1 KG),Legumes Frais,lundi,2024-06,A,17,119.4
OLIVE DENOYETE,7.0,KG (1 KG),Legumes Frais,mercredi,2024-06,B,17,35.0
PACK FOOD BOWL + COUVERCLE 1.2 L,100.0,PC (1 PC),Consommable,mardi,2024-06,B,17,175.0
PAILLE NOIR,1.0,PQT (1000 PC),Consommable,lundi,2024-06,A,17,39.0
PAIN CHAWARMA *10,53.0,PQT (10 PC),Boulangerie_R,lundi,2024-06,A,17,115.0
PAIN DE MIE CEREALE,78.0,PC,Boulangerie_R,lundi,2024-06,B,17,130.0
PAIN DE MIE NATURE,26.0,PC (1 PC),Boulangerie_R,mercredi,2024-06,B,17,130.0
PAIN SCHNECK AUX RAISINS SURG PUR BEURRE GF,200.0,PC (1 PC),Viennoiserie,vendredi,2024-06,B,17,1200.0
PAIN SHNEK AU RAISIN MARGARINE,200.0,PC (1 KG),Pâtisseries,vendredi,2024-06,C,17,700.0
PAPIER ALUM DE 100,5.0,PC (1 PC),Consommable,lundi,2024-06,B,17,9.0
PAPIER SERVIETTE GOURMANDISE,80.0,PC (1 PC),Consommable,jeudi,2024-06,B,17,128.0
PAPRIKA FORT,1.0,KG (1 KG),Epicerie,jeudi,2024-06,C,17,3.0
PATE PIZZA FOCACCIA 12/40,90.0,PC (1 PC),Boulangerie_R,mardi,2024-06,A,17,170.0
PATE PIZZA FOCACCIA D32 CM,10.0,PC (1 PC),Boulangerie_R,mercredi,2024-06,C,17,50.0
PATE PLUME COURTE,5.0,PC (1 KG),Epicerie,mardi,2024-06,B,17,58.0
PATE SPAGHETTI,3.0,PC (1 PC),Epicerie,mardi,2024-06,B,17,74.0
PECHES,15.45,KG (1 KG),Fruits & Legumes Frais,lundi,2024-06,A,17,27.5
PEPITTE DE DECORATION NOIRE KG,1.5,KG (1000 GR),Epicerie,vendredi,2024-06,D,17,8.5
PEPPERONI,1.7999999999999998,KG (1 KG),Charcuterie,lundi,2024-06,A,17,4.8
PIECE RONDE BOEUF,5.1,KG (1 KG),Viandes Surgelées,mardi,2024-06,D,17,24.200000000000003
PIMENT DOUX,44.2,KG (1 KG),Legumes Frais,lundi,2024-06,A,17,97.3
PIMENT FORT,37.65,KG (1 KG),Legumes Frais,mardi,2024-06,A,17,78.95
POCHETTE CROISSANT 15*7*29,2.0,PC (1000 PC),Consommable,jeudi,2024-06,C,17,4.0
POIS CHICHE KG,2.0,PC,Legumes Secs,mercredi,2024-06,C,17,8.0
POMME DE TERRE,179.45,KG (1 KG),Legumes Frais,lundi,2024-06,A,17,292.25
POT NUTELLA 3 KG,3.0,POT (3 KG),Epicerie,jeudi,2024-06,C,17,31.0
POUDRE TENDERS PB,20.0,KG (1 KG),Volaille Surgelée,vendredi,2024-06,B,17,42.0
POULET PANE AMANDE PB,160.0,PC (40 PC),Volaille Surgelée,mardi,2024-06,A,17,350.0
RAME PAPIER A4,2.0,PC (1 PC),Fournitures de Bureau,dimanche,2024-06,B,17,23.0
REMANENT HERBE CF,1.0,PC (1 PC),Hygiène,jeudi,2024-06,B,17,10.0
ROQUETTE SALADE BARQUETTE,0.95,KG (1 KG),Legumes Frais,lundi,2024-06,A,17,5.9
ROULEAU CAISSE 80*80,110.0,PC (1 PC),Fournitures de Bureau,lundi,2024-06,A,17,205.0
ROULEAU DE 750 ETIQUETTE BLANC,2.0,PC (1 PC),Consommable,jeudi,2024-06,C,17,16.0
ROULEAU TPE,135.0,PC (1 PC),Fournitures de Bureau,mardi,2024-06,A,17,286.0
SAC BOUTIQUE GDISE HD 50/45 BLANC,100.0,PC (1 PC),Consommable,jeudi,2024-06,D,17,1000.0
SACHET BRETELLES 38X60 MF,150.0,PC (1 PC),Consommable,lundi,2024-06,B,17,225.0
SALADE LAITUE TUN,282.55,KG (1 KG),Legumes Frais,lundi,2024-06,A,17,393.7
SANEX,24.0,PC (1 PC),Hygiène,vendredi,2024-06,A,17,100.0
SANIT SURF,20.0,PC (1 PC),Hygiène,lundi,2024-06,A,17,51.0
SAUCE A L'AIL,6.0,PC,Epicerie,mercredi,2024-06,B,17,12.0
SAUCE A L'AIL PB,8.0,L (1 KG),Epicerie,mardi,2024-06,A,17,11.0
SAUCE BARBECUE PB,5.0,KG,Epicerie,mardi,2024-06,D,17,15.0
SAUCE MAYONNAISE PESTO PB,7.0,L (1 L),Epicerie,mardi,2024-06,A,17,11.0
SAUCE PESTO PB,4.0,KG (1 KG),Epicerie,mardi,2024-06,A,17,5.0
SAUCE PLAN B 5KG,10.0,SEAU (1000 GR),Epicerie,mardi,2024-06,B,17,25.0
SEL FIN DE TABLE,2.0,PC (1 KG),Epicerie,mardi,2024-06,B,17,23.0
SERPILLERE,72.0,PC (1 PC),Hygiène,lundi,2024-06,A,17,122.0
SERVIETTE 30*30 CIGUSTA,48.0,PC (1 PC),Consommable,lundi,2024-06,B,17,192.0
SQUEEZE CREME  CHEDDAR 450GR,10.0,BTL (450 GR),Beurre Oeuf Fromage,samedi,2024-06,D,17,27.0
SUCRE EN SACHET CI-GUSTA,20.0,PC (1 PC),Cafe,lundi,2024-06,B,17,120.0
SUCRE EN SACHET DAILY BREAK,120.0,PC (1 KG),Cafe,lundi,2024-06,A,17,230.0
THON EN BOITES,90.0,BTE (2.05 KG),Conserve de Poisson,mardi,2024-06,A,17,164.0
THYM MOULU,1.0,PC (1 KG),Epicerie,mardi,2024-06,D,17,2.0
TIC TAC MENTHE,24.0,PC (1 PC),Epicerie,mardi,2024-06,D,17,36.0
TIC TAC ORANGE,24.0,PC (1 PC),Epicerie,mardi,2024-06,D,17,36.0
TIC TAC SPEARMINT,24.0,PC,Epicerie,mardi,2024-06,D,17,60.0
TOMATE CERISES,9.25,KG (1 KG),Legumes Frais,mardi,2024-06,A,17,24.95
TOMATE FRAICHE,306.35,KG (1 KG),Legumes Frais,lundi,2024-06,A,17,526.85
TOQUE CHEF,3.0,PC (1 PC),Hygiène,mardi,2024-06,C,17,6.0
VARIANTES,3.0,KG (1 KG),Legumes Frais,mardi,2024-06,D,17,10.0
VIANDE HACHEE SPECIAL RESTO,52.25,PC (1 KG),Viandes Fraiches,lundi,2024-06,A,17,191.07
VIANDE SECHE FUME (BRESAOLA) TRANCHES 300GR,3.9,KG (1000 GR),Viandes Fraiches,mercredi,2024-06,A,17,11.0
VINAIGRE 1L,5.0,L (1000 GR),Epicerie,mercredi,2024-06,D,17,12.0
sucre en buchette MF 10kg,1.0,KG,Epicerie,samedi,2024-06,C,17,10.0
AGRAFFE,2.0,PC (1 PC),Fournitures de Bureau,mercredi,2024-06,C,18,11.0
AIL,0.95,KG (1 KG),Legumes Frais,mercredi,2024-06,B,18,8.3
AJAX VITRE,22.0,PC (1 PC),Hygiène,jeudi,2024-06,A,18,32.0
AMANDE EFFILEE,3.0,PC (1 KG),Fruits Secs,jeudi,2024-06,B,18,4.0
AMANDES GRILEES SALEES 70GR,36.0,PC (1 PC),Fruits Secs,mercredi,2024-06,B,18,84.0
AMSTEL BEER BLLE 33CL,362.0,BTL (1 BTL),Alcools,vendredi,2024-06,B,18,432.0
ASEPCLOR,10.0,PC (1 PC),Hygiène,mardi,2024-06,A,18,60.0
AUBERGINE LEGUME,5.15,KG (1 KG),Legumes Frais,lundi,2024-06,A,18,17.85
BACON BOEUF FUME TRANCHES ( 300GR),3.3,KG (1000 GR),Viandes Fraiches,dimanche,2024-06,A,18,6.9
BACON DE DINDE TRANCHES (1 - 1.5 KG),35.0,KG (1 KG),Charcuterie,vendredi,2024-06,B,18,43.0
BACTYGEL 703 CF,1.0,BTL (1 BTL),Hygiène,lundi,2024-06,B,18,4.0
BANANE,102.0,KG (1 PC),Fruits & Legumes Frais,samedi,2024-06,A,18,155.0
BASILIC BARQUETTE,1.9,KG (1 KG),Legumes Frais,lundi,2024-06,A,18,11.05
BASILIC LA BOTTE,2.15,KG (1 KG),Legumes Frais,vendredi,2024-06,C,18,3.2999
BEURRE MARGARINE  KG,36.0,PC (1 KG),Beurre Oeuf Fromage,vendredi,2024-06,C,18,40.5
BLOUSE NON TISSEE,5.0,PC (1 KG),Hygiène,jeudi,2024-06,C,18,36.0
BOGA CIDRE PET 30 CL,106.0,PC (1 PC),Eaux et Sodas,vendredi,2024-06,C,18,182.0
BOGA PET 30CL,144.0,PQT,Eaux et Sodas,vendredi,2024-06,B,18,261.0
BOITE FRAPPE VANILLE 1.36KG MONIN,2.0,KG (1 KG),Pâtisseries,vendredi,2024-06,C,18,6.0
BOITE PIZZA 32 cm,200.0,PC,Consommable,dimanche,2024-06,C,18,200.0
BOITE PIZZA ONDULEE 31/31,100.0,PC (1 PC),Consommable,dimanche,2024-06,C,18,200.0
BOITE PIZZA PM CIG,100.0,PC (1 PC),Consommable,samedi,2024-06,B,18,500.0
BORGHELL,2.0,KG (1 KG),Epicerie,samedi,2024-06,C,18,10.0
BOUTEILLE DE VINAIGRETTE 250ML,16.0,PC (250 GR),Epicerie,jeudi,2024-06,A,18,16.0
BROCHETTE BAMBOO 20,1.0,SCH (100 PC),Consommable,mardi,2024-06,C,18,14.0
Beurre 200Gr,22.0,PC (200 GR),Beurre Oeuf Fromage,jeudi,2024-06,C,18,83.0
CAKE CHOCOLAT PBC,56.0,PC (1 PC),Viennoiserie,vendredi,2024-06,B,18,88.0
CAKE CITRON PBC,111.0,PC (1 PC),Viennoiserie,vendredi,2024-06,B,18,216.0
CAKE MARBRE MARGARINE,143.0,PC (1 PC),Pâtisseries,jeudi,2024-06,A,18,561.0
CAKE MARBRE PBC,231.0,PC (1 PC),Viennoiserie,vendredi,2024-06,A,18,363.0
CAKE ORANGE PBC,108.0,PC (1 PC),Viennoiserie,vendredi,2024-06,B,18,170.0
CAPRE VRAC,5.0,KG (1 KG),Legumes Frais,vendredi,2024-06,B,18,9.0
CAROTTE,25.5,KG (1 KG),Legumes Frais,samedi,2024-06,A,18,67.1
CAROTTE CAKE PBC,154.0,PC (1 PC),Viennoiserie,vendredi,2024-06,B,18,330.0
CELTIA FUT DE 50L,1.0,PC (50 L),Alcools,vendredi,2024-06,B,18,6.0
CHAMPIGNON FRAIS BARQUETTE,34.5,KG (1 KG),Legumes Frais,vendredi,2024-06,A,18,34.5
CHAPLUR,5.0,PC (1 KG),Epicerie,samedi,2024-06,C,18,16.0
CHOCOLAT CHAUD EN POUDRE,2.0,KG (1 KG),Cafe,vendredi,2024-06,B,18,7.0
CHOCOLAT EN POUDRE,51.0,PC (0.2 KG),Cafe,vendredi,2024-06,A,18,86.0
CHOUX ROUGE,4.8,PC (1 PC),Legumes Frais,vendredi,2024-06,A,18,9.6
CHOUX VERT,3.2,KG (1 KG),Legumes Frais,vendredi,2024-06,B,18,12.8
CITRON,7.6,KG (1 KG),Legumes Frais,vendredi,2024-06,A,18,16.75
CITRON SALLE,12.0,KG (1 KG),Legumes Frais,jeudi,2024-06,B,18,28.0
COCA COLA PET 30CL,252.0,PQT,Eaux et Sodas,vendredi,2024-06,B,18,435.0
COCA COLA ZERO 30 CL,36.0,PC (1 PC),Eaux et Sodas,lundi,2024-06,B,18,148.0
COFFRET CHECHIA AV SEP 16/16,100.0,PC (1 PC),Consommable,jeudi,2024-06,C,18,125.0
COFFRET PORTRAIT AV SEP 11.5/11.5,170.0,PC (1 PC),Consommable,samedi,2024-06,C,18,175.0
COFFRET PORTRAIT AV SEP 19.5/19.5,200.0,PC (1 PC),Consommable,samedi,2024-06,C,18,200.0
COFFRET PORTRAIT AV SEP24.5/14.5,150.0,PC (1 PC),Consommable,samedi,2024-06,C,18,150.0
CONCOMBRE,93.45,KG (1 KG),Legumes Frais,vendredi,2024-06,A,18,177.692
COOKIES,40.0,PC,Viennoiserie,mardi,2024-06,C,18,120.0
CORNICHON FRAIS,12.0,KG,Legumes Frais,jeudi,2024-06,B,18,12.0
COURGE,24.6,KG (1 KG),Legumes Frais,vendredi,2024-06,B,18,47.65
COURGETTE,9.2,KG (1 KG),Legumes Frais,lundi,2024-06,A,18,28.6
COUSCOUS EN PAQUET,10.0,PC (1 PC),Epicerie,jeudi,2024-06,D,18,28.0
COUTEAU A PAIN 20CM,2.0,PC,Accessoire & couvert,mercredi,2024-06,C,18,5.0
CREME A FOUETTER,1.0,PC (1 KG),Beurre Oeuf Fromage,vendredi,2024-06,B,18,16.0
CREME A FOUETTER 1LT HOLE,7.0,PC,GLACES,lundi,2024-06,C,18,31.0
CREME DE BALSAMIQUE,1.0,BTL (1 ML),Epicerie,vendredi,2024-06,D,18,10.0
CREME DE CUISSON,2.0,L (0.95 L),Beurre Oeuf Fromage,mardi,2024-06,B,18,27.0
CUISSE DE POULET FRAIS,22.07,KG (1 KG),Volaille Fraiche,lundi,2024-06,C,18,47.85
DADDY'S CHIPS CLASSIC SEL DE MER 70G,105.0,PC (1 PC),Epicerie,vendredi,2024-06,A,18,225.0
DADDY'S CHIPS SAVORY TRUFFE PARMESAN 70G,45.0,PC (1 PC),Epicerie,vendredi,2024-06,B,18,165.0
DADDY'S CHIPS SPICY PAPRIKA 70G,30.0,PC (1 PC),Epicerie,vendredi,2024-06,A,18,165.0
DATTE EN VRAC,2.0,KG (1 KG),Fruits & Legumes Frais,dimanche,2024-06,B,18,18.3
DINOL,90.0,BIDON (1 KG),Hygiène,vendredi,2024-06,A,18,135.0
EMBALLAGE EN CARTON 30*12*6,50.0,PC (1 PC),Consommable,samedi,2024-06,D,18,300.0
EMINCE DE BOEUF PORT. SURGELE,34.665,KG (1000 GR),Viandes Surgelées,jeudi,2024-06,A,18,79.49000000000001
ESCALOPE POULET FRAIS,462.81,PC (1 KG),Volaille Surgelée,jeudi,2024-06,A,18,503.16
ESCALOPE POULET PANE CONGELE,62.48,KG (1 KG),Volaille Surgelée,vendredi,2024-06,A,18,128.91
ESSUIT TOUT JUMBO,117.0,PC (1 KG),Hygiène,jeudi,2024-06,A,18,157.0
FANTA PET 30CL,144.0,PC (1 PQT),Eaux et Sodas,vendredi,2024-06,B,18,312.0
FARINE EN PAQUET,87.0,PC (1 KG),Epicerie,vendredi,2024-06,A,18,252.0
FILM ETIRABLE 725GR,30.0,PC (1 GR),Consommable,vendredi,2024-06,A,18,38.0
FRITE SURGELE 9/9 CLASSIC 2.5 KG,210.0,KG (2.5 KG),Legumes Surgelés,jeudi,2024-06,A,18,290.0
FROMAGE CHEDDAR EN BLOC,25.0,KG,Beurre Oeuf Fromage,vendredi,2024-06,A,18,65.0
FROMAGE EDAM MEULE,15.45,KG,Beurre Oeuf Fromage,samedi,2024-06,B,18,35.622
FROMAGE GORGONZELA,0.8999999999999999,PC (1 KG),Beurre Oeuf Fromage,dimanche,2024-06,A,18,13.0
FROMAGE GOUTA,0.33,KG,Beurre Oeuf Fromage,jeudi,2024-06,C,18,16.0
FROMAGE LAND OR,23.35,PC (1 KG),Beurre Oeuf Fromage,jeudi,2024-06,A,18,25.4
FROMAGE MAASDAM EN BLOC PB,40.0,KG (1 KG),Beurre Oeuf Fromage,vendredi,2024-06,A,18,65.5
FROMAGE MEULE GOUDA KG,17.8,KG (1 KG),Beurre Oeuf Fromage,lundi,2024-06,A,18,32.932
FROMAGE MOZZARELLA CARRE KG,130.0,KG (1 KG),Beurre Oeuf Fromage,vendredi,2024-06,C,18,155.0
FROMAGE PARMESAN PB,1.6,KG (0.2 KG),Beurre Oeuf Fromage,vendredi,2024-06,A,18,3.8
FUT HEINEKEIN,100.0,PC (1 L),Alcools,dimanche,2024-06,B,18,240.0
GARCI GAZ P.E.T 1 L,289.0,L (1 GR),Eaux et Sodas,jeudi,2024-06,A,18,344.0
GATEAU CHOCOLAT PBC,60.0,PC (1 PC),Viennoiserie,vendredi,2024-06,B,18,100.0
GOBLET PP TRANSPARENT 200CC/80MM YOZEL,400.0,PC,Consommable,lundi,2024-06,D,18,700.0
HARISSA 450G,15.0,BTE,Epicerie,mercredi,2024-06,C,18,17.0
HARISSA 5/2,52.0,BOTTE (1 BTE),Epicerie,samedi,2024-06,A,18,53.0
HUILE D'OLIVE POMACE,23.75,L,Epicerie,vendredi,2024-06,B,18,28.5
HUILE VEGETALE 5L,45.0,L (5 PC),Epicerie,jeudi,2024-06,A,18,54.0
JAMBON DE BOEUF FUME,8.55,KG (1 KG),Charcuterie,vendredi,2024-06,A,18,18.1
JAMBON DE DINDE,34.15,PC (1 KG),Charcuterie,vendredi,2024-06,A,18,34.15
JEX CARRE,74.0,PC (1 PC),Hygiène,vendredi,2024-06,A,18,180.0
JOUR ET NUIT BLANC 1/2,52.0,PC (1 PC),Alcools,mercredi,2024-06,C,18,52.0
JOUR ET NUIT ROSE 1/2,52.0,PC (1 PC),Alcools,mercredi,2024-06,B,18,52.0
JOUR ET NUIT ROUGE 1/2,48.0,PC (1 PC),Alcools,mercredi,2024-06,C,18,48.0
JOUR ET NUIT3/4 BLANC,30.0,PC (1 PC),Alcools,mercredi,2024-06,C,18,30.0
KETCHUP BIDON 5L,15.0,PC (1 KG),Epicerie,lundi,2024-06,B,18,35.0
KINDER T4,60.0,PC (1 PC),Epicerie,vendredi,2024-06,B,18,180.0
LAVETTE COTON,110.0,PC (1 PC),Hygiène,vendredi,2024-06,A,18,149.0
LEVURE BOULANGERE NORMALE,15.0,PC (1 PC),Boulangerie_R,samedi,2024-06,B,18,34.0
LOT CAFE GRAIN ESPRESSO ELITE 3,67.0,PC (1 KG),Cafe,vendredi,2024-06,A,18,128.0
LOT CAFE GRAINS  PUR EXPRESS,25.0,KG,Cafe,jeudi,2024-06,A,18,73.0
MAIS EN BOITE,50.7,KG (1 KG),Viandes Surgelées,jeudi,2024-06,A,18,92.0
MAIS EN VRAC,1.0,PC (1 KG),Legumes Frais,jeudi,2024-06,C,18,9.0
MARINADE EMINCE DE BOEUF 2KG,8.0,KG (1 KG),Epicerie,jeudi,2024-06,B,18,10.0
MARINADE POULET GRILLE 2KG PB,34.0,PC (1 KG),Volaille Surgelée,jeudi,2024-06,A,18,36.0
MAYO 5L DEJ,170.0,KG (5000 GR),Beurre Oeuf Fromage,vendredi,2024-06,A,18,170.0
MELANGE EPICES VIANDE 500GR PB,0.5,KG (1 KG),Epicerie,jeudi,2024-06,D,18,2.0
MELANGE TENDER 2KG PB,12.0,KG (1 KG),Epicerie,jeudi,2024-06,B,18,13.0
MELON,39.25,PC (1 KG),Fruits & Legumes Frais,samedi,2024-06,B,18,60.8
MENTHE FRAICHE,1.0,PC (1 PC),Legumes Frais,vendredi,2024-06,B,18,16.0
MENTOS ROLLS FRUIT FLAVOUR,80.0,PC (1 PC),Epicerie,vendredi,2024-06,D,18,80.0
MENTOS ROLLS MENTHE,80.0,PC (1 PC),Epicerie,vendredi,2024-06,D,18,80.0
MENTOS ROLLS TUTTI FRUTTI,40.0,PC,Epicerie,vendredi,2024-06,D,18,80.0
MIEL DOUX & FRAIS,5.0,PC (1 PC),Epicerie,mardi,2024-06,C,18,11.0
MIX A CREPE FRANCAISE,76.0,SAC (1 SAC),Pâtisseries,jeudi,2024-06,B,18,150.0
MOELLEUX CHOCOLAT,36.0,PC (1 PC),Viennoiserie,mardi,2024-06,C,18,108.0
MOUSSE CHOCOLAT,2.0,PC (1 PC),Pâtisseries,vendredi,2024-06,D,18,4.0
MOUTARDE DIJON 840 GR,8.0,BTE (840 GR),Epicerie,vendredi,2024-06,B,18,25.0
MUFFINS VANILLE,24.0,PC (1 PC),Viennoiserie,mardi,2024-06,B,18,96.0
NAPPAGE,3.0,PC,Pâtisseries,dimanche,2024-06,C,18,14.0
NOISETTE GRILLEE CONCASSEE,3.0,PC (1 KG),Fruits Secs,vendredi,2024-06,D,18,3.0
NOIX DE CAJOU GRILLES SALEES 65GR,24.0,PC (1 PC),Fruits Secs,mercredi,2024-06,B,18,96.0
NUGGETS PANE PB,100.0,PC (1 PC),Volaille Surgelée,jeudi,2024-06,A,18,275.0
OEUFS,64.0,PC (30 PC),Beurre Oeuf Fromage,vendredi,2024-06,A,18,83.0
OIGNONS BLANC,61.2,KG (1 KG),Legumes Frais,lundi,2024-06,A,18,127.3
OIGNONS ROUGE,75.75,KG (1 KG),Legumes Frais,samedi,2024-06,A,18,119.4
OLIVE DENOYETE,21.0,KG,Legumes Frais,mardi,2024-06,B,18,35.0
OLIVE NOIRE SLICE,28.0,KG,Legumes Frais,vendredi,2024-06,B,18,35.0
OLIVE VIOLETTE,5.0,KG (1 KG),Legumes Frais,jeudi,2024-06,C,18,14.0
PACK FOOD BOWL + COUVERCLE 1.2 L,50.0,PC (1 PC),Consommable,vendredi,2024-06,B,18,175.0
PAILLE NOIR,6.0,PQT (1000 PC),Consommable,vendredi,2024-06,A,18,39.0
PAIN CHAWARMA *10,102.0,PQT (10 PC),Boulangerie_R,vendredi,2024-06,A,18,115.0
PAIN DE MIE CEREALE,52.0,PC,Boulangerie_R,jeudi,2024-06,B,18,130.0
PAIN DE MIE NATURE,104.0,PC,Boulangerie_R,jeudi,2024-06,B,18,130.0
PAIN SCHNECK AUX RAISINS SURG PUR BEURRE GF,250.0,PC (1 PC),Viennoiserie,jeudi,2024-06,B,18,1200.0
PAIN SHNEK AU RAISIN MARGARINE,250.0,PC (1 KG),Pâtisseries,jeudi,2024-06,C,18,700.0
PAPIER ALUM DE 100,3.0,PC (1 PC),Consommable,samedi,2024-06,B,18,9.0
PAPIER SERVIETTE GOURMANDISE,40.0,PC (1 PC),Consommable,samedi,2024-06,B,18,128.0
PAPRIKA DOUX,3.0,KG (1 KG),Fruits & Legumes Frais,mardi,2024-06,C,18,3.0
PAQUET 17/4,200.0,PC (1 PC),Consommable,vendredi,2024-06,C,18,300.0
PASTEQUE,87.15,KG (1 KG),Fruits & Legumes Frais,samedi,2024-06,B,18,129.85
PATE PIZZA FOCACCIA 12/40,60.0,PC,Boulangerie_R,dimanche,2024-06,A,18,170.0
PATE PIZZA FOCACCIA D32 CM,30.0,PC (1 PC),Boulangerie_R,vendredi,2024-06,C,18,50.0
PATE SPAGHETTI,5.0,PC (1 PC),Epicerie,jeudi,2024-06,B,18,74.0
PECHES,12.1,KG (1 KG),Fruits & Legumes Frais,jeudi,2024-06,A,18,27.5
PEPITTE DE DECORATION NOIRE KG,1.5,KG (1000 GR),Epicerie,lundi,2024-06,D,18,8.5
PEPPERONI,1.2,KG (1 KG),Charcuterie,jeudi,2024-06,A,18,4.8
PIMENT DOUX,32.9,KG (1 KG),Legumes Frais,vendredi,2024-06,A,18,97.3
PIMENT FORT,51.75,KG (1 KG),Legumes Frais,jeudi,2024-06,A,18,78.95
PIMENT ROUGE SALLE,10.0,KG,Legumes Frais,samedi,2024-06,B,18,20.0
PISTACHE CONCASSEE,1.0,PC (1000 GR),Fruits Secs,vendredi,2024-06,C,18,4.0
POCHETTE CROISSANT 15*7*29,2.0,PC (1000 PC),Consommable,jeudi,2024-06,C,18,4.0
POIS CHICHE KG,1.0,PC (1 PC),Legumes Secs,mercredi,2024-06,C,18,8.0
POIVRE NOIR MOULU,2.0,PC (1 KG),Epicerie,vendredi,2024-06,B,18,3.0
POMME DE TERRE,204.7,KG (1 KG),Legumes Frais,samedi,2024-06,A,18,292.25
POUDRE TENDERS PB,23.0,KG (1 KG),Volaille Surgelée,lundi,2024-06,B,18,42.0
POULET PANE AMANDE PB,240.0,PC (40 PC),Volaille Surgelée,jeudi,2024-06,A,18,350.0
QUATRE EPICES MOULU,3.0,PC (1 KG),Epicerie,jeudi,2024-06,C,18,3.0
RAME PAPIER A4,8.0,PC (1 PC),Fournitures de Bureau,vendredi,2024-06,B,18,23.0
REMANENT HERBE CF,1.0,PC (1 PC),Hygiène,samedi,2024-06,B,18,10.0
ROULEAU CAISSE 80*80,180.0,PC (1 PC),Fournitures de Bureau,jeudi,2024-06,A,18,205.0
ROULEAU DE 750 ETIQUETTE BLANC,2.0,PC (1 PC),Consommable,mercredi,2024-06,C,18,16.0
ROULEAU THERMIQUE BALANCE,10.0,PC (1 PC),Fournitures de Bureau,jeudi,2024-06,D,18,30.0
ROULEAU TPE,245.0,PC (1 PC),Fournitures de Bureau,jeudi,2024-06,A,18,286.0
SAC BOUTIQUE GDISE HD 50/45 BLANC,250.0,PC,Consommable,vendredi,2024-06,D,18,1000.0
SAC EN PAPIER KRAFT 30/30/26,150.0,PC (1 PC),Consommable,jeudi,2024-06,C,18,150.0
SACHET BRETELLES 38X60 MF,50.0,PC (1 PC),Consommable,mercredi,2024-06,B,18,225.0
SALADE LAITUE TUN,283.6,KG (1 KG),Legumes Frais,jeudi,2024-06,A,18,393.7
SANEX,40.0,PC (1 PC),Hygiène,vendredi,2024-06,A,18,100.0
SANIT SURF,30.0,PC (1 PC),Hygiène,vendredi,2024-06,A,18,51.0
SAUCE A L'AIL,3.0,PC,Epicerie,mercredi,2024-06,B,18,12.0
SAUCE A L'AIL PB,10.0,L (1 KG),Epicerie,jeudi,2024-06,A,18,11.0
SAUCE AU POIVRE SAC 500GR PB,4.5,KG (1 SAC),Epicerie,jeudi,2024-06,B,18,5.0
SAUCE BARBECUE PB,5.0,KG,Epicerie,vendredi,2024-06,D,18,15.0
SAUCE MAYONNAISE PESTO PB,10.0,L (1 L),Epicerie,jeudi,2024-06,A,18,11.0
SAUCE PESTO PB,5.0,KG (1 KG),Epicerie,jeudi,2024-06,A,18,5.0
SAUCE PLAN B 5KG,20.0,SEAU (1000 GR),Epicerie,samedi,2024-06,B,18,25.0
SEL FIN DE TABLE,15.0,PC (1 KG),Epicerie,jeudi,2024-06,B,18,23.0
SERPILLERE,65.0,PC (1 PC),Hygiène,vendredi,2024-06,A,18,122.0
SERVIETTE 30*30 CIGUSTA,96.0,PC (1 PC),Consommable,mercredi,2024-06,B,18,192.0
SERVIETTE 30*30 MF,22.0,PQT (1 PQT),Consommable,dimanche,2024-06,B,18,74.0
SQUEEZE CREME  CHEDDAR 450GR,10.0,BTL (450 GR),Beurre Oeuf Fromage,samedi,2024-06,D,18,27.0
SUCRE EN SACHET CI-GUSTA,20.0,PC (1 PC),Cafe,dimanche,2024-06,B,18,120.0
SUCRE EN SACHET DAILY BREAK,140.0,PC (1 KG),Cafe,jeudi,2024-06,A,18,230.0
THON EN BOITES,110.0,BTE (2.05 KG),Conserve de Poisson,vendredi,2024-06,A,18,164.0
TIC TAC MENTHE,12.0,PC (1 PC),Epicerie,mercredi,2024-06,D,18,36.0
TIC TAC ORANGE,12.0,PC (1 PC),Epicerie,mercredi,2024-06,D,18,36.0
TIC TAC SPEARMINT,12.0,PC (1 PC),Epicerie,mercredi,2024-06,D,18,60.0
TOMATE CERISES,4.5,KG (1 KG),Legumes Frais,vendredi,2024-06,A,18,24.95
TOMATE CONCENTRE 4/4,12.0,PC (1 PC),Epicerie,lundi,2024-06,D,18,24.0
TOMATE FRAICHE,413.25,KG (1 KG),Legumes Frais,jeudi,2024-06,A,18,526.85
TOMATES SECHEES,0.8,PC (1000 GR),Epicerie,mercredi,2024-06,B,18,5.0
VIANDE HACHEE SPECIAL RESTO,64.3325,PC (1 KG),Viandes Fraiches,jeudi,2024-06,A,18,191.07
VIANDE SECHE FUME (BRESAOLA) TRANCHES 300GR,3.9,KG (1000 GR),Viandes Fraiches,vendredi,2024-06,A,18,11.0
VINAIGRE 1L,10.0,L (1000 GR),Epicerie,vendredi,2024-06,D,18,12.0
sucre en buchette MF 10kg,1.0,KG,Epicerie,vendredi,2024-06,C,18,10.0
AGRAFFE,2.0,PC,Fournitures de Bureau,dimanche,2024-06,C,19,11.0
AIL,2.6,KG (1 KG),Legumes Frais,mardi,2024-07,B,19,8.3
AJAX VITRE,30.0,PC,Hygiène,dimanche,2024-06,A,19,32.0
ALKASURF DDA 5KG,5.0,PC (1 PC),Hygiène,samedi,2024-07,D,19,15.0
AMANDE EFFILEE,2.0,PC (1 KG),Fruits Secs,jeudi,2024-07,B,19,4.0
AMANDES GRILEES SALEES 70GR,60.0,PC (1 PC),Fruits Secs,mardi,2024-07,B,19,84.0
AMSTEL BEER BLLE 33CL,219.0,BTL (1 BTL),Alcools,mercredi,2024-07,B,19,432.0
ASEPCLOR,20.0,PC (1 PC),Hygiène,mardi,2024-07,A,19,60.0
AUBERGINE LEGUME,17.6,KG,Legumes Frais,dimanche,2024-06,A,19,17.85
AVOCAT FRUIT PIECE,17.0,PC (1 PC),Fruits & Legumes Frais,vendredi,2024-07,B,19,43.0
BACON BOEUF FUME TRANCHES ( 300GR),3.6,KG (1000 GR),Viandes Fraiches,dimanche,2024-06,A,19,6.9
BACON DE DINDE TRANCHES (1 - 1.5 KG),20.0,KG (1 KG),Charcuterie,samedi,2024-07,B,19,43.0
BACTYGEL 703 CF,2.0,BTL (1 BTL),Hygiène,mardi,2024-07,B,19,4.0
BALAIS SANS MANCHE,1.0,PC,Hygiène,dimanche,2024-06,C,19,9.0
BANANE,44.0,PC (1 PC),Fruits & Legumes Frais,lundi,2024-07,A,19,155.0
BASILIC BARQUETTE,5.05,KG (1 KG),Legumes Frais,lundi,2024-07,A,19,11.05
BEURRE MARGARINE  KG,9.0,PC (1 KG),Beurre Oeuf Fromage,mardi,2024-07,C,19,40.5
BLOUSE NON TISSEE,14.0,PC (1 KG),Hygiène,dimanche,2024-06,C,19,36.0
BOGA PET 30CL,108.0,PQT (1 PQT),Eaux et Sodas,vendredi,2024-07,B,19,261.0
BOITE D'ARCHIVE,10.0,PC (1 PC),Fournitures de Bureau,dimanche,2024-07,D,19,35.0
BOITE FRAPPE CAFE 1.36KG MONIN,1.0,BTE (1360 GR),Pâtisseries,dimanche,2024-07,C,19,6.0
BOITE FRAPPE VANILLE 1.36KG MONIN,6.0,KG (1 KG),Pâtisseries,lundi,2024-07,C,19,6.0
BOITE PIZZA ONDULEE 31/31,50.0,PC,Consommable,jeudi,2024-07,C,19,200.0
BOITE PIZZA PM CIG,100.0,PC (1 PC),Consommable,mercredi,2024-07,B,19,500.0
BOUTEILLE DE VINAIGRETTE 250ML,11.0,PC (250 GR),Epicerie,mardi,2024-07,A,19,16.0
BROCHETTE BAMBOO 20,1.0,SCH (100 PC),Consommable,lundi,2024-07,C,19,14.0
Beurre 200Gr,83.0,PC (200 GR),Beurre Oeuf Fromage,vendredi,2024-07,C,19,83.0
CACAO EN POUDRE,2.0,PQT (0.25 KG),Cafe,dimanche,2024-06,C,19,7.0
CAKE CHOCOLAT PBC,64.0,PC (1 PC),Viennoiserie,mardi,2024-07,B,19,88.0
CAKE CITRON PBC,72.0,PC (1 PC),Viennoiserie,mardi,2024-07,B,19,216.0
CAKE MARBRE MARGARINE,55.0,PC (1 PC),Pâtisseries,mercredi,2024-07,A,19,561.0
CAKE MARBRE PBC,253.0,PC (1 PC),Viennoiserie,dimanche,2024-06,A,19,363.0
CAKE NATURE MARGARINE,66.0,PC (1 PC),Pâtisseries,mercredi,2024-07,C,19,132.0
CAKE ORANGE PBC,36.0,PC (1 PC),Viennoiserie,samedi,2024-07,B,19,170.0
CAPRE VRAC,1.0,KG,Legumes Frais,dimanche,2024-06,B,19,9.0
CAROTTE,23.55,KG,Legumes Frais,dimanche,2024-06,A,19,67.1
CAROTTE CAKE PBC,176.0,PC (1 PC),Viennoiserie,dimanche,2024-06,B,19,330.0
CELTIA FUT DE 50L,4.0,PC (50 L),Alcools,mardi,2024-07,B,19,6.0
CHAMPIGNON FRAIS BARQUETTE,29.0,KG (1 KG),Legumes Frais,mardi,2024-07,A,19,34.5
CHAPLUR,5.0,PC (1 KG),Epicerie,mardi,2024-07,C,19,16.0
CHEMISE CRAFT,50.0,PC,Fournitures de Bureau,dimanche,2024-06,D,19,90.0
CHOCOLAT EN POUDRE,31.0,PC (0.2 KG),Cafe,dimanche,2024-06,A,19,86.0
CHOUX ROUGE,3.3,PC (1 PC),Legumes Frais,dimanche,2024-06,A,19,9.6
CHOUX VERT,1.45,KG (1 KG),Legumes Frais,dimanche,2024-07,B,19,12.8
CITRON,7.85,KG (1 KG),Legumes Frais,lundi,2024-07,A,19,16.75
CITRON SALLE,21.0,KG (1 KG),Legumes Frais,mardi,2024-07,B,19,28.0
COCA COLA PET 30CL,192.0,PC (1 PQT),Eaux et Sodas,lundi,2024-07,B,19,435.0
COCA COLA ZERO 30 CL,73.0,PC (1 PC),Eaux et Sodas,mardi,2024-07,B,19,148.0
COFFRET CHECHIA AV SEP 16/16,50.0,PC (1 PC),Consommable,mardi,2024-07,C,19,125.0
CONCOMBRE,90.3,KG (1 KG),Legumes Frais,dimanche,2024-06,A,19,177.692
COOKIES,40.0,PC,Viennoiserie,mardi,2024-07,C,19,120.0
COURGE,18.25,KG (1 KG),Legumes Frais,lundi,2024-07,B,19,47.65
COURGETTE,14.55,KG (1 KG),Legumes Frais,dimanche,2024-06,A,19,28.6
COUTEAU A PAIN 20CM,1.0,PC (1 PC),Accessoire & couvert,vendredi,2024-07,C,19,5.0
CREME A FOUETTER,2.0,PC (1 KG),Beurre Oeuf Fromage,samedi,2024-07,B,19,16.0
CREME A FOUETTER 1LT HOLE,16.0,PC (1 PC),GLACES,lundi,2024-07,C,19,31.0
CREME CHANTILLY,1.0,PC (1 PC),Pâtisseries,mercredi,2024-07,D,19,11.0
CREME DE BALSAMIQUE,4.0,BTL (1 ML),Epicerie,mardi,2024-07,D,19,10.0
CREME DE CUISSON,12.0,L (0.95 L),Beurre Oeuf Fromage,mardi,2024-07,B,19,27.0
CUISSE DE POULET FRAIS,11.5,KG (1 KG),Volaille Fraiche,mardi,2024-07,C,19,47.85
DADDY'S CHIPS CLASSIC SEL DE MER 70G,120.0,PC (1 PC),Epicerie,dimanche,2024-06,A,19,225.0
DADDY'S CHIPS SAVORY TRUFFE PARMESAN 70G,45.0,PC,Epicerie,dimanche,2024-06,B,19,165.0
DATTE EN VRAC,2.0,KG (1 KG),Fruits & Legumes Frais,dimanche,2024-06,B,19,18.3
DINOL,110.0,BIDON (1 KG),Hygiène,dimanche,2024-06,A,19,135.0
EMINCE DE BOEUF PORT. SURGELE,21.695,KG (1000 GR),Viandes Surgelées,mercredi,2024-07,A,19,79.49000000000001
EPINARD,2.0,KG (1 KG),Legumes Frais,samedi,2024-07,B,19,12.15
ESCALOPE POULET FRAIS,348.05,PC (1 KG),Volaille Surgelée,dimanche,2024-06,A,19,503.16
ESCALOPE POULET PANE CONGELE,81.81,KG (1 KG),Volaille Surgelée,dimanche,2024-06,A,19,128.91
ESSUIT TOUT JUMBO,157.0,PC (1 KG),Hygiène,dimanche,2024-06,A,19,157.0
FANTA PET 30CL,216.0,PC (1 PQT),Eaux et Sodas,lundi,2024-07,B,19,312.0
FARINE EN PAQUET,116.0,PC (1 KG),Epicerie,dimanche,2024-06,A,19,252.0
FILM ETIRABLE 725GR,30.0,PC (1 GR),Consommable,lundi,2024-07,A,19,38.0
FRITE SURGELE 9/9 CLASSIC 2.5 KG,210.0,KG (2.5 KG),Legumes Surgelés,dimanche,2024-06,A,19,290.0
FROMAGE CHEDDAR EN BLOC,25.0,KG,Beurre Oeuf Fromage,mardi,2024-07,A,19,65.0
FROMAGE EDAM MEULE,12.9,KG,Beurre Oeuf Fromage,lundi,2024-07,B,19,35.622
FROMAGE GORGONZELA,1.35,PC (1 KG),Beurre Oeuf Fromage,lundi,2024-07,A,19,13.0
FROMAGE GOUTA,2.0,KG (1 KG),Beurre Oeuf Fromage,mardi,2024-07,C,19,16.0
FROMAGE LAND OR,21.65,PC (1 KG),Beurre Oeuf Fromage,dimanche,2024-06,A,19,25.4
FROMAGE MAASDAM EN BLOC PB,35.0,KG (1 KG),Beurre Oeuf Fromage,mercredi,2024-07,A,19,65.5
FROMAGE MEULE GOUDA KG,19.4,KG (1 KG),Beurre Oeuf Fromage,lundi,2024-07,A,19,32.932
FROMAGE MOZZARELLA CARRE KG,115.0,KG (1 KG),Beurre Oeuf Fromage,lundi,2024-07,C,19,155.0
FROMAGE PARMESAN PB,1.4,KG (0.2 KG),Beurre Oeuf Fromage,mardi,2024-07,A,19,3.8
FUT HEINEKEIN,120.0,PC (1 L),Alcools,mercredi,2024-07,B,19,240.0
GARCI GAZ P.E.T 1 L,169.0,L (1 GR),Eaux et Sodas,dimanche,2024-06,A,19,344.0
GATEAU CHOCOLAT PBC,80.0,PC (1 PC),Viennoiserie,dimanche,2024-06,B,19,100.0
HARISSA 5/2,27.0,BOTTE (1 BTE),Epicerie,mercredi,2024-07,A,19,53.0
HUILE D'OLIVE POMACE,14.25,L,Epicerie,vendredi,2024-07,B,19,28.5
HUILE VEGETALE,41.0,BIDON (5 L),Epicerie,lundi,2024-07,A,19,67.0
HUILE VEGETALE 5L,13.0,L (5 PC),Epicerie,dimanche,2024-06,A,19,54.0
JAMBON DE BOEUF FUME,12.5,KG (1 KG),Charcuterie,lundi,2024-07,A,19,18.1
JAMBON DE DINDE,25.65,PC (1 KG),Charcuterie,dimanche,2024-06,A,19,34.15
JEX CARRE,94.0,PC,Hygiène,dimanche,2024-06,A,19,180.0
JOUR ET NUIT3/4 BLANC,6.0,PC (1 PC),Alcools,lundi,2024-07,C,19,30.0
KETCHUP BIDON 5L,15.0,PC (1 KG),Epicerie,lundi,2024-07,B,19,35.0
KINDER BUENO,150.0,PC (1 PC),Epicerie,lundi,2024-07,A,19,300.0
KINDER T4,160.0,PC (1 PC),Epicerie,lundi,2024-07,B,19,180.0
LAIT ENTIER 1L,78.0,PC (1 PC),Jus Fruit Lait,jeudi,2024-07,B,19,186.0
LAVETTE COTON,149.0,PC,Hygiène,dimanche,2024-06,A,19,149.0
LEVURE BOULANGERE NORMALE,20.0,PC (1 PC),Boulangerie_R,mardi,2024-07,B,19,34.0
LEVURE CHIMIQUE,1.0,PC,Pâtisseries,vendredi,2024-07,D,19,3.0
LOT CAFE GRAIN ESPRESSO ELITE 3,52.0,PC (1 KG),Cafe,dimanche,2024-06,A,19,128.0
LOT CAFE GRAINS  PUR EXPRESS,52.0,KG,Cafe,lundi,2024-07,A,19,73.0
MAIS EN BOITE,45.0,BTE (340 GR),Epicerie,jeudi,2024-07,A,19,92.0
MAIS EN VRAC,3.0,PC (1 KG),Legumes Frais,jeudi,2024-07,C,19,9.0
MARINADE EMINCE DE BOEUF 2KG,8.0,KG (1 KG),Epicerie,mardi,2024-07,B,19,10.0
MARINADE POULET GRILLE 2KG PB,28.0,PC (1 KG),Volaille Surgelée,mardi,2024-07,A,19,36.0
MAYO 5L DEJ,130.0,KG (5000 GR),Beurre Oeuf Fromage,lundi,2024-07,A,19,170.0
MELANGE EPICES VIANDE 500GR PB,2.0,KG,Epicerie,mardi,2024-07,D,19,2.0
MELANGE TENDER 2KG PB,13.0,KG (1 KG),Epicerie,mardi,2024-07,B,19,13.0
MELON,60.8,PC (1 KG),Fruits & Legumes Frais,dimanche,2024-06,B,19,60.8
MENTHE FRAICHE,3.0,PC (1 PC),Legumes Frais,lundi,2024-07,B,19,16.0
MENTHE SECHE,1.0,KG (1 KG),Epicerie,mardi,2024-07,D,19,2.0
MIX A CREPE FRANCAISE,50.0,SAC (1 SAC),Pâtisseries,mardi,2024-07,B,19,150.0
MOELLEUX CHOCOLAT,72.0,PC (1 PC),Viennoiserie,mardi,2024-07,C,19,108.0
MOUSSE CHOCOLAT,2.0,PC (1 PC),Pâtisseries,lundi,2024-07,D,19,4.0
MOUTARDE DIJON 840 GR,4.0,BTE (840 GR),Epicerie,mardi,2024-07,B,19,25.0
MUFFINS VANILLE,48.0,PC (1 PC),Viennoiserie,mardi,2024-07,B,19,96.0
NAPPAGE,2.0,PC (1 PC),Pâtisseries,jeudi,2024-07,C,19,14.0
NOISETTE GRILLEE CONCASSEE,1.0,PC (1 KG),Fruits Secs,mardi,2024-07,D,19,3.0
NOIX DE CAJOU GRILLES SALEES 65GR,24.0,PC (1 PC),Fruits Secs,mardi,2024-07,B,19,96.0
NUGGETS PANE PB,100.0,PC (1 PC),Volaille Surgelée,lundi,2024-07,A,19,275.0
OEUFS,72.0,PC (30 PC),Beurre Oeuf Fromage,dimanche,2024-06,A,19,83.0
OIGNONS BLANC,79.95,KG,Legumes Frais,dimanche,2024-06,A,19,127.3
OIGNONS ROUGE,77.35,KG (1 KG),Legumes Frais,lundi,2024-07,A,19,119.4
OLIVE DENOYETE,7.0,KG (1 KG),Legumes Frais,mardi,2024-07,B,19,35.0
OLIVE VIOLETTE,14.0,KG (1 KG),Legumes Frais,lundi,2024-07,C,19,14.0
PACK FOOD BOWL + COUVERCLE 1.2 L,100.0,PC (1 PC),Consommable,mardi,2024-07,B,19,175.0
PAILLE NOIR,7.0,PQT (1000 PC),Consommable,dimanche,2024-06,A,19,39.0
PAIN CHAWARMA *10,54.0,PQT (10 PC),Boulangerie_R,dimanche,2024-06,A,19,115.0
PAIN DE MIE CEREALE,52.0,PC (1 PC),Boulangerie_R,mardi,2024-07,B,19,130.0
PAIN DE MIE NATURE,52.0,PC,Boulangerie_R,mardi,2024-07,B,19,130.0
PAIN SCHNECK AUX RAISINS SURG PUR BEURRE GF,150.0,PC (1 PC),Viennoiserie,mardi,2024-07,B,19,1200.0
PAIN SHNEK AU RAISIN MARGARINE,150.0,PC (1 KG),Pâtisseries,mardi,2024-07,C,19,700.0
PAPIER ALUM DE 100,3.0,PC (1 PC),Consommable,lundi,2024-07,B,19,9.0
PAPIER CUISSON 40*60,4.0,PC (500 PC),Consommable,dimanche,2024-06,C,19,4.0
PAPIER SERVIETTE GOURMANDISE,80.0,PC,Consommable,dimanche,2024-06,B,19,128.0
PASTEQUE,129.85,KG (1 KG),Fruits & Legumes Frais,dimanche,2024-06,B,19,129.85
PATE PIZZA FOCACCIA 12/40,10.0,PC (1 PC),Boulangerie_R,jeudi,2024-07,A,19,170.0
PATE PIZZA FOCACCIA D32 CM,10.0,PC (1 PC),Boulangerie_R,samedi,2024-07,C,19,50.0
PATE PIZZA PANCROCCHINO 32cm,51.0,PC (1 PC),Boulangerie_R,dimanche,2024-06,D,19,51.0
PATE PLUME COURTE,3.0,PC (1 KG),Epicerie,jeudi,2024-07,B,19,58.0
PATE SPAGHETTI,5.0,PC (1 PC),Epicerie,samedi,2024-07,B,19,74.0
PECHES,24.5,KG (1 KG),Fruits & Legumes Frais,dimanche,2024-06,A,19,27.5
PEPITTE DE DECORATION NOIRE KG,1.55,KG (1000 GR),Epicerie,jeudi,2024-07,D,19,8.5
PEPPERONI,2.0,KG (1 KG),Charcuterie,samedi,2024-07,A,19,4.8
PILLE AA,5.0,PC (1 GR),Fournitures de Bureau,dimanche,2024-06,D,19,20.0
PIMENT DOUX,58.85,KG,Legumes Frais,dimanche,2024-06,A,19,97.3
PIMENT FORT,55.0,KG (1 KG),Legumes Frais,lundi,2024-07,A,19,78.95
PIMENT ROUGE SALLE,8.0,KG (1 KG),Legumes Frais,mercredi,2024-07,B,19,20.0
PISTACHE CONCASSEE,2.0,PC (1000 GR),Fruits Secs,mardi,2024-07,C,19,4.0
POCHETTE CROISSANT 15*7*29,2.0,PC (1000 PC),Consommable,mardi,2024-07,C,19,4.0
POMME DE TERRE,216.35,KG (1 KG),Legumes Frais,dimanche,2024-06,A,19,292.25
POT NUTELLA 3 KG,1.0,POT (3 KG),Epicerie,lundi,2024-07,C,19,31.0
POUDRE TENDERS PB,26.0,KG (1 KG),Volaille Surgelée,mardi,2024-07,B,19,42.0
POULET PANE AMANDE PB,160.0,PC (40 PC),Volaille Surgelée,lundi,2024-07,A,19,350.0
PRUNES,6.8,KG (1 KG),Fruits & Legumes Frais,mardi,2024-07,C,19,18.8
PUREE ANANAS 1 L,1.0,PC (1 L),Epicerie,dimanche,2024-06,D,19,2.0
PUREE DE BANANE 1L,1.0,PC (1 L),Epicerie,dimanche,2024-06,D,19,2.0
PUREE DE KIWI 1.32KG MONIN,1.0,PC (1000 GR),Pâtisseries,dimanche,2024-06,D,19,2.0
PUREE FRAISE 1.32KG MONIN,1.0,KG (1320 GR),Pâtisseries,dimanche,2024-06,D,19,2.0
PUREE MANGUE 1L,1.0,PC (1 L),Epicerie,dimanche,2024-06,D,19,2.0
RACLETTE,4.0,PC,Hygiène,dimanche,2024-06,B,19,7.0
RAISIN NOIR,8.5,KG (1 KG),Fruits & Legumes Frais,vendredi,2024-07,A,19,38.1
RAME PAPIER A4,8.0,PC (1 PC),Fournitures de Bureau,dimanche,2024-06,B,19,23.0
ROQUETTE SALADE BARQUETTE,2.1,KG (1 KG),Legumes Frais,lundi,2024-07,A,19,5.9
ROULEAU CAISSE 80*80,76.0,PC (1 PC),Fournitures de Bureau,dimanche,2024-06,A,19,205.0
ROULEAU DE 750 ETIQUETTE BLANC,1.0,PC (1 PC),Consommable,vendredi,2024-07,C,19,16.0
ROULEAU TPE,217.0,PC (1 PC),Fournitures de Bureau,dimanche,2024-06,A,19,286.0
SALADE LAITUE TUN,264.4,KG (1 KG),Legumes Frais,dimanche,2024-06,A,19,393.7
SANEX,100.0,PC,Hygiène,dimanche,2024-06,A,19,100.0
SANIT SURF,30.0,PC (1 PC),Hygiène,lundi,2024-07,A,19,51.0
SAUCE A L'AIL,3.0,PC,Epicerie,samedi,2024-07,B,19,12.0
SAUCE A L'AIL PB,10.0,L (1 KG),Epicerie,mardi,2024-07,A,19,11.0
SAUCE AU POIVRE SAC 500GR PB,2.0,KG (1 SAC),Epicerie,mardi,2024-07,B,19,5.0
SAUCE MAYONNAISE PESTO PB,9.0,L (1 L),Epicerie,mardi,2024-07,A,19,11.0
SAUCE PESTO PB,2.0,KG (1 KG),Epicerie,mardi,2024-07,A,19,5.0
SEL FIN DE TABLE,4.0,PC (1 KG),Epicerie,vendredi,2024-07,B,19,23.0
SERPILLERE,121.0,PC,Hygiène,dimanche,2024-06,A,19,122.0
SERVIETTE 30*30 CIGUSTA,48.0,PC (1 PC),Consommable,samedi,2024-07,B,19,192.0
SERVIETTE 30*30 MF,18.0,PQT (1 PQT),Consommable,vendredi,2024-07,B,19,74.0
SIROP DE CARAMEL 1L MONIN,4.0,PC (1000 ML),Pâtisseries,dimanche,2024-06,B,19,5.0
SIROP DE NOISETTES GRILLEES 70CL MONIN,1.0,PC (700 ML),Pâtisseries,dimanche,2024-06,D,19,2.0
SIROP DE VANILLE 1L MONIN,3.0,PC (700 ML),Pâtisseries,dimanche,2024-07,C,19,3.0
SQUEEZE CREME  CHEDDAR 450GR,10.0,BTL (450 GR),Beurre Oeuf Fromage,mardi,2024-07,D,19,27.0
SUCRE EN SACHET CI-GUSTA,30.0,PC (1 PC),Cafe,lundi,2024-07,B,19,120.0
SUCRE EN SACHET DAILY BREAK,120.0,PC (1 KG),Cafe,mardi,2024-07,A,19,230.0
THON EN BOITES,118.0,BTE (2.05 KG),Conserve de Poisson,dimanche,2024-06,A,19,164.0
TIC TAC ORANGE,12.0,PC (1 PC),Epicerie,lundi,2024-07,D,19,36.0
TOMATE CERISES,12.2,KG (1 KG),Legumes Frais,dimanche,2024-06,A,19,24.95
TOMATE FRAICHE,390.1,KG (1 KG),Legumes Frais,dimanche,2024-06,A,19,526.85
TOQUE CHEF,5.0,PC,Hygiène,dimanche,2024-06,C,19,6.0
VIANDE HACHEE SPECIAL RESTO,54.965,PC (1 KG),Viandes Fraiches,lundi,2024-07,A,19,191.07
VIANDE SECHE FUME (BRESAOLA) TRANCHES 300GR,2.7,KG (1000 GR),Viandes Fraiches,dimanche,2024-06,A,19,11.0
VINAIGRE 1L,1.0,L (1000 GR),Epicerie,vendredi,2024-07,D,19,12.0
AC-SMOOTHIE DETOX,10.0,PC (1 PC),Jus Fruit Lait,dimanche,2024-07,D,20,20.0
AC-SMOOTHIE LE CLASSIQUE,10.0,PC (1 PC),Jus Fruit Lait,dimanche,2024-07,D,20,20.0
AC-SMOOTHIE PEACH'TINI,10.0,PC (1 PC),Jus Fruit Lait,dimanche,2024-07,D,20,20.0
AC-SMOOTHIE TROPIC TRIP,10.0,PC (1 PC),Jus Fruit Lait,dimanche,2024-07,D,20,20.0
AGRAFFE,6.0,PC (1 PC),Fournitures de Bureau,mercredi,2024-07,C,20,11.0
AIL,2.0,KG (1 KG),Legumes Frais,mercredi,2024-07,B,20,8.3
AIL EN POUDRE,1.0,KG (1 KG),Fruits & Legumes Frais,mercredi,2024-07,C,20,2.0
AJAX VITRE,18.0,PC (1 PC),Hygiène,mercredi,2024-07,A,20,32.0
AMANDES GRILEES SALEES 70GR,24.0,PC (1 PC),Fruits Secs,jeudi,2024-07,B,20,84.0
AMSTEL BEER BLLE 33CL,235.0,BTL (1 BTL),Alcools,jeudi,2024-07,B,20,432.0
ASEPCLOR,20.0,PC (1 PC),Hygiène,mercredi,2024-07,A,20,60.0
AUBERGINE LEGUME,9.35,KG (1 KG),Legumes Frais,vendredi,2024-07,A,20,17.85
AVOCAT FRUIT PIECE,14.0,PC (1 PC),Fruits & Legumes Frais,jeudi,2024-07,B,20,43.0
BACON BOEUF FUME TRANCHES ( 300GR),3.0,KG (1000 GR),Viandes Fraiches,mercredi,2024-07,A,20,6.9
BACON DE DINDE TRANCHES (1 - 1.5 KG),19.0,KG,Charcuterie,samedi,2024-07,B,20,43.0
BACTYGEL 703 CF,2.0,BTL,Hygiène,lundi,2024-07,B,20,4.0
BANANE,27.0,PC (1 PC),Fruits & Legumes Frais,lundi,2024-07,A,20,155.0
BASILIC BARQUETTE,4.8,KG (1 KG),Legumes Frais,vendredi,2024-07,A,20,11.05
BEURRE MARGARINE  KG,13.5,PC (1 KG),Beurre Oeuf Fromage,vendredi,2024-07,C,20,40.5
BOGA PET 30CL,245.0,PQT (1 PQT),Eaux et Sodas,mercredi,2024-07,B,20,261.0
BOITE FRAPPE VANILLE 1.36KG MONIN,6.0,KG (1 KG),Pâtisseries,dimanche,2024-07,C,20,6.0
BOITE PIZZA ONDULEE 31/31,150.0,PC,Consommable,vendredi,2024-07,C,20,200.0
BOITE PIZZA PM CIG,200.0,PC (1 PC),Consommable,mardi,2024-07,B,20,500.0
BORGHELL,2.0,KG (1 KG),Epicerie,mardi,2024-07,C,20,10.0
BOUTEILLE DE VINAIGRETTE 250ML,11.0,PC (250 GR),Epicerie,jeudi,2024-07,A,20,16.0
BROCHETTE BAMBOO 20,4.0,SCH (100 PC),Consommable,jeudi,2024-07,C,20,14.0
CACAO EN POUDRE,1.0,PQT (0.25 KG),Cafe,vendredi,2024-07,C,20,7.0
CAKE CHOCOLAT PBC,24.0,PC (1 PC),Viennoiserie,vendredi,2024-07,B,20,88.0
CAKE MARBRE MARGARINE,22.0,PC (1 PC),Pâtisseries,jeudi,2024-07,A,20,561.0
CAKE MARBRE PBC,154.0,PC,Viennoiserie,dimanche,2024-07,A,20,363.0
CAKE NATURE MARGARINE,11.0,PC (1 PC),Pâtisseries,jeudi,2024-07,C,20,132.0
CAPRE VRAC,4.0,KG (1 KG),Legumes Frais,jeudi,2024-07,B,20,9.0
CAROTTE,26.0,KG (1 KG),Legumes Frais,mercredi,2024-07,A,20,67.1
CAROTTE CAKE PBC,154.0,PC (1 PC),Viennoiserie,dimanche,2024-07,B,20,330.0
CELTIA FUT DE 50L,4.0,PC (50 L),Alcools,jeudi,2024-07,B,20,6.0
CHAMPIGNON FRAIS BARQUETTE,23.0,KG (1 KG),Legumes Frais,jeudi,2024-07,A,20,34.5
CHAPLUR,5.0,PC (1 KG),Epicerie,mercredi,2024-07,C,20,16.0
CHEWING GUM FLORIDENT  EXTRA WHITE 60G,12.0,PC (1 PC),Epicerie,vendredi,2024-07,D,20,24.0
CHOCOLAT CHAUD EN POUDRE,3.0,KG (1 KG),Cafe,vendredi,2024-07,B,20,7.0
CHOCOLAT EN POUDRE,18.0,PC (0.2 KG),Cafe,samedi,2024-07,A,20,86.0
CHOUX ROUGE,7.050000000000001,PC (1 PC),Legumes Frais,vendredi,2024-07,A,20,9.6
CHOUX VERT,2.15,KG (1 KG),Legumes Frais,vendredi,2024-07,B,20,12.8
CITRON,9.65,KG (1 KG),Legumes Frais,mercredi,2024-07,A,20,16.75
CITRON SALLE,14.0,KG (1 KG),Legumes Frais,mardi,2024-07,B,20,28.0
COCA COLA PET 30CL,415.0,PC (1 PQT),Eaux et Sodas,mercredi,2024-07,B,20,435.0
COCA COLA ZERO 30 CL,123.0,PC (1 PC),Eaux et Sodas,vendredi,2024-07,B,20,148.0
COFFRET CHECHIA AV SEP 16/16,50.0,PC (1 PC),Consommable,vendredi,2024-07,C,20,125.0
COFFRET PORTRAIT AV SEP 11.5/11.5,50.0,PC (1 PC),Consommable,vendredi,2024-07,C,20,175.0
COFFRET PORTRAIT AV SEP 19.5/19.5,50.0,PC (1 PC),Consommable,vendredi,2024-07,C,20,200.0
COFFRET PORTRAIT AV SEP24.5/14.5,50.0,PC (1 PC),Consommable,vendredi,2024-07,C,20,150.0
CONCOMBRE,115.75,KG (1 KG),Legumes Frais,mercredi,2024-07,A,20,177.692
COOKIES,40.0,PC (1 PC),Viennoiserie,mardi,2024-07,C,20,120.0
CORNICHON FRAIS,6.0,KG,Legumes Frais,samedi,2024-07,B,20,12.0
COURGE,18.0,KG (1 KG),Legumes Frais,mercredi,2024-07,B,20,47.65
COURGETTE,8.7,KG (1 KG),Legumes Frais,vendredi,2024-07,A,20,28.6
COUTEAU A PAIN 20CM,3.0,PC,Accessoire & couvert,dimanche,2024-07,C,20,5.0
CREME A FOUETTER 1LT HOLE,22.0,PC,GLACES,jeudi,2024-07,C,20,31.0
CREME CHANTILLY,4.0,PC (1 PC),Pâtisseries,vendredi,2024-07,D,20,11.0
CREME DE BALSAMIQUE,2.0,BTL (1 ML),Epicerie,vendredi,2024-07,D,20,10.0
CREME DE CUISSON,17.0,L (0.95 L),Beurre Oeuf Fromage,vendredi,2024-07,B,20,27.0
DADDY'S CHIPS CLASSIC SEL DE MER 70G,90.0,PC,Epicerie,samedi,2024-07,A,20,225.0
DADDY'S CHIPS SAVORY TRUFFE PARMESAN 70G,45.0,PC,Epicerie,mercredi,2024-07,B,20,165.0
DADDY'S CHIPS SPICY PAPRIKA 70G,90.0,PC (1 PC),Epicerie,samedi,2024-07,A,20,165.0
DATTE EN VRAC,1.0,KG,Fruits & Legumes Frais,mercredi,2024-07,B,20,18.3
DINOL,75.0,BIDON (1 KG),Hygiène,mercredi,2024-07,A,20,135.0
EMBALLAGE EN CARTON 30*12*6,100.0,PC (1 PC),Consommable,samedi,2024-07,D,20,300.0
EMINCE DE BOEUF PORT. SURGELE,30.005,KG (1000 GR),Viandes Surgelées,mercredi,2024-07,A,20,79.49000000000001
EPINARD,3.55,KG (1 KG),Legumes Frais,vendredi,2024-07,B,20,12.15
ESCALOPE POULET FRAIS,400.81,PC (1 KG),Volaille Surgelée,mercredi,2024-07,A,20,503.16
ESCALOPE POULET PANE CONGELE,93.17,KG (1 KG),Volaille Surgelée,mercredi,2024-07,A,20,128.91
ESSUIT TOUT JUMBO,120.0,PC (1 KG),Hygiène,mercredi,2024-07,A,20,157.0
FANTA PET 30CL,264.0,PC (1 PQT),Eaux et Sodas,mercredi,2024-07,B,20,312.0
FARINE EN PAQUET,135.0,PC (1 KG),Epicerie,mercredi,2024-07,A,20,252.0
FILM ETIRABLE 725GR,28.0,PC (1 GR),Consommable,mercredi,2024-07,A,20,38.0
FRITE SURGELE 9/9 CLASSIC 2.5 KG,180.0,KG (2.5 KG),Legumes Surgelés,jeudi,2024-07,A,20,290.0
FROMAGE CHEDDAR EN BLOC,22.0,KG (1 KG),Beurre Oeuf Fromage,jeudi,2024-07,A,20,65.0
FROMAGE EDAM MEULE,15.0,KG (1 KG),Beurre Oeuf Fromage,mercredi,2024-07,B,20,35.622
FROMAGE GORGONZELA,1.35,PC (1 KG),Beurre Oeuf Fromage,lundi,2024-07,A,20,13.0
FROMAGE GOUTA,9.0,KG,Beurre Oeuf Fromage,jeudi,2024-07,C,20,16.0
FROMAGE LAND OR,9.0,PC (1 KG),Beurre Oeuf Fromage,vendredi,2024-07,A,20,25.4
FROMAGE MAASDAM EN BLOC PB,30.0,KG (1 KG),Beurre Oeuf Fromage,jeudi,2024-07,A,20,65.5
FROMAGE MEULE GOUDA KG,13.542,KG (1 KG),Beurre Oeuf Fromage,vendredi,2024-07,A,20,32.932
FROMAGE MOZZARELLA CARRE KG,130.0,KG (1 KG),Beurre Oeuf Fromage,mercredi,2024-07,C,20,155.0
FROMAGE PARMESAN PB,2.4,KG (0.2 KG),Beurre Oeuf Fromage,mercredi,2024-07,A,20,3.8
FUT HEINEKEIN,80.0,PC (1 L),Alcools,jeudi,2024-07,B,20,240.0
GARCI GAZ P.E.T 1 L,249.0,L (1 GR),Eaux et Sodas,mercredi,2024-07,A,20,344.0
GATEAU CHOCOLAT PBC,60.0,PC (1 PC),Viennoiserie,dimanche,2024-07,B,20,100.0
HARISSA 450G,6.0,BTE,Epicerie,lundi,2024-07,C,20,17.0
HARISSA 5/2,43.0,BOTTE (1 BTE),Epicerie,mercredi,2024-07,A,20,53.0
HUILE D'OLIVE POMACE,14.25,L,Epicerie,mercredi,2024-07,B,20,28.5
HUILE VEGETALE,42.0,BIDON (5 L),Epicerie,mercredi,2024-07,A,20,67.0
JAMBON DE BOEUF FUME,12.05,KG (1 KG),Charcuterie,mercredi,2024-07,A,20,18.1
JAMBON DE DINDE,15.95,PC (1 KG),Charcuterie,vendredi,2024-07,A,20,34.15
JEX CARRE,58.0,PC (1 PC),Hygiène,mercredi,2024-07,A,20,180.0
KETCHUP BIDON 5L,10.0,PC (1 KG),Epicerie,mardi,2024-07,B,20,35.0
KINDER BUENO,30.0,PC (1 PC),Epicerie,jeudi,2024-07,A,20,300.0
LAIT ENTIER 1L,66.0,PC (1 PC),Jus Fruit Lait,samedi,2024-07,B,20,186.0
LAVETTE COTON,110.0,PC (1 PC),Hygiène,mercredi,2024-07,A,20,149.0
LENTILLE VRAC,2.0,PC (1 PC),Legumes Secs,vendredi,2024-07,D,20,3.0
LEVURE BOULANGERE NORMALE,16.0,PC (1 PC),Boulangerie_R,mercredi,2024-07,B,20,34.0
LOT CAFE GRAIN ESPRESSO ELITE 3,62.0,PC (1 KG),Cafe,mercredi,2024-07,A,20,128.0
LOT CAFE GRAINS  PUR EXPRESS,45.0,KG,Cafe,mercredi,2024-07,A,20,73.0
LOT DE CAFE TURC,2.0,PC (1 KG),Cafe,mercredi,2024-07,D,20,3.0
MAIS EN BOITE,29.0,BTE (340 GR),Epicerie,jeudi,2024-07,A,20,92.0
MAIS EN VRAC,1.0,PC (1 KG),Legumes Frais,lundi,2024-07,C,20,9.0
MANGUE,4.0,PC (1 PC),Fruits & Legumes Frais,vendredi,2024-07,A,20,39.0
MARINADE EMINCE DE BOEUF 2KG,7.0,KG (1 KG),Epicerie,jeudi,2024-07,B,20,10.0
MARINADE POULET GRILLE 2KG PB,26.0,PC (1 KG),Volaille Surgelée,jeudi,2024-07,A,20,36.0
MAYO 5L DEJ,115.0,KG (5000 GR),Beurre Oeuf Fromage,jeudi,2024-07,A,20,170.0
MELANGE TENDER 2KG PB,13.0,KG (1 KG),Epicerie,jeudi,2024-07,B,20,13.0
MELON,44.1,PC (1 KG),Fruits & Legumes Frais,mercredi,2024-07,B,20,60.8
MENTHE FRAICHE,12.0,PC (1 PC),Legumes Frais,mercredi,2024-07,B,20,16.0
MENTHE SECHE,1.0,KG (1 KG),Epicerie,dimanche,2024-07,D,20,2.0
MENTOS ROLLS STRAWBERRY,40.0,PC (1 PC),Epicerie,jeudi,2024-07,D,20,80.0
MIEL DOUX & FRAIS,4.0,PC (1 PC),Epicerie,vendredi,2024-07,C,20,11.0
MIX A CREPE FRANCAISE,60.0,SAC (1 SAC),Pâtisseries,mercredi,2024-07,B,20,150.0
MOUTARDE DIJON 840 GR,14.0,BTE (840 GR),Epicerie,mercredi,2024-07,B,20,25.0
MUFFINS VANILLE,24.0,PC (1 PC),Viennoiserie,mardi,2024-07,B,20,96.0
NAPPAGE,1.0,PC (1 PC),Pâtisseries,mercredi,2024-07,C,20,14.0
NOISETTE GRILLEE CONCASSEE,1.0,PC (1 KG),Fruits Secs,lundi,2024-07,D,20,3.0
NOIX DE CAJOU GRILLES SALEES 65GR,36.0,PC (1 PC),Fruits Secs,jeudi,2024-07,B,20,96.0
NUGGETS PANE PB,50.0,PC (1 PC),Volaille Surgelée,vendredi,2024-07,A,20,275.0
OEUFS,66.0,PC (30 PC),Beurre Oeuf Fromage,mercredi,2024-07,A,20,83.0
OIGNONS BLANC,71.95,KG (1 KG),Legumes Frais,jeudi,2024-07,A,20,127.3
OIGNONS ROUGE,79.3,KG (1 KG),Legumes Frais,jeudi,2024-07,A,20,119.4
OLIVE DENOYETE,14.0,KG,Legumes Frais,lundi,2024-07,B,20,35.0
OLIVE VIOLETTE,12.0,KG (1 KG),Legumes Frais,jeudi,2024-07,C,20,14.0
PACK FOOD BOWL + COUVERCLE 1.2 L,150.0,PC (1 PC),Consommable,samedi,2024-07,B,20,175.0
PAILLE NOIR,2.0,PQT (1000 PC),Consommable,dimanche,2024-07,A,20,39.0
PAIN CHAWARMA *10,59.0,PQT (10 PC),Boulangerie_R,mercredi,2024-07,A,20,115.0
PAIN DE MIE CEREALE,78.0,PC (1 PC),Boulangerie_R,jeudi,2024-07,B,20,130.0
PAIN DE MIE NATURE,78.0,PC,Boulangerie_R,mercredi,2024-07,B,20,130.0
PAIN SCHNECK AUX RAISINS SURG PUR BEURRE GF,350.0,PC (1 PC),Viennoiserie,jeudi,2024-07,B,20,1200.0
PAIN SHNEK AU RAISIN MARGARINE,400.0,PC (1 KG),Pâtisseries,jeudi,2024-07,C,20,700.0
PAPIER ALUM DE 100,1.0,PC,Consommable,lundi,2024-07,B,20,9.0
PAPIER SERVIETTE GOURMANDISE,80.0,PC (1 PC),Consommable,jeudi,2024-07,B,20,128.0
PASTEQUE,93.1,KG (1 KG),Fruits & Legumes Frais,vendredi,2024-07,B,20,129.85
PATE PIZZA FOCACCIA 12/40,30.0,PC,Boulangerie_R,jeudi,2024-07,A,20,170.0
PATE PIZZA FOCACCIA D32 CM,40.0,PC (1 PC),Boulangerie_R,mercredi,2024-07,C,20,50.0
PECHES,21.0,KG (1 KG),Fruits & Legumes Frais,mercredi,2024-07,A,20,27.5
PEPITTE DE DECORATION NOIRE KG,1.0,KG (1000 GR),Epicerie,jeudi,2024-07,D,20,8.5
PIMENT DOUX,48.3,KG (1 KG),Legumes Frais,mercredi,2024-07,A,20,97.3
PIMENT FORT,50.85,KG (1 KG),Legumes Frais,mercredi,2024-07,A,20,78.95
PIMENT ROUGE SALLE,6.0,KG,Legumes Frais,mardi,2024-07,B,20,20.0
POIVRE NOIR MOULU,1.0,PC (1 KG),Epicerie,mercredi,2024-07,B,20,3.0
POMME DE TERRE,223.8,KG (1 KG),Legumes Frais,mercredi,2024-07,A,20,292.25
POT NUTELLA 3 KG,2.0,POT (3 KG),Epicerie,mercredi,2024-07,C,20,31.0
POUDRE TENDERS PB,20.0,KG,Volaille Surgelée,jeudi,2024-07,B,20,42.0
POULET PANE AMANDE PB,200.0,PC (40 PC),Volaille Surgelée,vendredi,2024-07,A,20,350.0
PRUNES,18.8,KG (1 KG),Fruits & Legumes Frais,mercredi,2024-07,C,20,18.8
PUREE DE KIWI 1.32KG MONIN,2.0,PC (1000 GR),Pâtisseries,vendredi,2024-07,D,20,2.0
RACLETTE,1.0,PC (1 PC),Hygiène,mardi,2024-07,B,20,7.0
RAISIN NOIR,19.35,KG (1 KG),Fruits & Legumes Frais,mercredi,2024-07,A,20,38.1
RAISINS JAUNE,16.4,KG (1 KG),Fruits & Legumes Frais,mercredi,2024-07,B,20,23.0
RAME PAPIER A4,10.0,PC (1 PC),Fournitures de Bureau,mercredi,2024-07,B,20,23.0
REMANENT HERBE CF,5.0,PC (1 PC),Hygiène,samedi,2024-07,B,20,10.0
ROQUETTE SALADE BARQUETTE,2.3,KG (1 KG),Legumes Frais,mercredi,2024-07,A,20,5.9
ROULEAU CAISSE 80*80,90.0,PC (1 PC),Fournitures de Bureau,jeudi,2024-07,A,20,205.0
ROULEAU DE 750 ETIQUETTE BLANC,4.0,PC (1 PC),Consommable,mercredi,2024-07,C,20,16.0
ROULEAU TPE,117.0,PC (1 PC),Fournitures de Bureau,jeudi,2024-07,A,20,286.0
SAC BOUTIQUE GDISE HD 50/45 BLANC,275.0,PC,Consommable,dimanche,2024-07,D,20,1000.0
SACHET BRETELLES 38X60 MF,200.0,PC (1 PC),Consommable,samedi,2024-07,B,20,225.0
SACHET CONGELATION,2.0,PC (1 KG),Consommable,dimanche,2024-07,D,20,10.0
SALADE LAITUE TUN,348.4,KG (1 KG),Legumes Frais,mercredi,2024-07,A,20,393.7
SANEX,48.0,PC (1 PC),Hygiène,mercredi,2024-07,A,20,100.0
SANIT SURF,30.0,PC (1 PC),Hygiène,jeudi,2024-07,A,20,51.0
SAUCE A L'AIL PB,8.0,L (1 KG),Epicerie,jeudi,2024-07,A,20,11.0
SAUCE AU POIVRE SAC 500GR PB,2.0,KG (1 SAC),Epicerie,samedi,2024-07,B,20,5.0
SAUCE BARBECUE PB,5.0,KG,Epicerie,samedi,2024-07,D,20,15.0
SAUCE MAYONNAISE PESTO PB,8.0,L (1 L),Epicerie,jeudi,2024-07,A,20,11.0
SAUCE PESTO PB,2.0,KG (1 KG),Epicerie,mardi,2024-07,A,20,5.0
SAUCE PLAN B 5KG,10.0,SEAU (1000 GR),Epicerie,jeudi,2024-07,B,20,25.0
SEL FIN DE TABLE,9.0,PC (1 KG),Epicerie,mercredi,2024-07,B,20,23.0
SERPILLERE,54.0,PC (1 PC),Hygiène,mercredi,2024-07,A,20,122.0
SERVIETTE 30*30 MF,38.0,PQT (1 PQT),Consommable,samedi,2024-07,B,20,74.0
SQUEEZE CREME  CHEDDAR 450GR,10.0,BTL (450 GR),Beurre Oeuf Fromage,lundi,2024-07,D,20,27.0
SUCRE EN SACHET CI-GUSTA,20.0,PC (1 PC),Cafe,dimanche,2024-07,B,20,120.0
SUCRE EN SACHET DAILY BREAK,100.0,PC (1 KG),Cafe,jeudi,2024-07,A,20,230.0
THON EN BOITES,130.0,BTE (2.05 KG),Conserve de Poisson,mercredi,2024-07,A,20,164.0
TIC TAC MENTHE,12.0,PC,Epicerie,vendredi,2024-07,D,20,36.0
TIC TAC SPEARMINT,12.0,PC (1 PC),Epicerie,vendredi,2024-07,D,20,60.0
TOMATE CERISES,14.35,KG (1 KG),Legumes Frais,mercredi,2024-07,A,20,24.95
TOMATE FRAICHE,451.5,KG (1 KG),Legumes Frais,mercredi,2024-07,A,20,526.85
TOQUE CHEF,1.0,PC (1 PC),Hygiène,vendredi,2024-07,C,20,6.0
VARIANTES,10.0,KG (1 KG),Legumes Frais,mercredi,2024-07,D,20,10.0
VIANDE HACHEE SPECIAL RESTO,59.495000000000005,PC (1 KG),Viandes Fraiches,mercredi,2024-07,A,20,191.07
VIANDE SECHE FUME (BRESAOLA) TRANCHES 300GR,4.5,KG (1000 GR),Viandes Fraiches,mercredi,2024-07,A,20,11.0
AGRAFFE,2.0,PC (1 PC),Fournitures de Bureau,samedi,2024-07,C,21,11.0
AIL,2.05,KG (1 KG),Legumes Frais,jeudi,2024-07,B,21,8.3
AJAX VITRE,18.0,PC (1 PC),Hygiène,samedi,2024-07,A,21,32.0
AMANDE EFFILEE,2.0,PC (1 KG),Fruits Secs,lundi,2024-07,B,21,4.0
AMSTEL BEER BLLE 33CL,100.0,BTL (1 BTL),Alcools,dimanche,2024-07,B,21,432.0
ASEPCLOR,15.0,PC (1 PC),Hygiène,mardi,2024-07,A,21,60.0
AUBERGINE LEGUME,7.0,KG (1 KG),Legumes Frais,lundi,2024-07,A,21,17.85
AVOCAT FRUIT PIECE,6.0,PC,Fruits & Legumes Frais,dimanche,2024-07,B,21,43.0
BACON BOEUF FUME TRANCHES ( 300GR),3.9,KG (1000 GR),Viandes Fraiches,lundi,2024-07,A,21,6.9
BACON DE DINDE TRANCHES (1 - 1.5 KG),31.3,KG,Charcuterie,dimanche,2024-07,B,21,43.0
BALAIS SANS MANCHE,1.0,PC (1 PC),Hygiène,jeudi,2024-07,C,21,9.0
BANANE,45.0,PC,Fruits & Legumes Frais,mercredi,2024-07,A,21,155.0
BASILIC BARQUETTE,2.8,KG (1 KG),Legumes Frais,dimanche,2024-07,A,21,11.05
BEURRE MARGARINE  KG,40.5,PC (1 KG),Beurre Oeuf Fromage,dimanche,2024-07,C,21,40.5
BISCUIT TUC,48.0,PC (1 PC),Epicerie,lundi,2024-07,D,21,120.0
BLOUSE NON TISSEE,10.0,PC (1 KG),Hygiène,lundi,2024-07,C,21,36.0
BOGA PET 30CL,127.0,PQT,Eaux et Sodas,dimanche,2024-07,B,21,261.0
BOITE FRAPPE VANILLE 1.36KG MONIN,1.0,KG (1 KG),Pâtisseries,dimanche,2024-07,C,21,6.0
BOITE PIZZA ONDULEE 31/31,100.0,PC,Consommable,mardi,2024-07,C,21,200.0
BOITE PIZZA PM CIG,100.0,PC (1 PC),Consommable,dimanche,2024-07,B,21,500.0
BOUTEILLE DE VINAIGRETTE 250ML,11.0,PC (250 GR),Epicerie,dimanche,2024-07,A,21,16.0
BROCHETTE BAMBOO 20,1.0,SCH (100 PC),Consommable,mercredi,2024-07,C,21,14.0
CACAO EN POUDRE,1.0,PQT (0.25 KG),Cafe,mardi,2024-07,C,21,7.0
CAKE CHOCOLAT PBC,32.0,PC (1 PC),Viennoiserie,mardi,2024-07,B,21,88.0
CAKE MARBRE PBC,154.0,PC (1 PC),Viennoiserie,mardi,2024-07,A,21,363.0
CAKE ORANGE PBC,36.0,PC (1 PC),Viennoiserie,mardi,2024-07,B,21,170.0
CAPRE VRAC,6.0,KG (1 KG),Legumes Frais,samedi,2024-07,B,21,9.0
CAROTTE,15.9,KG (1 KG),Legumes Frais,lundi,2024-07,A,21,67.1
CAROTTE CAKE PBC,121.0,PC (1 PC),Viennoiserie,mardi,2024-07,B,21,330.0
CELTIA FUT DE 50L,3.0,PC (50 L),Alcools,lundi,2024-07,B,21,6.0
CHAMPIGNON FRAIS BARQUETTE,25.5,KG (1 KG),Legumes Frais,mardi,2024-07,A,21,34.5
CHEWING GUM FLORIDENT  EXTRA WHITE 60G,12.0,PC (1 PC),Epicerie,samedi,2024-07,D,21,24.0
CHOCOLAT EN POUDRE,52.0,PC (0.2 KG),Cafe,samedi,2024-07,A,21,86.0
CHOUX ROUGE,4.7,PC (1 PC),Legumes Frais,lundi,2024-07,A,21,9.6
CHOUX VERT,2.5,KG (1 KG),Legumes Frais,lundi,2024-07,B,21,12.8
CITRON,7.050000000000001,KG (1 KG),Legumes Frais,lundi,2024-07,A,21,16.75
CITRON SALLE,14.0,KG (1 KG),Legumes Frais,mercredi,2024-07,B,21,28.0
COCA COLA PET 30CL,137.0,PC (1 PQT),Eaux et Sodas,dimanche,2024-07,B,21,435.0
COCA COLA ZERO 30 CL,126.0,PC,Eaux et Sodas,dimanche,2024-07,B,21,148.0
CONCOMBRE,84.35,KG (1 KG),Legumes Frais,samedi,2024-07,A,21,177.692
COOKIES,80.0,PC (1 PC),Viennoiserie,mardi,2024-07,C,21,120.0
CORNICHON FRAIS,2.0,KG (1 KG),Legumes Frais,vendredi,2024-07,B,21,12.0
COURGE,23.95,KG (1 KG),Legumes Frais,lundi,2024-07,B,21,47.65
COURGETTE,8.1,KG (1 KG),Legumes Frais,lundi,2024-07,A,21,28.6
CREME A FOUETTER 1LT HOLE,20.0,PC (1 PC),GLACES,lundi,2024-07,C,21,31.0
CREME CHANTILLY,1.0,PC (1 PC),Pâtisseries,samedi,2024-07,D,21,11.0
CREME DE CUISSON,25.0,L (0.95 L),Beurre Oeuf Fromage,samedi,2024-07,B,21,27.0
CREVETTE 26/30 AVEC QUEUE  SURG.,2.0,KG (1 KG),Poisson Surgelé_R,mercredi,2024-07,C,21,4.0
CUISSE DE POULET FRAIS,12.03,KG (1 KG),Volaille Fraiche,mardi,2024-07,C,21,47.85
DADDY'S CHIPS CLASSIC SEL DE MER 70G,120.0,PC (1 PC),Epicerie,dimanche,2024-07,A,21,225.0
DADDY'S CHIPS SAVORY TRUFFE PARMESAN 70G,90.0,PC (1 PC),Epicerie,dimanche,2024-07,B,21,165.0
DADDY'S CHIPS SPICY PAPRIKA 70G,60.0,PC (1 PC),Epicerie,dimanche,2024-07,A,21,165.0
DINOL,75.0,BIDON (1 KG),Hygiène,samedi,2024-07,A,21,135.0
EMINCE DE BOEUF PORT. SURGELE,24.865,KG (1000 GR),Viandes Surgelées,lundi,2024-07,A,21,79.49000000000001
EPINARD,4.95,KG (1 KG),Legumes Frais,samedi,2024-07,B,21,12.15
ESCALOPE POULET FRAIS,321.173,PC (1 KG),Volaille Surgelée,lundi,2024-07,A,21,503.16
ESCALOPE POULET PANE CONGELE,70.98,KG (1 KG),Volaille Surgelée,samedi,2024-07,A,21,128.91
ESSUIT TOUT JUMBO,106.0,PC (1 KG),Hygiène,samedi,2024-07,A,21,157.0
FANTA PET 30CL,175.0,PC (1 PQT),Eaux et Sodas,dimanche,2024-07,B,21,312.0
FARINE EN PAQUET,191.0,PC (1 KG),Epicerie,dimanche,2024-07,A,21,252.0
FILET DE POULET PANE,1.08,KG (1 KG),Volaille Surgelée,mercredi,2024-07,D,21,141.12
FILM ETIRABLE 725GR,27.0,PC (1 GR),Consommable,samedi,2024-07,A,21,38.0
FRITE SURGELE 9/9 CLASSIC 2.5 KG,120.0,KG (2.5 KG),Legumes Surgelés,samedi,2024-07,A,21,290.0
FRITE SURGELE WEDGES 2.5 KG,21.0,KG (2.5 KG),Legumes Surgelés,lundi,2024-07,B,21,90.0
FROMAGE CHEDDAR EN BLOC,31.0,KG (1 KG),Beurre Oeuf Fromage,dimanche,2024-07,A,21,65.0
FROMAGE EDAM MEULE,17.716,KG (1 KG),Beurre Oeuf Fromage,lundi,2024-07,B,21,35.622
FROMAGE GOUTA,9.0,KG,Beurre Oeuf Fromage,dimanche,2024-07,C,21,16.0
FROMAGE LAND OR,21.75,PC (1 KG),Beurre Oeuf Fromage,dimanche,2024-07,A,21,25.4
FROMAGE MAASDAM EN BLOC PB,43.0,KG (1 KG),Beurre Oeuf Fromage,dimanche,2024-07,A,21,65.5
FROMAGE MEULE GOUDA KG,24.124,KG (1 KG),Beurre Oeuf Fromage,dimanche,2024-07,A,21,32.932
FROMAGE MOZZARELLA CARRE KG,155.0,KG (1 KG),Beurre Oeuf Fromage,dimanche,2024-07,C,21,155.0
FROMAGE PARMESAN PB,1.8,KG (0.2 KG),Beurre Oeuf Fromage,mardi,2024-07,A,21,3.8
FUT HEINEKEIN,170.0,PC (1 L),Alcools,dimanche,2024-07,B,21,240.0
GARCI GAZ P.E.T 1 L,258.0,L (1 GR),Eaux et Sodas,samedi,2024-07,A,21,344.0
GATEAU CHOCOLAT PBC,20.0,PC (1 PC),Viennoiserie,mardi,2024-07,B,21,100.0
GOBLET PP TRANSPARENT 200CC/80MM YOZEL,200.0,PC (1 PC),Consommable,dimanche,2024-07,D,21,700.0
HARISSA 450G,14.0,BTE,Epicerie,samedi,2024-07,C,21,17.0
HARISSA 5/2,42.0,BOTTE (1 BTE),Epicerie,samedi,2024-07,A,21,53.0
HUILE D'OLIVE POMACE,19.0,L,Epicerie,lundi,2024-07,B,21,28.5
HUILE VEGETALE,47.0,BIDON (5 L),Epicerie,samedi,2024-07,A,21,67.0
JAMBON DE BOEUF FUME,13.1,KG (1 KG),Charcuterie,dimanche,2024-07,A,21,18.1
JAMBON DE DINDE,24.5,PC (1 KG),Charcuterie,dimanche,2024-07,A,21,34.15
JEX CARRE,72.0,PC (1 PC),Hygiène,samedi,2024-07,A,21,180.0
JOUR ET NUIT ROSE 1/2,6.0,PC (1 PC),Alcools,mardi,2024-07,B,21,52.0
JOUR ET NUIT3/4 BLANC,6.0,PC (1 PC),Alcools,samedi,2024-07,C,21,30.0
KETCHUP BIDON 5L,15.0,PC (1 KG),Epicerie,samedi,2024-07,B,21,35.0
KINDER BUENO,210.0,PC (1 PC),Epicerie,samedi,2024-07,A,21,300.0
LAIT ENTIER 1L,132.0,PC (1 PC),Jus Fruit Lait,lundi,2024-07,B,21,186.0
LAVETTE COTON,69.0,PC (1 PC),Hygiène,samedi,2024-07,A,21,149.0
LEVURE BOULANGERE NORMALE,18.0,PC (1 PC),Boulangerie_R,jeudi,2024-07,B,21,34.0
LEVURE CHIMIQUE,1.0,PC,Pâtisseries,vendredi,2024-07,D,21,3.0
LOT CAFE GRAIN ESPRESSO ELITE 3,115.0,PC (1 KG),Cafe,samedi,2024-07,A,21,128.0
LOT CAFE GRAINS  PUR EXPRESS,5.0,KG,Cafe,vendredi,2024-07,A,21,73.0
MAIS EN BOITE,44.0,BTE (340 GR),Epicerie,samedi,2024-07,A,21,92.0
MAIS EN VRAC,1.0,PC (1 KG),Legumes Frais,jeudi,2024-07,C,21,9.0
MARINADE EMINCE DE BOEUF 2KG,8.0,KG (1 KG),Epicerie,dimanche,2024-07,B,21,10.0
MARINADE POULET GRILLE 2KG PB,28.0,PC (1 KG),Volaille Surgelée,dimanche,2024-07,A,21,36.0
MAYO 5L DEJ,99.0,KG (5000 GR),Beurre Oeuf Fromage,samedi,2024-07,A,21,170.0
MELANGE TENDER 2KG PB,8.0,KG (1 KG),Epicerie,dimanche,2024-07,B,21,13.0
MELON,49.5,PC (1 KG),Fruits & Legumes Frais,dimanche,2024-07,B,21,60.8
MENTOS ROLLS FRUIT FLAVOUR,40.0,PC (1 PC),Epicerie,dimanche,2024-07,D,21,80.0
MENTOS ROLLS MENTHE,40.0,PC (1 PC),Epicerie,lundi,2024-07,D,21,80.0
MENTOS ROLLS RAINBOW,40.0,PC (1 PC),Epicerie,lundi,2024-07,D,21,120.0
MENTOS ROLLS STRAWBERRY,40.0,PC (1 PC),Epicerie,dimanche,2024-07,D,21,80.0
MENTOS ROLLS TUTTI FRUTTI,40.0,PC (1 PC),Epicerie,lundi,2024-07,D,21,80.0
MIEL DOUX & FRAIS,4.0,PC (1 PC),Epicerie,mercredi,2024-07,C,21,11.0
MIX A CREPE FRANCAISE,110.0,SAC (1 SAC),Pâtisseries,samedi,2024-07,B,21,150.0
MOELLEUX CHOCOLAT,72.0,PC (1 PC),Viennoiserie,mardi,2024-07,C,21,108.0
MOUTARDE DIJON 840 GR,4.0,BTE (840 GR),Epicerie,mercredi,2024-07,B,21,25.0
MUFFINS VANILLE,72.0,PC (1 PC),Viennoiserie,mardi,2024-07,B,21,96.0
NAPPAGE,1.0,PC (1 PC),Pâtisseries,lundi,2024-07,C,21,14.0
NOISETTE GRILLEE CONCASSEE,1.0,PC (1 KG),Fruits Secs,mercredi,2024-07,D,21,3.0
NOIX DE CAJOU GRILLES SALEES 65GR,24.0,PC (1 PC),Fruits Secs,jeudi,2024-07,B,21,96.0
NUGGETS PANE PB,175.0,PC (1 PC),Volaille Surgelée,samedi,2024-07,A,21,275.0
OEUFS,78.0,PC (30 PC),Beurre Oeuf Fromage,samedi,2024-07,A,21,83.0
OIGNONS BLANC,75.0,KG (1 KG),Legumes Frais,samedi,2024-07,A,21,127.3
OIGNONS ROUGE,87.75,KG (1 KG),Legumes Frais,samedi,2024-07,A,21,119.4
OLIVE DENOYETE,21.0,KG (1 KG),Legumes Frais,dimanche,2024-07,B,21,35.0
OLIVE NOIRE SLICE,14.0,KG (1 KG),Legumes Frais,lundi,2024-07,B,21,35.0
OLIVE VIOLETTE,6.0,KG (1 KG),Legumes Frais,mercredi,2024-07,C,21,14.0
PACK FOOD BOWL + COUVERCLE 1.2 L,125.0,PC (1 PC),Consommable,samedi,2024-07,B,21,175.0
PAILLE NOIR,5.0,PQT (1000 PC),Consommable,samedi,2024-07,A,21,39.0
PAIN CHAWARMA *10,77.0,PQT (10 PC),Boulangerie_R,samedi,2024-07,A,21,115.0
PAIN DE MIE CEREALE,52.0,PC,Boulangerie_R,mercredi,2024-07,B,21,130.0
PAIN DE MIE NATURE,78.0,PC,Boulangerie_R,dimanche,2024-07,B,21,130.0
PAIN SCHNECK AUX RAISINS SURG PUR BEURRE GF,175.0,PC (1 PC),Viennoiserie,mercredi,2024-07,B,21,1200.0
PAIN SHNEK AU RAISIN MARGARINE,175.0,PC (1 KG),Pâtisseries,mercredi,2024-07,C,21,700.0
PAPIER ALUM DE 100,3.0,PC (1 PC),Consommable,lundi,2024-07,B,21,9.0
PAPIER CUISSON 40*60,2.0,PC (500 PC),Consommable,samedi,2024-07,C,21,4.0
PAPIER SERVIETTE GOURMANDISE,82.0,PC (1 PC),Consommable,dimanche,2024-07,B,21,128.0
PAPRIKA DOUX,1.0,KG (1 KG),Fruits & Legumes Frais,samedi,2024-07,C,21,3.0
PASTEQUE,56.150000000000006,KG (1 KG),Fruits & Legumes Frais,dimanche,2024-07,B,21,129.85
PATE PAPILLON,5.0,PC (1 KG),Epicerie,lundi,2024-07,D,21,24.0
PATE PIZZA FOCACCIA 12/40,140.0,PC (1 PC),Boulangerie_R,samedi,2024-07,A,21,170.0
PATE PIZZA FOCACCIA D32 CM,20.0,PC (1 PC),Boulangerie_R,jeudi,2024-07,C,21,50.0
PATE PLUME COURTE,16.0,PC (1 KG),Epicerie,mardi,2024-07,B,21,58.0
PATE SPAGHETTI,16.0,PC (1 PC),Epicerie,lundi,2024-07,B,21,74.0
PECHES,13.9,KG (1 KG),Fruits & Legumes Frais,dimanche,2024-07,A,21,27.5
PEPITTE DE DECORATION NOIRE KG,1.5,KG (1000 GR),Epicerie,lundi,2024-07,D,21,8.5
PEPPERONI,2.1,KG (1 KG),Charcuterie,dimanche,2024-07,A,21,4.8
PIMENT DOUX,62.55,KG (1 KG),Legumes Frais,samedi,2024-07,A,21,97.3
PIMENT FORT,39.5,KG (1 KG),Legumes Frais,lundi,2024-07,A,21,78.95
PIMENT ROUGE SALLE,12.0,KG,Legumes Frais,dimanche,2024-07,B,21,20.0
PISTACHE CONCASSEE,4.0,PC (1000 GR),Fruits Secs,lundi,2024-07,C,21,4.0
POMME DE TERRE,241.1,KG (1 KG),Legumes Frais,samedi,2024-07,A,21,292.25
POT NUTELLA 3 KG,31.0,POT (3 KG),Epicerie,samedi,2024-07,C,21,31.0
POUDRE TENDERS PB,30.0,KG (1 KG),Volaille Surgelée,dimanche,2024-07,B,21,42.0
POULET PANE AMANDE PB,163.0,PC (40 PC),Volaille Surgelée,samedi,2024-07,A,21,350.0
PRUNES,11.4,KG (1 KG),Fruits & Legumes Frais,samedi,2024-07,C,21,18.8
PUREE FRAISE 1.32KG MONIN,1.0,KG (1320 GR),Pâtisseries,dimanche,2024-07,D,21,2.0
RACLETTE,1.0,PC (1 PC),Hygiène,jeudi,2024-07,B,21,7.0
RAISIN NOIR,21.9,KG (1 KG),Fruits & Legumes Frais,samedi,2024-07,A,21,38.1
RAISINS JAUNE,16.45,KG,Fruits & Legumes Frais,dimanche,2024-07,B,21,23.0
RAME PAPIER A4,7.0,PC (1 PC),Fournitures de Bureau,samedi,2024-07,B,21,23.0
REMANENT HERBE CF,2.0,PC (1 PC),Hygiène,samedi,2024-07,B,21,10.0
RIZ EN PAQUET,5.0,PC (1 PC),Epicerie,dimanche,2024-07,C,21,35.0
ROULEAU CAISSE 80*80,61.0,PC (1 PC),Fournitures de Bureau,samedi,2024-07,A,21,205.0
ROULEAU TPE,175.0,PC (1 PC),Fournitures de Bureau,samedi,2024-07,A,21,286.0
SAC BOUTIQUE GDISE HD 50/45 BLANC,250.0,PC (1 PC),Consommable,dimanche,2024-07,D,21,1000.0
SACHET CONGELATION,1.0,PC (1 KG),Consommable,mardi,2024-07,D,21,10.0
SALADE LAITUE TUN,290.7,KG (1 KG),Legumes Frais,samedi,2024-07,A,21,393.7
SANEX,44.0,PC (1 PC),Hygiène,samedi,2024-07,A,21,100.0
SANIT SURF,32.0,PC (1 PC),Hygiène,lundi,2024-07,A,21,51.0
SAUCE A L'AIL PB,8.0,L (1 KG),Epicerie,dimanche,2024-07,A,21,11.0
SAUCE AU POIVRE SAC 500GR PB,2.0,KG (1 SAC),Epicerie,dimanche,2024-07,B,21,5.0
SAUCE MAYONNAISE PESTO PB,8.0,L (1 L),Epicerie,dimanche,2024-07,A,21,11.0
SAUCE PESTO PB,4.0,KG (1 KG),Epicerie,dimanche,2024-07,A,21,5.0
SAUCE PLAN B 5KG,10.0,SEAU (1000 GR),Epicerie,mardi,2024-07,B,21,25.0
SEL FIN DE TABLE,7.0,PC (1 KG),Epicerie,mardi,2024-07,B,21,23.0
SERPILLERE,85.0,PC (1 PC),Hygiène,samedi,2024-07,A,21,122.0
SERVIETTE 30*30 CIGUSTA,192.0,PC (1 PC),Consommable,dimanche,2024-07,B,21,192.0
SERVIETTE 30*30 MF,38.0,PQT (1 PQT),Consommable,dimanche,2024-07,B,21,74.0
SIROP DE VANILLE 1L MONIN,1.0,PC (700 ML),Pâtisseries,samedi,2024-07,C,21,3.0
STEACK HACHE (PORTION 115GR),18.0,PC (1 KG),Viandes Surgelées,mardi,2024-07,C,21,32.0
SUCRE EN SACHET CI-GUSTA,60.0,PC (1 PC),Cafe,dimanche,2024-07,B,21,120.0
SUCRE EN SACHET DAILY BREAK,120.0,PC (1 KG),Cafe,samedi,2024-07,A,21,230.0
TENDER DE POULET 1KG,8.64,KG,Volaille Surgelée,mercredi,2024-07,D,21,225.0
THON EN BOITES,113.0,BTE (2.05 KG),Conserve de Poisson,samedi,2024-07,A,21,164.0
TIC TAC MENTHE,24.0,PC (1 PC),Epicerie,lundi,2024-07,D,21,36.0
TIC TAC ORANGE,24.0,PC (1 PC),Epicerie,lundi,2024-07,D,21,36.0
TIC TAC SPEARMINT,12.0,PC,Epicerie,mercredi,2024-07,D,21,60.0
TOMATE CERISES,11.35,KG (1 KG),Legumes Frais,samedi,2024-07,A,21,24.95
TOMATE FRAICHE,388.4,KG (1 KG),Legumes Frais,samedi,2024-07,A,21,526.85
TOMATES SECHEES,1.1,PC (1000 GR),Epicerie,mardi,2024-07,B,21,5.0
TOQUE CHEF,2.0,PC (1 PC),Hygiène,jeudi,2024-07,C,21,6.0
VIANDE HACHEE SPECIAL RESTO,54.065,PC (1 KG),Viandes Fraiches,dimanche,2024-07,A,21,191.07
VIANDE SECHE FUME (BRESAOLA) TRANCHES 300GR,4.8,KG (1000 GR),Viandes Fraiches,dimanche,2024-07,A,21,11.0
VINAIGRE 1L,5.0,L (1000 GR),Epicerie,mercredi,2024-07,D,21,12.0
AGRAFFE,9.0,PC (1 PC),Fournitures de Bureau,vendredi,2024-08,C,22,11.0
AIL,4.3,KG,Legumes Frais,mardi,2024-07,B,22,8.3
AIL EN POUDRE,1.0,KG (1 KG),Fruits & Legumes Frais,vendredi,2024-08,C,22,2.0
AJAX VITRE,16.0,PC (1 PC),Hygiène,mardi,2024-07,A,22,32.0
ALKASURF DDA 5KG,5.0,PC (1 PC),Hygiène,vendredi,2024-08,D,22,15.0
AMANDE EFFILEE,2.0,PC (1 KG),Fruits Secs,samedi,2024-08,B,22,4.0
AMANDES GRILEES SALEES 70GR,60.0,PC (1 PC),Fruits Secs,jeudi,2024-08,B,22,84.0
AMSTEL BEER BLLE 33CL,297.0,BTL (1 BTL),Alcools,mercredi,2024-07,B,22,432.0
ASEPCLOR,20.0,PC (1 PC),Hygiène,mardi,2024-07,A,22,60.0
AUBERGINE LEGUME,5.65,KG,Legumes Frais,mardi,2024-07,A,22,17.85
AVOCAT FRUIT PIECE,26.0,PC (1 PC),Fruits & Legumes Frais,mardi,2024-07,B,22,43.0
BACON BOEUF FUME TRANCHES ( 300GR),2.7,KG (1000 GR),Viandes Fraiches,mardi,2024-07,A,22,6.9
BACON DE DINDE TRANCHES (1 - 1.5 KG),10.0,KG (1 KG),Charcuterie,vendredi,2024-08,B,22,43.0
BACTYGEL 703 CF,1.0,BTL (1 BTL),Hygiène,mardi,2024-08,B,22,4.0
BALAIS SANS MANCHE,4.0,PC,Hygiène,mercredi,2024-07,C,22,9.0
BANANE,7.0,KG (1 PC),Fruits & Legumes Frais,mercredi,2024-07,A,22,155.0
BASILIC BARQUETTE,4.6,KG,Legumes Frais,mercredi,2024-07,A,22,11.05
BEURRE MARGARINE  KG,22.75,PC (1 KG),Beurre Oeuf Fromage,vendredi,2024-08,C,22,40.5
BISCUIT TUC,48.0,PC (1 PC),Epicerie,vendredi,2024-08,D,22,120.0
BLOUSE NON TISSEE,30.0,PC (1 KG),Hygiène,mercredi,2024-07,C,22,36.0
BOGA CIDRE PET 30 CL,24.0,PC (1 PC),Eaux et Sodas,jeudi,2024-08,C,22,182.0
BOGA PET 30CL,235.0,PQT,Eaux et Sodas,mercredi,2024-07,B,22,261.0
BOITE FRAPPE CAFE 1.36KG MONIN,6.0,BTE (1360 GR),Pâtisseries,mardi,2024-07,C,22,6.0
BOITE FRAPPE VANILLE 1.36KG MONIN,4.0,KG (1 KG),Pâtisseries,mardi,2024-07,C,22,6.0
BOITE PIZZA ONDULEE 31/31,200.0,PC,Consommable,mardi,2024-07,C,22,200.0
BOITE PIZZA PM CIG,200.0,PC,Consommable,mercredi,2024-07,B,22,500.0
BOUTEILLE DE VINAIGRETTE 250ML,5.0,PC (250 GR),Epicerie,mardi,2024-08,A,22,16.0
BROCHETTE BAMBOO 20,8.0,SCH (100 PC),Consommable,samedi,2024-08,C,22,14.0
CACAHUETES GRILLEES SALEES 70GR,24.0,PC (1 PC),Fruits Secs,vendredi,2024-08,C,22,60.0
CAKE CHOCOLAT PBC,40.0,PC (1 PC),Viennoiserie,mardi,2024-07,B,22,88.0
CAKE MARBRE MARGARINE,66.0,PC (1 PC),Pâtisseries,mercredi,2024-07,A,22,561.0
CAKE MARBRE PBC,198.0,PC,Viennoiserie,jeudi,2024-08,A,22,363.0
CAKE ORANGE PBC,36.0,PC (1 PC),Viennoiserie,mardi,2024-07,B,22,170.0
CAROTTE,20.7,KG,Legumes Frais,mercredi,2024-07,A,22,67.1
CAROTTE CAKE PBC,132.0,PC (1 PC),Viennoiserie,vendredi,2024-08,B,22,330.0
CELTIA FUT DE 50L,1.0,PC (50 L),Alcools,mercredi,2024-07,B,22,6.0
CHAMPIGNON FRAIS BARQUETTE,19.5,KG (1 KG),Legumes Frais,mercredi,2024-07,A,22,34.5
CHAPLUR,16.0,PC (1 KG),Epicerie,mercredi,2024-07,C,22,16.0
CHEWING GUM FLORIDENT  EXTRA WHITE 60G,12.0,PC (1 PC),Epicerie,vendredi,2024-08,D,22,24.0
CHOCOLAT EN POUDRE,86.0,PC (0.2 KG),Cafe,mercredi,2024-07,A,22,86.0
CHOUX ROUGE,2.85,PC (1 PC),Legumes Frais,mercredi,2024-07,A,22,9.6
CHOUX VERT,2.2,KG,Legumes Frais,mardi,2024-07,B,22,12.8
CITRON,9.4,KG,Legumes Frais,mardi,2024-07,A,22,16.75
CITRON SALLE,9.8,KG (1 KG),Legumes Frais,mercredi,2024-07,B,22,28.0
COCA COLA PET 30CL,332.0,PC (1 PQT),Eaux et Sodas,mercredi,2024-07,B,22,435.0
COCA COLA ZERO 30 CL,117.0,PC (1 PC),Eaux et Sodas,vendredi,2024-08,B,22,148.0
COFFRET CHECHIA AV SEP 16/16,50.0,PC (1 PC),Consommable,mardi,2024-07,C,22,125.0
COFFRET PORTRAIT AV SEP 11.5/11.5,50.0,PC (1 PC),Consommable,mardi,2024-07,C,22,175.0
COFFRET PORTRAIT AV SEP 19.5/19.5,50.0,PC (1 PC),Consommable,mardi,2024-07,C,22,200.0
COFFRET PORTRAIT AV SEP24.5/14.5,50.0,PC (1 PC),Consommable,mardi,2024-07,C,22,150.0
CONCOMBRE,85.708,KG (1 KG),Legumes Frais,mercredi,2024-07,A,22,177.692
CONFITURE DE FRAISES 380G,1.0,PC (1 PC),Conserve de légumes,vendredi,2024-08,D,22,3.0
COOKIES,120.0,PC,Viennoiserie,vendredi,2024-08,C,22,120.0
CORNICHON FRAIS,2.0,KG (1 KG),Legumes Frais,lundi,2024-08,B,22,12.0
COURGE,24.25,KG (1 KG),Legumes Frais,mercredi,2024-07,B,22,47.65
COURGETTE,8.9,KG (1 KG),Legumes Frais,mercredi,2024-07,A,22,28.6
CREME A FOUETTER,1.0,PC (1 KG),Beurre Oeuf Fromage,mardi,2024-07,B,22,16.0
CREME A FOUETTER 1LT HOLE,22.0,PC,GLACES,mardi,2024-07,C,22,31.0
CREME CHANTILLY,6.0,PC (1 PC),Pâtisseries,mercredi,2024-07,D,22,11.0
CREME DE CUISSON,23.0,L (0.95 L),Beurre Oeuf Fromage,mercredi,2024-07,B,22,27.0
CREVETTE 26/30 AVEC QUEUE  SURG.,1.0,KG,Poisson Surgelé_R,lundi,2024-08,C,22,4.0
CUISSE DE POULET FRAIS,23.2,KG (1 KG),Volaille Fraiche,mardi,2024-07,C,22,47.85
DADDY'S CHIPS CLASSIC SEL DE MER 70G,135.0,PC (1 PC),Epicerie,mardi,2024-07,A,22,225.0
DADDY'S CHIPS SAVORY TRUFFE PARMESAN 70G,90.0,PC (1 PC),Epicerie,vendredi,2024-08,B,22,165.0
DADDY'S CHIPS SPICY PAPRIKA 70G,60.0,PC (1 PC),Epicerie,lundi,2024-08,A,22,165.0
DINOL,100.0,BIDON (1 KG),Hygiène,mardi,2024-07,A,22,135.0
EMBALLAGE EN CARTON 30*12*6,100.0,PC (1 PC),Consommable,samedi,2024-08,D,22,300.0
EMINCE DE BOEUF PORT. SURGELE,52.29,KG (1000 GR),Viandes Surgelées,mercredi,2024-07,A,22,79.49000000000001
EPINARD,9.1,KG (1 KG),Legumes Frais,mardi,2024-07,B,22,12.15
ESCALOPE POULET FRAIS,478.02,PC (1 KG),Volaille Surgelée,mardi,2024-07,A,22,503.16
ESCALOPE POULET PANE CONGELE,89.33,KG (1 KG),Volaille Surgelée,mercredi,2024-07,A,22,128.91
ESSUIT TOUT JUMBO,130.0,PC (1 KG),Hygiène,mardi,2024-07,A,22,157.0
FANTA PET 30CL,242.0,PC (1 PQT),Eaux et Sodas,mercredi,2024-07,B,22,312.0
FARINE EN PAQUET,252.0,PC (1 KG),Epicerie,mardi,2024-07,A,22,252.0
FILET DE POULET PANE,15.68,KG (1 KG),Volaille Surgelée,samedi,2024-08,D,22,141.12
FILM ETIRABLE 725GR,36.0,PC (1 GR),Consommable,mercredi,2024-07,A,22,38.0
FRITE SURGELE 9/9 CLASSIC 2.5 KG,100.0,SCH (2.5 KG),Legumes Surgelés,jeudi,2024-08,A,22,290.0
FRITE SURGELE WEDGES 2.5 KG,22.0,KG (2.5 KG),Legumes Surgelés,jeudi,2024-08,B,22,90.0
FROMAGE BUCHE BLANCHE CHEVRE KG,1.5,KG (1 KG),Beurre Oeuf Fromage,samedi,2024-08,B,22,5.0
FROMAGE CHEDDAR EN BLOC,36.0,KG (1 KG),Beurre Oeuf Fromage,jeudi,2024-08,A,22,65.0
FROMAGE EDAM MEULE,10.85,KG (1 KG),Beurre Oeuf Fromage,samedi,2024-08,B,22,35.622
FROMAGE GORGONZELA,2.7,PC (1 KG),Beurre Oeuf Fromage,mercredi,2024-07,A,22,13.0
FROMAGE GOUTA,14.0,KG,Beurre Oeuf Fromage,mardi,2024-07,C,22,16.0
FROMAGE LAND OR,5.4,PC (1 KG),Beurre Oeuf Fromage,vendredi,2024-08,A,22,25.4
FROMAGE MAASDAM EN BLOC PB,45.0,KG (1 KG),Beurre Oeuf Fromage,mardi,2024-07,A,22,65.5
FROMAGE MEULE GOUDA KG,18.5,KG (1 KG),Beurre Oeuf Fromage,vendredi,2024-08,A,22,32.932
FROMAGE MOZZARELLA  KG,109.65,KG (1 KG),Beurre Oeuf Fromage,vendredi,2024-08,A,22,176.93
FROMAGE MOZZARELLA CARRE KG,20.0,KG (1 KG),Beurre Oeuf Fromage,jeudi,2024-08,C,22,155.0
FROMAGE PARMESAN PB,3.0,KG (0.2 KG),Beurre Oeuf Fromage,mercredi,2024-07,A,22,3.8
FUT HEINEKEIN,120.0,PC (1 L),Alcools,mercredi,2024-07,B,22,240.0
GARCI GAZ P.E.T 1 L,287.0,L (1 GR),Eaux et Sodas,mercredi,2024-07,A,22,344.0
GATEAU CHOCOLAT PBC,80.0,PC (1 PC),Viennoiserie,mercredi,2024-07,B,22,100.0
GOBLET PP TRANSPARENT 200CC/80MM YOZEL,300.0,PC (1 PC),Consommable,dimanche,2024-08,D,22,700.0
HARISSA 450G,15.0,BTE,Epicerie,mardi,2024-07,C,22,17.0
HARISSA 5/2,33.0,BOTTE (1 BTE),Epicerie,mardi,2024-07,A,22,53.0
HUILE D'OLIVE POMACE,19.0,L (1 L),Epicerie,mardi,2024-07,B,22,28.5
HUILE VEGETALE,51.0,BIDON (5 L),Epicerie,mardi,2024-07,A,22,67.0
JAMBON DE BOEUF FUME,15.45,KG (1 KG),Charcuterie,mercredi,2024-07,A,22,18.1
JAMBON DE DINDE,10.85,PC (1 KG),Charcuterie,jeudi,2024-08,A,22,34.15
JEX CARRE,49.0,PC (1 PC),Hygiène,mardi,2024-07,A,22,180.0
JOUR ET NUIT BLANC 1/2,19.0,PC (1 PC),Alcools,vendredi,2024-08,C,22,52.0
JOUR ET NUIT ROSE 1/2,14.0,PC (1 PC),Alcools,vendredi,2024-08,B,22,52.0
KETCHUP BIDON 5L,20.0,PC (1 KG),Epicerie,mardi,2024-07,B,22,35.0
KINDER BUENO,240.0,PC (1 PC),Epicerie,mardi,2024-07,A,22,300.0
KINDER T4,20.0,PC (1 PC),Epicerie,samedi,2024-08,B,22,180.0
LAIT ENTIER 1L,114.0,PC (1 PC),Jus Fruit Lait,mercredi,2024-07,B,22,186.0
LAVETTE COTON,103.0,PC,Hygiène,mardi,2024-07,A,22,149.0
LEVURE BOULANGERE NORMALE,34.0,PC,Boulangerie_R,mardi,2024-07,B,22,34.0
LOT CAFE GRAIN ESPRESSO ELITE 3,76.0,PC (1 KG),Cafe,mercredi,2024-07,A,22,128.0
LOT CAFE GRAINS  PUR EXPRESS,31.0,KG,Cafe,mercredi,2024-07,A,22,73.0
MAIS EN BOITE,49.0,BTE (340 GR),Epicerie,mardi,2024-07,A,22,92.0
MAIS EN VRAC,2.0,PC (1 KG),Legumes Frais,mercredi,2024-07,C,22,9.0
MARINADE EMINCE DE BOEUF 2KG,10.0,KG (1 KG),Epicerie,mardi,2024-07,B,22,10.0
MARINADE POULET GRILLE 2KG PB,24.0,PC (1 KG),Volaille Surgelée,jeudi,2024-08,A,22,36.0
MAYO 5L DEJ,31.0,KG (5000 GR),Beurre Oeuf Fromage,mardi,2024-07,A,22,170.0
MELANGE EPICES VIANDE 500GR PB,1.5,KG (1 KG),Epicerie,jeudi,2024-08,D,22,2.0
MELANGE TENDER 2KG PB,9.0,KG (1 KG),Epicerie,mardi,2024-07,B,22,13.0
MELON,51.15,PC (1 KG),Fruits & Legumes Frais,mardi,2024-07,B,22,60.8
MENTHE FRAICHE,14.0,PC,Legumes Frais,mercredi,2024-07,B,22,16.0
MENTOS ROLLS FRUIT FLAVOUR,40.0,PC (1 PC),Epicerie,vendredi,2024-08,D,22,80.0
MENTOS ROLLS MENTHE,40.0,PC (1 PC),Epicerie,vendredi,2024-08,D,22,80.0
MENTOS ROLLS RAINBOW,40.0,PC (1 PC),Epicerie,mardi,2024-07,D,22,120.0
MENTOS ROLLS STRAWBERRY,80.0,PC (1 PC),Epicerie,vendredi,2024-08,D,22,80.0
MENTOS ROLLS TUTTI FRUTTI,80.0,PC (1 PC),Epicerie,mardi,2024-07,D,22,80.0
MIX A CREPE FRANCAISE,120.0,SAC,Pâtisseries,mardi,2024-07,B,22,150.0
MOELLEUX CHOCOLAT,72.0,PC (1 PC),Viennoiserie,lundi,2024-08,C,22,108.0
MOUTARDE DIJON 840 GR,5.0,BTE (840 GR),Epicerie,mercredi,2024-07,B,22,25.0
MOZARELLA BOCCONCINI,10.0,PC (200 GR),Beurre Oeuf Fromage,samedi,2024-08,D,22,23.0
MUFFINS VANILLE,72.0,PC,Viennoiserie,vendredi,2024-08,B,22,96.0
NAPPAGE,2.0,PC,Pâtisseries,mardi,2024-07,C,22,14.0
NOISETTE GRILLEE CONCASSEE,2.0,PC (1 KG),Fruits Secs,dimanche,2024-08,D,22,3.0
NOIX DE CAJOU GRILLES SALEES 65GR,12.0,PC (1 PC),Fruits Secs,mardi,2024-07,B,22,96.0
NUGGETS PANE PB,150.0,PC (1 PC),Volaille Surgelée,jeudi,2024-08,A,22,275.0
NUTELLA & GO 52 GR,48.0,PC (1 PC),Epicerie,samedi,2024-08,C,22,192.0
OEUFS,76.0,PC (30 PC),Beurre Oeuf Fromage,mercredi,2024-07,A,22,83.0
OIGNONS BLANC,76.3,KG,Legumes Frais,mardi,2024-07,A,22,127.3
OIGNONS ROUGE,85.5,KG (1 KG),Legumes Frais,mercredi,2024-07,A,22,119.4
OLIVE DENOYETE,14.0,KG,Legumes Frais,mercredi,2024-07,B,22,35.0
OLIVE NOIRE SLICE,14.0,KG (1 KG),Legumes Frais,lundi,2024-08,B,22,35.0
OLIVE VIOLETTE,6.0,KG (1 KG),Legumes Frais,mercredi,2024-07,C,22,14.0
ORANGINA BOITE 24 CL,72.0,BTE (1 BTE),Eaux et Sodas,jeudi,2024-08,A,22,347.0
PACK FOOD BOWL + COUVERCLE 1.2 L,100.0,PC (1 PC),Consommable,lundi,2024-08,B,22,175.0
PAILLE NOIR,39.0,PQT (250 PC),Consommable,mardi,2024-07,A,22,39.0
PAIN CHAWARMA *10,67.0,PQT (10 PC),Boulangerie_R,mardi,2024-07,A,22,115.0
PAIN DE MIE CEREALE,52.0,PC,Boulangerie_R,samedi,2024-08,B,22,130.0
PAIN DE MIE NATURE,104.0,PC (1 PC),Boulangerie_R,mercredi,2024-07,B,22,130.0
PAIN SCHNECK AUX RAISINS SURG PUR BEURRE GF,150.0,PC (1 PC),Viennoiserie,mardi,2024-07,B,22,1200.0
PAIN SHNEK AU RAISIN MARGARINE,100.0,PC (1 KG),Pâtisseries,mardi,2024-07,C,22,700.0
PAPIER ALUM DE 100,5.0,PC,Consommable,mercredi,2024-07,B,22,9.0
PAPIER CUISSON 40*60,2.0,PC (250 PC),Consommable,mercredi,2024-07,C,22,4.0
PAPIER SERVIETTE GOURMANDISE,78.0,PC (1 PC),Consommable,mardi,2024-07,B,22,128.0
PASTEQUE,78.55,KG (1 KG),Fruits & Legumes Frais,mardi,2024-07,B,22,129.85
PATE PIZZA FOCACCIA 12/40,68.0,PC (1 PC),Boulangerie_R,mercredi,2024-07,A,22,170.0
PATE PIZZA FOCACCIA D32 CM,20.0,PC,Boulangerie_R,mardi,2024-08,C,22,50.0
PATE PLUME COURTE,11.0,PC (1 KG),Epicerie,mercredi,2024-07,B,22,58.0
PATE SPAGHETTI,11.0,PC (1 PC),Epicerie,mercredi,2024-07,B,22,74.0
PECHES,26.55,KG (1 KG),Fruits & Legumes Frais,mardi,2024-07,A,22,27.5
PEPITTE DE DECORATION NOIRE KG,2.45,KG (1000 GR),Epicerie,mardi,2024-07,D,22,8.5
PEPPERONI,2.1,KG (1 KG),Charcuterie,mardi,2024-07,A,22,4.8
PILLE AA,12.0,PC (1 GR),Fournitures de Bureau,mardi,2024-07,D,22,20.0
PIMENT DOUX,38.9,KG (1 KG),Legumes Frais,vendredi,2024-08,A,22,97.3
PIMENT FORT,51.4,KG,Legumes Frais,mercredi,2024-07,A,22,78.95
PIMENT ROUGE SALLE,9.0,KG,Legumes Frais,mercredi,2024-07,B,22,20.0
PISTACHE CONCASSEE,1.0,PC (1000 GR),Fruits Secs,dimanche,2024-08,C,22,4.0
POCHETTE CROISSANT 15*7*29,4.0,PC (1000 PC),Consommable,jeudi,2024-08,C,22,4.0
POIVRE NOIR MOULU,1.0,PC (1 KG),Epicerie,jeudi,2024-08,B,22,3.0
POMME DE TERRE,222.7,KG (1 KG),Legumes Frais,mardi,2024-07,A,22,292.25
POT NUTELLA 3 KG,25.0,POT (3 KG),Epicerie,jeudi,2024-08,C,22,31.0
POUDRE TENDERS PB,42.0,KG (1 KG),Volaille Surgelée,jeudi,2024-08,B,22,42.0
POULET PANE AMANDE PB,5.0,PQT (40 PC),Volaille Surgelée,jeudi,2024-08,A,22,350.0
PRUNES,8.585,KG (1 KG),Fruits & Legumes Frais,mardi,2024-07,C,22,18.8
PUREE ANANAS 1 L,1.0,PC (1 L),Epicerie,vendredi,2024-08,D,22,2.0
PUREE DE BANANE 1L,1.0,PC (1 L),Epicerie,vendredi,2024-08,D,22,2.0
PUREE MANGUE 1L,1.0,PC (1 L),Epicerie,vendredi,2024-08,D,22,2.0
RACLETTE,3.0,PC,Hygiène,mercredi,2024-07,B,22,7.0
RAISIN NOIR,30.9,KG (1 KG),Fruits & Legumes Frais,mardi,2024-07,A,22,38.1
RAISINS JAUNE,17.75,KG (1 KG),Fruits & Legumes Frais,mardi,2024-07,B,22,23.0
RAME PAPIER A4,4.0,PC (1 PC),Fournitures de Bureau,mardi,2024-07,B,22,23.0
REMANENT HERBE CF,1.0,PC (1 PC),Hygiène,mardi,2024-07,B,22,10.0
RIZ EN PAQUET,10.0,PC,Epicerie,vendredi,2024-08,C,22,35.0
ROULEAU CAISSE 80*80,205.0,PC (1 PC),Fournitures de Bureau,mardi,2024-07,A,22,205.0
ROULEAU DE 750 ETIQUETTE BLANC,5.0,PC,Consommable,mardi,2024-07,C,22,16.0
ROULEAU TPE,230.0,PC (1 PC),Fournitures de Bureau,mardi,2024-07,A,22,286.0
SAC BOUTIQUE GDISE HD 50/45 BLANC,500.0,PC,Consommable,jeudi,2024-08,D,22,1000.0
SACHET BRETELLES 38X60 MF,25.0,PC,Consommable,jeudi,2024-08,B,22,225.0
SALADE LAITUE TUN,319.95,KG,Legumes Frais,mardi,2024-07,A,22,393.7
SANEX,48.0,PC (1 PC),Hygiène,mardi,2024-07,A,22,100.0
SANIT SURF,27.0,PC (1 PC),Hygiène,mardi,2024-07,A,22,51.0
SAUCE A L'AIL PB,10.0,L (1 KG),Epicerie,mardi,2024-07,A,22,11.0
SAUCE AU POIVRE SAC 500GR PB,2.5,KG (1 SAC),Epicerie,mardi,2024-07,B,22,5.0
SAUCE BARBECUE PB,10.0,KG,Epicerie,samedi,2024-08,D,22,15.0
SAUCE MAYONNAISE PESTO PB,10.0,L (1 L),Epicerie,mardi,2024-07,A,22,11.0
SAUCE PESTO PB,5.0,KG (1 KG),Epicerie,mardi,2024-07,A,22,5.0
SAUCE PLAN B 5KG,10.0,SEAU (1000 GR),Epicerie,mercredi,2024-07,B,22,25.0
SEL FIN DE TABLE,5.0,PC (1 KG),Epicerie,vendredi,2024-08,B,22,23.0
SERPILLERE,77.0,PC (1 PC),Hygiène,mardi,2024-07,A,22,122.0
SERVIETTE 30*30 CIGUSTA,48.0,PC,Consommable,mercredi,2024-07,B,22,192.0
SERVIETTE 30*30 MF,4.0,PQT,Consommable,mercredi,2024-07,B,22,74.0
SIROP DE CARAMEL 1L MONIN,5.0,PC (1000 ML),Pâtisseries,mardi,2024-07,B,22,5.0
SIROP DE VANILLE 1L MONIN,3.0,PC (700 ML),Pâtisseries,samedi,2024-08,C,22,3.0
SUCRE EN SACHET CI-GUSTA,30.0,PC (1 PC),Cafe,samedi,2024-08,B,22,120.0
SUCRE EN SACHET DAILY BREAK,140.0,PC (1 KG),Cafe,mardi,2024-07,A,22,230.0
SUCRE GLACE,1.0,PC,Pâtisseries,mardi,2024-08,D,22,27.0
THON EN BOITES,126.0,BTE (2.05 KG),Conserve de Poisson,jeudi,2024-08,A,22,164.0
TIC TAC MENTHE,36.0,PC (1 PC),Epicerie,jeudi,2024-08,D,22,36.0
TIC TAC ORANGE,36.0,PC (1 PC),Epicerie,jeudi,2024-08,D,22,36.0
TOMATE CERISES,16.85,KG (1 KG),Legumes Frais,mercredi,2024-07,A,22,24.95
TOMATE FRAICHE,452.3,KG,Legumes Frais,mardi,2024-07,A,22,526.85
TOQUE CHEF,6.0,PC,Hygiène,mercredi,2024-07,C,22,6.0
VIANDE HACHEE SPECIAL RESTO,110.305,PC (1 KG),Viandes Fraiches,mardi,2024-07,A,22,191.07
VIANDE SECHE FUME (BRESAOLA) TRANCHES 300GR,4.2,KG (1000 GR),Viandes Fraiches,mardi,2024-07,A,22,11.0
VINAIGRE 1L,2.0,L (1000 GR),Epicerie,vendredi,2024-08,D,22,12.0
AGRAFFE,1.0,PC (1 PC),Fournitures de Bureau,vendredi,2024-08,C,23,11.0
AIL,2.45,KG (1 KG),Legumes Frais,vendredi,2024-08,B,23,8.3
AIL EN POUDRE,2.0,KG (1 KG),Fruits & Legumes Frais,vendredi,2024-08,C,23,2.0
AJAX VITRE,32.0,PC (1 PC),Hygiène,samedi,2024-08,A,23,32.0
AMANDE EFFILEE,1.0,PC (1 KG),Fruits Secs,vendredi,2024-08,B,23,4.0
AMANDES GRILEES SALEES 70GR,48.0,PC (1 PC),Fruits Secs,vendredi,2024-08,B,23,84.0
AMSTEL BEER BLLE 33CL,230.0,BTL (1 BTL),Alcools,samedi,2024-08,B,23,432.0
ASEPCLOR,35.0,PC (1 PC),Hygiène,vendredi,2024-08,A,23,60.0
AUBERGINE LEGUME,15.55,KG (1 KG),Legumes Frais,vendredi,2024-08,A,23,17.85
BACON BOEUF FUME TRANCHES ( 300GR),5.4,KG (1000 GR),Viandes Fraiches,vendredi,2024-08,A,23,6.9
BACON DE DINDE TRANCHES (1 - 1.5 KG),38.5,KG (1 KG),Charcuterie,vendredi,2024-08,B,23,43.0
BACTYGEL 703 CF,3.0,BTL,Hygiène,lundi,2024-08,B,23,4.0
BALAIS SANS MANCHE,1.0,PC (1 PC),Hygiène,samedi,2024-08,C,23,9.0
BASILIC BARQUETTE,4.4,KG,Legumes Frais,samedi,2024-08,A,23,11.05
BEURRE MARGARINE  KG,4.5,PC (1 KG),Beurre Oeuf Fromage,vendredi,2024-08,C,23,40.5
BISCUIT TUC,120.0,PC (1 PC),Epicerie,vendredi,2024-08,D,23,120.0
BLOUSE NON TISSEE,15.0,PC (1 KG),Hygiène,lundi,2024-08,C,23,36.0
BOGA CIDRE PET 30 CL,36.0,PC (1 PC),Eaux et Sodas,mardi,2024-08,C,23,182.0
BOGA PET 30CL,65.0,PQT (1 PQT),Eaux et Sodas,samedi,2024-08,B,23,261.0
BOITE FRAPPE CAFE 1.36KG MONIN,3.0,BTE (1360 GR),Pâtisseries,lundi,2024-08,C,23,6.0
BOITE FRAPPE VANILLE 1.36KG MONIN,5.0,KG (1 KG),Pâtisseries,dimanche,2024-08,C,23,6.0
BOITE PIZZA ONDULEE 31/31,150.0,PC,Consommable,lundi,2024-08,C,23,200.0
BOITE PIZZA PM CIG,300.0,PC (1 PC),Consommable,lundi,2024-08,B,23,500.0
BORGHELL,3.0,KG (1 KG),Epicerie,vendredi,2024-08,C,23,10.0
BROCHETTE BAMBOO 20,1.0,SCH (100 PC),Consommable,dimanche,2024-08,C,23,14.0
CAKE CHOCOLAT PBC,88.0,PC (1 PC),Viennoiserie,samedi,2024-08,B,23,88.0
CAKE CITRON PBC,108.0,PC (1 PC),Viennoiserie,samedi,2024-08,B,23,216.0
CAKE MARBRE MARGARINE,209.0,PC (1 PC),Pâtisseries,samedi,2024-08,A,23,561.0
CAKE MARBRE PBC,176.0,PC (1 PC),Viennoiserie,lundi,2024-08,A,23,363.0
CAKE NATURE MARGARINE,33.0,PC (1 PC),Pâtisseries,lundi,2024-08,C,23,132.0
CAPRE VRAC,4.0,KG (1 KG),Legumes Frais,lundi,2024-08,B,23,9.0
CAROTTE,20.0,KG (1 KG),Legumes Frais,vendredi,2024-08,A,23,67.1
CAROTTE CAKE PBC,176.0,PC (1 PC),Viennoiserie,vendredi,2024-08,B,23,330.0
CELTIA FUT DE 50L,6.0,PC (50 L),Alcools,vendredi,2024-08,B,23,6.0
CHAMPIGNON FRAIS BARQUETTE,21.0,KG (1 KG),Legumes Frais,samedi,2024-08,A,23,34.5
CHEWING GUM FLORIDENT  EXTRA WHITE 60G,6.0,PC (1 PC),Epicerie,mardi,2024-08,D,23,24.0
CHOCOLAT EN POUDRE,44.0,PC (0.2 KG),Cafe,lundi,2024-08,A,23,86.0
CHOUX ROUGE,8.75,PC (1 PC),Legumes Frais,vendredi,2024-08,A,23,9.6
CHOUX VERT,2.45,KG (1 KG),Legumes Frais,vendredi,2024-08,B,23,12.8
CITRON,16.75,KG (1 KG),Legumes Frais,vendredi,2024-08,A,23,16.75
CITRON SALLE,21.2,KG,Legumes Frais,vendredi,2024-08,B,23,28.0
COCA COLA PET 30CL,435.0,PQT (1 PQT),Eaux et Sodas,samedi,2024-08,B,23,435.0
COCA COLA ZERO 30 CL,48.0,PC (1 PC),Eaux et Sodas,samedi,2024-08,B,23,148.0
COFFRET CHECHIA AV SEP 16/16,75.0,PC (1 PC),Consommable,samedi,2024-08,C,23,125.0
COFFRET PORTRAIT AV SEP 11.5/11.5,75.0,PC (1 PC),Consommable,samedi,2024-08,C,23,175.0
COFFRET PORTRAIT AV SEP 19.5/19.5,75.0,PC (1 PC),Consommable,samedi,2024-08,C,23,200.0
COFFRET PORTRAIT AV SEP24.5/14.5,75.0,PC (1 PC),Consommable,samedi,2024-08,C,23,150.0
CONCOMBRE,112.1,KG (1 KG),Legumes Frais,vendredi,2024-08,A,23,177.692
CORNICHON FRAIS,2.0,KG (1 KG),Legumes Frais,vendredi,2024-08,B,23,12.0
COURGE,12.2,KG (1 KG),Legumes Frais,lundi,2024-08,B,23,47.65
COURGETTE,14.3,KG (1 KG),Legumes Frais,vendredi,2024-08,A,23,28.6
COUTEAU A PAIN 20CM,5.0,PC (1 PC),Accessoire & couvert,mardi,2024-08,C,23,5.0
CREME A FOUETTER 1LT HOLE,31.0,PC (1 PC),GLACES,vendredi,2024-08,C,23,31.0
CREME CHANTILLY,8.0,PC (1 PC),Pâtisseries,lundi,2024-08,D,23,11.0
CREME DE BALSAMIQUE,1.0,BTL (1 ML),Epicerie,jeudi,2024-08,D,23,10.0
CREME DE CUISSON,27.0,L (0.95 L),Beurre Oeuf Fromage,samedi,2024-08,B,23,27.0
CREME SUPERIEUR DELICE 1L,6.0,PC,Epicerie,samedi,2024-08,D,23,34.0
CREVETTE 26/30 AVEC QUEUE  SURG.,3.0,KG,Poisson Surgelé_R,samedi,2024-08,C,23,4.0
CUISSE DE POULET FRAIS,10.7,KG (1 KG),Volaille Fraiche,mercredi,2024-08,C,23,47.85
DADDY'S CHIPS CLASSIC SEL DE MER 70G,90.0,PC (1 PC),Epicerie,vendredi,2024-08,A,23,225.0
DADDY'S CHIPS SAVORY TRUFFE PARMESAN 70G,120.0,PC (1 PC),Epicerie,vendredi,2024-08,B,23,165.0
DADDY'S CHIPS SPICY PAPRIKA 70G,90.0,PC (1 PC),Epicerie,vendredi,2024-08,A,23,165.0
DINOL,85.0,BIDON (1 KG),Hygiène,samedi,2024-08,A,23,135.0
EMBALLAGE EN CARTON 30*12*6,150.0,PC (1 PC),Consommable,dimanche,2024-08,D,23,300.0
EMINCE DE BOEUF PORT. SURGELE,54.675,KG (1000 GR),Viandes Surgelées,vendredi,2024-08,A,23,79.49000000000001
EPINARD,6.800000000000001,KG (1 KG),Legumes Frais,lundi,2024-08,B,23,12.15
ESCALOPE DE DINDE FRAIS,489.5,KG (1 KG),Volaille Fraiche,vendredi,2024-08,D,23,489.5
ESCALOPE POULET FRAIS,101.2,KG (1 KG),Volaille Surgelée,mardi,2024-08,A,23,503.16
ESCALOPE POULET PANE CONGELE,79.39,KG (1 KG),Volaille Surgelée,vendredi,2024-08,A,23,128.91
ESSUIES VERRES,2.0,PC,Hygiène,mardi,2024-08,D,23,4.0
ESSUIT TOUT JUMBO,132.0,PC (1 KG),Hygiène,vendredi,2024-08,A,23,157.0
FANTA PET 30CL,142.0,PC (1 PQT),Eaux et Sodas,samedi,2024-08,B,23,312.0
FARINE EN PAQUET,191.0,PC (1 KG),Epicerie,dimanche,2024-08,A,23,252.0
FILET DE POULET PANE,43.120000000000005,KG,Volaille Surgelée,vendredi,2024-08,D,23,141.12
FILM ETIRABLE 725GR,32.0,PC (1 GR),Consommable,vendredi,2024-08,A,23,38.0
FRITE SURGELE 9/9 CLASSIC 2.5 KG,148.0,SCH (2.5 KG),Legumes Surgelés,vendredi,2024-08,A,23,290.0
FRITE SURGELE WEDGES 2.5 KG,31.0,KG (2.5 KG),Legumes Surgelés,samedi,2024-08,B,23,90.0
FROMAGE BUCHE BLANCHE CHEVRE KG,3.3,KG (1 KG),Beurre Oeuf Fromage,vendredi,2024-08,B,23,5.0
FROMAGE CHEDDAR EN BLOC,50.0,KG (1 KG),Beurre Oeuf Fromage,samedi,2024-08,A,23,65.0
FROMAGE EDAM MEULE,13.5,KG,Beurre Oeuf Fromage,vendredi,2024-08,B,23,35.622
FROMAGE GORGONZELA,0.9,PC (1 KG),Beurre Oeuf Fromage,samedi,2024-08,A,23,13.0
FROMAGE GOUTA,12.0,KG (1 KG),Beurre Oeuf Fromage,dimanche,2024-08,C,23,16.0
FROMAGE LAND OR,5.4,PC (1 KG),Beurre Oeuf Fromage,mardi,2024-08,A,23,25.4
FROMAGE MAASDAM EN BLOC PB,60.0,KG (1 KG),Beurre Oeuf Fromage,vendredi,2024-08,A,23,65.5
FROMAGE MEULE GOUDA KG,23.85,KG (1 KG),Beurre Oeuf Fromage,vendredi,2024-08,A,23,32.932
FROMAGE MOZZARELLA  KG,176.93,KG (1 KG),Beurre Oeuf Fromage,vendredi,2024-08,A,23,176.93
FROMAGE PARMESAN PB,2.4,KG (0.2 KG),Beurre Oeuf Fromage,samedi,2024-08,A,23,3.8
FUT HEINEKEIN,240.0,PC (1 L),Alcools,samedi,2024-08,B,23,240.0
GARCI GAZ P.E.T 1 L,252.0,L (1 GR),Eaux et Sodas,vendredi,2024-08,A,23,344.0
GATEAU CHOCOLAT PBC,60.0,PC (1 PC),Viennoiserie,lundi,2024-08,B,23,100.0
HARISSA 450G,11.0,BTE,Epicerie,samedi,2024-08,C,23,17.0
HARISSA 5/2,36.0,BOTTE (1 BTE),Epicerie,dimanche,2024-08,A,23,53.0
HUILE D'OLIVE POMACE,19.0,L,Epicerie,vendredi,2024-08,B,23,28.5
HUILE VEGETALE,55.0,BIDON (5 L),Epicerie,vendredi,2024-08,A,23,67.0
JAMBON DE BOEUF FUME,14.4,KG (1 KG),Charcuterie,vendredi,2024-08,A,23,18.1
JAMBON DE DINDE,17.05,PC (1 KG),Charcuterie,vendredi,2024-08,A,23,34.15
JEX CARRE,107.0,PC (1 PC),Hygiène,vendredi,2024-08,A,23,180.0
KETCHUP BIDON 5L,30.0,PC (1 KG),Epicerie,vendredi,2024-08,B,23,35.0
KINDER BUENO,210.0,PC (1 PC),Epicerie,vendredi,2024-08,A,23,300.0
KINDER T4,60.0,PC (1 PC),Epicerie,mardi,2024-08,B,23,180.0
LAIT ENTIER 1L,186.0,PC (1 PC),Jus Fruit Lait,vendredi,2024-08,B,23,186.0
LAVETTE COTON,129.0,PC (1 PC),Hygiène,vendredi,2024-08,A,23,149.0
LEVURE BOULANGERE NORMALE,13.0,PC (1 PC),Boulangerie_R,lundi,2024-08,B,23,34.0
LOT CAFE GRAIN ESPRESSO ELITE 3,77.0,PC (1 KG),Cafe,lundi,2024-08,A,23,128.0
LOT CAFE GRAINS  PUR EXPRESS,27.0,KG,Cafe,dimanche,2024-08,A,23,73.0
MAIS EN BOITE,87.0,BTE (340 GR),Epicerie,vendredi,2024-08,A,23,92.0
MAIS EN VRAC,1.0,PC (1 KG),Legumes Frais,jeudi,2024-08,C,23,9.0
MANGUE,15.0,PC,Fruits & Legumes Frais,dimanche,2024-08,A,23,39.0
MARINADE EMINCE DE BOEUF 2KG,10.0,KG (1 KG),Epicerie,samedi,2024-08,B,23,10.0
MARINADE POULET GRILLE 2KG PB,34.0,PC (1 KG),Volaille Surgelée,samedi,2024-08,A,23,36.0
MAYO 5L DEJ,40.0,KG (5000 GR),Beurre Oeuf Fromage,vendredi,2024-08,A,23,170.0
MELANGE TENDER 2KG PB,13.0,KG (1 KG),Epicerie,samedi,2024-08,B,23,13.0
MELON,55.1,PC (1 KG),Fruits & Legumes Frais,vendredi,2024-08,B,23,60.8
MENTHE FRAICHE,9.0,PC (1 PC),Legumes Frais,jeudi,2024-08,B,23,16.0
MENTOS ROLLS FRUIT FLAVOUR,40.0,PC (1 PC),Epicerie,vendredi,2024-08,D,23,80.0
MENTOS ROLLS MENTHE,40.0,PC (1 PC),Epicerie,vendredi,2024-08,D,23,80.0
MENTOS ROLLS RAINBOW,40.0,PC,Epicerie,dimanche,2024-08,D,23,120.0
MENTOS ROLLS STRAWBERRY,40.0,PC (1 PC),Epicerie,vendredi,2024-08,D,23,80.0
MENTOS ROLLS TUTTI FRUTTI,80.0,PC,Epicerie,vendredi,2024-08,D,23,80.0
MIEL DOUX & FRAIS,8.0,PC (1 PC),Epicerie,vendredi,2024-08,C,23,11.0
MIX A CREPE FRANCAISE,110.0,SAC (1 SAC),Pâtisseries,dimanche,2024-08,B,23,150.0
MOUTARDE DIJON 840 GR,13.0,BTE (840 GR),Epicerie,samedi,2024-08,B,23,25.0
MUFFINS VANILLE,72.0,PC (1 PC),Viennoiserie,lundi,2024-08,B,23,96.0
NOISETTE GRILLEE CONCASSEE,3.0,PC (1 KG),Fruits Secs,lundi,2024-08,D,23,3.0
NUGGETS PANE PB,275.0,PC (1 PC),Volaille Surgelée,vendredi,2024-08,A,23,275.0
NUTELLA & GO 52 GR,72.0,PC (1 PC),Epicerie,mardi,2024-08,C,23,192.0
OEUFS,69.0,PC (30 PC),Beurre Oeuf Fromage,vendredi,2024-08,A,23,83.0
OIGNONS BLANC,85.65,KG (1 KG),Legumes Frais,vendredi,2024-08,A,23,127.3
OIGNONS ROUGE,84.0,KG (1 KG),Legumes Frais,samedi,2024-08,A,23,119.4
OLIVE DENOYETE,21.0,KG,Legumes Frais,dimanche,2024-08,B,23,35.0
OLIVE NOIRE SLICE,21.0,KG,Legumes Frais,lundi,2024-08,B,23,35.0
OLIVE VIOLETTE,9.0,KG (1 KG),Legumes Frais,samedi,2024-08,C,23,14.0
ORANGINA BOITE 24 CL,288.0,BTE (1 BTE),Eaux et Sodas,vendredi,2024-08,A,23,347.0
PACK FOOD BOWL + COUVERCLE 1.2 L,100.0,PC,Consommable,mardi,2024-08,B,23,175.0
PAILLE NOIR,28.0,PQT (250 PC),Consommable,vendredi,2024-08,A,23,39.0
PAIN CHAWARMA *10,115.0,PQT (10 PC),Boulangerie_R,vendredi,2024-08,A,23,115.0
PAIN DE MIE CEREALE,26.0,PC (1 PC),Boulangerie_R,jeudi,2024-08,B,23,130.0
PAIN DE MIE NATURE,104.0,PC,Boulangerie_R,samedi,2024-08,B,23,130.0
PAIN SCHNECK AUX RAISINS SURG PUR BEURRE GF,1200.0,PC (1 PC),Viennoiserie,mardi,2024-08,B,23,1200.0
PAIN SHNEK AU RAISIN MARGARINE,700.0,PC (1 KG),Pâtisseries,mardi,2024-08,C,23,700.0
PAPIER ALUM DE 100,2.0,PC (1 PC),Consommable,samedi,2024-08,B,23,9.0
PAPIER CUISSON 40*60,2.0,PC (500 PC),Consommable,lundi,2024-08,C,23,4.0
PAPIER SERVIETTE GOURMANDISE,120.0,PC (1 PC),Consommable,samedi,2024-08,B,23,128.0
PASTEQUE,126.2,KG (1 KG),Fruits & Legumes Frais,samedi,2024-08,B,23,129.85
PATE PIZZA FOCACCIA 12/40,120.0,PC (1 PC),Boulangerie_R,vendredi,2024-08,A,23,170.0
PATE PIZZA FOCACCIA D32 CM,20.0,PC (1 PC),Boulangerie_R,mercredi,2024-08,C,23,50.0
PATE PLUME COURTE,10.0,PC (1 KG),Epicerie,samedi,2024-08,B,23,58.0
PATE SPAGHETTI,10.0,PC (1 PC),Epicerie,samedi,2024-08,B,23,74.0
PECHES,27.5,KG (1 KG),Fruits & Legumes Frais,vendredi,2024-08,A,23,27.5
PEPPERONI,1.7999999999999998,KG (1 KG),Charcuterie,samedi,2024-08,A,23,4.8
PIMENT DOUX,58.2,KG (1 KG),Legumes Frais,vendredi,2024-08,A,23,97.3
PIMENT FORT,38.65,KG (1 KG),Legumes Frais,vendredi,2024-08,A,23,78.95
PIMENT ROUGE SALLE,20.0,KG,Legumes Frais,vendredi,2024-08,B,23,20.0
POIVRE NOIR MOULU,2.0,PC (1 KG),Epicerie,lundi,2024-08,B,23,3.0
POMME DE TERRE,219.6,KG (1 KG),Legumes Frais,samedi,2024-08,A,23,292.25
POT NUTELLA 3 KG,20.0,POT (3 KG),Epicerie,vendredi,2024-08,C,23,31.0
POUDRE TENDERS PB,38.0,KG,Volaille Surgelée,dimanche,2024-08,B,23,42.0
POULET PANE AMANDE PB,10.0,PQT (40 PC),Volaille Surgelée,samedi,2024-08,A,23,350.0
PRUNES,14.5,KG (1 KG),Fruits & Legumes Frais,vendredi,2024-08,C,23,18.8
PUREE ANANAS 1 L,1.0,PC (1 L),Epicerie,lundi,2024-08,D,23,2.0
PUREE DE KIWI 1.32KG MONIN,1.0,PC (1000 GR),Pâtisseries,lundi,2024-08,D,23,2.0
PUREE FRAISE 1.32KG MONIN,1.0,KG (1320 GR),Pâtisseries,lundi,2024-08,D,23,2.0
PUREE MANGUE 1L,1.0,PC (1 L),Epicerie,lundi,2024-08,D,23,2.0
RACLETTE,4.0,PC,Hygiène,lundi,2024-08,B,23,7.0
RAISIN NOIR,38.1,KG (1 KG),Fruits & Legumes Frais,vendredi,2024-08,A,23,38.1
RAISINS JAUNE,23.0,KG (1 KG),Fruits & Legumes Frais,samedi,2024-08,B,23,23.0
RAME PAPIER A4,5.0,PC (1 PC),Fournitures de Bureau,jeudi,2024-08,B,23,23.0
REMANENT HERBE CF,4.0,PC (1 PC),Hygiène,samedi,2024-08,B,23,10.0
RIZ EN PAQUET,6.0,PC,Epicerie,vendredi,2024-08,C,23,35.0
ROULEAU CAISSE 80*80,125.0,PC (1 PC),Fournitures de Bureau,vendredi,2024-08,A,23,205.0
ROULEAU DE 750 ETIQUETTE BLANC,3.0,PC (1 PC),Consommable,samedi,2024-08,C,23,16.0
ROULEAU THERMIQUE BALANCE,5.0,PC (1 PC),Fournitures de Bureau,dimanche,2024-08,D,23,30.0
ROULEAU TPE,286.0,PC (1 PC),Fournitures de Bureau,samedi,2024-08,A,23,286.0
SACHET BRETELLES 38X60 MF,225.0,PC,Consommable,jeudi,2024-08,B,23,225.0
SACHET CONGELATION,5.0,PC (1 KG),Consommable,lundi,2024-08,D,23,10.0
SALADE LAITUE TUN,383.35,KG (1 KG),Legumes Frais,vendredi,2024-08,A,23,393.7
SANEX,48.0,PC (1 PC),Hygiène,samedi,2024-08,A,23,100.0
SANIT SURF,21.0,PC (1 PC),Hygiène,vendredi,2024-08,A,23,51.0
SAUCE A L'AIL,6.0,PC,Epicerie,lundi,2024-08,B,23,12.0
SAUCE A L'AIL PB,11.0,L (1 KG),Epicerie,samedi,2024-08,A,23,11.0
SAUCE AU POIVRE SAC 500GR PB,5.0,KG (1 SAC),Epicerie,samedi,2024-08,B,23,5.0
SAUCE MAYONNAISE PESTO PB,11.0,L (1 L),Epicerie,samedi,2024-08,A,23,11.0
SAUCE PESTO PB,4.0,KG (1 KG),Epicerie,samedi,2024-08,A,23,5.0
SAUCE PLAN B 5KG,15.0,SEAU (1000 GR),Epicerie,mardi,2024-08,B,23,25.0
SEL FIN DE TABLE,15.0,PC (1 KG),Epicerie,vendredi,2024-08,B,23,23.0
SERPILLERE,81.0,PC (1 PC),Hygiène,vendredi,2024-08,A,23,122.0
SERVIETTE 30*30 CIGUSTA,96.0,PC,Consommable,samedi,2024-08,B,23,192.0
SIROP DE CARAMEL 1L MONIN,1.0,PC (1000 ML),Pâtisseries,lundi,2024-08,B,23,5.0
SIROP DE VANILLE 1L MONIN,2.0,PC (700 ML),Pâtisseries,vendredi,2024-08,C,23,3.0
SQUEEZE CREME  CHEDDAR 450GR,20.0,BTL (450 GR),Beurre Oeuf Fromage,vendredi,2024-08,D,23,27.0
SUCRE EN SACHET CI-GUSTA,80.0,PC (1 PC),Cafe,vendredi,2024-08,B,23,120.0
SUCRE EN SACHET DAILY BREAK,130.0,PC (1 KG),Cafe,vendredi,2024-08,A,23,230.0
TENDER DE POULET 1KG,100.0,KG,Volaille Surgelée,mercredi,2024-08,D,23,225.0
THON EN BOITES,137.0,BTE (2.05 KG),Conserve de Poisson,vendredi,2024-08,A,23,164.0
TIC TAC SPEARMINT,36.0,PC (1 PC),Epicerie,vendredi,2024-08,D,23,60.0
TOMATE CERISES,24.95,KG (1 KG),Legumes Frais,vendredi,2024-08,A,23,24.95
TOMATE CONCENTRE 4/4,3.0,PC (1 PC),Epicerie,vendredi,2024-08,D,23,24.0
TOMATE FRAICHE,476.7,KG (1 KG),Legumes Frais,vendredi,2024-08,A,23,526.85
TOQUE CHEF,3.0,PC (1 PC),Hygiène,jeudi,2024-08,C,23,6.0
VIANDE HACHEE SPECIAL RESTO,147.235,PC (1 KG),Viandes Fraiches,vendredi,2024-08,A,23,191.07
VIANDE SECHE FUME (BRESAOLA) TRANCHES 300GR,9.3,KG (1000 GR),Viandes Fraiches,vendredi,2024-08,A,23,11.0
AIL,3.0,KG (1 KG),Legumes Frais,vendredi,2024-08,B,24,8.3
AJAX VITRE,15.0,PC (1 PC),Hygiène,jeudi,2024-08,A,24,32.0
ALKASURF DDA 5KG,5.0,PC (1 PC),Hygiène,jeudi,2024-08,D,24,15.0
AMANDE EFFILEE,1.0,PC (1 KG),Fruits Secs,samedi,2024-08,B,24,4.0
AMANDES GRILEES SALEES 70GR,12.0,PC (1 PC),Fruits Secs,mardi,2024-08,B,24,84.0
AMSTEL BEER BLLE 33CL,182.0,BTL,Alcools,mardi,2024-08,B,24,432.0
ASEPCLOR,30.0,PC (1 PC),Hygiène,lundi,2024-08,A,24,60.0
AUBERGINE LEGUME,11.8,KG (1 KG),Legumes Frais,lundi,2024-08,A,24,17.85
BACON BOEUF FUME TRANCHES ( 300GR),4.5,KG (1000 GR),Viandes Fraiches,mardi,2024-08,A,24,6.9
BACON DE DINDE TRANCHES (1 - 1.5 KG),40.0,KG,Charcuterie,mardi,2024-08,B,24,43.0
BANANE,42.0,PC,Fruits & Legumes Frais,dimanche,2024-08,A,24,155.0
BASILIC BARQUETTE,6.2,KG,Legumes Frais,mardi,2024-08,A,24,11.05
BASILIC LA BOTTE,1.0,KG (1 KG),Legumes Frais,lundi,2024-08,C,24,3.2999
BEURRE MARGARINE  KG,9.5,PC (1 KG),Beurre Oeuf Fromage,lundi,2024-08,C,24,40.5
BISCUIT TUC,48.0,PC (1 PC),Epicerie,dimanche,2024-08,D,24,120.0
BLOUSE NON TISSEE,2.0,PC (1 KG),Hygiène,mardi,2024-08,C,24,36.0
BOGA CIDRE PET 30 CL,60.0,PC (1 PC),Eaux et Sodas,mardi,2024-08,C,24,182.0
BOGA PET 30CL,216.0,PQT (1 PQT),Eaux et Sodas,mardi,2024-08,B,24,261.0
BOITE FRAPPE CAFE 1.36KG MONIN,1.0,BTE (1360 GR),Pâtisseries,mercredi,2024-08,C,24,6.0
BOITE FRAPPE VANILLE 1.36KG MONIN,6.0,KG,Pâtisseries,lundi,2024-08,C,24,6.0
BOITE PIZZA ONDULEE 31/31,150.0,PC,Consommable,lundi,2024-08,C,24,200.0
BOITE PIZZA PM CIG,500.0,PC,Consommable,jeudi,2024-08,B,24,500.0
BROCHETTE BAMBOO 20,3.0,SCH (100 PC),Consommable,jeudi,2024-08,C,24,14.0
CACAHUETES GRILLEES SALEES 70GR,60.0,PC (1 PC),Fruits Secs,mardi,2024-08,C,24,60.0
CAKE CHOCOLAT PBC,80.0,PC (1 PC),Viennoiserie,jeudi,2024-08,B,24,88.0
CAKE CITRON PBC,72.0,PC (1 PC),Viennoiserie,mardi,2024-08,B,24,216.0
CAKE MARBRE MARGARINE,561.0,PC (1 PC),Pâtisseries,mardi,2024-08,A,24,561.0
CAKE MARBRE PBC,154.0,PC (1 PC),Viennoiserie,mardi,2024-08,A,24,363.0
CAKE NATURE MARGARINE,77.0,PC (1 PC),Pâtisseries,mardi,2024-08,C,24,132.0
CAPRE VRAC,2.0,KG (1 KG),Legumes Frais,mercredi,2024-08,B,24,9.0
CAROTTE,28.6,KG (1 KG),Legumes Frais,lundi,2024-08,A,24,67.1
CAROTTE CAKE PBC,77.0,PC (1 PC),Viennoiserie,dimanche,2024-08,B,24,330.0
CELTIA FUT DE 50L,3.0,PC (50 L),Alcools,mardi,2024-08,B,24,6.0
CHAMPIGNON FRAIS BARQUETTE,31.0,KG (1 KG),Legumes Frais,lundi,2024-08,A,24,34.5
CHAPLUR,11.0,PC (1 KG),Epicerie,mercredi,2024-08,C,24,16.0
CHEWING GUM FLORIDENT  EXTRA WHITE 60G,12.0,PC (1 PC),Epicerie,lundi,2024-08,D,24,24.0
CHOCOLAT CHAUD EN POUDRE,5.0,KG,Cafe,jeudi,2024-08,B,24,7.0
CHOCOLAT EN POUDRE,22.0,PC (0.2 KG),Cafe,jeudi,2024-08,A,24,86.0
CHOUX ROUGE,9.0,PC (1 PC),Legumes Frais,lundi,2024-08,A,24,9.6
CHOUX VERT,8.85,KG (1 KG),Legumes Frais,mercredi,2024-08,B,24,12.8
CITRON,7.75,KG (1 KG),Legumes Frais,mercredi,2024-08,A,24,16.75
CITRON SALLE,11.0,KG (1 KG),Legumes Frais,vendredi,2024-08,B,24,28.0
COCA COLA PET 30CL,278.0,PQT (1 PQT),Eaux et Sodas,mardi,2024-08,B,24,435.0
COCA COLA ZERO 30 CL,74.0,PC (1 PC),Eaux et Sodas,lundi,2024-08,B,24,148.0
COFFRET CHECHIA AV SEP 16/16,100.0,PC (1 PC),Consommable,mardi,2024-08,C,24,125.0
COFFRET PORTRAIT AV SEP 11.5/11.5,100.0,PC (1 PC),Consommable,mardi,2024-08,C,24,175.0
COFFRET PORTRAIT AV SEP 19.5/19.5,100.0,PC (1 PC),Consommable,mardi,2024-08,C,24,200.0
COFFRET PORTRAIT AV SEP24.5/14.5,100.0,PC (1 PC),Consommable,mardi,2024-08,C,24,150.0
CONCOMBRE,100.8,KG (1 KG),Legumes Frais,lundi,2024-08,A,24,177.692
CONFITURE DE FRAISES 380G,3.0,PC,Conserve de légumes,vendredi,2024-08,D,24,3.0
COOKIES,40.0,PC (1 PC),Viennoiserie,dimanche,2024-08,C,24,120.0
CORNICHON FRAIS,2.0,KG (1 KG),Legumes Frais,jeudi,2024-08,B,24,12.0
COURGE,18.95,KG (1 KG),Legumes Frais,lundi,2024-08,B,24,47.65
COURGETTE,11.05,KG (1 KG),Legumes Frais,lundi,2024-08,A,24,28.6
COUTEAU A PAIN 20CM,2.0,PC (1 PC),Accessoire & couvert,lundi,2024-08,C,24,5.0
CREME A FOUETTER 1LT HOLE,19.0,PC,GLACES,lundi,2024-08,C,24,31.0
CREME DE BALSAMIQUE,5.0,BTL (1 ML),Epicerie,mardi,2024-08,D,24,10.0
CREME DE CUISSON,22.0,L (0.95 L),Beurre Oeuf Fromage,lundi,2024-08,B,24,27.0
CREME SUPERIEUR DELICE 1L,24.0,PC (1 PC),Epicerie,mercredi,2024-08,D,24,34.0
CREVETTE 26/30 AVEC QUEUE  SURG.,1.0,KG (1 KG),Poisson Surgelé_R,mercredi,2024-08,C,24,4.0
CUISSE DE POULET FRAIS,13.31,KG (1 KG),Volaille Fraiche,mercredi,2024-08,C,24,47.85
DADDY'S CHIPS CLASSIC SEL DE MER 70G,105.0,PC (1 PC),Epicerie,lundi,2024-08,A,24,225.0
DADDY'S CHIPS SAVORY TRUFFE PARMESAN 70G,120.0,PC (1 PC),Epicerie,dimanche,2024-08,B,24,165.0
DINOL,135.0,BIDON (1 KG),Hygiène,lundi,2024-08,A,24,135.0
EMINCE DE BOEUF PORT. SURGELE,20.17,KG (1000 GR),Viandes Surgelées,mardi,2024-08,A,24,79.49000000000001
EPINARD,5.15,KG (1 KG),Legumes Frais,mardi,2024-08,B,24,12.15
ESCALOPE DE DINDE FRAIS,168.0,KG (1 KG),Volaille Fraiche,lundi,2024-08,D,24,489.5
ESCALOPE POULET FRAIS,349.8,KG (1 KG),Volaille Surgelée,jeudi,2024-08,A,24,503.16
ESCALOPE POULET PANE CONGELE,61.12,KG (1 KG),Volaille Surgelée,lundi,2024-08,A,24,128.91
ESSUIT TOUT JUMBO,120.0,PC (1 KG),Hygiène,lundi,2024-08,A,24,157.0
FANTA PET 30CL,192.0,PC (1 PQT),Eaux et Sodas,mardi,2024-08,B,24,312.0
FARINE EN PAQUET,171.0,PC (1 KG),Epicerie,lundi,2024-08,A,24,252.0
FILET DE POULET PANE,47.74,KG (1 KG),Volaille Surgelée,lundi,2024-08,D,24,141.12
FILM ETIRABLE 725GR,38.0,PC (1 GR),Consommable,lundi,2024-08,A,24,38.0
FRITE SURGELE 9/9 CLASSIC 2.5 KG,132.0,SCH (2.5 KG),Legumes Surgelés,lundi,2024-08,A,24,290.0
FRITE SURGELE WEDGES 2.5 KG,27.0,KG (2.5 KG),Legumes Surgelés,mercredi,2024-08,B,24,90.0
FROMAGE BUCHE BLANCHE CHEVRE KG,1.0,KG (1 KG),Beurre Oeuf Fromage,lundi,2024-08,B,24,5.0
FROMAGE CHEDDAR EN BLOC,45.0,KG,Beurre Oeuf Fromage,mardi,2024-08,A,24,65.0
FROMAGE EDAM MEULE,26.576,KG (1 KG),Beurre Oeuf Fromage,mardi,2024-08,B,24,35.622
FROMAGE GORGONZELA,1.5,PC (1 KG),Beurre Oeuf Fromage,lundi,2024-08,A,24,13.0
FROMAGE GOUTA,8.0,KG,Beurre Oeuf Fromage,jeudi,2024-08,C,24,16.0
FROMAGE LAND OR,18.0,PC (1 KG),Beurre Oeuf Fromage,mardi,2024-08,A,24,25.4
FROMAGE MAASDAM EN BLOC PB,54.5,KG,Beurre Oeuf Fromage,mardi,2024-08,A,24,65.5
FROMAGE MEULE GOUDA KG,32.04,KG (1 KG),Beurre Oeuf Fromage,lundi,2024-08,A,24,32.932
FROMAGE MOZZARELLA  KG,151.1,KG (1 KG),Beurre Oeuf Fromage,mardi,2024-08,A,24,176.93
FROMAGE PARMESAN PB,3.4000000000000004,KG (0.2 KG),Beurre Oeuf Fromage,lundi,2024-08,A,24,3.8
FUT HEINEKEIN,220.0,PC (1 L),Alcools,mardi,2024-08,B,24,240.0
GARCI GAZ P.E.T 1 L,318.0,L (1 GR),Eaux et Sodas,lundi,2024-08,A,24,344.0
GATEAU CHOCOLAT PBC,80.0,PC (1 PC),Viennoiserie,mercredi,2024-08,B,24,100.0
GEL ANTIBAC 500,1.0,POT (1 PQT),Hygiène,samedi,2024-08,D,24,6.0
HARISSA 450G,14.0,BTE,Epicerie,lundi,2024-08,C,24,17.0
HARISSA 5/2,38.0,BOTTE (1 BTE),Epicerie,lundi,2024-08,A,24,53.0
HUILE D'OLIVE POMACE,28.5,L,Epicerie,lundi,2024-08,B,24,28.5
HUILE VEGETALE,67.0,BIDON (5 L),Epicerie,lundi,2024-08,A,24,67.0
JAMBON DE BOEUF FUME,16.5,KG (1 KG),Charcuterie,lundi,2024-08,A,24,18.1
JAMBON DE DINDE,29.8,PC (1 KG),Charcuterie,lundi,2024-08,A,24,34.15
JEX CARRE,68.0,PC (1 PC),Hygiène,lundi,2024-08,A,24,180.0
KETCHUP BIDON 5L,10.0,PC (1 KG),Epicerie,vendredi,2024-08,B,24,35.0
KINDER T4,160.0,PC (1 PC),Epicerie,lundi,2024-08,B,24,180.0
LAIT ENTIER 1L,80.0,PC (1 PC),Jus Fruit Lait,mardi,2024-08,B,24,186.0
LAVETTE COTON,113.0,PC (1 PC),Hygiène,mardi,2024-08,A,24,149.0
LEVURE BOULANGERE NORMALE,5.0,PC (1 PC),Boulangerie_R,lundi,2024-08,B,24,34.0
LOT CAFE GRAIN ESPRESSO ELITE 3,23.0,PC (1 KG),Cafe,lundi,2024-08,A,24,128.0
LOT CAFE GRAINS  PUR EXPRESS,73.0,KG,Cafe,mardi,2024-08,A,24,73.0
LOT DE CAFE TURC,1.0,PC (1 KG),Cafe,vendredi,2024-08,D,24,3.0
MAIS EN BOITE,63.0,BTE (340 GR),Epicerie,mardi,2024-08,A,24,92.0
MAIS EN VRAC,9.0,PC (1 KG),Legumes Frais,mercredi,2024-08,C,24,9.0
MANGUE,5.0,PC (1 PC),Fruits & Legumes Frais,dimanche,2024-08,A,24,39.0
MARINADE EMINCE DE BOEUF 2KG,8.0,KG (1 KG),Epicerie,mardi,2024-08,B,24,10.0
MARINADE POULET GRILLE 2KG PB,28.0,PC (1 KG),Volaille Surgelée,mardi,2024-08,A,24,36.0
MAYO 5L DEJ,43.0,KG (5000 GR),Beurre Oeuf Fromage,lundi,2024-08,A,24,170.0
MELANGE TENDER 2KG PB,8.0,KG (1 KG),Epicerie,mardi,2024-08,B,24,13.0
MELON,41.55,PC (1 KG),Fruits & Legumes Frais,mardi,2024-08,B,24,60.8
MENTHE SECHE,1.0,KG (1 KG),Epicerie,lundi,2024-08,D,24,2.0
MENTOS ROLLS TUTTI FRUTTI,40.0,PC,Epicerie,samedi,2024-08,D,24,80.0
MIX A CREPE FRANCAISE,120.0,SAC,Pâtisseries,mardi,2024-08,B,24,150.0
MOELLEUX CHOCOLAT,72.0,PC (1 PC),Viennoiserie,jeudi,2024-08,C,24,108.0
MOUTARDE DIJON 840 GR,6.0,BTE (840 GR),Epicerie,jeudi,2024-08,B,24,25.0
MOZARELLA BOCCONCINI,15.0,PC (200 GR),Beurre Oeuf Fromage,lundi,2024-08,D,24,23.0
MUFFINS VANILLE,48.0,PC (1 PC),Viennoiserie,vendredi,2024-08,B,24,96.0
NAPPAGE,1.0,PC,Pâtisseries,samedi,2024-08,C,24,14.0
NOIX DE CAJOU GRILLES SALEES 65GR,96.0,PC (1 PC),Fruits Secs,lundi,2024-08,B,24,96.0
NUGGETS PANE PB,150.0,PC (1 PC),Volaille Surgelée,mercredi,2024-08,A,24,275.0
OEUFS,71.0,PC (30 PC),Beurre Oeuf Fromage,lundi,2024-08,A,24,83.0
OIGNONS BLANC,98.8,KG (1 KG),Legumes Frais,lundi,2024-08,A,24,127.3
OIGNONS ROUGE,86.0,KG (1 KG),Legumes Frais,lundi,2024-08,A,24,119.4
OLIVE DENOYETE,7.0,KG (1 KG),Legumes Frais,dimanche,2024-08,B,24,35.0
OLIVE NOIRE SLICE,7.0,KG (1 KG),Legumes Frais,mardi,2024-08,B,24,35.0
OLIVE VIOLETTE,6.0,KG (1 KG),Legumes Frais,mercredi,2024-08,C,24,14.0
PACK FOOD BOWL + COUVERCLE 1.2 L,125.0,PC,Consommable,mardi,2024-08,B,24,175.0
PAILLE NOIR,37.0,PQT (250 PC),Consommable,lundi,2024-08,A,24,39.0
PAIN CHAWARMA *10,81.0,PQT (10 PC),Boulangerie_R,mardi,2024-08,A,24,115.0
PAIN DE MIE CEREALE,130.0,PC (1 PC),Boulangerie_R,samedi,2024-08,B,24,130.0
PAIN DE MIE NATURE,104.0,PC,Boulangerie_R,mercredi,2024-08,B,24,130.0
PAIN SCHNECK AUX RAISINS SURG PUR BEURRE GF,475.0,PC (1 PC),Viennoiserie,mercredi,2024-08,B,24,1200.0
PAIN SHNEK AU RAISIN MARGARINE,400.0,PC (1 KG),Pâtisseries,mercredi,2024-08,C,24,700.0
PAPIER ALUM DE 100,3.0,PC (1 PC),Consommable,mercredi,2024-08,B,24,9.0
PAPIER CUISSON 40*60,2.0,PC (250 PC),Consommable,samedi,2024-08,C,24,4.0
PAPIER SERVIETTE GOURMANDISE,40.0,PC,Consommable,lundi,2024-08,B,24,128.0
PAPRIKA DOUX,1.0,KG,Fruits & Legumes Frais,lundi,2024-08,C,24,3.0
PAPRIKA FORT,1.0,KG (1 KG),Epicerie,lundi,2024-08,C,24,3.0
PAQUET 17/4,100.0,PC (1 PC),Consommable,jeudi,2024-08,C,24,300.0
PASTEQUE,81.35,KG (1 KG),Fruits & Legumes Frais,lundi,2024-08,B,24,129.85
PATE PIZZA FOCACCIA 12/40,96.0,PC (1 PC),Boulangerie_R,mardi,2024-08,A,24,170.0
PATE PIZZA FOCACCIA D32 CM,30.0,PC (1 PC),Boulangerie_R,mardi,2024-08,C,24,50.0
PATE PLUME COURTE,24.0,PC (1 KG),Epicerie,mercredi,2024-08,B,24,58.0
PATE SPAGHETTI,24.0,PC (1 PC),Epicerie,mercredi,2024-08,B,24,74.0
PECHES,13.75,KG (1 KG),Fruits & Legumes Frais,lundi,2024-08,A,24,27.5
PEPITTE DE DECORATION NOIRE KG,8.5,KG (1000 GR),Epicerie,lundi,2024-08,D,24,8.5
PEPPERONI,2.6,KG (1 KG),Charcuterie,mercredi,2024-08,A,24,4.8
PIMENT DOUX,42.2,KG (1 KG),Legumes Frais,lundi,2024-08,A,24,97.3
PIMENT FORT,64.15,KG (1 KG),Legumes Frais,lundi,2024-08,A,24,78.95
PIMENT ROUGE SALLE,7.07,KG,Legumes Frais,jeudi,2024-08,B,24,20.0
POCHETTE CROISSANT 15*7*29,1.0,PC (1000 PC),Consommable,mardi,2024-08,C,24,4.0
POIVRE NOIR MOULU,1.0,PC (1 KG),Epicerie,mercredi,2024-08,B,24,3.0
POMME DE TERRE,251.3,KG (1 KG),Legumes Frais,lundi,2024-08,A,24,292.25
POT NUTELLA 3 KG,26.0,POT (3 KG),Epicerie,lundi,2024-08,C,24,31.0
POUDRE TENDERS PB,28.0,KG (1 KG),Volaille Surgelée,mardi,2024-08,B,24,42.0
POULET PANE AMANDE PB,8.0,PQT (40 PC),Volaille Surgelée,mercredi,2024-08,A,24,350.0
PRUNES,17.15,KG (1 KG),Fruits & Legumes Frais,mardi,2024-08,C,24,18.8
PUREE ANANAS 1 L,1.0,PC (1 L),Epicerie,samedi,2024-08,D,24,2.0
PUREE FRAISE 1.32KG MONIN,1.0,KG (1320 GR),Pâtisseries,samedi,2024-08,D,24,2.0
PUREE MANGUE 1L,1.0,PC (1 L),Epicerie,samedi,2024-08,D,24,2.0
QUATRE EPICES MOULU,1.0,PC (1 KG),Epicerie,lundi,2024-08,C,24,3.0
RACLETTE,3.0,PC (1 PC),Hygiène,samedi,2024-08,B,24,7.0
RAISIN NOIR,30.9,KG (1 KG),Fruits & Legumes Frais,mardi,2024-08,A,24,38.1
RAISINS JAUNE,15.6,KG (1 KG),Fruits & Legumes Frais,mardi,2024-08,B,24,23.0
RAME PAPIER A4,3.0,PC (1 PC),Fournitures de Bureau,vendredi,2024-08,B,24,23.0
REMANENT HERBE CF,1.0,PC (1 PC),Hygiène,vendredi,2024-08,B,24,10.0
RIZ EN PAQUET,11.0,PC (1 PC),Epicerie,mardi,2024-08,C,24,35.0
ROULEAU CAISSE 80*80,137.0,PC (1 PC),Fournitures de Bureau,lundi,2024-08,A,24,205.0
ROULEAU THERMIQUE BALANCE,5.0,PC (1 PC),Fournitures de Bureau,mercredi,2024-08,D,24,30.0
ROULEAU TPE,189.0,PC (1 PC),Fournitures de Bureau,lundi,2024-08,A,24,286.0
SAC BOUTIQUE GDISE HD 50/45 BLANC,250.0,PC (1 PC),Consommable,mardi,2024-08,D,24,1000.0
SALADE LAITUE TUN,375.1,KG (1 KG),Legumes Frais,mardi,2024-08,A,24,393.7
SANEX,32.0,PC (1 PC),Hygiène,mardi,2024-08,A,24,100.0
SANIT SURF,28.0,PC (1 PC),Hygiène,lundi,2024-08,A,24,51.0
SAUCE A L'AIL,6.0,PC,Epicerie,mercredi,2024-08,B,24,12.0
SAUCE A L'AIL PB,11.0,L (1 KG),Epicerie,mardi,2024-08,A,24,11.0
SAUCE AU POIVRE SAC 500GR PB,3.0,KG (1 SAC),Epicerie,mardi,2024-08,B,24,5.0
SAUCE BARBECUE PB,10.0,KG,Epicerie,jeudi,2024-08,D,24,15.0
SAUCE MAYONNAISE PESTO PB,11.0,L (1 L),Epicerie,mardi,2024-08,A,24,11.0
SAUCE PESTO PB,4.0,KG (1 KG),Epicerie,mardi,2024-08,A,24,5.0
SAUCE PLAN B 5KG,10.0,SEAU (1000 GR),Epicerie,mercredi,2024-08,B,24,25.0
SEL FIN DE TABLE,23.0,PC (1 KG),Epicerie,lundi,2024-08,B,24,23.0
SERPILLERE,82.0,PC (1 PC),Hygiène,mardi,2024-08,A,24,122.0
SERVIETTE 30*30 CIGUSTA,144.0,PC (1 PC),Consommable,lundi,2024-08,B,24,192.0
SIROP DE CARAMEL 1L MONIN,3.0,PC (1000 ML),Pâtisseries,lundi,2024-08,B,24,5.0
SIROP DE NOISETTES GRILLEES 70CL MONIN,1.0,PC (700 ML),Pâtisseries,lundi,2024-08,D,24,2.0
SIROP DE VANILLE 1L MONIN,1.0,PC (700 ML),Pâtisseries,jeudi,2024-08,C,24,3.0
SQUEEZE CREME  CHEDDAR 450GR,10.0,BTL (450 GR),Beurre Oeuf Fromage,jeudi,2024-08,D,24,27.0
SUCRE EN SACHET CI-GUSTA,10.0,PC,Cafe,dimanche,2024-08,B,24,120.0
SUCRE EN SACHET DAILY BREAK,160.0,PC (1 KG),Cafe,mardi,2024-08,A,24,230.0
THON EN BOITES,164.0,BTE (2.05 KG),Conserve de Poisson,lundi,2024-08,A,24,164.0
TIC TAC SPEARMINT,48.0,PC (1 PC),Epicerie,lundi,2024-08,D,24,60.0
TIC TAC STRAWBERRY MIX,48.0,PC (1 PC),Epicerie,lundi,2024-08,D,24,60.0
TOMATE CERISES,18.0,KG (1 KG),Legumes Frais,lundi,2024-08,A,24,24.95
TOMATE CONCENTRE 4/4,5.0,PC (1 PC),Epicerie,dimanche,2024-08,D,24,24.0
TOMATE FRAICHE,500.65,KG (1 KG),Legumes Frais,lundi,2024-08,A,24,526.85
TOMATES SECHEES,0.5,PC (1000 GR),Epicerie,mardi,2024-08,B,24,5.0
TOQUE CHEF,3.0,PC (1 PC),Hygiène,samedi,2024-08,C,24,6.0
VIANDE HACHEE SPECIAL RESTO,191.07,PC (1 KG),Viandes Fraiches,mardi,2024-08,A,24,191.07
VIANDE SECHE FUME (BRESAOLA) TRANCHES 300GR,6.0,KG (1000 GR),Viandes Fraiches,mardi,2024-08,A,24,11.0
sucre en buchette MF 10kg,2.0,KG,Cafe,lundi,2024-08,C,24,10.0
AC-SMOOTHIE DETOX,10.0,PC (1 PC),Jus Fruit Lait,vendredi,2024-09,D,25,20.0
AC-SMOOTHIE EXOTIC,10.0,PC (1 PC),Jus Fruit Lait,vendredi,2024-09,D,25,20.0
AC-SMOOTHIE LE CLASSIQUE,10.0,PC (1 PC),Jus Fruit Lait,vendredi,2024-09,D,25,20.0
AC-SMOOTHIE PEACH'TINI,10.0,PC (1 PC),Jus Fruit Lait,vendredi,2024-09,D,25,20.0
AC-SMOOTHIE TROPIC TRIP,10.0,PC (1 PC),Jus Fruit Lait,vendredi,2024-09,D,25,20.0
AGRAFFE,7.0,PC (1 PC),Fournitures de Bureau,lundi,2024-09,C,25,11.0
AIL,4.5,KG (1 KG),Legumes Frais,jeudi,2024-08,B,25,8.3
AJAX VITRE,10.0,PC (1 PC),Hygiène,vendredi,2024-08,A,25,32.0
AMANDE EFFILEE,4.0,PC (1 KG),Fruits Secs,vendredi,2024-08,B,25,4.0
AMSTEL BEER BLLE 33CL,255.0,BTL (1 BTL),Alcools,vendredi,2024-08,B,25,432.0
ASEPCLOR,15.0,PC,Hygiène,vendredi,2024-08,A,25,60.0
AUBERGINE LEGUME,11.45,KG,Legumes Frais,vendredi,2024-08,A,25,17.85
BACON BOEUF FUME TRANCHES ( 300GR),3.0,KG (1000 GR),Viandes Fraiches,jeudi,2024-08,A,25,6.9
BACON DE DINDE TRANCHES (1 - 1.5 KG),41.5,KG,Charcuterie,jeudi,2024-08,B,25,43.0
BASILIC BARQUETTE,5.4,KG (1 KG),Legumes Frais,samedi,2024-08,A,25,11.05
BEURRE MARGARINE  KG,21.75,PC (1 KG),Beurre Oeuf Fromage,vendredi,2024-08,C,25,40.5
BISCUIT TUC,72.0,PC (1 PC),Epicerie,dimanche,2024-09,D,25,120.0
BLOUSE NON TISSEE,17.0,PC (1 KG),Hygiène,samedi,2024-08,C,25,36.0
BOGA PET 30CL,144.0,PQT (1 PQT),Eaux et Sodas,vendredi,2024-08,B,25,261.0
BOITE FRAPPE CAFE 1.36KG MONIN,3.0,BTE (1360 GR),Pâtisseries,mardi,2024-09,C,25,6.0
BOITE FRAPPE VANILLE 1.36KG MONIN,4.0,KG (1 KG),Pâtisseries,dimanche,2024-09,C,25,6.0
BOITE PIZZA 32 cm,100.0,PC,Consommable,samedi,2024-08,C,25,200.0
BOITE PIZZA ONDULEE 31/31,100.0,PC (1 PC),Consommable,dimanche,2024-09,C,25,200.0
BOITE PIZZA PM CIG,500.0,PC,Consommable,samedi,2024-08,B,25,500.0
BORGHELL,4.0,KG (1 KG),Epicerie,samedi,2024-08,C,25,10.0
BOUTEILLE DE VINAIGRETTE 250ML,11.0,PC (250 GR),Epicerie,samedi,2024-08,A,25,16.0
BROCHETTE BAMBOO 20,2.0,SCH (100 PC),Consommable,jeudi,2024-09,C,25,14.0
CACAHUETES GRILLEES SALEES 70GR,24.0,PC (1 PC),Fruits Secs,mardi,2024-09,C,25,60.0
CACAO EN POUDRE,7.0,PQT (0.25 KG),Cafe,samedi,2024-08,C,25,7.0
CAKE CITRON PBC,36.0,PC (1 PC),Viennoiserie,vendredi,2024-08,B,25,216.0
CAKE MARBRE MARGARINE,88.0,PC (1 PC),Pâtisseries,mercredi,2024-09,A,25,561.0
CAKE MARBRE PBC,209.0,PC,Viennoiserie,vendredi,2024-08,A,25,363.0
CAPRE VRAC,2.0,KG (1 KG),Legumes Frais,dimanche,2024-09,B,25,9.0
CAROTTE,21.8,KG (1 KG),Legumes Frais,samedi,2024-08,A,25,67.1
CAROTTE CAKE PBC,143.0,PC (1 PC),Viennoiserie,vendredi,2024-08,B,25,330.0
CELTIA FUT DE 50L,3.0,PC (50 L),Alcools,jeudi,2024-09,B,25,6.0
CHAMPIGNON FRAIS BARQUETTE,10.0,KG (1 KG),Legumes Frais,vendredi,2024-09,A,25,34.5
CHAPLUR,10.0,PC (1 KG),Epicerie,samedi,2024-08,C,25,16.0
CHEMISE CRAFT,90.0,PC,Fournitures de Bureau,vendredi,2024-08,D,25,90.0
CHOCOLAT CHAUD EN POUDRE,5.0,KG (1 KG),Cafe,vendredi,2024-09,B,25,7.0
CHOCOLAT EN POUDRE,47.0,PC (0.2 KG),Cafe,jeudi,2024-08,A,25,86.0
CHOUX ROUGE,2.85,PC (1 PC),Legumes Frais,samedi,2024-08,A,25,9.6
CHOUX VERT,4.6,KG (1 KG),Legumes Frais,samedi,2024-08,B,25,12.8
CITRON,12.2,KG (1 KG),Legumes Frais,samedi,2024-08,A,25,16.75
CITRON SALLE,28.0,KG (1 KG),Legumes Frais,vendredi,2024-08,B,25,28.0
COCA COLA PET 30CL,360.0,PC (1 PQT),Eaux et Sodas,vendredi,2024-08,B,25,435.0
COCA COLA ZERO 30 CL,34.0,PC (1 PC),Eaux et Sodas,jeudi,2024-08,B,25,148.0
CONCOMBRE,177.692,KG,Legumes Frais,jeudi,2024-08,A,25,177.692
COOKIES,120.0,PC (1 PC),Viennoiserie,jeudi,2024-08,C,25,120.0
CORNICHON FRAIS,2.0,KG (1 KG),Legumes Frais,lundi,2024-09,B,25,12.0
COURGE,26.6,KG (1 KG),Legumes Frais,jeudi,2024-08,B,25,47.65
COURGETTE,14.6,KG (1 KG),Legumes Frais,samedi,2024-08,A,25,28.6
COUSCOUS EN PAQUET,5.0,PC (1 PC),Epicerie,jeudi,2024-09,D,25,28.0
COUTEAU A PAIN 20CM,5.0,PC,Accessoire & couvert,samedi,2024-08,C,25,5.0
CREME A FOUETTER 1LT HOLE,30.0,PC,GLACES,jeudi,2024-08,C,25,31.0
CREME CHANTILLY,11.0,PC (1 PC),Pâtisseries,vendredi,2024-09,D,25,11.0
CREME DE CUISSON,4.0,L (0.95 L),Beurre Oeuf Fromage,jeudi,2024-09,B,25,27.0
CREME SUPERIEUR DELICE 1L,28.0,PC,Epicerie,vendredi,2024-08,D,25,34.0
CREVETTE 26/30 AVEC QUEUE  SURG.,3.0,KG,Poisson Surgelé_R,vendredi,2024-08,C,25,4.0
CUISSE DE POULET FRAIS,12.17,KG (1 KG),Volaille Fraiche,mercredi,2024-09,C,25,47.85
DADDY'S CHIPS CLASSIC SEL DE MER 70G,135.0,PC (1 PC),Epicerie,jeudi,2024-08,A,25,225.0
DADDY'S CHIPS SAVORY TRUFFE PARMESAN 70G,30.0,PC (1 PC),Epicerie,vendredi,2024-08,B,25,165.0
DADDY'S CHIPS SPICY PAPRIKA 70G,150.0,PC (1 PC),Epicerie,jeudi,2024-08,A,25,165.0
DINOL,115.0,BIDON (1 KG),Hygiène,jeudi,2024-08,A,25,135.0
EMINCE DE BOEUF PORT. SURGELE,79.49000000000001,KG (1000 GR),Viandes Surgelées,samedi,2024-08,A,25,79.49000000000001
EPINARD,6.15,KG,Legumes Frais,vendredi,2024-08,B,25,12.15
ESCALOPE DE DINDE FRAIS,227.7,KG (1 KG),Volaille Fraiche,samedi,2024-08,D,25,489.5
ESCALOPE POULET FRAIS,385.54,KG (1 KG),Volaille Surgelée,jeudi,2024-08,A,25,503.16
ESCALOPE POULET PANE CONGELE,123.71,KG,Volaille Surgelée,jeudi,2024-08,A,25,128.91
ESSUIT TOUT JUMBO,100.0,PC (1 KG),Hygiène,jeudi,2024-08,A,25,157.0
FANTA PET 30CL,312.0,PC (1 PQT),Eaux et Sodas,vendredi,2024-08,B,25,312.0
FARINE EN PAQUET,167.0,PC (1 KG),Epicerie,vendredi,2024-08,A,25,252.0
FILET DE POULET PANE,88.38,KG,Volaille Surgelée,jeudi,2024-08,D,25,141.12
FILM ETIRABLE 725GR,26.0,PC (1 GR),Consommable,jeudi,2024-08,A,25,38.0
FRITE SURGELE 9/9 CLASSIC 2.5 KG,156.0,SCH (2.5 KG),Legumes Surgelés,jeudi,2024-08,A,25,290.0
FRITE SURGELE WEDGES 2.5 KG,32.0,KG (2.5 KG),Legumes Surgelés,samedi,2024-08,B,25,90.0
FROMAGE BUCHE BLANCHE CHEVRE KG,2.0,KG (1 KG),Beurre Oeuf Fromage,jeudi,2024-08,B,25,5.0
FROMAGE CHEDDAR EN BLOC,45.0,KG,Beurre Oeuf Fromage,jeudi,2024-08,A,25,65.0
FROMAGE EDAM MEULE,15.8,KG (1 KG),Beurre Oeuf Fromage,samedi,2024-08,B,25,35.622
FROMAGE GORGONZELA,1.5,PC (1 KG),Beurre Oeuf Fromage,jeudi,2024-08,A,25,13.0
FROMAGE GOUTA,14.0,KG (1 KG),Beurre Oeuf Fromage,samedi,2024-08,C,25,16.0
FROMAGE LAND OR,12.6,PC (1 KG),Beurre Oeuf Fromage,jeudi,2024-08,A,25,25.4
FROMAGE MAASDAM EN BLOC PB,65.5,KG (1 KG),Beurre Oeuf Fromage,jeudi,2024-08,A,25,65.5
FROMAGE MEULE GOUDA KG,22.26,KG (1 KG),Beurre Oeuf Fromage,samedi,2024-08,A,25,32.932
FROMAGE MOZZARELLA  KG,150.0,KG,Beurre Oeuf Fromage,jeudi,2024-08,A,25,176.93
FROMAGE PARMESAN PB,3.6,KG (0.2 KG),Beurre Oeuf Fromage,jeudi,2024-08,A,25,3.8
FUT HEINEKEIN,140.0,PC (1 L),Alcools,vendredi,2024-08,B,25,240.0
GARCI GAZ P.E.T 1 L,142.0,L (1 GR),Eaux et Sodas,jeudi,2024-08,A,25,344.0
GATEAU CHOCOLAT PBC,40.0,PC (1 PC),Viennoiserie,vendredi,2024-08,B,25,100.0
GEL ANTIBAC 500,2.0,POT (1 PQT),Hygiène,mardi,2024-09,D,25,6.0
GOBLET PP TRANSPARENT 200CC/80MM YOZEL,400.0,PC,Consommable,jeudi,2024-08,D,25,700.0
HARISSA 450G,13.0,BTE (1 BTE),Epicerie,lundi,2024-09,C,25,17.0
HARISSA 5/2,48.0,BOTTE (1 BTE),Epicerie,jeudi,2024-08,A,25,53.0
HARISSA ARBI,5.0,KG (1 KG),Epicerie,samedi,2024-09,A,25,23.0
HUILE D'OLIVE POMACE,23.25,L,Epicerie,jeudi,2024-08,B,25,28.5
HUILE VEGETALE,61.0,BIDON (5 L),Epicerie,jeudi,2024-08,A,25,67.0
JAMBON DE BOEUF FUME,14.335,KG,Charcuterie,samedi,2024-08,A,25,18.1
JAMBON DE DINDE,16.85,PC (1 KG),Charcuterie,jeudi,2024-08,A,25,34.15
JEX CARRE,39.0,PC (1 PC),Hygiène,jeudi,2024-08,A,25,180.0
JOUR ET NUIT ROSE 1/2,12.0,PC (1 PC),Alcools,lundi,2024-09,B,25,52.0
KETCHUP BIDON 5L,35.0,PC (1 KG),Epicerie,samedi,2024-08,B,25,35.0
KINDER T4,80.0,PC (1 PC),Epicerie,jeudi,2024-08,B,25,180.0
LAIT ENTIER 1L,108.0,PC (1 PC),Jus Fruit Lait,mardi,2024-09,B,25,186.0
LAVETTE COTON,82.0,PC (1 PC),Hygiène,jeudi,2024-08,A,25,149.0
LEVURE BOULANGERE NORMALE,2.0,PC (1 PC),Boulangerie_R,mardi,2024-09,B,25,34.0
LOT CAFE GRAIN ESPRESSO ELITE 3,76.0,PC (1 KG),Cafe,vendredi,2024-08,A,25,128.0
LOT CAFE GRAINS  PUR EXPRESS,33.0,KG,Cafe,vendredi,2024-08,A,25,73.0
MAIS EN BOITE,63.695,BTE (340 GR),Epicerie,samedi,2024-08,A,25,92.0
MANGUE,10.0,PC (1 PC),Fruits & Legumes Frais,jeudi,2024-08,A,25,39.0
MARINADE EMINCE DE BOEUF 2KG,10.0,KG (1 KG),Epicerie,jeudi,2024-08,B,25,10.0
MARINADE POULET GRILLE 2KG PB,36.0,PC (1 KG),Volaille Surgelée,jeudi,2024-08,A,25,36.0
MAYO 5L DEJ,32.0,KG (5000 GR),Beurre Oeuf Fromage,jeudi,2024-08,A,25,170.0
MELANGE EPICES VIANDE 500GR PB,1.0,KG (1 KG),Epicerie,samedi,2024-08,D,25,2.0
MELANGE TENDER 2KG PB,13.0,KG (1 KG),Epicerie,jeudi,2024-08,B,25,13.0
MELON,55.85,PC (1 KG),Fruits & Legumes Frais,jeudi,2024-08,B,25,60.8
MENTHE FRAICHE,4.0,PC (1 PC),Legumes Frais,mardi,2024-09,B,25,16.0
MENTOS ROLLS FRUIT FLAVOUR,80.0,PC (1 PC),Epicerie,jeudi,2024-09,D,25,80.0
MENTOS ROLLS MENTHE,80.0,PC (1 PC),Epicerie,jeudi,2024-09,D,25,80.0
MENTOS ROLLS STRAWBERRY,80.0,PC (1 PC),Epicerie,jeudi,2024-09,D,25,80.0
MENTOS ROLLS TUTTI FRUTTI,80.0,PC,Epicerie,jeudi,2024-09,D,25,80.0
MIEL DOUX & FRAIS,4.0,PC (1 PC),Epicerie,dimanche,2024-09,C,25,11.0
MIX A CREPE FRANCAISE,130.0,SAC (1 SAC),Pâtisseries,vendredi,2024-08,B,25,150.0
MOELLEUX CHOCOLAT,50.0,PC (1 PC),Viennoiserie,vendredi,2024-08,C,25,108.0
MOUTARDE DIJON 840 GR,22.0,BTE (840 GR),Epicerie,vendredi,2024-08,B,25,25.0
MOZARELLA BOCCONCINI,14.0,PC (200 GR),Beurre Oeuf Fromage,vendredi,2024-08,D,25,23.0
MUFFINS VANILLE,48.0,PC,Viennoiserie,vendredi,2024-08,B,25,96.0
NAPPAGE,5.0,PC,Pâtisseries,vendredi,2024-08,C,25,14.0
NOISETTE GRILLEE CONCASSEE,3.0,PC (1 KG),Fruits Secs,vendredi,2024-08,D,25,3.0
NOIX DE CAJOU GRILLES SALEES 65GR,24.0,PC,Fruits Secs,dimanche,2024-09,B,25,96.0
NUGGETS PANE PB,100.0,PC (1 PC),Volaille Surgelée,samedi,2024-08,A,25,275.0
OEUFS,60.0,PC (30 PC),Beurre Oeuf Fromage,jeudi,2024-08,A,25,83.0
OIGNONS BLANC,56.85,KG (1 KG),Legumes Frais,jeudi,2024-08,A,25,127.3
OIGNONS ROUGE,103.65,KG (1 KG),Legumes Frais,jeudi,2024-08,A,25,119.4
OLIVE DENOYETE,35.0,KG,Legumes Frais,jeudi,2024-08,B,25,35.0
OLIVE NOIRE SLICE,7.0,KG,Legumes Frais,samedi,2024-08,B,25,35.0
OLIVE VIOLETTE,3.0,KG (1 KG),Legumes Frais,mardi,2024-09,C,25,14.0
PACK FOOD BOWL + COUVERCLE 1.2 L,100.0,PC (1 PC),Consommable,dimanche,2024-09,B,25,175.0
PAILLE NOIR,28.0,PQT (250 PC),Consommable,jeudi,2024-08,A,25,39.0
PAIN CHAWARMA *10,85.0,PQT (10 PC),Boulangerie_R,jeudi,2024-08,A,25,115.0
PAIN DE MIE CEREALE,52.0,PC,Boulangerie_R,lundi,2024-09,B,25,130.0
PAIN DE MIE NATURE,52.0,PC,Boulangerie_R,lundi,2024-09,B,25,130.0
PAPIER ALUM DE 100,2.0,PC,Consommable,jeudi,2024-08,B,25,9.0
PAPIER CUISSON 40*60,2.0,PC (250 PC),Consommable,vendredi,2024-08,C,25,4.0
PAPIER SERVIETTE GOURMANDISE,80.0,PC (1 PC),Consommable,vendredi,2024-08,B,25,128.0
PAQUET 17/4,200.0,PC (1 PC),Consommable,jeudi,2024-08,C,25,300.0
PASTEQUE,60.45,KG (1 KG),Fruits & Legumes Frais,jeudi,2024-08,B,25,129.85
PATE PIZZA FOCACCIA 12/40,20.0,PC (1 PC),Boulangerie_R,dimanche,2024-09,A,25,170.0
PATE PIZZA FOCACCIA D32 CM,30.0,PC (1 PC),Boulangerie_R,dimanche,2024-09,C,25,50.0
PATE PLUME COURTE,34.0,PC (1 KG),Epicerie,jeudi,2024-08,B,25,58.0
PATE SPAGHETTI,10.0,PC (1 PC),Epicerie,mardi,2024-09,B,25,74.0
PECHES,24.72,KG (1 KG),Fruits & Legumes Frais,jeudi,2024-08,A,25,27.5
PEPPERONI,0.6,KG (1 KG),Charcuterie,vendredi,2024-08,A,25,4.8
PIMENT DOUX,53.55,KG (1 KG),Legumes Frais,samedi,2024-08,A,25,97.3
PIMENT FORT,44.3,KG (1 KG),Legumes Frais,vendredi,2024-08,A,25,78.95
PIMENT ROUGE SALLE,17.0,KG,Legumes Frais,samedi,2024-08,B,25,20.0
PISTACHE CONCASSEE,3.0,PC (1000 GR),Fruits Secs,vendredi,2024-08,C,25,4.0
POCHETTE CROISSANT 15*7*29,4.0,PC (1000 PC),Consommable,samedi,2024-08,C,25,4.0
POIS CHICHE KG,2.0,PC (1 PC),Legumes Secs,lundi,2024-09,C,25,8.0
POIVRE NOIR MOULU,3.0,PC (1 KG),Epicerie,samedi,2024-08,B,25,3.0
POMME DE TERRE,226.34,KG (1 KG),Legumes Frais,vendredi,2024-08,A,25,292.25
POT NUTELLA 3 KG,18.0,POT (3 KG),Epicerie,jeudi,2024-08,C,25,31.0
POUDRE TENDERS PB,32.0,KG,Volaille Surgelée,jeudi,2024-08,B,25,42.0
POULET PANE AMANDE PB,5.0,PQT (40 PC),Volaille Surgelée,samedi,2024-08,A,25,350.0
PUREE DE KIWI 1.32KG MONIN,1.0,PC (1000 GR),Pâtisseries,dimanche,2024-09,D,25,2.0
RACLETTE,5.0,PC (1 PC),Hygiène,jeudi,2024-08,B,25,7.0
RAISIN NOIR,21.35,KG (1 KG),Fruits & Legumes Frais,jeudi,2024-08,A,25,38.1
RAISINS JAUNE,19.0,KG (1 KG),Fruits & Legumes Frais,jeudi,2024-08,B,25,23.0
RAME PAPIER A4,16.0,PC,Fournitures de Bureau,vendredi,2024-08,B,25,23.0
REMANENT HERBE CF,4.0,PC (1 PC),Hygiène,vendredi,2024-08,B,25,10.0
RIZ EN PAQUET,35.0,PC (1 PC),Epicerie,jeudi,2024-08,C,25,35.0
ROULEAU CAISSE 80*80,124.0,PC (1 PC),Fournitures de Bureau,jeudi,2024-08,A,25,205.0
ROULEAU DE 750 ETIQUETTE BLANC,16.0,PC,Consommable,vendredi,2024-08,C,25,16.0
ROULEAU TPE,267.0,PC (1 PC),Fournitures de Bureau,vendredi,2024-08,A,25,286.0
SAC BOUTIQUE GDISE HD 50/45 BLANC,1000.0,PC (1 PC),Consommable,vendredi,2024-08,D,25,1000.0
SACHET CONGELATION,6.0,PC (1 KG),Consommable,mardi,2024-09,D,25,10.0
SALADE LAITUE TUN,364.1,KG (1 KG),Legumes Frais,jeudi,2024-08,A,25,393.7
SANEX,80.0,PC (1 PC),Hygiène,vendredi,2024-08,A,25,100.0
SANIT SURF,31.0,PC (1 PC),Hygiène,vendredi,2024-08,A,25,51.0
SAUCE A L'AIL,3.0,PC,Epicerie,dimanche,2024-09,B,25,12.0
SAUCE A L'AIL PB,11.0,L (1 KG),Epicerie,jeudi,2024-08,A,25,11.0
SAUCE AU POIVRE SAC 500GR PB,3.0,KG (1 SAC),Epicerie,jeudi,2024-08,B,25,5.0
SAUCE BARBECUE PB,5.0,KG,Epicerie,vendredi,2024-08,D,25,15.0
SAUCE MAYONNAISE PESTO PB,11.0,L (1 L),Epicerie,jeudi,2024-08,A,25,11.0
SAUCE PESTO PB,4.0,KG (1 KG),Epicerie,jeudi,2024-08,A,25,5.0
SAUCE PLAN B 5KG,25.0,SEAU (1000 GR),Epicerie,samedi,2024-08,B,25,25.0
SEL FIN DE TABLE,14.0,PC (1 KG),Epicerie,vendredi,2024-08,B,25,23.0
SERPILLERE,69.0,PC (1 PC),Hygiène,jeudi,2024-08,A,25,122.0
SERVIETTE 30*30 CIGUSTA,96.0,PC (1 PC),Consommable,samedi,2024-08,B,25,192.0
SIROP DE CARAMEL 1L MONIN,2.0,PC (1000 ML),Pâtisseries,dimanche,2024-09,B,25,5.0
SIROP DE NOISETTES GRILLEES 70CL MONIN,1.0,PC (700 ML),Pâtisseries,lundi,2024-09,D,25,2.0
SIROP DE VANILLE 1L MONIN,2.0,PC (700 ML),Pâtisseries,dimanche,2024-09,C,25,3.0
SQUEEZE CREME  CHEDDAR 450GR,6.0,BTL (450 GR),Beurre Oeuf Fromage,dimanche,2024-09,D,25,27.0
SUCRE EN SACHET CI-GUSTA,20.0,PC (1 PC),Cafe,dimanche,2024-09,B,25,120.0
SUCRE EN SACHET DAILY BREAK,130.0,PC (1 KG),Cafe,vendredi,2024-08,A,25,230.0
THON EN BOITES,121.0,BTE (2.05 KG),Conserve de Poisson,vendredi,2024-08,A,25,164.0
THYM MOULU,1.0,PC (1 KG),Epicerie,samedi,2024-08,D,25,2.0
TIC TAC SPEARMINT,60.0,PC,Epicerie,mardi,2024-09,D,25,60.0
TIC TAC STRAWBERRY MIX,60.0,PC,Epicerie,mardi,2024-09,D,25,60.0
TOMATE CERISES,15.65,KG (1 KG),Legumes Frais,samedi,2024-08,A,25,24.95
TOMATE CONCENTRE 4/4,12.0,PC,Epicerie,jeudi,2024-08,D,25,24.0
TOMATE FRAICHE,450.85,KG (1 KG),Legumes Frais,jeudi,2024-08,A,25,526.85
TOMATES SECHEES,5.0,PC (1000 GR),Epicerie,dimanche,2024-09,B,25,5.0
TOQUE CHEF,5.0,PC (1 PC),Hygiène,vendredi,2024-08,C,25,6.0
VARIANTES,5.0,KG,Legumes Frais,mardi,2024-09,D,25,10.0
VIANDE HACHEE SPECIAL RESTO,75.059,PC (1 KG),Viandes Fraiches,mardi,2024-09,A,25,191.07
VIANDE SECHE FUME (BRESAOLA) TRANCHES 300GR,5.3,KG (1000 GR),Viandes Fraiches,jeudi,2024-08,A,25,11.0
sucre en buchette MF 10kg,1.0,KG,Cafe,dimanche,2024-09,C,25,10.0
AIL,3.0,KG (1 KG),Legumes Frais,mercredi,2024-09,B,26,8.3
AJAX VITRE,16.0,PC (1 PC),Hygiène,dimanche,2024-09,A,26,32.0
AMANDES GRILEES SALEES 70GR,36.0,PC (1 PC),Fruits Secs,lundi,2024-09,B,26,84.0
AMSTEL BEER BLLE 33CL,269.0,BTL (1 BTL),Alcools,lundi,2024-09,B,26,432.0
ASEPCLOR,15.0,PC (1 PC),Hygiène,lundi,2024-09,A,26,60.0
AUBERGINE LEGUME,17.1,KG (1 KG),Legumes Frais,dimanche,2024-09,A,26,17.85
BACON BOEUF FUME TRANCHES ( 300GR),3.9,KG (1000 GR),Viandes Fraiches,dimanche,2024-09,A,26,6.9
BACON DE DINDE TRANCHES (1 - 1.5 KG),20.0,KG (1 KG),Charcuterie,mercredi,2024-09,B,26,43.0
BACTYGEL 703 CF,1.0,BTL (1 BTL),Hygiène,vendredi,2024-09,B,26,4.0
BALAIS SANS MANCHE,1.0,PC (1 PC),Hygiène,lundi,2024-09,C,26,9.0
BANANE,6.0,PC (1 PC),Fruits & Legumes Frais,lundi,2024-09,A,26,155.0
BASILIC BARQUETTE,4.15,KG (1 KG),Legumes Frais,mercredi,2024-09,A,26,11.05
BASILIC LA BOTTE,1.5,KG (1 KG),Legumes Frais,lundi,2024-09,C,26,3.2999
BEURRE MARGARINE  KG,4.5,PC (1 KG),Beurre Oeuf Fromage,dimanche,2024-09,C,26,40.5
BLOUSE NON TISSEE,10.0,PC (1 KG),Hygiène,jeudi,2024-09,C,26,36.0
BOGA PET 30CL,150.0,PQT,Eaux et Sodas,lundi,2024-09,B,26,261.0
BOITE D'ARCHIVE,30.0,PC (1 PC),Fournitures de Bureau,mardi,2024-09,D,26,35.0
BOITE PIZZA ONDULEE 31/31,100.0,PC,Consommable,lundi,2024-09,C,26,200.0
BOITE PIZZA PM CIG,300.0,PC (1 PC),Consommable,vendredi,2024-09,B,26,500.0
BOUTEILLE DE VINAIGRETTE 250ML,12.0,PC (250 GR),Epicerie,mardi,2024-09,A,26,16.0
BROCHETTE BAMBOO 20,9.0,SCH (100 PC),Consommable,dimanche,2024-09,C,26,14.0
CACAHUETES GRILLEES SALEES 70GR,12.0,PC (1 PC),Fruits Secs,dimanche,2024-09,C,26,60.0
CAKE CHOCOLAT PBC,48.0,PC (1 PC),Viennoiserie,mardi,2024-09,B,26,88.0
CAKE CITRON PBC,216.0,PC (1 PC),Viennoiserie,mercredi,2024-09,B,26,216.0
CAKE MARBRE MARGARINE,209.0,PC (1 PC),Pâtisseries,dimanche,2024-09,A,26,561.0
CAKE MARBRE PBC,143.0,PC (1 PC),Viennoiserie,mardi,2024-09,A,26,363.0
CAPRE VRAC,4.0,KG (1 KG),Legumes Frais,lundi,2024-09,B,26,9.0
CAROTTE,27.6,KG (1 KG),Legumes Frais,lundi,2024-09,A,26,67.1
CAROTTE CAKE PBC,66.0,PC (1 PC),Viennoiserie,mercredi,2024-09,B,26,330.0
CELTIA FUT DE 50L,4.0,PC (50 L),Alcools,dimanche,2024-09,B,26,6.0
CHAMPIGNON FRAIS BARQUETTE,21.0,KG (1 KG),Legumes Frais,mardi,2024-09,A,26,34.5
CHOCOLAT CHAUD EN POUDRE,6.0,KG (1 KG),Cafe,vendredi,2024-09,B,26,7.0
CHOCOLAT EN POUDRE,28.0,PC (0.2 KG),Cafe,jeudi,2024-09,A,26,86.0
CHOUX ROUGE,6.3,PC (1 PC),Legumes Frais,jeudi,2024-09,A,26,9.6
CHOUX VERT,6.0,KG (1 KG),Legumes Frais,mardi,2024-09,B,26,12.8
CITRON,6.15,KG (1 KG),Legumes Frais,dimanche,2024-09,A,26,16.75
CITRON SALLE,7.0,KG (1 KG),Legumes Frais,vendredi,2024-09,B,26,28.0
COCA COLA PET 30CL,337.0,PC (1 PQT),Eaux et Sodas,lundi,2024-09,B,26,435.0
COCA COLA ZERO 30 CL,17.0,PC (1 PC),Eaux et Sodas,dimanche,2024-09,B,26,148.0
COFFRET CHECHIA AV SEP 16/16,50.0,PC (1 PC),Consommable,lundi,2024-09,C,26,125.0
COFFRET PORTRAIT AV SEP 11.5/11.5,50.0,PC (1 PC),Consommable,lundi,2024-09,C,26,175.0
COFFRET PORTRAIT AV SEP 19.5/19.5,50.0,PC (1 PC),Consommable,lundi,2024-09,C,26,200.0
COFFRET PORTRAIT AV SEP24.5/14.5,50.0,PC (1 PC),Consommable,lundi,2024-09,C,26,150.0
CONCOMBRE,110.85,KG (1 KG),Legumes Frais,dimanche,2024-09,A,26,177.692
COOKIES,40.0,PC,Viennoiserie,samedi,2024-09,C,26,120.0
COURGE,23.65,KG (1 KG),Legumes Frais,lundi,2024-09,B,26,47.65
COURGETTE,11.3,KG (1 KG),Legumes Frais,mardi,2024-09,A,26,28.6
COUSCOUS EN PAQUET,5.0,PC (1 PC),Epicerie,jeudi,2024-09,D,26,28.0
CREME A FOUETTER 1LT HOLE,9.0,PC,GLACES,jeudi,2024-09,C,26,31.0
CREME DE BALSAMIQUE,6.0,BTL (1 ML),Epicerie,samedi,2024-09,D,26,10.0
CREME DE CUISSON,18.0,L (0.95 L),Beurre Oeuf Fromage,dimanche,2024-09,B,26,27.0
CREME SUPERIEUR DELICE 1L,34.0,PC,Epicerie,lundi,2024-09,D,26,34.0
CREVETTE 26/30 AVEC QUEUE  SURG.,1.0,KG,Poisson Surgelé_R,lundi,2024-09,C,26,4.0
CUISSE DE POULET FRAIS,23.73,KG,Volaille Fraiche,lundi,2024-09,C,26,47.85
DADDY'S CHIPS CLASSIC SEL DE MER 70G,105.0,PC,Epicerie,lundi,2024-09,A,26,225.0
DADDY'S CHIPS SAVORY TRUFFE PARMESAN 70G,30.0,PC (1 PC),Epicerie,mercredi,2024-09,B,26,165.0
DINOL,50.0,BIDON (1 KG),Hygiène,dimanche,2024-09,A,26,135.0
EMBALLAGE EN CARTON 30*12*6,300.0,PC,Consommable,vendredi,2024-09,D,26,300.0
ESCALOPE DE DINDE FRAIS,174.0,KG (1 KG),Volaille Fraiche,mardi,2024-09,D,26,489.5
ESCALOPE POULET FRAIS,134.23,KG (1 KG),Volaille Surgelée,lundi,2024-09,A,26,503.16
ESCALOPE POULET PANE CONGELE,79.88,KG (1 KG),Volaille Surgelée,mercredi,2024-09,A,26,128.91
ESSUIT TOUT JUMBO,120.0,PC (1 KG),Hygiène,dimanche,2024-09,A,26,157.0
FANTA PET 30CL,302.0,PC (1 PQT),Eaux et Sodas,lundi,2024-09,B,26,312.0
FARINE EN PAQUET,156.0,PC (1 KG),Epicerie,lundi,2024-09,A,26,252.0
FILET DE POULET PANE,141.12,KG (1 KG),Volaille Surgelée,vendredi,2024-09,D,26,141.12
FILM ETIRABLE 725GR,24.0,PC (1 GR),Consommable,dimanche,2024-09,A,26,38.0
FRITE SURGELE 9/9 CLASSIC 2.5 KG,100.0,SCH (2.5 KG),Legumes Surgelés,dimanche,2024-09,A,26,290.0
FRITE SURGELE WEDGES 2.5 KG,38.0,KG (2.5 KG),Legumes Surgelés,lundi,2024-09,B,26,90.0
FROMAGE CHEDDAR EN BLOC,35.0,KG,Beurre Oeuf Fromage,mardi,2024-09,A,26,65.0
FROMAGE EDAM MEULE,12.962,KG (1 KG),Beurre Oeuf Fromage,mardi,2024-09,B,26,35.622
FROMAGE GORGONZELA,0.6,PC (1 KG),Beurre Oeuf Fromage,vendredi,2024-09,A,26,13.0
FROMAGE GOUTA,8.0,KG (1 KG),Beurre Oeuf Fromage,jeudi,2024-09,C,26,16.0
FROMAGE LAND OR,14.500000000000002,PC (1 KG),Beurre Oeuf Fromage,lundi,2024-09,A,26,25.4
FROMAGE MAASDAM EN BLOC PB,40.0,KG,Beurre Oeuf Fromage,mardi,2024-09,A,26,65.5
FROMAGE MEULE GOUDA KG,11.8,KG,Beurre Oeuf Fromage,mardi,2024-09,A,26,32.932
FROMAGE MOZZARELLA  KG,156.42000000000002,KG,Beurre Oeuf Fromage,dimanche,2024-09,A,26,176.93
FROMAGE PARMESAN PB,2.2,KG (0.2 KG),Beurre Oeuf Fromage,mardi,2024-09,A,26,3.8
FUT HEINEKEIN,160.0,PC (1 L),Alcools,lundi,2024-09,B,26,240.0
GARCI GAZ P.E.T 1 L,290.0,L (1 GR),Eaux et Sodas,dimanche,2024-09,A,26,344.0
GATEAU CHOCOLAT PBC,100.0,PC (1 PC),Viennoiserie,mercredi,2024-09,B,26,100.0
GEL ANTIBAC 500,1.0,POT (1 PQT),Hygiène,samedi,2024-09,D,26,6.0
GRENAD,8.7,KG (1 KG),Jus Fruit Lait,jeudi,2024-09,B,26,69.1
HARISSA 5/2,53.0,BOTTE (1 BTE),Epicerie,dimanche,2024-09,A,26,53.0
HARISSA ARBI,3.0,KG,Epicerie,lundi,2024-09,A,26,23.0
HUILE D'OLIVE POMACE,19.0,L,Epicerie,mardi,2024-09,B,26,28.5
HUILE VEGETALE,50.0,BIDON (5 L),Epicerie,dimanche,2024-09,A,26,67.0
JAMBON DE BOEUF FUME,10.8,KG (1 KG),Charcuterie,mardi,2024-09,A,26,18.1
JAMBON DE DINDE,16.05,PC (1 KG),Charcuterie,lundi,2024-09,A,26,34.15
JEX CARRE,60.0,PC (1 PC),Hygiène,dimanche,2024-09,A,26,180.0
JOUR ET NUIT BLANC 1/2,6.0,PC (1 PC),Alcools,dimanche,2024-09,C,26,52.0
JOUR ET NUIT ROSE 1/2,6.0,PC (1 PC),Alcools,dimanche,2024-09,B,26,52.0
JOUR ET NUIT ROUGE 1/2,6.0,PC (1 PC),Alcools,dimanche,2024-09,C,26,48.0
JOUR ET NUIT3/4 BLANC,6.0,PC (1 PC),Alcools,dimanche,2024-09,C,26,30.0
KETCHUP BIDON 5L,10.0,PC (1 KG),Epicerie,vendredi,2024-09,B,26,35.0
KINDER BUENO,60.0,PC (1 PC),Epicerie,jeudi,2024-09,A,26,300.0
KINDER T4,60.0,PC (1 PC),Epicerie,jeudi,2024-09,B,26,180.0
LAVETTE COTON,85.0,PC (1 PC),Hygiène,dimanche,2024-09,A,26,149.0
LEVURE BOULANGERE NORMALE,12.0,PC (1 PC),Boulangerie_R,lundi,2024-09,B,26,34.0
LEVURE CHIMIQUE,1.0,PC (1 PC),Pâtisseries,samedi,2024-09,D,26,3.0
LOT CAFE GRAIN ESPRESSO ELITE 3,31.0,PC (1 KG),Cafe,mardi,2024-09,A,26,128.0
LOT CAFE GRAINS  PUR EXPRESS,72.0,KG,Cafe,lundi,2024-09,A,26,73.0
MAIS EN BOITE,56.0,BTE (340 GR),Epicerie,dimanche,2024-09,A,26,92.0
MAIS EN VRAC,2.0,PC (1 KG),Legumes Frais,samedi,2024-09,C,26,9.0
MANGUE,8.0,PC (1 PC),Fruits & Legumes Frais,samedi,2024-09,A,26,39.0
MARINADE EMINCE DE BOEUF 2KG,7.0,KG,Epicerie,mardi,2024-09,B,26,10.0
MARINADE POULET GRILLE 2KG PB,26.0,PC (1 KG),Volaille Surgelée,mardi,2024-09,A,26,36.0
MAYO 5L DEJ,37.0,KG (5000 GR),Beurre Oeuf Fromage,dimanche,2024-09,A,26,170.0
MELANGE EPICES VIANDE 500GR PB,0.5,KG (1 KG),Epicerie,samedi,2024-09,D,26,2.0
MELANGE TENDER 2KG PB,9.0,KG,Epicerie,mardi,2024-09,B,26,13.0
MELON,27.4,PC (1 KG),Fruits & Legumes Frais,lundi,2024-09,B,26,60.8
MIEL DOUX & FRAIS,5.0,PC (1 PC),Epicerie,dimanche,2024-09,C,26,11.0
MIX A CREPE FRANCAISE,70.0,SAC (1 SAC),Pâtisseries,mardi,2024-09,B,26,150.0
MOELLEUX CHOCOLAT,36.0,PC (1 PC),Viennoiserie,mercredi,2024-09,C,26,108.0
MOUTARDE DIJON 840 GR,12.0,BTE (840 GR),Epicerie,vendredi,2024-09,B,26,25.0
MOZARELLA BOCCONCINI,3.0,PC (200 GR),Beurre Oeuf Fromage,lundi,2024-09,D,26,23.0
MUFFINS VANILLE,96.0,PC,Viennoiserie,mercredi,2024-09,B,26,96.0
NAPPAGE,5.0,PC,Pâtisseries,dimanche,2024-09,C,26,14.0
NOIX DE CAJOU GRILLES SALEES 65GR,36.0,PC (1 PC),Fruits Secs,mardi,2024-09,B,26,96.0
NUGGETS PANE PB,125.0,PC,Volaille Surgelée,lundi,2024-09,A,26,275.0
NUTELLA & GO 52 GR,48.0,PC (1 PC),Epicerie,jeudi,2024-09,C,26,192.0
OEUFS,58.0,PC (30 PC),Beurre Oeuf Fromage,dimanche,2024-09,A,26,83.0
OIGNONS BLANC,59.7,KG (1 KG),Legumes Frais,dimanche,2024-09,A,26,127.3
OIGNONS ROUGE,99.5,KG (1 KG),Legumes Frais,mardi,2024-09,A,26,119.4
OLIVE DENOYETE,7.0,KG (1 KG),Legumes Frais,mardi,2024-09,B,26,35.0
OLIVE NOIRE SLICE,21.0,KG,Legumes Frais,mardi,2024-09,B,26,35.0
OLIVE VIOLETTE,6.0,KG (1 KG),Legumes Frais,mercredi,2024-09,C,26,14.0
PACK FOOD BOWL + COUVERCLE 1.2 L,125.0,PC,Consommable,jeudi,2024-09,B,26,175.0
PAILLE NOIR,19.0,PQT (1000 PC),Consommable,dimanche,2024-09,A,26,39.0
PAIN CHAWARMA *10,54.0,PQT (10 PC),Boulangerie_R,dimanche,2024-09,A,26,115.0
PAIN DE MIE CEREALE,104.0,PC (1 PC),Boulangerie_R,dimanche,2024-09,B,26,130.0
PAIN DE MIE NATURE,52.0,PC,Boulangerie_R,dimanche,2024-09,B,26,130.0
PAIN SCHNECK AUX RAISINS SURG PUR BEURRE GF,500.0,PC (1 PC),Viennoiserie,vendredi,2024-09,B,26,1200.0
PAIN SHNEK AU RAISIN MARGARINE,375.0,PC (1 KG),Pâtisseries,mercredi,2024-09,C,26,700.0
PAPIER ALUM DE 100,1.0,PC (1 PC),Consommable,mercredi,2024-09,B,26,9.0
PAPIER CUISSON 40*60,1.0,PC (500 PC),Consommable,mardi,2024-09,C,26,4.0
PAPIER SERVIETTE GOURMANDISE,40.0,PC (1 PC),Consommable,dimanche,2024-09,B,26,128.0
PATE PIZZA FOCACCIA 12/40,100.0,PC (1 PC),Boulangerie_R,dimanche,2024-09,A,26,170.0
PATE PIZZA FOCACCIA D32 CM,8.0,PC (1 PC),Boulangerie_R,vendredi,2024-09,C,26,50.0
PATE PLUME COURTE,1.5,PC (1 KG),Epicerie,samedi,2024-09,B,26,58.0
PATE SPAGHETTI,15.0,PC (1 PC),Epicerie,samedi,2024-09,B,26,74.0
PECHES,23.93,KG (1 KG),Fruits & Legumes Frais,dimanche,2024-09,A,26,27.5
PEPITTE DE DECORATION NOIRE KG,1.0,KG (1000 GR),Epicerie,dimanche,2024-09,D,26,8.5
PEPPERONI,1.8,KG (1 KG),Charcuterie,dimanche,2024-09,A,26,4.8
PIECE RONDE BOEUF,4.05,KG (1 KG),Viandes Surgelées,mardi,2024-09,D,26,24.200000000000003
PIMENT DOUX,56.05,KG (1 KG),Legumes Frais,lundi,2024-09,A,26,97.3
PIMENT FORT,54.25,KG (1 KG),Legumes Frais,mercredi,2024-09,A,26,78.95
PIMENT ROUGE SALLE,12.0,KG,Legumes Frais,vendredi,2024-09,B,26,20.0
POCHETTE CROISSANT 15*7*29,2.0,PC (1000 PC),Consommable,mardi,2024-09,C,26,4.0
POMME DE TERRE,232.85,KG (1 KG),Legumes Frais,lundi,2024-09,A,26,292.25
POUDRE TENDERS PB,20.0,KG,Volaille Surgelée,lundi,2024-09,B,26,42.0
POULET PANE AMANDE PB,9.0,PQT (40 PC),Volaille Surgelée,lundi,2024-09,A,26,350.0
PUREE ANANAS 1 L,2.0,PC (1 L),Epicerie,lundi,2024-09,D,26,2.0
PUREE DE KIWI 1.32KG MONIN,2.0,PC (1000 GR),Pâtisseries,samedi,2024-09,D,26,2.0
PUREE MANGUE 1L,1.0,PC (1 L),Epicerie,lundi,2024-09,D,26,2.0
RACLETTE,3.0,PC,Hygiène,mercredi,2024-09,B,26,7.0
RAISIN NOIR,24.65,KG (1 KG),Fruits & Legumes Frais,dimanche,2024-09,A,26,38.1
RAISINS JAUNE,20.5,KG,Fruits & Legumes Frais,lundi,2024-09,B,26,23.0
RAME PAPIER A4,6.0,PC (1 PC),Fournitures de Bureau,mardi,2024-09,B,26,23.0
RIZ EN PAQUET,5.0,PC (1 PC),Epicerie,vendredi,2024-09,C,26,35.0
ROULEAU CAISSE 80*80,95.0,PC (1 PC),Fournitures de Bureau,dimanche,2024-09,A,26,205.0
ROULEAU TPE,212.0,PC (1 PC),Fournitures de Bureau,lundi,2024-09,A,26,286.0
SALADE LAITUE TUN,237.95,KG (1 KG),Legumes Frais,dimanche,2024-09,A,26,393.7
SANEX,36.0,PC,Hygiène,dimanche,2024-09,A,26,100.0
SANIT SURF,11.0,PC (1 PC),Hygiène,dimanche,2024-09,A,26,51.0
SAUCE A L'AIL,3.0,PC,Epicerie,dimanche,2024-09,B,26,12.0
SAUCE A L'AIL PB,9.0,L (1 KG),Epicerie,mardi,2024-09,A,26,11.0
SAUCE AU POIVRE SAC 500GR PB,3.0,KG (1 SAC),Epicerie,mardi,2024-09,B,26,5.0
SAUCE BARBECUE PB,5.0,KG,Epicerie,mardi,2024-09,D,26,15.0
SAUCE MAYONNAISE PESTO PB,8.0,L,Epicerie,mardi,2024-09,A,26,11.0
SAUCE PESTO PB,3.0,KG (1 KG),Epicerie,jeudi,2024-09,A,26,5.0
SAUCE PLAN B 5KG,15.0,SEAU (1000 GR),Epicerie,mardi,2024-09,B,26,25.0
SEL FIN DE TABLE,15.0,PC (1 KG),Epicerie,lundi,2024-09,B,26,23.0
SERPILLERE,58.0,PC (1 PC),Hygiène,dimanche,2024-09,A,26,122.0
SIROP DE CARAMEL 1L MONIN,2.0,PC (1000 ML),Pâtisseries,lundi,2024-09,B,26,5.0
SIROP DE VANILLE 1L MONIN,1.0,PC (700 ML),Pâtisseries,jeudi,2024-09,C,26,3.0
SQUEEZE CREME  CHEDDAR 450GR,12.0,BTL (450 GR),Beurre Oeuf Fromage,mercredi,2024-09,D,26,27.0
SUCRE EN SACHET CI-GUSTA,50.0,PC (1 PC),Cafe,dimanche,2024-09,B,26,120.0
SUCRE EN SACHET DAILY BREAK,160.0,PC (1 KG),Cafe,dimanche,2024-09,A,26,230.0
THON EN BOITES,143.0,BTE (2.05 KG),Conserve de Poisson,dimanche,2024-09,A,26,164.0
THYM MOULU,1.0,PC (1 KG),Epicerie,jeudi,2024-09,D,26,2.0
TOMATE CERISES,12.55,KG (1 KG),Legumes Frais,jeudi,2024-09,A,26,24.95
TOMATE CONCENTRE 4/4,15.0,PC (1 PC),Epicerie,mercredi,2024-09,D,26,24.0
TOMATE FRAICHE,346.6,KG (1 KG),Legumes Frais,dimanche,2024-09,A,26,526.85
TOMATES SECHEES,1.0,PC (1000 GR),Epicerie,lundi,2024-09,B,26,5.0
TOQUE CHEF,3.0,PC (1 PC),Hygiène,dimanche,2024-09,C,26,6.0
VIANDE HACHEE SPECIAL RESTO,100.22,PC (1 KG),Viandes Fraiches,vendredi,2024-09,A,26,191.07
VIANDE SECHE FUME (BRESAOLA) TRANCHES 300GR,5.0,KG (1000 GR),Viandes Fraiches,dimanche,2024-09,A,26,11.0
VIPA ORIENTAL MIX 100 GR,32.0,PC (1 PC),Fruits Secs,lundi,2024-09,B,26,48.0
sucre en buchette MF 10kg,1.0,KG (1 KG),Cafe,samedi,2024-09,C,26,10.0
AGRAFFE,3.0,PC (1 PC),Fournitures de Bureau,lundi,2024-09,C,27,11.0
AIL,2.0,KG,Legumes Frais,vendredi,2024-09,B,27,8.3
AJAX VITRE,8.0,PC (1 PC),Hygiène,mercredi,2024-09,A,27,32.0
AMANDE EFFILEE,2.0,PC (1 KG),Fruits Secs,jeudi,2024-09,B,27,4.0
AMANDES GRILEES SALEES 70GR,12.0,PC (1 PC),Fruits Secs,mercredi,2024-09,B,27,84.0
AMSTEL BEER BLLE 33CL,264.0,BTL (1 BTL),Alcools,jeudi,2024-09,B,27,432.0
ASEPCLOR,25.0,PC (1 PC),Hygiène,mercredi,2024-09,A,27,60.0
AUBERGINE LEGUME,13.55,KG (1 KG),Legumes Frais,vendredi,2024-09,A,27,17.85
BACON BOEUF FUME TRANCHES ( 300GR),3.3,KG (1000 GR),Viandes Fraiches,vendredi,2024-09,A,27,6.9
BACON DE DINDE TRANCHES (1 - 1.5 KG),20.0,KG (1 KG),Charcuterie,jeudi,2024-09,B,27,43.0
BACTYGEL 703 CF,3.0,BTL (1 BTL),Hygiène,mercredi,2024-09,B,27,4.0
BALAIS SANS MANCHE,2.0,PC (1 PC),Hygiène,mardi,2024-09,C,27,9.0
BANANE,4.0,PC,Fruits & Legumes Frais,vendredi,2024-09,A,27,155.0
BASILIC BARQUETTE,1.6,KG (1 KG),Legumes Frais,mercredi,2024-09,A,27,11.05
BASILIC LA BOTTE,1.9,KG,Legumes Frais,jeudi,2024-09,C,27,3.2999
BEURRE MARGARINE  KG,9.0,PC (1 KG),Beurre Oeuf Fromage,vendredi,2024-09,C,27,40.5
BLOUSE NON TISSEE,12.0,PC (1 KG),Hygiène,dimanche,2024-09,C,27,36.0
BOGA PET 30CL,261.0,PQT (1 PQT),Eaux et Sodas,mercredi,2024-09,B,27,261.0
BOITE FRAPPE CAFE 1.36KG MONIN,2.0,BTE (1360 GR),Pâtisseries,vendredi,2024-09,C,27,6.0
BOITE PIZZA ONDULEE 31/31,200.0,PC,Consommable,vendredi,2024-09,C,27,200.0
BOITE PIZZA PM CIG,200.0,PC (1 PC),Consommable,samedi,2024-09,B,27,500.0
BOUTEILLE DE VINAIGRETTE 250ML,16.0,PC (250 GR),Epicerie,jeudi,2024-09,A,27,16.0
BROCHETTE BAMBOO 20,2.0,SCH (100 PC),Consommable,samedi,2024-09,C,27,14.0
CACAO EN POUDRE,1.0,PQT (0.25 KG),Cafe,samedi,2024-09,C,27,7.0
CAKE CHOCOLAT PBC,24.0,PC (1 PC),Viennoiserie,jeudi,2024-09,B,27,88.0
CAKE MARBRE MARGARINE,506.0,PC (1 PC),Pâtisseries,samedi,2024-09,A,27,561.0
CAKE MARBRE PBC,363.0,PC,Viennoiserie,mercredi,2024-09,A,27,363.0
CAPRE VRAC,2.0,KG (1 KG),Legumes Frais,vendredi,2024-09,B,27,9.0
CAROTTE,20.05,KG (1 KG),Legumes Frais,mercredi,2024-09,A,27,67.1
CAROTTE CAKE PBC,143.0,PC (1 PC),Viennoiserie,samedi,2024-09,B,27,330.0
CELTIA FUT DE 50L,3.0,PC (50 L),Alcools,dimanche,2024-09,B,27,6.0
CHAMPIGNON FRAIS BARQUETTE,10.0,KG (1 KG),Legumes Frais,vendredi,2024-09,A,27,34.5
CHAPLUR,5.0,PC (1 KG),Epicerie,mardi,2024-09,C,27,16.0
CHOCOLAT CHAUD EN POUDRE,1.0,KG,Cafe,samedi,2024-09,B,27,7.0
CHOCOLAT EN POUDRE,44.0,PC (0.2 KG),Cafe,mercredi,2024-09,A,27,86.0
CHOUX ROUGE,2.45,PC (1 PC),Legumes Frais,jeudi,2024-09,A,27,9.6
CHOUX VERT,3.15,KG (1 KG),Legumes Frais,jeudi,2024-09,B,27,12.8
CITRON,4.95,KG (1 KG),Legumes Frais,mercredi,2024-09,A,27,16.75
CITRON SALLE,12.0,KG (1 KG),Legumes Frais,vendredi,2024-09,B,27,28.0
COCA COLA PET 30CL,324.0,PC (1 PQT),Eaux et Sodas,mercredi,2024-09,B,27,435.0
COCA COLA ZERO 30 CL,127.0,PC (1 PC),Eaux et Sodas,mercredi,2024-09,B,27,148.0
CONCOMBRE,87.75,KG (1 KG),Legumes Frais,vendredi,2024-09,A,27,177.692
CORNICHON FRAIS,2.0,KG (1 KG),Legumes Frais,vendredi,2024-09,B,27,12.0
COURGE,13.2,KG (1 KG),Legumes Frais,mercredi,2024-09,B,27,47.65
COURGETTE,22.0,KG (1 KG),Legumes Frais,mercredi,2024-09,A,27,28.6
COUSCOUS EN PAQUET,17.0,PC (1 PC),Epicerie,mercredi,2024-09,D,27,28.0
CREME A FOUETTER 1LT HOLE,23.0,PC (1 PC),GLACES,jeudi,2024-09,C,27,31.0
CREME DE CUISSON,2.0,L (0.95 L),Beurre Oeuf Fromage,vendredi,2024-09,B,27,27.0
CREME SUPERIEUR DELICE 1L,28.0,PC,Epicerie,vendredi,2024-09,D,27,34.0
CREVETTE 26/30 AVEC QUEUE  SURG.,3.0,KG,Poisson Surgelé_R,jeudi,2024-09,C,27,4.0
CUISSE DE POULET FRAIS,36.27,KG (1 KG),Volaille Fraiche,mercredi,2024-09,C,27,47.85
DADDY'S CHIPS CLASSIC SEL DE MER 70G,45.0,PC (1 PC),Epicerie,mercredi,2024-09,A,27,225.0
DADDY'S CHIPS SAVORY TRUFFE PARMESAN 70G,45.0,PC (1 PC),Epicerie,mercredi,2024-09,B,27,165.0
DADDY'S CHIPS SPICY PAPRIKA 70G,30.0,PC,Epicerie,mercredi,2024-09,A,27,165.0
DINOL,110.0,BIDON (1 KG),Hygiène,mercredi,2024-09,A,27,135.0
EPINARD,4.35,KG (1 KG),Legumes Frais,jeudi,2024-09,B,27,12.15
ESCALOPE DE DINDE FRAIS,232.63,KG (1 KG),Volaille Fraiche,jeudi,2024-09,D,27,489.5
ESCALOPE POULET FRAIS,109.07,KG (1 KG),Volaille Surgelée,jeudi,2024-09,A,27,503.16
ESCALOPE POULET PANE CONGELE,41.2,KG (1 KG),Volaille Surgelée,vendredi,2024-09,A,27,128.91
ESSUIT TOUT JUMBO,101.0,PC (1 KG),Hygiène,mercredi,2024-09,A,27,157.0
FANTA PET 30CL,238.0,PC (1 PQT),Eaux et Sodas,mercredi,2024-09,B,27,312.0
FARINE EN PAQUET,221.0,PC (1 KG),Epicerie,mercredi,2024-09,A,27,252.0
FILM ETIRABLE 725GR,29.0,PC (1 GR),Consommable,mercredi,2024-09,A,27,38.0
FRITE SURGELE 9/9 CLASSIC 2.5 KG,112.0,SCH (2.5 KG),Legumes Surgelés,jeudi,2024-09,A,27,290.0
FRITE SURGELE WEDGES 2.5 KG,4.0,KG (2.5 KG),Legumes Surgelés,vendredi,2024-09,B,27,90.0
FROMAGE BUCHE BLANCHE CHEVRE KG,2.0,KG (1 KG),Beurre Oeuf Fromage,samedi,2024-09,B,27,5.0
FROMAGE CHEDDAR EN BLOC,28.0,KG,Beurre Oeuf Fromage,jeudi,2024-09,A,27,65.0
FROMAGE EDAM MEULE,12.614,KG,Beurre Oeuf Fromage,jeudi,2024-09,B,27,35.622
FROMAGE GORGONZELA,1.65,PC (1 KG),Beurre Oeuf Fromage,samedi,2024-09,A,27,13.0
FROMAGE GOUTA,16.0,KG,Beurre Oeuf Fromage,mercredi,2024-09,C,27,16.0
FROMAGE LAND OR,7.3,PC (1 KG),Beurre Oeuf Fromage,samedi,2024-09,A,27,25.4
FROMAGE MAASDAM EN BLOC PB,33.0,KG,Beurre Oeuf Fromage,jeudi,2024-09,A,27,65.5
FROMAGE MEULE GOUDA KG,16.0,KG (1 KG),Beurre Oeuf Fromage,mercredi,2024-09,A,27,32.932
FROMAGE MOZZARELLA  KG,77.0,KG (1 KG),Beurre Oeuf Fromage,vendredi,2024-09,A,27,176.93
FROMAGE PARMESAN PB,2.2,KG (0.2 KG),Beurre Oeuf Fromage,jeudi,2024-09,A,27,3.8
FUT HEINEKEIN,20.0,PC (1 L),Alcools,jeudi,2024-09,B,27,240.0
GARCI GAZ P.E.T 1 L,344.0,L (1 GR),Eaux et Sodas,mercredi,2024-09,A,27,344.0
GEL ANTIBAC 500,1.0,POT (1 PQT),Hygiène,vendredi,2024-09,D,27,6.0
GRENAD,40.3,KG (1 KG),Jus Fruit Lait,samedi,2024-09,B,27,69.1
HARISSA 5/2,34.0,BOTTE (1 BTE),Epicerie,mercredi,2024-09,A,27,53.0
HARISSA ARBI,2.0,KG (1 KG),Epicerie,vendredi,2024-09,A,27,23.0
HUILE D'OLIVE POMACE,23.75,L,Epicerie,mercredi,2024-09,B,27,28.5
HUILE VEGETALE,50.0,BIDON (5 L),Epicerie,mercredi,2024-09,A,27,67.0
JAMBON DE BOEUF FUME,10.95,KG (1 KG),Charcuterie,mercredi,2024-09,A,27,18.1
JAMBON DE DINDE,7.4,PC (1 KG),Charcuterie,jeudi,2024-09,A,27,34.15
JEX CARRE,57.0,PC (1 PC),Hygiène,mercredi,2024-09,A,27,180.0
JOUR ET NUIT BLANC 1/2,24.0,PC (1 PC),Alcools,mercredi,2024-09,C,27,52.0
JOUR ET NUIT ROSE 1/2,24.0,PC (1 PC),Alcools,mercredi,2024-09,B,27,52.0
KETCHUP BIDON 5L,16.0,PC (1 KG),Epicerie,mercredi,2024-09,B,27,35.0
KINDER BUENO,90.0,PC (1 PC),Epicerie,mercredi,2024-09,A,27,300.0
KINDER T4,60.0,PC (1 PC),Epicerie,mercredi,2024-09,B,27,180.0
LAVETTE COTON,96.0,PC (1 PC),Hygiène,mercredi,2024-09,A,27,149.0
LEVURE BOULANGERE NORMALE,7.0,PC (1 PC),Boulangerie_R,jeudi,2024-09,B,27,34.0
LEVURE CHIMIQUE,1.0,PC (1 PC),Pâtisseries,mercredi,2024-09,D,27,3.0
LOT CAFE GRAIN ESPRESSO ELITE 3,33.0,PC (1 KG),Cafe,mercredi,2024-09,A,27,128.0
LOT CAFE GRAINS  PUR EXPRESS,63.0,KG,Cafe,jeudi,2024-09,A,27,73.0
LOT DE CAFE TURC,3.0,PC (1 KG),Cafe,mardi,2024-09,D,27,3.0
MAIS EN BOITE,68.025,BTE (340 GR),Epicerie,mercredi,2024-09,A,27,92.0
MAIS EN VRAC,2.0,PC (1 KG),Legumes Frais,vendredi,2024-09,C,27,9.0
MANGUE,3.0,PC,Fruits & Legumes Frais,jeudi,2024-09,A,27,39.0
MARINADE EMINCE DE BOEUF 2KG,7.0,KG (1 KG),Epicerie,jeudi,2024-09,B,27,10.0
MARINADE POULET GRILLE 2KG PB,24.0,PC (1 KG),Volaille Surgelée,jeudi,2024-09,A,27,36.0
MAYO 5L DEJ,36.0,KG (5000 GR),Beurre Oeuf Fromage,mercredi,2024-09,A,27,170.0
MELANGE TENDER 2KG PB,8.0,KG (1 KG),Epicerie,jeudi,2024-09,B,27,13.0
MELON,25.65,PC (1 KG),Fruits & Legumes Frais,mercredi,2024-09,B,27,60.8
MENTOS ROLLS MENTHE,40.0,PC (1 PC),Epicerie,dimanche,2024-09,D,27,80.0
MENTOS ROLLS STRAWBERRY,40.0,PC (1 PC),Epicerie,dimanche,2024-09,D,27,80.0
MIEL DOUX & FRAIS,4.0,PC (1 PC),Epicerie,mercredi,2024-09,C,27,11.0
MIX A CREPE FRANCAISE,80.0,SAC (1 SAC),Pâtisseries,mercredi,2024-09,B,27,150.0
MOELLEUX CHOCOLAT,36.0,PC (1 PC),Viennoiserie,jeudi,2024-09,C,27,108.0
MOUTARDE DIJON 840 GR,6.0,BTE (840 GR),Epicerie,samedi,2024-09,B,27,25.0
MOZARELLA BOCCONCINI,4.0,PC (200 GR),Beurre Oeuf Fromage,samedi,2024-09,D,27,23.0
NAPPAGE,14.0,PC,Pâtisseries,jeudi,2024-09,C,27,14.0
NOIX DE CAJOU GRILLES SALEES 65GR,12.0,PC (1 PC),Fruits Secs,mercredi,2024-09,B,27,96.0
NUGGETS PANE PB,50.0,PC (1 PC),Volaille Surgelée,vendredi,2024-09,A,27,275.0
NUTELLA & GO 52 GR,24.0,PC (1 PC),Epicerie,lundi,2024-09,C,27,192.0
OEUFS,63.0,PC (30 PC),Beurre Oeuf Fromage,mercredi,2024-09,A,27,83.0
OIGNONS ROUGE,91.25,KG (1 KG),Legumes Frais,jeudi,2024-09,A,27,119.4
OLIVE DENOYETE,20.0,KG (1 KG),Legumes Frais,vendredi,2024-09,B,27,35.0
OLIVE NOIRE SLICE,6.0,KG (1 KG),Legumes Frais,lundi,2024-09,B,27,35.0
OLIVE VIOLETTE,9.0,KG,Legumes Frais,vendredi,2024-09,C,27,14.0
PACK FOOD BOWL + COUVERCLE 1.2 L,75.0,PC,Consommable,lundi,2024-09,B,27,175.0
PAILLE NOIR,11.0,PQT (250 PC),Consommable,mercredi,2024-09,A,27,39.0
PAIN CHAWARMA *10,82.0,PQT (10 PC),Boulangerie_R,mercredi,2024-09,A,27,115.0
PAIN DE MIE CEREALE,78.0,PC (1 PC),Boulangerie_R,samedi,2024-09,B,27,130.0
PAIN DE MIE NATURE,78.0,PC (1 PC),Boulangerie_R,samedi,2024-09,B,27,130.0
PAIN SCHNECK AUX RAISINS SURG PUR BEURRE GF,375.0,PC (1 PC),Viennoiserie,vendredi,2024-09,B,27,1200.0
PAIN SHNEK AU RAISIN MARGARINE,400.0,PC (1 KG),Pâtisseries,vendredi,2024-09,C,27,700.0
PAPIER ALUM DE 100,2.0,PC (1 PC),Consommable,samedi,2024-09,B,27,9.0
PAPIER CUISSON 40*60,2.0,PC (500 PC),Consommable,lundi,2024-09,C,27,4.0
PAPIER SERVIETTE GOURMANDISE,80.0,PC (1 PC),Consommable,mercredi,2024-09,B,27,128.0
PAPRIKA DOUX,1.0,KG,Fruits & Legumes Frais,mercredi,2024-09,C,27,3.0
PAPRIKA FORT,1.0,KG (1 KG),Epicerie,jeudi,2024-09,C,27,3.0
PAQUET 17/4,100.0,PC,Consommable,mercredi,2024-09,C,27,300.0
PATE PIZZA FOCACCIA 12/40,60.0,PC (1 PC),Boulangerie_R,vendredi,2024-09,A,27,170.0
PATE PLUME COURTE,12.0,PC (1 KG),Epicerie,vendredi,2024-09,B,27,58.0
PATE SPAGHETTI,18.0,PC (1 PC),Epicerie,jeudi,2024-09,B,27,74.0
PECHES,4.6,KG (1 KG),Fruits & Legumes Frais,mercredi,2024-09,A,27,27.5
PEPITTE DE DECORATION NOIRE KG,4.7,KG (1000 GR),Epicerie,jeudi,2024-09,D,27,8.5
PEPPERONI,1.2,KG (1 KG),Charcuterie,vendredi,2024-09,A,27,4.8
PIECE RONDE BOEUF,10.0,KG (1 KG),Viandes Surgelées,mardi,2024-09,D,27,24.200000000000003
PIMENT DOUX,39.7,KG (1 KG),Legumes Frais,vendredi,2024-09,A,27,97.3
PIMENT FORT,41.65,KG (1 KG),Legumes Frais,mercredi,2024-09,A,27,78.95
PIMENT ROUGE SALLE,3.0,KG,Legumes Frais,mercredi,2024-09,B,27,20.0
PISTACHE CONCASSEE,1.0,PC (1000 GR),Fruits Secs,mercredi,2024-09,C,27,4.0
POIS CHICHE KG,2.0,PC (1 PC),Legumes Secs,mardi,2024-09,C,27,8.0
POIVRE NOIR MOULU,2.0,PC (1 KG),Epicerie,mercredi,2024-09,B,27,3.0
POMME DE TERRE,208.55,KG (1 KG),Legumes Frais,mercredi,2024-09,A,27,292.25
POUDRE TENDERS PB,35.0,KG (1 KG),Volaille Surgelée,jeudi,2024-09,B,27,42.0
POULET PANE AMANDE PB,5.0,PQT (40 PC),Volaille Surgelée,vendredi,2024-09,A,27,350.0
QUATRE EPICES MOULU,1.0,PC (1 KG),Epicerie,vendredi,2024-09,C,27,3.0
RAISIN NOIR,27.8,KG (1 KG),Fruits & Legumes Frais,mercredi,2024-09,A,27,38.1
RAISINS JAUNE,10.4,KG (1 KG),Fruits & Legumes Frais,mercredi,2024-09,B,27,23.0
RAME PAPIER A4,8.0,PC (1 PC),Fournitures de Bureau,vendredi,2024-09,B,27,23.0
REMANENT HERBE CF,4.0,PC (1 PC),Hygiène,mercredi,2024-09,B,27,10.0
RIZ EN PAQUET,2.0,PC,Epicerie,mardi,2024-09,C,27,35.0
ROULEAU CAISSE 80*80,150.0,PC (1 PC),Fournitures de Bureau,jeudi,2024-09,A,27,205.0
ROULEAU TPE,161.0,PC (1 PC),Fournitures de Bureau,jeudi,2024-09,A,27,286.0
SACHET CONGELATION,4.0,PC (1 KG),Consommable,mercredi,2024-09,D,27,10.0
SALADE LAITUE TUN,260.35,KG (1 KG),Legumes Frais,mercredi,2024-09,A,27,393.7
SANEX,61.0,PC (1 PC),Hygiène,mercredi,2024-09,A,27,100.0
SANIT SURF,44.0,PC (1 PC),Hygiène,mercredi,2024-09,A,27,51.0
SAUCE A L'AIL,3.0,PC,Epicerie,samedi,2024-09,B,27,12.0
SAUCE A L'AIL PB,8.0,L (1 KG),Epicerie,jeudi,2024-09,A,27,11.0
SAUCE AU POIVRE SAC 500GR PB,2.0,KG (1 SAC),Epicerie,jeudi,2024-09,B,27,5.0
SAUCE BARBECUE PB,10.0,KG,Epicerie,jeudi,2024-09,D,27,15.0
SAUCE MAYONNAISE PESTO PB,8.0,L (1 L),Epicerie,jeudi,2024-09,A,27,11.0
SAUCE PESTO PB,4.0,KG (1 KG),Epicerie,jeudi,2024-09,A,27,5.0
SERPILLERE,70.0,PC,Hygiène,mercredi,2024-09,A,27,122.0
SIROP DE NOISETTES GRILLEES 70CL MONIN,1.0,PC (700 ML),Pâtisseries,vendredi,2024-09,D,27,2.0
SQUEEZE CREME  CHEDDAR 450GR,20.0,BTL (450 GR),Beurre Oeuf Fromage,samedi,2024-09,D,27,27.0
SUCRE EN SACHET CI-GUSTA,30.0,PC (1 PC),Cafe,jeudi,2024-09,B,27,120.0
SUCRE EN SACHET DAILY BREAK,230.0,PC (1 KG),Cafe,mercredi,2024-09,A,27,230.0
THON EN BOITES,94.0,BTE (2.05 KG),Conserve de Poisson,mercredi,2024-09,A,27,164.0
TIC TAC SPEARMINT,12.0,PC,Epicerie,dimanche,2024-09,D,27,60.0
TIC TAC STRAWBERRY MIX,12.0,PC,Epicerie,dimanche,2024-09,D,27,60.0
TOMATE CERISES,6.2,KG (1 KG),Legumes Frais,mercredi,2024-09,A,27,24.95
TOMATE CONCENTRE 4/4,14.0,PC (1 PC),Epicerie,samedi,2024-09,D,27,24.0
TOMATE FRAICHE,352.85,KG (1 KG),Legumes Frais,mercredi,2024-09,A,27,526.85
TOMATES SECHEES,0.7,PC (1000 GR),Epicerie,samedi,2024-09,B,27,5.0
TOQUE CHEF,1.0,PC (1 PC),Hygiène,mercredi,2024-09,C,27,6.0
VIANDE HACHEE SPECIAL MAIGRE CONGELE KG,52.79,KG,Viandes Surgelées,mardi,2024-09,B,27,128.74
VIANDE SECHE FUME (BRESAOLA) TRANCHES 300GR,6.3,KG (1000 GR),Viandes Fraiches,mercredi,2024-09,A,27,11.0
VINAIGRE 1L,1.0,L (1000 GR),Epicerie,lundi,2024-09,D,27,12.0
AC-SMOOTHIE DETOX,20.0,PC,Jus Fruit Lait,dimanche,2024-09,D,28,20.0
AC-SMOOTHIE EXOTIC,15.0,PC (1 PC),Jus Fruit Lait,dimanche,2024-09,D,28,20.0
AC-SMOOTHIE LE CLASSIQUE,20.0,PC (1 PC),Jus Fruit Lait,dimanche,2024-09,D,28,20.0
AC-SMOOTHIE PEACH'TINI,20.0,PC (1 PC),Jus Fruit Lait,dimanche,2024-09,D,28,20.0
AC-SMOOTHIE TROPIC TRIP,20.0,PC (1 PC),Jus Fruit Lait,dimanche,2024-09,D,28,20.0
AGRAFFE,3.0,PC,Fournitures de Bureau,samedi,2024-09,C,28,11.0
AIL,2.0,KG (1 KG),Legumes Frais,mardi,2024-10,B,28,8.3
AJAX VITRE,16.0,PC (1 PC),Hygiène,samedi,2024-09,A,28,32.0
AMANDE EFFILEE,1.0,PC (1 KG),Fruits Secs,dimanche,2024-09,B,28,4.0
AMANDES GRILEES SALEES 70GR,84.0,PC (1 PC),Fruits Secs,samedi,2024-09,B,28,84.0
AMSTEL BEER BLLE 33CL,360.0,BTL (1 BTL),Alcools,dimanche,2024-09,B,28,432.0
ASEPCLOR,20.0,PC (1 PC),Hygiène,dimanche,2024-09,A,28,60.0
AUBERGINE LEGUME,16.35,KG (1 KG),Legumes Frais,lundi,2024-09,A,28,17.85
BACON BOEUF FUME TRANCHES ( 300GR),3.0,KG (1000 GR),Viandes Fraiches,samedi,2024-09,A,28,6.9
BACON DE DINDE TRANCHES (1 - 1.5 KG),30.0,KG,Charcuterie,samedi,2024-09,B,28,43.0
BANANE,15.0,PC (1 PC),Fruits & Legumes Frais,dimanche,2024-09,A,28,155.0
BASILIC BARQUETTE,4.45,KG (1 KG),Legumes Frais,dimanche,2024-09,A,28,11.05
BEURRE MARGARINE  KG,23.0,PC (1 KG),Beurre Oeuf Fromage,dimanche,2024-09,C,28,40.5
BISCUIT TUC,72.0,PC (1 PC),Epicerie,samedi,2024-09,D,28,120.0
BLOUSE NON TISSEE,20.0,PC (1 KG),Hygiène,dimanche,2024-09,C,28,36.0
BOGA PET 30CL,177.0,PQT (1 PQT),Eaux et Sodas,dimanche,2024-09,B,28,261.0
BOITE FRAPPE CAFE 1.36KG MONIN,1.0,BTE (1360 GR),Pâtisseries,dimanche,2024-09,C,28,6.0
BOITE FRAPPE VANILLE 1.36KG MONIN,3.0,KG,Pâtisseries,dimanche,2024-09,C,28,6.0
BOITE PIZZA 32 cm,200.0,PC (1 PC),Consommable,samedi,2024-10,C,28,200.0
BOITE PIZZA ONDULEE 31/31,50.0,PC (1 PC),Consommable,samedi,2024-10,C,28,200.0
BORGHELL,10.0,KG (1 KG),Epicerie,mercredi,2024-10,C,28,10.0
BOUTEILLE DE VINAIGRETTE 250ML,10.0,PC (250 GR),Epicerie,samedi,2024-09,A,28,16.0
BROCHETTE BAMBOO 20,2.0,SCH (100 PC),Consommable,mardi,2024-10,C,28,14.0
CACAHUETES GRILLEES SALEES 70GR,36.0,PC,Fruits Secs,mercredi,2024-10,C,28,60.0
CAKE CHOCOLAT PBC,8.0,PC (1 PC),Viennoiserie,samedi,2024-09,B,28,88.0
CAKE MARBRE MARGARINE,440.0,PC (1 PC),Pâtisseries,dimanche,2024-09,A,28,561.0
CAKE MARBRE PBC,275.0,PC,Viennoiserie,samedi,2024-09,A,28,363.0
CAPRE VRAC,4.0,KG (1 KG),Legumes Frais,mardi,2024-10,B,28,9.0
CAROTTE,30.35,KG,Legumes Frais,samedi,2024-09,A,28,67.1
CAROTTE CAKE PBC,66.0,PC (1 PC),Viennoiserie,vendredi,2024-10,B,28,330.0
CELTIA FUT DE 50L,4.0,PC (50 L),Alcools,mardi,2024-10,B,28,6.0
CHAMPIGNON FRAIS BARQUETTE,23.0,KG (1 KG),Legumes Frais,samedi,2024-09,A,28,34.5
CHAPLUR,5.0,PC (1 KG),Epicerie,vendredi,2024-10,C,28,16.0
CHEMISE CRAFT,40.0,PC,Fournitures de Bureau,samedi,2024-09,D,28,90.0
CHOCOLAT CHAUD EN POUDRE,2.0,KG (1 KG),Cafe,lundi,2024-10,B,28,7.0
CHOCOLAT EN POUDRE,47.0,PC (0.2 KG),Cafe,samedi,2024-09,A,28,86.0
CHOUX ROUGE,2.85,PC (1 PC),Legumes Frais,lundi,2024-09,A,28,9.6
CHOUX VERT,0.9,KG (1 KG),Legumes Frais,lundi,2024-09,B,28,12.8
CITRON,1.15,KG (1 KG),Legumes Frais,lundi,2024-09,A,28,16.75
CITRON SALLE,21.0,KG (1 KG),Legumes Frais,dimanche,2024-09,B,28,28.0
COCA COLA PET 30CL,180.0,PC (1 PQT),Eaux et Sodas,dimanche,2024-09,B,28,435.0
COCA COLA ZERO 30 CL,72.0,PC (1 PC),Eaux et Sodas,dimanche,2024-09,B,28,148.0
COFFRET CHECHIA AV SEP 16/16,50.0,PC (1 PC),Consommable,samedi,2024-09,C,28,125.0
COFFRET PORTRAIT AV SEP 11.5/11.5,50.0,PC (1 PC),Consommable,samedi,2024-09,C,28,175.0
COFFRET PORTRAIT AV SEP 19.5/19.5,50.0,PC (1 PC),Consommable,samedi,2024-09,C,28,200.0
COFFRET PORTRAIT AV SEP24.5/14.5,50.0,PC (1 PC),Consommable,samedi,2024-09,C,28,150.0
CONCOMBRE,129.4,KG (1 KG),Legumes Frais,samedi,2024-09,A,28,177.692
CONFITURE DE FRAISES 380G,2.0,PC,Conserve de légumes,samedi,2024-09,D,28,3.0
CORNICHON FRAIS,2.0,KG,Legumes Frais,vendredi,2024-10,B,28,12.0
COURGE,40.45,KG (1 KG),Legumes Frais,samedi,2024-09,B,28,47.65
COURGETTE,14.35,KG (1 KG),Legumes Frais,mardi,2024-10,A,28,28.6
COUSCOUS EN PAQUET,14.0,PC (1 PC),Epicerie,jeudi,2024-10,D,28,28.0
CREME A FOUETTER 1LT HOLE,26.0,PC (1 PC),GLACES,lundi,2024-09,C,28,31.0
CREME DE BALSAMIQUE,10.0,BTL (1 ML),Epicerie,samedi,2024-09,D,28,10.0
CREME DE CUISSON,17.0,L (0.95 L),Beurre Oeuf Fromage,mercredi,2024-10,B,28,27.0
CREME SUPERIEUR,12.0,PQT (1 L),Epicerie,samedi,2024-10,D,28,42.0
CREVETTE 26/30 AVEC QUEUE  SURG.,1.0,KG,Poisson Surgelé_R,lundi,2024-10,C,28,4.0
CURCUMIN MOULU,1.0,SCH (1 KG),Epicerie,mardi,2024-10,D,28,2.2
DADDY'S CHIPS CLASSIC SEL DE MER 70G,60.0,PC (1 PC),Epicerie,jeudi,2024-10,A,28,225.0
DADDY'S CHIPS SAVORY TRUFFE PARMESAN 70G,75.0,PC,Epicerie,samedi,2024-09,B,28,165.0
DADDY'S CHIPS SPICY PAPRIKA 70G,75.0,PC (1 PC),Epicerie,samedi,2024-09,A,28,165.0
DINOL,105.0,BIDON (1 KG),Hygiène,samedi,2024-09,A,28,135.0
EAU MINÉRALE 6L,45.0,BTL (1 PC),Eaux et Sodas,mardi,2024-10,A,28,90.0
EMINCE DE BOEUF PORT. SURGELE,19.325,KG (1000 GR),Viandes Surgelées,samedi,2024-10,A,28,79.49000000000001
EPINARD,3.25,KG (1 KG),Legumes Frais,mardi,2024-10,B,28,12.15
ESCALOPE DE DINDE FRAIS,212.55,KG (1 KG),Volaille Fraiche,samedi,2024-09,D,28,489.5
ESCALOPE POULET FRAIS,75.74000000000001,KG (1 KG),Volaille Surgelée,mardi,2024-10,A,28,503.16
ESCALOPE POULET PANE CONGELE,77.87,KG (1 KG),Volaille Surgelée,samedi,2024-09,A,28,128.91
ESSUIT TOUT JUMBO,123.0,PC (1 KG),Hygiène,samedi,2024-09,A,28,157.0
FANTA PET 30CL,132.0,PC (1 PQT),Eaux et Sodas,dimanche,2024-09,B,28,312.0
FARINE EN PAQUET,170.0,PC (1 KG),Epicerie,samedi,2024-09,A,28,252.0
FESTIFE MIX 100 GR,8.0,PC,Fruits Secs,samedi,2024-10,C,28,32.0
FILM ETIRABLE 725GR,28.0,PC (1 GR),Consommable,samedi,2024-09,A,28,38.0
FRITE SURGELE 9/9 CLASSIC 2.5 KG,100.0,SCH (2.5 KG),Legumes Surgelés,dimanche,2024-09,A,28,290.0
FRITE SURGELE WEDGES 2.5 KG,18.0,KG (2.5 KG),Legumes Surgelés,samedi,2024-09,B,28,90.0
FROMAGE BUCHE BLANCHE CHEVRE KG,2.0,KG (1 KG),Beurre Oeuf Fromage,samedi,2024-09,B,28,5.0
FROMAGE CHEDDAR EN BLOC,36.0,KG (1 KG),Beurre Oeuf Fromage,samedi,2024-09,A,28,65.0
FROMAGE EDAM MEULE,15.15,KG (1 KG),Beurre Oeuf Fromage,samedi,2024-09,B,28,35.622
FROMAGE GORGONZELA,1.35,PC (1 KG),Beurre Oeuf Fromage,samedi,2024-09,A,28,13.0
FROMAGE GOUTA,2.0,KG,Beurre Oeuf Fromage,mercredi,2024-10,C,28,16.0
FROMAGE LAND OR,14.5,PC (1 KG),Beurre Oeuf Fromage,samedi,2024-09,A,28,25.4
FROMAGE MAASDAM EN BLOC PB,36.0,KG (1 KG),Beurre Oeuf Fromage,samedi,2024-09,A,28,65.5
FROMAGE MEULE GOUDA KG,19.426,KG (1 KG),Beurre Oeuf Fromage,samedi,2024-09,A,28,32.932
FROMAGE MOZZARELLA  KG,136.5,KG (1 KG),Beurre Oeuf Fromage,samedi,2024-09,A,28,176.93
FROMAGE PARMESAN PB,2.4,KG (0.2 KG),Beurre Oeuf Fromage,samedi,2024-09,A,28,3.8
GATEAU CHOCOLAT PBC,40.0,PC (1 PC),Viennoiserie,vendredi,2024-10,B,28,100.0
GRENAD,12.25,KG (1 KG),Jus Fruit Lait,samedi,2024-09,B,28,69.1
HARISSA 450G,17.0,BTE,Epicerie,samedi,2024-09,C,28,17.0
HARISSA 5/2,28.0,BOTTE (1 BTE),Epicerie,samedi,2024-09,A,28,53.0
HUILE D'OLIVE POMACE,14.5,L,Epicerie,dimanche,2024-09,B,28,28.5
HUILE VEGETALE,52.0,BIDON (5 L),Epicerie,samedi,2024-09,A,28,67.0
JAMBON DE BOEUF FUME,10.15,KG (1 KG),Charcuterie,mardi,2024-10,A,28,18.1
JAMBON DE DINDE,25.0,PC (1 KG),Charcuterie,samedi,2024-09,A,28,34.15
JEX CARRE,54.0,PC (1 PC),Hygiène,samedi,2024-09,A,28,180.0
JOUR ET NUIT BLANC 1/2,16.0,PC (1 PC),Alcools,dimanche,2024-09,C,28,52.0
JOUR ET NUIT ROSE 1/2,21.0,PC (1 PC),Alcools,dimanche,2024-09,B,28,52.0
JOUR ET NUIT ROUGE 1/2,15.0,PC (1 PC),Alcools,mardi,2024-10,C,28,48.0
JOUR ET NUIT3/4 BLANC,6.0,PC (1 PC),Alcools,mardi,2024-10,C,28,30.0
KETCHUP BIDON 5L,29.0,PC (1 KG),Epicerie,dimanche,2024-09,B,28,35.0
KINDER BUENO,120.0,PC (1 PC),Epicerie,samedi,2024-09,A,28,300.0
KINDER T4,40.0,PC (1 PC),Epicerie,samedi,2024-09,B,28,180.0
LAVETTE COTON,134.0,PC (1 PC),Hygiène,samedi,2024-09,A,28,149.0
LENTILLE VRAC,3.0,PC (1 PC),Legumes Secs,vendredi,2024-10,D,28,3.0
LEVURE BOULANGERE NORMALE,31.0,PC (1 PC),Boulangerie_R,dimanche,2024-09,B,28,34.0
LOT CAFE GRAIN ESPRESSO ELITE 3,61.0,PC (1 KG),Cafe,dimanche,2024-09,A,28,128.0
LOT CAFE GRAINS  PUR EXPRESS,40.0,KG (1 KG),Cafe,lundi,2024-09,A,28,73.0
MAIS EN BOITE,36.0,BTE (340 GR),Epicerie,samedi,2024-09,A,28,92.0
MAIS EN VRAC,4.0,PC (1 KG),Legumes Frais,mardi,2024-10,C,28,9.0
MANGUE,11.0,PC (1 PC),Fruits & Legumes Frais,samedi,2024-09,A,28,39.0
MARINADE EMINCE DE BOEUF 2KG,8.0,KG (1 KG),Epicerie,samedi,2024-09,B,28,10.0
MARINADE POULET GRILLE 2KG PB,24.0,PC (1 KG),Volaille Surgelée,samedi,2024-09,A,28,36.0
MAYO 5L DEJ,22.0,KG (5000 GR),Beurre Oeuf Fromage,samedi,2024-09,A,28,170.0
MELANGE TENDER 2KG PB,8.0,KG (1 KG),Epicerie,samedi,2024-09,B,28,13.0
MELON,10.3,PC (1 KG),Fruits & Legumes Frais,samedi,2024-09,B,28,60.8
MENTHE FRAICHE,11.0,PC,Legumes Frais,lundi,2024-09,B,28,16.0
MENTHE SECHE,1.0,KG (1 KG),Epicerie,lundi,2024-09,D,28,2.0
MENTOS ROLLS MENTHE,40.0,PC (1 PC),Epicerie,samedi,2024-10,D,28,80.0
MENTOS ROLLS STRAWBERRY,40.0,PC (1 PC),Epicerie,samedi,2024-10,D,28,80.0
MENTOS ROLLS TUTTI FRUTTI,40.0,PC (1 PC),Epicerie,samedi,2024-10,D,28,80.0
MIEL DOUX & FRAIS,6.0,PC (1 PC),Epicerie,samedi,2024-09,C,28,11.0
MIX A CREPE FRANCAISE,60.0,SAC (1 SAC),Pâtisseries,samedi,2024-09,B,28,150.0
MOUTARDE DIJON 840 GR,9.0,BTE (840 GR),Epicerie,samedi,2024-09,B,28,25.0
MOZARELLA BOCCONCINI,23.0,PC (200 GR),Beurre Oeuf Fromage,lundi,2024-09,D,28,23.0
MUFFINS VANILLE,48.0,PC,Viennoiserie,samedi,2024-09,B,28,96.0
NOIX DE CAJOU GRILLES SALEES 65GR,60.0,PC (1 PC),Fruits Secs,mercredi,2024-10,B,28,96.0
NUGGETS PANE PB,50.0,PC (1 PC),Volaille Surgelée,dimanche,2024-10,A,28,275.0
NUTELLA & GO 52 GR,96.0,PC (1 PC),Epicerie,samedi,2024-09,C,28,192.0
OEUFS,67.0,PC (30 PC),Beurre Oeuf Fromage,samedi,2024-09,A,28,83.0
OIGNONS ROUGE,119.4,KG (1 KG),Legumes Frais,samedi,2024-09,A,28,119.4
OLIVE NOIRE SLICE,27.0,KG (1 KG),Legumes Frais,mardi,2024-10,B,28,35.0
PACK FOOD BOWL + COUVERCLE 1.2 L,50.0,PC (1 PC),Consommable,vendredi,2024-10,B,28,175.0
PAILLE NOIR,29.0,PQT (250 PC),Consommable,samedi,2024-09,A,28,39.0
PAIN CHAWARMA *10,79.0,PQT (10 PC),Boulangerie_R,samedi,2024-09,A,28,115.0
PAIN DE MIE CEREALE,52.0,PC (1 PC),Boulangerie_R,mardi,2024-10,B,28,130.0
PAIN DE MIE NATURE,52.0,PC (1 PC),Boulangerie_R,mardi,2024-10,B,28,130.0
PAIN SCHNECK AUX RAISINS SURG PUR BEURRE GF,450.0,PC (1 PC),Viennoiserie,samedi,2024-09,B,28,1200.0
PAIN SHNEK AU RAISIN MARGARINE,275.0,PC (1 KG),Pâtisseries,samedi,2024-10,C,28,700.0
PAPIER ALUM DE 100,4.0,PC,Consommable,dimanche,2024-09,B,28,9.0
PAPIER CUISSON 40*60,3.0,PC (500 PC),Consommable,dimanche,2024-09,C,28,4.0
PAPIER SERVIETTE GOURMANDISE,40.0,PC (1 PC),Consommable,samedi,2024-09,B,28,128.0
PAPRIKA DOUX,2.0,KG,Fruits & Legumes Frais,mardi,2024-10,C,28,3.0
PAQUET 17/4,100.0,PC (1 PC),Consommable,samedi,2024-10,C,28,300.0
PATE PAPILLON,12.0,PC (1 KG),Epicerie,mercredi,2024-10,D,28,24.0
PATE PIZZA FOCACCIA 12/40,112.0,PC (1 PC),Boulangerie_R,dimanche,2024-09,A,28,170.0
PATE PLUME COURTE,35.5,PC (1 KG),Epicerie,mardi,2024-10,B,28,58.0
PATE SPAGHETTI,12.0,PQT (0.5 KG),Epicerie,mardi,2024-10,B,28,74.0
PECHES,12.15,KG (1 KG),Fruits & Legumes Frais,samedi,2024-09,A,28,27.5
PEPITTE DE DECORATION NOIRE KG,5.0,KG (1000 GR),Epicerie,dimanche,2024-09,D,28,8.5
PEPPERONI,1.2,KG (1 KG),Charcuterie,samedi,2024-09,A,28,4.8
PILLE AA,9.0,PC (1 GR),Fournitures de Bureau,samedi,2024-09,D,28,20.0
PIMENT DOUX,54.0,KG (1 KG),Legumes Frais,samedi,2024-09,A,28,97.3
PIMENT FORT,67.85,KG (1 KG),Legumes Frais,samedi,2024-09,A,28,78.95
PIMENT ROUGE SALLE,18.0,KG,Legumes Frais,vendredi,2024-10,B,28,20.0
PISTACHE CONCASSEE,0.1,PC (1000 GR),Fruits Secs,lundi,2024-09,C,28,4.0
POIS CHICHE KG,2.0,PC (1 PC),Legumes Secs,jeudi,2024-10,C,28,8.0
POIVRE NOIR MOULU,1.0,PC (1 KG),Epicerie,mercredi,2024-10,B,28,3.0
POMME DE TERRE,292.25,KG (1 KG),Legumes Frais,samedi,2024-09,A,28,292.25
POUDRE TENDERS PB,21.0,KG (1 KG),Volaille Surgelée,jeudi,2024-10,B,28,42.0
POULET PANE AMANDE PB,4.0,PQT (40 PC),Volaille Surgelée,lundi,2024-09,A,28,350.0
PUREE ANANAS 1 L,1.0,PC (1 L),Epicerie,dimanche,2024-09,D,28,2.0
PUREE DE BANANE 1L,2.0,PC (1 L),Epicerie,dimanche,2024-09,D,28,2.0
PUREE FRAISE 1.32KG MONIN,1.0,KG (1320 GR),Pâtisseries,samedi,2024-10,D,28,2.0
PUREE MANGUE 1L,1.0,PC (1 L),Epicerie,dimanche,2024-09,D,28,2.0
QUATRE EPICES MOULU,1.0,PC (1 KG),Epicerie,vendredi,2024-10,C,28,3.0
RACLETTE,5.0,PC (1 PC),Hygiène,dimanche,2024-09,B,28,7.0
RAISIN NOIR,21.65,KG,Fruits & Legumes Frais,samedi,2024-09,A,28,38.1
RAISINS JAUNE,16.8,KG (1 KG),Fruits & Legumes Frais,samedi,2024-09,B,28,23.0
RAME PAPIER A4,12.0,PC,Fournitures de Bureau,dimanche,2024-09,B,28,23.0
REMANENT HERBE CF,2.0,PC (1 PC),Hygiène,samedi,2024-09,B,28,10.0
RIZ EN PAQUET,5.0,PC,Epicerie,lundi,2024-10,C,28,35.0
ROQUETTE SALADE BARQUETTE,0.6,KG,Legumes Frais,lundi,2024-10,A,28,5.9
ROULEAU CAISSE 80*80,84.0,PC (1 PC),Fournitures de Bureau,samedi,2024-09,A,28,205.0
ROULEAU DE 750 ETIQUETTE BLANC,2.0,PC,Consommable,lundi,2024-09,C,28,16.0
ROULEAU TPE,210.0,PC (1 PC),Fournitures de Bureau,samedi,2024-09,A,28,286.0
SAC EN PAPIER KRAFT 30/30/26,150.0,PC (1 PC),Consommable,samedi,2024-09,C,28,150.0
SACHET CONGELATION,3.0,PC (1 KG),Consommable,jeudi,2024-10,D,28,10.0
SALADE LAITUE TUN,262.25,KG (1 KG),Legumes Frais,samedi,2024-09,A,28,393.7
SANEX,47.0,PC (1 PC),Hygiène,samedi,2024-09,A,28,100.0
SANIT SURF,35.0,PC (1 PC),Hygiène,samedi,2024-09,A,28,51.0
SAUCE A L'AIL,6.0,PC,Epicerie,lundi,2024-10,B,28,12.0
SAUCE A L'AIL PB,8.0,L (1 KG),Epicerie,samedi,2024-09,A,28,11.0
SAUCE AU POIVRE SAC 500GR PB,2.0,KG (1 SAC),Epicerie,samedi,2024-09,B,28,5.0
SAUCE BARBECUE PB,5.0,KG,Epicerie,lundi,2024-10,D,28,15.0
SAUCE MAYONNAISE PESTO PB,8.0,L (1 L),Epicerie,samedi,2024-09,A,28,11.0
SAUCE PESTO PB,3.0,KG (1 KG),Epicerie,mardi,2024-10,A,28,5.0
SAUCE PLAN B 5KG,15.0,SEAU (1000 GR),Epicerie,mardi,2024-10,B,28,25.0
SEL FIN DE TABLE,23.0,PC (1 KG),Epicerie,samedi,2024-09,B,28,23.0
SERPILLERE,101.0,PC (1 PC),Hygiène,samedi,2024-09,A,28,122.0
SERVIETTE 30*30 CIGUSTA,144.0,PC,Consommable,samedi,2024-09,B,28,192.0
SIROP DE CARAMEL 1L MONIN,2.0,PC (1000 ML),Pâtisseries,jeudi,2024-10,B,28,5.0
SIROP DE NOISETTES GRILLEES 70CL MONIN,2.0,PC (700 ML),Pâtisseries,jeudi,2024-10,D,28,2.0
SUCRE EN SACHET CI-GUSTA,30.0,PC (1 PC),Cafe,samedi,2024-09,B,28,120.0
SUCRE EN SACHET DAILY BREAK,130.0,PC (1 KG),Cafe,samedi,2024-09,A,28,230.0
THON EN BOITES,20.0,BTE (2.05 KG),Conserve de Poisson,samedi,2024-09,A,28,164.0
THON HV EN BOITES,114.0,BTE (2.05 KG),Conserve de Poisson,lundi,2024-09,D,28,142.0
TIC TAC MENTHE,36.0,PC (1 PC),Epicerie,jeudi,2024-10,D,28,36.0
TIC TAC STRAWBERRY MIX,12.0,PC,Epicerie,samedi,2024-10,D,28,60.0
TOMATE CERISES,3.0,KG (1 KG),Legumes Frais,jeudi,2024-10,A,28,24.95
TOMATE CONCENTRE 4/4,12.0,PC,Epicerie,lundi,2024-09,D,28,24.0
TOMATE CONCENTREE EN BOITE,12.0,BTE (0.8 KG),Epicerie,jeudi,2024-10,B,28,60.0
TOMATE FRAICHE,415.8,KG (1 KG),Legumes Frais,samedi,2024-09,A,28,526.85
TOMATES SECHEES,0.8,PC (1000 GR),Epicerie,samedi,2024-09,B,28,5.0
TOQUE CHEF,5.0,PC (1 PC),Hygiène,dimanche,2024-09,C,28,6.0
VARIANTES,5.0,KG,Legumes Frais,lundi,2024-09,D,28,10.0
VIANDE HACHEE SPECIAL MAIGRE CONGELE KG,107.36,KG,Viandes Surgelées,lundi,2024-09,B,28,128.74
VIANDE SECHE FUME (BRESAOLA) TRANCHES 300GR,6.0,KG (1000 GR),Viandes Fraiches,samedi,2024-09,A,28,11.0
VINAIGRE 1L,5.0,L (1000 GR),Epicerie,lundi,2024-09,D,28,12.0
VIPA ORIENTAL MIX 100 GR,40.0,PC (1 PC),Fruits Secs,samedi,2024-09,B,28,48.0
AGRAFFE,6.0,PC (1 PC),Fournitures de Bureau,mercredi,2024-10,C,29,11.0
AIL,2.0,KG (1 KG),Legumes Frais,vendredi,2024-10,B,29,8.3
AJAX VITRE,13.0,PC (1 PC),Hygiène,mardi,2024-10,A,29,32.0
AMANDES GRILEES SALEES 70GR,48.0,PC (1 PC),Fruits Secs,vendredi,2024-10,B,29,84.0
AMSTEL BEER BLLE 33CL,432.0,BTL (1 BTL),Alcools,mercredi,2024-10,B,29,432.0
ASEPCLOR,15.0,PC (1 PC),Hygiène,jeudi,2024-10,A,29,60.0
AUBERGINE LEGUME,7.5,KG (1 KG),Legumes Frais,vendredi,2024-10,A,29,17.85
AVOCAT FRUIT PIECE,8.0,PC,Fruits & Legumes Frais,jeudi,2024-10,B,29,43.0
BACON BOEUF FUME TRANCHES ( 300GR),3.9,KG (1000 GR),Viandes Fraiches,jeudi,2024-10,A,29,6.9
BACON DE DINDE TRANCHES (1 - 1.5 KG),20.0,KG,Charcuterie,samedi,2024-10,B,29,43.0
BALAIS SANS MANCHE,1.0,PC (1 PC),Hygiène,jeudi,2024-10,C,29,9.0
BASILIC BARQUETTE,1.55,KG (1 KG),Legumes Frais,mardi,2024-10,A,29,11.05
BASILIC LA BOTTE,2.55,KG,Legumes Frais,vendredi,2024-10,C,29,3.2999
BEURRE MARGARINE  KG,4.5,PC (1 KG),Beurre Oeuf Fromage,lundi,2024-10,C,29,40.5
BLOUSE NON TISSEE,30.0,PC (1 KG),Hygiène,mardi,2024-10,C,29,36.0
BOGA CIDRE PET 30 CL,16.0,PC (1 PC),Eaux et Sodas,jeudi,2024-10,C,29,182.0
BOGA PET 30CL,192.0,PQT (1 PQT),Eaux et Sodas,mercredi,2024-10,B,29,261.0
BOITE FRAPPE CAFE 1.36KG MONIN,2.0,BTE (1360 GR),Pâtisseries,vendredi,2024-10,C,29,6.0
BOITE FRAPPE VANILLE 1.36KG MONIN,1.0,KG,Pâtisseries,vendredi,2024-10,C,29,6.0
BOITE PIZZA ONDULEE 31/31,100.0,PC,Consommable,vendredi,2024-10,C,29,200.0
BOITE PIZZA PM CIG,300.0,PC (1 PC),Consommable,dimanche,2024-10,B,29,500.0
BOUTEILLE DE VINAIGRETTE 250ML,10.0,PC (250 GR),Epicerie,mardi,2024-10,A,29,16.0
BROCHETTE BAMBOO 20,2.0,SCH (100 PC),Consommable,mardi,2024-10,C,29,14.0
CACAHUETES GRILLEES SALEES 70GR,48.0,PC (1 PC),Fruits Secs,lundi,2024-10,C,29,60.0
CAKE CHOCOLAT PBC,16.0,PC (1 PC),Viennoiserie,vendredi,2024-10,B,29,88.0
CAKE MARBRE MARGARINE,440.0,PC (1 PC),Pâtisseries,mardi,2024-10,A,29,561.0
CAKE MARBRE PBC,66.0,PC (1 PC),Viennoiserie,vendredi,2024-10,A,29,363.0
CAPRE VRAC,6.0,KG (1 KG),Legumes Frais,dimanche,2024-10,B,29,9.0
CAPSULE CAFEITALY COLOMBIA,120.0,PC (1 PC),Cafe,dimanche,2024-10,C,29,310.0
CAROTTE,19.25,KG (1 KG),Legumes Frais,mercredi,2024-10,A,29,67.1
CAROTTE CAKE PBC,77.0,PC (1 PC),Viennoiserie,vendredi,2024-10,B,29,330.0
CELTIA FUT DE 50L,3.0,PC (50 L),Alcools,vendredi,2024-10,B,29,6.0
CHAMPIGNON FRAIS,15.0,KG (1 KG),Legumes Frais,mardi,2024-10,A,29,39.0
CHAMPIGNON FRAIS BARQUETTE,17.0,KG (1 KG),Legumes Frais,mardi,2024-10,A,29,34.5
CHAPLUR,10.0,PC (1 KG),Epicerie,lundi,2024-10,C,29,16.0
CHOCOLAT EN POUDRE,35.0,PC (0.2 KG),Cafe,mercredi,2024-10,A,29,86.0
CHOUX ROUGE,6.25,PC (1 PC),Legumes Frais,mercredi,2024-10,A,29,9.6
CHOUX VERT,9.0,KG (1 KG),Legumes Frais,mercredi,2024-10,B,29,12.8
CITRON,7.0,KG (1 KG),Legumes Frais,mercredi,2024-10,A,29,16.75
CITRON SALLE,6.0,KG (1 KG),Legumes Frais,vendredi,2024-10,B,29,28.0
COCA COLA PET 30CL,396.0,PC (1 PQT),Eaux et Sodas,jeudi,2024-10,B,29,435.0
COCA COLA ZERO 30 CL,148.0,PC (1 PC),Eaux et Sodas,mardi,2024-10,B,29,148.0
CONCOMBRE,79.65,KG (1 KG),Legumes Frais,mardi,2024-10,A,29,177.692
COOKIES,40.0,PC,Viennoiserie,vendredi,2024-10,C,29,120.0
CORNICHON FRAIS,2.0,KG,Legumes Frais,lundi,2024-10,B,29,12.0
COURGE,31.35,KG (1 KG),Legumes Frais,mardi,2024-10,B,29,47.65
COURGETTE,18.1,KG (1 KG),Legumes Frais,mercredi,2024-10,A,29,28.6
COUSCOUS EN PAQUET,28.0,PC (1 PC),Epicerie,mercredi,2024-10,D,29,28.0
CREME A FOUETTER 1LT HOLE,11.0,PC,GLACES,vendredi,2024-10,C,29,31.0
CREME DE CUISSON,11.0,L (0.95 L),Beurre Oeuf Fromage,mercredi,2024-10,B,29,27.0
CREME SUPERIEUR,18.0,PQT (1 L),Epicerie,vendredi,2024-10,D,29,42.0
CREVETTE 26/30 AVEC QUEUE  SURG.,1.0,KG,Poisson Surgelé_R,mardi,2024-10,C,29,4.0
CURCUMIN MOULU,1.0,SCH (1 KG),Epicerie,mardi,2024-10,D,29,2.2
DADDY'S CHIPS CLASSIC SEL DE MER 70G,60.0,PC (1 PC),Epicerie,jeudi,2024-10,A,29,225.0
DADDY'S CHIPS SAVORY TRUFFE PARMESAN 70G,30.0,PC (1 PC),Epicerie,jeudi,2024-10,B,29,165.0
DADDY'S CHIPS SPICY PAPRIKA 70G,45.0,PC (1 PC),Epicerie,vendredi,2024-10,A,29,165.0
DINOL,90.0,BIDON (1 KG),Hygiène,mardi,2024-10,A,29,135.0
EAU MINÉRALE 6L,61.0,BTL (1 PC),Eaux et Sodas,mercredi,2024-10,A,29,90.0
EMINCE DE BOEUF PORT. SURGELE,28.555,KG (1000 GR),Viandes Surgelées,vendredi,2024-10,A,29,79.49000000000001
ESCALOPE DE DINDE FRAIS,21.51,KG (1 KG),Volaille Fraiche,jeudi,2024-10,D,29,489.5
ESCALOPE POULET FRAIS,256.62,KG (1 KG),Volaille Surgelée,mardi,2024-10,A,29,503.16
ESCALOPE POULET PANE CONGELE,82.39,KG (1 KG),Volaille Surgelée,vendredi,2024-10,A,29,128.91
ESSUIES VERRES,2.0,PC (1 PC),Hygiène,samedi,2024-10,D,29,4.0
ESSUIT TOUT JUMBO,97.0,PC (1 KG),Hygiène,mardi,2024-10,A,29,157.0
FANTA PET 30CL,168.0,PC (1 PQT),Eaux et Sodas,mercredi,2024-10,B,29,312.0
FARINE EN PAQUET,160.0,PC (1 KG),Epicerie,mardi,2024-10,A,29,252.0
FESTIFE MIX 100 GR,16.0,PC (1 PC),Fruits Secs,vendredi,2024-10,C,29,32.0
FILET DE POULET PANE,39.2,KG (1 KG),Volaille Surgelée,mardi,2024-10,D,29,141.12
FILM ETIRABLE 725GR,24.0,PC (1 GR),Consommable,mercredi,2024-10,A,29,38.0
FRITE SURGELE 9/9 CLASSIC 2.5 KG,76.0,SCH (2.5 KG),Legumes Surgelés,mardi,2024-10,A,29,290.0
FRITE SURGELE WEDGES 2.5 KG,36.0,KG (2.5 KG),Legumes Surgelés,vendredi,2024-10,B,29,90.0
FROMAGE BLANC FONDU KG,6.6000000000000005,KG,Beurre Oeuf Fromage,dimanche,2024-10,C,29,15.4
FROMAGE CHEDDAR EN BLOC,32.0,KG (1 KG),Beurre Oeuf Fromage,mardi,2024-10,A,29,65.0
FROMAGE EDAM MEULE,19.196,KG (1 KG),Beurre Oeuf Fromage,jeudi,2024-10,B,29,35.622
FROMAGE GOUTA,2.0,KG (1 KG),Beurre Oeuf Fromage,vendredi,2024-10,C,29,16.0
FROMAGE MAASDAM EN BLOC PB,42.0,KG (1 KG),Beurre Oeuf Fromage,mardi,2024-10,A,29,65.5
FROMAGE MEULE GOUDA KG,17.366,KG (1 KG),Beurre Oeuf Fromage,vendredi,2024-10,A,29,32.932
FROMAGE MOZZARELLA  KG,100.0,KG (1 KG),Beurre Oeuf Fromage,samedi,2024-10,A,29,176.93
FROMAGE PARMESAN PB,3.0,KG (0.2 KG),Beurre Oeuf Fromage,mardi,2024-10,A,29,3.8
FUT HEINEKEIN,120.0,PC (1 L),Alcools,mardi,2024-10,B,29,240.0
GARCI GAZ P.E.T 1 L,126.0,L (1 GR),Eaux et Sodas,mardi,2024-10,A,29,344.0
GATEAU CHOCOLAT PBC,60.0,PC (1 PC),Viennoiserie,vendredi,2024-10,B,29,100.0
GEL ANTIBAC 500,5.0,POT (1 PQT),Hygiène,mardi,2024-10,D,29,6.0
GRENAD,16.3,KG (1 KG),Jus Fruit Lait,mercredi,2024-10,B,29,69.1
HARISSA 450G,4.0,BTE,Epicerie,vendredi,2024-10,C,29,17.0
HARISSA 5/2,29.0,BOTTE (1 BTE),Epicerie,mercredi,2024-10,A,29,53.0
HUILE D'OLIVE POMACE,9.5,L (1 L),Epicerie,lundi,2024-10,B,29,28.5
HUILE VEGETALE,36.0,BIDON (5 L),Epicerie,mardi,2024-10,A,29,67.0
JAMBON DE BOEUF FUME,6.15,KG (1 KG),Charcuterie,vendredi,2024-10,A,29,18.1
JEX CARRE,61.0,PC (1 PC),Hygiène,mardi,2024-10,A,29,180.0
JOUR ET NUIT BLANC 1/2,12.0,PC (1 PC),Alcools,vendredi,2024-10,C,29,52.0
JOUR ET NUIT ROSE 1/2,18.0,PC (1 PC),Alcools,vendredi,2024-10,B,29,52.0
JOUR ET NUIT ROUGE 1/2,12.0,PC (1 PC),Alcools,vendredi,2024-10,C,29,48.0
KETCHUP BIDON 5L,20.0,PC (1 KG),Epicerie,jeudi,2024-10,B,29,35.0
KINDER BUENO,120.0,PC (1 PC),Epicerie,jeudi,2024-10,A,29,300.0
LAVETTE COTON,84.0,PC (1 PC),Hygiène,mardi,2024-10,A,29,149.0
LEVURE BOULANGERE NORMALE,11.0,PC (1 PC),Boulangerie_R,vendredi,2024-10,B,29,34.0
LOT CAFE GRAIN ESPRESSO ELITE 3,60.0,PC (1 KG),Cafe,mardi,2024-10,A,29,128.0
LOT CAFE GRAINS  PUR EXPRESS,12.0,KG,Cafe,lundi,2024-10,A,29,73.0
MAIS EN BOITE,49.35,BTE (340 GR),Epicerie,vendredi,2024-10,A,29,92.0
MAIS EN VRAC,4.0,PC (1 KG),Legumes Frais,mardi,2024-10,C,29,9.0
MARINADE EMINCE DE BOEUF 2KG,8.0,KG (1 KG),Epicerie,jeudi,2024-10,B,29,10.0
MARINADE POULET GRILLE 2KG PB,30.0,PC (1 KG),Volaille Surgelée,mardi,2024-10,A,29,36.0
MAYO 5L DEJ,23.0,KG (5000 GR),Beurre Oeuf Fromage,mardi,2024-10,A,29,170.0
MAYONAISE DEJ,11.0,SEAU (5 L),Epicerie,lundi,2024-10,C,29,39.0
MELANGE EPICES VIANDE 500GR PB,0.5,KG (1 KG),Epicerie,mardi,2024-10,D,29,2.0
MELANGE TENDER 2KG PB,10.0,KG (1 KG),Epicerie,mardi,2024-10,B,29,13.0
MELON,10.9,PC (1 KG),Fruits & Legumes Frais,vendredi,2024-10,B,29,60.8
MENTOS ROLLS FRUIT FLAVOUR,40.0,PC (1 PC),Epicerie,jeudi,2024-10,D,29,80.0
MENTOS ROLLS TUTTI FRUTTI,40.0,PC (1 PC),Epicerie,jeudi,2024-10,D,29,80.0
MIEL DOUX & FRAIS,4.0,PC (1 PC),Epicerie,vendredi,2024-10,C,29,11.0
MIX A CREPE FRANCAISE,80.0,SAC (1 SAC),Pâtisseries,jeudi,2024-10,B,29,150.0
MOELLEUX CHOCOLAT,72.0,PC,Viennoiserie,dimanche,2024-10,C,29,108.0
MOUTARDE DIJON 840 GR,6.0,BTE (840 GR),Epicerie,mercredi,2024-10,B,29,25.0
MOZARELLA BOCCONCINI,8.0,PC (200 GR),Beurre Oeuf Fromage,mardi,2024-10,D,29,23.0
MUFFINS VANILLE,72.0,PC,Viennoiserie,vendredi,2024-10,B,29,96.0
NAPPAGE,1.0,PC,Pâtisseries,lundi,2024-10,C,29,14.0
NOIX DE CAJOU GRILLES SALEES 65GR,48.0,PC (1 PC),Fruits Secs,vendredi,2024-10,B,29,96.0
NUGGETS PANE PB,50.0,PC (1 PC),Volaille Surgelée,samedi,2024-10,A,29,275.0
NUTELLA & GO 52 GR,72.0,PC (1 PC),Epicerie,jeudi,2024-10,C,29,192.0
OEUFS,62.0,PC (30 PC),Beurre Oeuf Fromage,mardi,2024-10,A,29,83.0
OIGNONS BLANC,45.15,KG,Legumes Frais,jeudi,2024-10,A,29,127.3
OIGNONS ROUGE,72.55,KG (1 KG),Legumes Frais,mercredi,2024-10,A,29,119.4
OLIVE DENOYETE,26.0,KG (1 KG),Epicerie,vendredi,2024-10,B,29,35.0
OLIVE NOIRE SLICE,14.0,KG (1 KG),Legumes Frais,jeudi,2024-10,B,29,35.0
PACK FOOD BOWL + COUVERCLE 1.2 L,50.0,PC,Consommable,mardi,2024-10,B,29,175.0
PAILLE NOIR,13.0,PQT (250 PC),Consommable,mardi,2024-10,A,29,39.0
PAIN CHAWARMA *10,73.0,PQT (10 PC),Boulangerie_R,mardi,2024-10,A,29,115.0
PAIN DE MIE CEREALE,78.0,PC,Boulangerie_R,mardi,2024-10,B,29,130.0
PAIN DE MIE NATURE,78.0,PC,Boulangerie_R,mardi,2024-10,B,29,130.0
PAIN SCHNECK AUX RAISINS SURG PUR BEURRE GF,100.0,PC (1 PC),Viennoiserie,samedi,2024-10,B,29,1200.0
PAIN SHNEK AU RAISIN MARGARINE,100.0,PC (1 KG),Pâtisseries,samedi,2024-10,C,29,700.0
PAPIER CUISSON 40*60,1.0,PC (250 PC),Consommable,samedi,2024-10,C,29,4.0
PAPIER SERVIETTE GOURMANDISE,120.0,PC (1 PC),Consommable,dimanche,2024-10,B,29,128.0
PAPRIKA DOUX,2.0,KG,Fruits & Legumes Frais,mardi,2024-10,C,29,3.0
PATE PIZZA FOCACCIA 12/40,70.0,PC,Boulangerie_R,dimanche,2024-10,A,29,170.0
PATE PIZZA PANCROCCHINO 32cm,20.0,PC (1 PC),Boulangerie_R,dimanche,2024-10,D,29,51.0
PATE PLUME COURTE,10.0,PC (1 KG),Epicerie,dimanche,2024-10,B,29,58.0
PEPPERONI,1.8,KG (1 KG),Charcuterie,jeudi,2024-10,A,29,4.8
PIECE RONDE BOEUF,11.6,KG (1 KG),Viandes Surgelées,mardi,2024-10,D,29,24.200000000000003
PILLE AA,4.0,PC (1 GR),Fournitures de Bureau,vendredi,2024-10,D,29,20.0
PIMENT DOUX,20.15,KG (1 KG),Legumes Frais,vendredi,2024-10,A,29,97.3
PIMENT FORT,78.95,KG (1 KG),Legumes Frais,mardi,2024-10,A,29,78.95
PIMENT ROUGE SALLE,12.0,KG,Legumes Frais,mardi,2024-10,B,29,20.0
POCHETTE CROISSANT 15*7*29,2.0,PC (1000 PC),Consommable,dimanche,2024-10,C,29,4.0
POIS CHICHE KG,4.0,PC (1 PC),Legumes Secs,mardi,2024-10,C,29,8.0
POMME DE TERRE,207.4,KG (1 KG),Legumes Frais,mardi,2024-10,A,29,292.25
POUDRE TENDERS PB,40.0,KG (1 KG),Volaille Surgelée,mardi,2024-10,B,29,42.0
POULET PAC FRAIS,43.47,KG (1 KG),Volaille Fraiche,mercredi,2024-10,C,29,98.48
POULET PANE AMANDE PB,5.0,PQT (40 PC),Volaille Surgelée,mardi,2024-10,A,29,350.0
PUREE ANANAS 1 L,1.0,PC (1 L),Epicerie,mardi,2024-10,D,29,2.0
PUREE FRAISE 1.32KG MONIN,1.0,KG (1320 GR),Pâtisseries,mardi,2024-10,D,29,2.0
RAISIN NOIR,26.6999,KG (1 KG),Fruits & Legumes Frais,mardi,2024-10,A,29,38.1
RAISINS JAUNE,18.25,KG (1 KG),Fruits & Legumes Frais,mardi,2024-10,B,29,23.0
RAME PAPIER A4,4.0,PC (1 PC),Fournitures de Bureau,samedi,2024-10,B,29,23.0
ROQUETTE SALADE BARQUETTE,5.0,KG,Legumes Frais,mardi,2024-10,A,29,5.9
ROULEAU CAISSE 80*80,175.0,PC (1 PC),Fournitures de Bureau,mardi,2024-10,A,29,205.0
ROULEAU TPE,228.0,PC (1 PC),Fournitures de Bureau,mardi,2024-10,A,29,286.0
SACHET CONGELATION,3.0,PC (1 KG),Consommable,samedi,2024-10,D,29,10.0
SALADE LAITUE TUN,243.3,KG (1 KG),Legumes Frais,mardi,2024-10,A,29,393.7
SANEX,36.0,PC (1 PC),Hygiène,mardi,2024-10,A,29,100.0
SANIT SURF,22.0,PC (1 PC),Hygiène,mardi,2024-10,A,29,51.0
SAUCE A L'AIL PB,10.0,L (1 KG),Epicerie,mardi,2024-10,A,29,11.0
SAUCE AU POIVRE SAC 500GR PB,2.5,KG (1 SAC),Epicerie,mardi,2024-10,B,29,5.0
SAUCE BARBECUE PB,10.0,KG,Epicerie,vendredi,2024-10,D,29,15.0
SAUCE MAYONNAISE PESTO,4.0,L (1 L),Epicerie,mardi,2024-10,B,29,10.0
SAUCE MAYONNAISE PESTO PB,6.0,L (1 L),Epicerie,mardi,2024-10,A,29,11.0
SAUCE PESTO PB,2.0,KG (1 KG),Epicerie,mardi,2024-10,A,29,5.0
SAUCE PLAN B 5KG,10.0,SEAU (1000 GR),Epicerie,lundi,2024-10,B,29,25.0
SEL FIN DE TABLE,6.0,PC (1 KG),Epicerie,mercredi,2024-10,B,29,23.0
SERPILLERE,45.0,PC (1 PC),Hygiène,mardi,2024-10,A,29,122.0
SQUEEZE CREME  CHEDDAR 450GR,10.0,BTL (450 GR),Beurre Oeuf Fromage,samedi,2024-10,D,29,27.0
SUCRE EN SACHET CI-GUSTA,120.0,PC (1 PC),Cafe,dimanche,2024-10,B,29,120.0
SUCRE EN SACHET DAILY BREAK,130.0,PC (1 KG),Cafe,mercredi,2024-10,A,29,230.0
THON HV EN BOITES,65.0,BTE (2.05 KG),Conserve de Poisson,samedi,2024-10,D,29,142.0
TIC TAC MENTHE,12.0,PC (1 PC),Epicerie,jeudi,2024-10,D,29,36.0
TIC TAC STRAWBERRY MIX,12.0,PC (1 PC),Epicerie,jeudi,2024-10,D,29,60.0
TOMATE CONCENTREE EN BOITE,24.0,BTE (0.8 KG),Epicerie,mardi,2024-10,B,29,60.0
TOMATE FRAICHE,351.0,KG (1 KG),Legumes Frais,mardi,2024-10,A,29,526.85
TOMATES SECHEES,0.3,PC (1000 GR),Epicerie,dimanche,2024-10,B,29,5.0
VARIANTES,7.0,KG (1 KG),Legumes Frais,mardi,2024-10,D,29,10.0
VIANDE HACHEE SPECIAL MAIGRE CONGELE KG,109.64,KG,Viandes Surgelées,vendredi,2024-10,B,29,128.74
VIANDE SECHE FUME (BRESAOLA) TRANCHES 300GR,3.3,KG (1000 GR),Viandes Fraiches,jeudi,2024-10,A,29,11.0
VIPA ORIENTAL MIX 100 GR,48.0,PC (1 PC),Fruits Secs,jeudi,2024-10,B,29,48.0
AC-SMOOTHIE EXOTIC,10.0,PC (1 PC),Jus Fruit Lait,dimanche,2024-10,D,30,20.0
AC-SMOOTHIE LE CLASSIQUE,3.0,PC (1 PC),Jus Fruit Lait,dimanche,2024-10,D,30,20.0
AIL,3.1,KG (1 KG),Legumes Frais,mardi,2024-10,B,30,8.3
AJAX VITRE,10.0,PC (1 PC),Hygiène,vendredi,2024-10,A,30,32.0
AMANDES GRILEES SALEES 70GR,60.0,PC (1 PC),Fruits Secs,jeudi,2024-10,B,30,84.0
AMSTEL BEER BLLE 33CL,408.0,BTL (1 BTL),Alcools,lundi,2024-10,B,30,432.0
ASEPCLOR,20.0,PC (1 PC),Hygiène,mercredi,2024-10,A,30,60.0
AUBERGINE LEGUME,17.85,KG (1 KG),Legumes Frais,samedi,2024-10,A,30,17.85
AVOCAT FRUIT PIECE,15.0,PC (1 PC),Fruits & Legumes Frais,vendredi,2024-10,B,30,43.0
BACON BOEUF FUME TRANCHES ( 300GR),4.8,KG (1000 GR),Viandes Fraiches,dimanche,2024-10,A,30,6.9
BACON DE DINDE TRANCHES (1 - 1.5 KG),30.0,KG,Charcuterie,vendredi,2024-10,B,30,43.0
BALAIS SANS MANCHE,2.0,PC (1 PC),Hygiène,jeudi,2024-10,C,30,9.0
BANANE,48.0,KG (1 PC),Fruits & Legumes Frais,mardi,2024-10,A,30,155.0
BASILIC BARQUETTE,2.8000000000000003,KG (1 KG),Legumes Frais,mardi,2024-10,A,30,11.05
BASILIC LA BOTTE,3.2999,KG,Legumes Frais,vendredi,2024-10,C,30,3.2999
BEURRE MARGARINE  KG,18.0,PC (1 KG),Beurre Oeuf Fromage,dimanche,2024-10,C,30,40.5
BLOUSE NON TISSEE,20.0,PC (1 KG),Hygiène,jeudi,2024-10,C,30,36.0
BOGA CIDRE PET 30 CL,36.0,PC (1 PC),Eaux et Sodas,samedi,2024-10,C,30,182.0
BOGA PET 30CL,108.0,PQT,Eaux et Sodas,lundi,2024-10,B,30,261.0
BOITE PIZZA ONDULEE 31/31,50.0,PC,Consommable,mercredi,2024-10,C,30,200.0
BOITE PIZZA PM CIG,200.0,PC (1 PC),Consommable,jeudi,2024-10,B,30,500.0
BOUTEILLE DE VINAIGRETTE 250ML,16.0,PC (250 GR),Epicerie,samedi,2024-10,A,30,16.0
BROCHETTE BAMBOO 20,10.0,SCH (100 PC),Consommable,vendredi,2024-10,C,30,14.0
CACAHUETES GRILLEES SALEES 70GR,12.0,PC (1 PC),Fruits Secs,jeudi,2024-10,C,30,60.0
CAKE CHOCOLAT PBC,16.0,PC (1 PC),Viennoiserie,dimanche,2024-10,B,30,88.0
CAKE CITRON PBC,72.0,PC (1 PC),Viennoiserie,lundi,2024-10,B,30,216.0
CAKE MARBRE MARGARINE,440.0,PC,Pâtisseries,vendredi,2024-10,A,30,561.0
CAKE MARBRE PBC,165.0,PC,Viennoiserie,vendredi,2024-10,A,30,363.0
CAPRE VRAC,2.0,KG (1 KG),Legumes Frais,lundi,2024-10,B,30,9.0
CAPSULE CAFEITALY COLOMBIA,40.0,PC,Cafe,lundi,2024-10,C,30,310.0
CAROTTE,22.7,KG (1 KG),Legumes Frais,lundi,2024-10,A,30,67.1
CAROTTE CAKE PBC,88.0,PC (1 PC),Viennoiserie,vendredi,2024-10,B,30,330.0
CELTIA FUT DE 50L,4.0,PC (50 L),Alcools,samedi,2024-10,B,30,6.0
CHAMPIGNON FRAIS,30.0,KG (1 KG),Legumes Frais,vendredi,2024-10,A,30,39.0
CHEMISE CRAFT,10.0,PC (1 PC),Fournitures de Bureau,jeudi,2024-10,D,30,90.0
CHOCOLAT EN POUDRE,55.0,PC (0.2 KG),Cafe,vendredi,2024-10,A,30,86.0
CHOUX ROUGE,5.0,PC (1 PC),Legumes Frais,lundi,2024-10,A,30,9.6
CHOUX VERT,4.6,KG (1 KG),Legumes Frais,lundi,2024-10,B,30,12.8
CITRON,3.25,KG (1 KG),Legumes Frais,vendredi,2024-10,A,30,16.75
CITRON SALLE,21.0,KG (1 KG),Legumes Frais,samedi,2024-10,B,30,28.0
COCA COLA PET 30CL,159.0,PC (1 PQT),Eaux et Sodas,lundi,2024-10,B,30,435.0
COCA COLA ZERO 30 CL,116.0,PC (1 PC),Eaux et Sodas,vendredi,2024-10,B,30,148.0
COFFRET CHECHIA AV SEP 16/16,50.0,PC (1 PC),Consommable,vendredi,2024-10,C,30,125.0
COFFRET PORTRAIT AV SEP 11.5/11.5,100.0,PC (1 PC),Consommable,vendredi,2024-10,C,30,175.0
COFFRET PORTRAIT AV SEP 19.5/19.5,25.0,PC,Consommable,vendredi,2024-10,C,30,200.0
COFFRET PORTRAIT AV SEP24.5/14.5,50.0,PC (1 PC),Consommable,vendredi,2024-10,C,30,150.0
CONCOMBRE,85.1,KG (1 KG),Legumes Frais,samedi,2024-10,A,30,177.692
COURGE,30.1,KG (1 KG),Legumes Frais,vendredi,2024-10,B,30,47.65
COURGETTE,18.0,KG (1 KG),Legumes Frais,samedi,2024-10,A,30,28.6
COUSCOUS EN PAQUET,18.0,PC (1 PC),Epicerie,mercredi,2024-10,D,30,28.0
CREME A FOUETTER 1LT HOLE,6.0,PC (1 PC),GLACES,mardi,2024-10,C,30,31.0
CREME DE BALSAMIQUE,9.0,BTL (1 ML),Epicerie,jeudi,2024-10,D,30,10.0
CREME DE CUISSON,10.0,L (0.95 L),Beurre Oeuf Fromage,dimanche,2024-10,B,30,27.0
CREME SUPERIEUR,42.0,PQT (1 L),Epicerie,dimanche,2024-10,D,30,42.0
CREVETTE 26/30 AVEC QUEUE  SURG.,1.0,KG,Poisson Surgelé_R,samedi,2024-10,C,30,4.0
CURCUMIN MOULU,2.0,SCH (1 KG),Epicerie,lundi,2024-10,D,30,2.2
DADDY'S CHIPS CLASSIC SEL DE MER 70G,30.0,PC,Epicerie,vendredi,2024-10,A,30,225.0
DADDY'S CHIPS SAVORY TRUFFE PARMESAN 70G,120.0,PC (1 PC),Epicerie,lundi,2024-10,B,30,165.0
DADDY'S CHIPS SPICY PAPRIKA 70G,90.0,PC (1 PC),Epicerie,vendredi,2024-10,A,30,165.0
DATTE EN VRAC,2.85,KG (1 KG),Fruits & Legumes Frais,jeudi,2024-10,B,30,18.3
DINOL,100.0,BIDON (1 KG),Hygiène,vendredi,2024-10,A,30,135.0
EAU MINÉRALE 6L,78.0,BTL (1 PC),Eaux et Sodas,vendredi,2024-10,A,30,90.0
EMINCE DE BOEUF PORT. SURGELE,48.21,KG (1000 GR),Viandes Surgelées,samedi,2024-10,A,30,79.49000000000001
EPINARD,2.15,KG (1 KG),Legumes Frais,jeudi,2024-10,B,30,12.15
ESCALOPE POULET FRAIS,380.12,KG (1 KG),Volaille Surgelée,samedi,2024-10,A,30,503.16
ESCALOPE POULET PANE CONGELE,80.62,KG (1 KG),Volaille Surgelée,vendredi,2024-10,A,30,128.91
ESSUIT TOUT JUMBO,98.0,PC (1 KG),Hygiène,vendredi,2024-10,A,30,157.0
FANTA PET 30CL,120.0,PC (1 PQT),Eaux et Sodas,lundi,2024-10,B,30,312.0
FARINE EN PAQUET,203.0,PC (1 KG),Epicerie,samedi,2024-10,A,30,252.0
FESTIFE MIX 100 GR,8.0,PC (1 PC),Fruits Secs,lundi,2024-10,C,30,32.0
FILM ETIRABLE 725GR,29.0,PC (1 GR),Consommable,samedi,2024-10,A,30,38.0
FRITE SURGELE 9/9 CLASSIC 2.5 KG,148.0,SCH (2.5 KG),Legumes Surgelés,vendredi,2024-10,A,30,290.0
FRITE SURGELE WEDGES 2.5 KG,24.0,KG (2.5 KG),Legumes Surgelés,samedi,2024-10,B,30,90.0
FROMAGE BLANC FONDU KG,15.4,KG,Beurre Oeuf Fromage,vendredi,2024-10,C,30,15.4
FROMAGE BUCHE BLANCHE CHEVRE KG,3.0,KG (1 KG),Beurre Oeuf Fromage,mardi,2024-10,B,30,5.0
FROMAGE CHEDDAR EN BLOC,32.0,KG (1 KG),Beurre Oeuf Fromage,samedi,2024-10,A,30,65.0
FROMAGE EDAM MEULE,6.0,KG (1 KG),Beurre Oeuf Fromage,vendredi,2024-10,B,30,35.622
FROMAGE GORGONZELA,1.95,PC (1 KG),Beurre Oeuf Fromage,dimanche,2024-10,A,30,13.0
FROMAGE GOUTA,4.0,KG (1 KG),Beurre Oeuf Fromage,dimanche,2024-10,C,30,16.0
FROMAGE LAND OR,15.25,PC (1 KG),Beurre Oeuf Fromage,samedi,2024-10,A,30,25.4
FROMAGE MAASDAM EN BLOC PB,32.0,KG (1 KG),Beurre Oeuf Fromage,samedi,2024-10,A,30,65.5
FROMAGE MEULE GOUDA KG,16.102,KG (1 KG),Beurre Oeuf Fromage,mercredi,2024-10,A,30,32.932
FROMAGE MOZZARELLA  KG,100.0,KG (1 KG),Beurre Oeuf Fromage,samedi,2024-10,A,30,176.93
FROMAGE PARMESAN PB,2.4,KG (0.2 KG),Beurre Oeuf Fromage,samedi,2024-10,A,30,3.8
FUT HEINEKEIN,160.0,PC (1 L),Alcools,vendredi,2024-10,B,30,240.0
GARCI GAZ P.E.T 1 L,180.0,L (1 GR),Eaux et Sodas,vendredi,2024-10,A,30,344.0
GATEAU CHOCOLAT PBC,40.0,PC (1 PC),Viennoiserie,lundi,2024-10,B,30,100.0
GEL ANTIBAC 500,3.0,POT (1 PQT),Hygiène,dimanche,2024-10,D,30,6.0
GRENAD,24.25,KG (1 KG),Jus Fruit Lait,vendredi,2024-10,B,30,69.1
HARISSA 5/2,21.0,BOTTE (1 BTE),Epicerie,vendredi,2024-10,A,30,53.0
HARISSA ARBI,10.0,BTE (0.45 KG),Epicerie,vendredi,2024-10,A,30,23.0
HARISSA CONCENTRE EN BOITE,25.0,BTE (2 KG),Epicerie,mercredi,2024-10,A,30,57.0
HUILE D'OLIVE POMACE,19.0,L,Epicerie,samedi,2024-10,B,30,28.5
HUILE VEGETALE,58.0,BIDON (5 L),Epicerie,vendredi,2024-10,A,30,67.0
JAMBON DE BOEUF FUME,18.1,KG,Charcuterie,vendredi,2024-10,A,30,18.1
JAMBON DE DINDE,7.25,PC (1 KG),Charcuterie,samedi,2024-10,A,30,34.15
JEX CARRE,53.0,PC (1 PC),Hygiène,samedi,2024-10,A,30,180.0
JOUR ET NUIT BLANC 1/2,14.0,PC (1 PC),Alcools,vendredi,2024-10,C,30,52.0
JOUR ET NUIT ROSE 1/2,15.0,PC (1 PC),Alcools,vendredi,2024-10,B,30,52.0
JOUR ET NUIT ROUGE 1/2,18.0,PC (1 PC),Alcools,vendredi,2024-10,C,30,48.0
KETCHUP,15.0,L (1 L),Epicerie,lundi,2024-10,C,30,40.0
KETCHUP BIDON 5L,10.0,PC (1 KG),Epicerie,vendredi,2024-10,B,30,35.0
KINDER BUENO,150.0,PC (1 PC),Epicerie,vendredi,2024-10,A,30,300.0
KINDER T4,80.0,PC (1 PC),Epicerie,jeudi,2024-10,B,30,180.0
LAVETTE COTON,102.0,PC (1 PC),Hygiène,vendredi,2024-10,A,30,149.0
LEVURE BOULANGERE NORMALE,33.0,PC,Boulangerie_R,samedi,2024-10,B,30,34.0
LOT CAFE GRAIN ESPRESSO ELITE 3,80.0,PC (1 KG),Cafe,dimanche,2024-10,A,30,128.0
MAIS EN BOITE,92.0,BTE (340 GR),Epicerie,vendredi,2024-10,A,30,92.0
MARINADE EMINCE DE BOEUF 2KG,8.0,KG (1 KG),Epicerie,samedi,2024-10,B,30,10.0
MARINADE POULET GRILLE 2KG PB,26.0,PC (1 KG),Volaille Surgelée,samedi,2024-10,A,30,36.0
MAYONAISE DEJ,35.0,SEAU (5 L),Epicerie,vendredi,2024-10,C,30,39.0
MELANGE TENDER 2KG PB,8.0,KG (1 KG),Epicerie,samedi,2024-10,B,30,13.0
MELON,14.0,PC (1 KG),Fruits & Legumes Frais,vendredi,2024-10,B,30,60.8
MENTOS ROLLS FRUIT FLAVOUR,40.0,PC,Epicerie,vendredi,2024-10,D,30,80.0
MENTOS ROLLS MENTHE,40.0,PC (1 PC),Epicerie,vendredi,2024-10,D,30,80.0
MIEL DOUX & FRAIS,5.0,PC (1 PC),Epicerie,lundi,2024-10,C,30,11.0
MIX A CREPE FRANCAISE,65.0,SAC (1 SAC),Pâtisseries,lundi,2024-10,B,30,150.0
MOELLEUX CHOCOLAT,36.0,PC (1 PC),Viennoiserie,lundi,2024-10,C,30,108.0
MOUTARDE DIJON 840 GR,16.0,BTE (840 GR),Epicerie,dimanche,2024-10,B,30,25.0
MUFFINS VANILLE,72.0,PC (1 PC),Viennoiserie,lundi,2024-10,B,30,96.0
NAPPAGE,1.0,PC,Pâtisseries,vendredi,2024-10,C,30,14.0
NOIX DE CAJOU GRILLES SALEES 65GR,36.0,PC (1 PC),Fruits Secs,jeudi,2024-10,B,30,96.0
NUGGETS PANE PB,125.0,PC (1 PC),Volaille Surgelée,vendredi,2024-10,A,30,275.0
NUTELLA & GO 52 GR,24.0,PC (1 PC),Epicerie,vendredi,2024-10,C,30,192.0
OEUFS,66.0,PC (30 PC),Beurre Oeuf Fromage,vendredi,2024-10,A,30,83.0
OIGNONS BLANC,56.1,KG (1 KG),Legumes Frais,vendredi,2024-10,A,30,127.3
OIGNONS ROUGE,113.65,KG (1 KG),Legumes Frais,vendredi,2024-10,A,30,119.4
OLIVE DENOYETE,19.035,KG,Epicerie,samedi,2024-10,B,30,35.0
OLIVE NOIRE SLICE,21.0,KG (1 KG),Legumes Frais,samedi,2024-10,B,30,35.0
OLIVE VIOLETTE,10.0,KG,Legumes Frais,vendredi,2024-10,C,30,14.0
PACK FOOD BOWL + COUVERCLE 1.2 L,75.0,PC,Consommable,dimanche,2024-10,B,30,175.0
PAIN CHAWARMA *10,96.0,PQT (10 PC),Boulangerie_R,vendredi,2024-10,A,30,115.0
PAIN DE MIE CEREALE,52.0,PC,Boulangerie_R,mardi,2024-10,B,30,130.0
PAIN DE MIE NATURE,78.0,PC,Boulangerie_R,samedi,2024-10,B,30,130.0
PAIN SCHNECK AUX RAISINS SURG PUR BEURRE GF,500.0,PC (1 PC),Viennoiserie,dimanche,2024-10,B,30,1200.0
PAIN SHNEK AU RAISIN MARGARINE,400.0,PC (1 KG),Pâtisseries,dimanche,2024-10,C,30,700.0
PAPIER ALUM DE 100,4.0,PC (1 PC),Consommable,mardi,2024-10,B,30,9.0
PAPIER CUISSON 40*60,3.0,PC (250 PC),Consommable,samedi,2024-10,C,30,4.0
PAPRIKA DOUX,2.0,KG,Fruits & Legumes Frais,lundi,2024-10,C,30,3.0
PATE PIZZA FOCACCIA 12/40,100.0,PC (1 PC),Boulangerie_R,mardi,2024-10,A,30,170.0
PATE PIZZA FOCACCIA D32 CM,10.0,PC (1 PC),Boulangerie_R,mardi,2024-10,C,30,50.0
PATE PIZZA PANCROCCHINO 32cm,12.0,PC (1 PC),Boulangerie_R,mardi,2024-10,D,30,51.0
PATE PLUME COURTE,14.0,PC (1 KG),Epicerie,lundi,2024-10,B,30,58.0
PATE SPAGHETTI,12.0,PQT (0.5 KG),Epicerie,lundi,2024-10,B,30,74.0
PEPITTE DE DECORATION NOIRE KG,1.0,KG (1000 GR),Epicerie,vendredi,2024-10,D,30,8.5
PEPPERONI,0.6,KG (1 KG),Charcuterie,dimanche,2024-10,A,30,4.8
PIECE RONDE BOEUF,7.6,KG (1 KG),Viandes Surgelées,lundi,2024-10,D,30,24.200000000000003
PIMENT DOUX,40.55,KG (1 KG),Legumes Frais,samedi,2024-10,A,30,97.3
PIMENT FORT,44.2,KG (1 KG),Legumes Frais,vendredi,2024-10,A,30,78.95
PIMENT ROUGE SALLE,20.0,KG,Legumes Frais,samedi,2024-10,B,30,20.0
PISTACHE CONCASSEE,1.0,PC (1000 GR),Fruits Secs,mardi,2024-10,C,30,4.0
POCHETTE CROISSANT 15*7*29,2.0,PC (1000 PC),Consommable,samedi,2024-10,C,30,4.0
POIS CHICHE KG,2.0,PC (1 PC),Legumes Secs,mercredi,2024-10,C,30,8.0
POIVRE NOIR MOULU,3.0,PC (1 KG),Epicerie,dimanche,2024-10,B,30,3.0
POMME DE TERRE,229.65,KG (1 KG),Legumes Frais,vendredi,2024-10,A,30,292.25
POUDRE TENDERS PB,20.0,KG (1 KG),Volaille Surgelée,lundi,2024-10,B,30,42.0
POULET PAC FRAIS,39.33,KG (1 KG),Volaille Fraiche,samedi,2024-10,C,30,98.48
POULET PANE AMANDE PB,8.0,PQT (40 PC),Volaille Surgelée,vendredi,2024-10,A,30,350.0
PUREE DE KIWI 1.32KG MONIN,1.0,PC (1000 GR),Pâtisseries,vendredi,2024-10,D,30,2.0
QUATRE EPICES MOULU,1.0,PC (1 KG),Epicerie,mercredi,2024-10,C,30,3.0
RACLETTE,2.0,PC (1 PC),Hygiène,samedi,2024-10,B,30,7.0
RAISIN NOIR,26.6,KG (1 KG),Fruits & Legumes Frais,vendredi,2024-10,A,30,38.1
RAISINS JAUNE,15.05,KG,Fruits & Legumes Frais,vendredi,2024-10,B,30,23.0
RAME PAPIER A4,7.0,PC (1 PC),Fournitures de Bureau,dimanche,2024-10,B,30,23.0
ROQUETTE SALADE BARQUETTE,4.199999999999999,KG (1 KG),Legumes Frais,lundi,2024-10,A,30,5.9
ROULEAU CAISSE 80*80,135.0,PC (1 PC),Fournitures de Bureau,samedi,2024-10,A,30,205.0
ROULEAU DE 750 ETIQUETTE BLANC,2.0,PC (1 PC),Consommable,vendredi,2024-10,C,30,16.0
ROULEAU TPE,240.0,PC (1 PC),Fournitures de Bureau,samedi,2024-10,A,30,286.0
SAC BOUTIQUE GDISE HD 50/45 BLANC,250.0,PC (1 PC),Consommable,samedi,2024-10,D,30,1000.0
SACHET CONGELATION,6.0,PC (1 KG),Consommable,lundi,2024-10,D,30,10.0
SALADE LAITUE TUN,257.0,KG (1 KG),Legumes Frais,vendredi,2024-10,A,30,393.7
SANEX,49.0,PC (1 PC),Hygiène,vendredi,2024-10,A,30,100.0
SANIT SURF,31.0,PC (1 PC),Hygiène,vendredi,2024-10,A,30,51.0
SAUCE A L'AIL PB,8.0,L (1 KG),Epicerie,samedi,2024-10,A,30,11.0
SAUCE AU POIVRE SAC 500GR PB,0.5,KG (1 SAC),Epicerie,samedi,2024-10,B,30,5.0
SAUCE BARBECUE,10.0,L (1 L),Epicerie,mardi,2024-10,C,30,30.0
SAUCE MAYONNAISE PESTO,8.0,L (1 L),Epicerie,samedi,2024-10,B,30,10.0
SAUCE PESTO PB,4.0,PC (0.6 KG),Epicerie,samedi,2024-10,A,30,5.0
SEL FIN DE TABLE,14.0,PC (1 KG),Epicerie,vendredi,2024-10,B,30,23.0
SERPILLERE,82.0,PC (1 PC),Hygiène,vendredi,2024-10,A,30,122.0
SERVIETTE 30*30 CIGUSTA,96.0,PC (1 PC),Consommable,mardi,2024-10,B,30,192.0
SIROP DE VANILLE 1L MONIN,2.0,PC (700 ML),Pâtisseries,mercredi,2024-10,C,30,3.0
SQUEEZE CREME  CHEDDAR 450GR,6.0,BTL (450 GR),Beurre Oeuf Fromage,jeudi,2024-10,D,30,27.0
SUCRE EN SACHET CI-GUSTA,20.0,PC (1 PC),Cafe,mardi,2024-10,B,30,120.0
SUCRE EN SACHET DAILY BREAK,150.0,PC (1 KG),Cafe,vendredi,2024-10,A,30,230.0
THON HV EN BOITES,131.0,BTE (2.05 KG),Conserve de Poisson,vendredi,2024-10,D,30,142.0
TIC TAC MENTHE,12.0,PC (1 PC),Epicerie,lundi,2024-10,D,30,36.0
TOMATE CONCENTREE EN BOITE,14.0,BTE (0.8 KG),Epicerie,lundi,2024-10,B,30,60.0
TOMATE FRAICHE,410.85,KG (1 KG),Legumes Frais,vendredi,2024-10,A,30,526.85
TOMATES SECHEES,0.2,PC (1000 GR),Epicerie,dimanche,2024-10,B,30,5.0
VIANDE HACHEE SPECIAL MAIGRE CONGELE KG,29.9,KG,Viandes Surgelées,vendredi,2024-10,B,30,128.74
VIANDE SECHE FUME (BRESAOLA) TRANCHES 300GR,11.0,KG (1000 GR),Viandes Fraiches,vendredi,2024-10,A,30,11.0
VIPA ORIENTAL MIX 100 GR,8.0,PC (1 PC),Fruits Secs,jeudi,2024-10,B,30,48.0
AIL,4.4,KG (1 KG),Legumes Frais,mardi,2024-10,B,31,8.3
AJAX VITRE,10.0,PC (1 PC),Hygiène,lundi,2024-10,A,31,32.0
AMANDE EFFILEE,3.0,PC (1 KG),Fruits Secs,vendredi,2024-11,B,31,4.0
AMSTEL BEER BLLE 33CL,239.0,BTL (1 BTL),Alcools,jeudi,2024-10,B,31,432.0
ASEPCLOR,20.0,PC (1 PC),Hygiène,mardi,2024-10,A,31,60.0
AUBERGINE LEGUME,16.2,KG (1 KG),Legumes Frais,lundi,2024-10,A,31,17.85
AVOCAT FRUIT PIECE,23.0,PC (1 PC),Fruits & Legumes Frais,lundi,2024-10,B,31,43.0
BACON BOEUF FUME TRANCHES ( 300GR),4.8,KG (1000 GR),Viandes Fraiches,lundi,2024-10,A,31,6.9
BACON DE DINDE TRANCHES (1 - 1.5 KG),25.0,KG,Charcuterie,jeudi,2024-10,B,31,43.0
BANANE,47.0,KG (1 PC),Fruits & Legumes Frais,mardi,2024-10,A,31,155.0
BASILIC BARQUETTE,4.15,KG (1 KG),Legumes Frais,mardi,2024-10,A,31,11.05
BASILIC LA BOTTE,1.9,KG,Legumes Frais,mardi,2024-10,C,31,3.2999
BEURRE MARGARINE  KG,18.0,PC (1 KG),Beurre Oeuf Fromage,lundi,2024-10,C,31,40.5
BISCUIT TUC,24.0,PC (1 PC),Epicerie,vendredi,2024-11,D,31,120.0
BLOUSE NON TISSEE,21.0,PC (1 KG),Hygiène,mardi,2024-10,C,31,36.0
BOGA CIDRE PET 30 CL,84.0,PC (1 PC),Eaux et Sodas,lundi,2024-10,C,31,182.0
BOGA PET 30CL,204.0,PQT,Eaux et Sodas,lundi,2024-10,B,31,261.0
BOITE FRAPPE VANILLE 1.36KG MONIN,2.0,KG (1 KG),Pâtisseries,mercredi,2024-10,C,31,6.0
BOITE PIZZA ONDULEE 31/31,150.0,PC,Consommable,mardi,2024-10,C,31,200.0
BORGHELL,5.0,KG (1 KG),Epicerie,mardi,2024-11,C,31,10.0
BOUTEILLE DE VINAIGRETTE 250ML,16.0,PC (250 GR),Epicerie,mardi,2024-10,A,31,16.0
BROCHETTE BAMBOO 20,11.0,SCH (100 PC),Consommable,lundi,2024-10,C,31,14.0
CAKE CHOCOLAT PBC,80.0,PC,Viennoiserie,mercredi,2024-10,B,31,88.0
CAKE CITRON PBC,72.0,PC (1 PC),Viennoiserie,lundi,2024-11,B,31,216.0
CAKE MARBRE MARGARINE,495.0,PC (1 PC),Pâtisseries,mardi,2024-10,A,31,561.0
CAKE MARBRE PBC,110.0,PC (1 PC),Viennoiserie,mardi,2024-10,A,31,363.0
CAPRE VRAC,3.0,KG (1 KG),Legumes Frais,mercredi,2024-10,B,31,9.0
CAPSULE CAFEITALY COLOMBIA,100.0,PC (1 PC),Cafe,lundi,2024-10,C,31,310.0
CAROTTE,22.0,KG (1 KG),Legumes Frais,lundi,2024-10,A,31,67.1
CAROTTE CAKE PBC,143.0,PC (1 PC),Viennoiserie,mardi,2024-10,B,31,330.0
CELTIA FUT DE 50L,5.0,PC (50 L),Alcools,vendredi,2024-11,B,31,6.0
CHAMPIGNON FRAIS,33.0,KG (1 KG),Legumes Frais,mardi,2024-10,A,31,39.0
CHAPLUR,15.0,PC (1 KG),Epicerie,mercredi,2024-10,C,31,16.0
CHEMISE CRAFT,10.0,PC (1 PC),Fournitures de Bureau,mardi,2024-11,D,31,90.0
CHOCOLAT CHAUD EN POUDRE,2.0,KG (1 KG),Cafe,mercredi,2024-11,B,31,7.0
CHOCOLAT EN POUDRE,52.0,PC (0.2 KG),Cafe,lundi,2024-10,A,31,86.0
CHOUX ROUGE,6.65,PC (1 PC),Legumes Frais,lundi,2024-10,A,31,9.6
CHOUX VERT,6.1000000000000005,KG (1 KG),Legumes Frais,lundi,2024-10,B,31,12.8
CITRON,6.25,KG (1 KG),Legumes Frais,lundi,2024-10,A,31,16.75
CITRON SALLE,10.0,KG (1 KG),Legumes Frais,jeudi,2024-10,B,31,28.0
COCA COLA PET 30CL,168.0,PC (1 PQT),Eaux et Sodas,lundi,2024-10,B,31,435.0
COCA COLA ZERO 30 CL,89.0,PC (1 PC),Eaux et Sodas,lundi,2024-10,B,31,148.0
COFFRET PORTRAIT AV SEP 11.5/11.5,50.0,PC (1 PC),Consommable,mercredi,2024-11,C,31,175.0
COFFRET PORTRAIT AV SEP24.5/14.5,50.0,PC (1 PC),Consommable,mercredi,2024-11,C,31,150.0
CONCOMBRE,114.8,KG (1 KG),Legumes Frais,mardi,2024-10,A,31,177.692
COOKIES,40.0,PC,Viennoiserie,mercredi,2024-10,C,31,120.0
CORNICHON FRAIS,3.0,KG (1 KG),Legumes Frais,dimanche,2024-11,B,31,12.0
COURGE,22.5,KG,Legumes Frais,vendredi,2024-11,B,31,47.65
COURGETTE,28.6,KG (1 KG),Legumes Frais,lundi,2024-10,A,31,28.6
CREME A FOUETTER 1LT HOLE,12.0,PC,GLACES,lundi,2024-10,C,31,31.0
CREME DE BALSAMIQUE,6.0,BTL (1 ML),Epicerie,samedi,2024-11,D,31,10.0
CREME DE CUISSON,17.0,L (0.95 L),Beurre Oeuf Fromage,samedi,2024-11,B,31,27.0
CREME SUPERIEUR,12.0,PQT (1 L),Epicerie,lundi,2024-10,D,31,42.0
CREVETTE 26/30 AVEC QUEUE  SURG.,4.0,KG (1 KG),Poisson Surgelé_R,lundi,2024-10,C,31,4.0
CUISSE DE POULET FRAIS,31.91,KG (1 KG),Volaille Fraiche,lundi,2024-11,C,31,47.85
DADDY'S CHIPS CLASSIC SEL DE MER 70G,195.0,PC,Epicerie,mercredi,2024-10,A,31,225.0
DADDY'S CHIPS SAVORY TRUFFE PARMESAN 70G,165.0,PC (1 PC),Epicerie,mercredi,2024-10,B,31,165.0
DADDY'S CHIPS SPICY PAPRIKA 70G,165.0,PC (1 PC),Epicerie,mercredi,2024-10,A,31,165.0
DATTE EN VRAC,6.15,KG,Fruits & Legumes Frais,lundi,2024-10,B,31,18.3
DINOL,85.0,BIDON (1 KG),Hygiène,mardi,2024-10,A,31,135.0
EAU MINÉRALE 6L,80.0,BTL (1 PC),Eaux et Sodas,lundi,2024-10,A,31,90.0
EPINARD,7.300000000000001,KG (1 KG),Legumes Frais,mardi,2024-10,B,31,12.15
ESCALOPE DE DINDE FRAIS,81.0,KG (1 KG),Volaille Fraiche,mardi,2024-10,D,31,489.5
ESCALOPE POULET FRAIS,483.5700000000001,KG (1 KG),Volaille Surgelée,lundi,2024-10,A,31,503.16
ESCALOPE POULET PANE CONGELE,128.91,KG (1 KG),Volaille Surgelée,mardi,2024-10,A,31,128.91
ESSUIT TOUT JUMBO,89.0,PC (1 KG),Hygiène,lundi,2024-10,A,31,157.0
FANTA PET 30CL,185.0,PC (1 PQT),Eaux et Sodas,lundi,2024-10,B,31,312.0
FARINE EN PAQUET,251.0,PC (1 KG),Epicerie,mardi,2024-10,A,31,252.0
FESTIFE MIX 100 GR,24.0,PC (1 PC),Fruits Secs,vendredi,2024-11,C,31,32.0
FILM ETIRABLE 725GR,35.0,PC (1 GR),Consommable,lundi,2024-10,A,31,38.0
FRITE SURGELE 9/9 CLASSIC 2.5 KG,118.0,SCH (2.5 KG),Legumes Surgelés,lundi,2024-10,A,31,290.0
FRITE SURGELE WEDGES 2.5 KG,24.0,KG (2.5 KG),Legumes Surgelés,mercredi,2024-10,B,31,90.0
FROMAGE BLANC FONDU KG,6.6,KG,Beurre Oeuf Fromage,vendredi,2024-11,C,31,15.4
FROMAGE CHEDDAR EN BLOC,65.0,KG (1 KG),Beurre Oeuf Fromage,mardi,2024-10,A,31,65.0
FROMAGE EDAM MEULE,35.622,KG (1 KG),Beurre Oeuf Fromage,mardi,2024-10,B,31,35.622
FROMAGE GORGONZELA,1.65,PC (1 KG),Beurre Oeuf Fromage,lundi,2024-10,A,31,13.0
FROMAGE LAND OR,14.15,PC (1 KG),Beurre Oeuf Fromage,lundi,2024-10,A,31,25.4
FROMAGE MAASDAM EN BLOC PB,57.0,KG (1 KG),Beurre Oeuf Fromage,mardi,2024-10,A,31,65.5
FROMAGE MEULE GOUDA KG,32.932,KG (1 KG),Beurre Oeuf Fromage,mardi,2024-10,A,31,32.932
FROMAGE MOZZARELLA  KG,156.3,KG (1 KG),Beurre Oeuf Fromage,mardi,2024-10,A,31,176.93
FROMAGE PARMESAN PB,3.8,KG (0.2 KG),Beurre Oeuf Fromage,mardi,2024-10,A,31,3.8
FUT HEINEKEIN,100.0,PC (1 L),Alcools,mercredi,2024-11,B,31,240.0
GARCI GAZ P.E.T 1 L,324.0,L (1 GR),Eaux et Sodas,lundi,2024-10,A,31,344.0
GATEAU CHOCOLAT PBC,60.0,PC (1 PC),Viennoiserie,mercredi,2024-10,B,31,100.0
GEL ANTIBAC 500,1.0,POT (1 PQT),Hygiène,mercredi,2024-11,D,31,6.0
GRENAD,13.3,KG,Jus Fruit Lait,lundi,2024-10,B,31,69.1
HARISSA ARBI,9.0,BTE (0.45 KG),Epicerie,mercredi,2024-10,A,31,23.0
HARISSA CONCENTRE EN BOITE,38.0,BTE (2 KG),Epicerie,lundi,2024-10,A,31,57.0
HUILE D'OLIVE POMACE,14.25,L,Epicerie,lundi,2024-10,B,31,28.5
HUILE VEGETALE,47.0,BIDON (5 L),Epicerie,mardi,2024-10,A,31,67.0
JAMBON DE BOEUF FUME,7.4,KG (1 KG),Charcuterie,mercredi,2024-10,A,31,18.1
JAMBON DE DINDE,20.3,PC (1 KG),Charcuterie,lundi,2024-10,A,31,34.15
JEX CARRE,47.0,PC,Hygiène,mardi,2024-10,A,31,180.0
JOUR ET NUIT ROUGE 1/2,4.0,PC (1 PC),Alcools,lundi,2024-10,C,31,48.0
KETCHUP,40.0,L (1 L),Epicerie,jeudi,2024-10,C,31,40.0
KINDER BUENO,300.0,PC (1 PC),Epicerie,lundi,2024-10,A,31,300.0
KINDER T4,80.0,PC (1 PC),Epicerie,lundi,2024-10,B,31,180.0
LAVETTE COTON,113.0,PC (1 PC),Hygiène,lundi,2024-10,A,31,149.0
LENTILLE VRAC,1.0,PC,Legumes Secs,mardi,2024-11,D,31,3.0
LEVURE BOULANGERE NORMALE,25.0,PC,Boulangerie_R,mardi,2024-10,B,31,34.0
LOT CAFE GRAIN ESPRESSO ELITE 3,60.0,PC (1 KG),Cafe,jeudi,2024-10,A,31,128.0
MAIS EN BOITE,47.0,BTE (340 GR),Epicerie,mardi,2024-10,A,31,92.0
MANGUE,12.0,PC,Fruits & Legumes Frais,mardi,2024-11,A,31,39.0
MARINADE EMINCE DE BOEUF 2KG,8.0,KG (1 KG),Epicerie,mardi,2024-10,B,31,10.0
MARINADE POULET GRILLE 2KG PB,26.0,PC (1 KG),Volaille Surgelée,mardi,2024-10,A,31,36.0
MAYONAISE DEJ,39.0,SEAU (5 L),Beurre Oeuf Fromage,lundi,2024-10,C,31,39.0
MELANGE TENDER 2KG PB,7.0,KG (1 KG),Epicerie,jeudi,2024-10,B,31,13.0
MENTOS ROLLS FRUIT FLAVOUR,40.0,PC (1 PC),Epicerie,vendredi,2024-11,D,31,80.0
MENTOS ROLLS MENTHE,40.0,PC (1 PC),Epicerie,lundi,2024-10,D,31,80.0
MENTOS ROLLS STRAWBERRY,40.0,PC (1 PC),Epicerie,vendredi,2024-11,D,31,80.0
MENTOS ROLLS TUTTI FRUTTI,80.0,PC (1 PC),Epicerie,vendredi,2024-11,D,31,80.0
MIX A CREPE FRANCAISE,150.0,SAC (1 SAC),Pâtisseries,lundi,2024-10,B,31,150.0
MOELLEUX CHOCOLAT,36.0,PC (1 PC),Viennoiserie,mercredi,2024-10,C,31,108.0
MOUTARDE DIJON 840 GR,25.0,BTE (840 GR),Epicerie,mardi,2024-10,B,31,25.0
MOZARELLA BOCCONCINI,5.0,PC (200 GR),Beurre Oeuf Fromage,lundi,2024-11,D,31,23.0
MUFFINS VANILLE,48.0,PC,Viennoiserie,mardi,2024-10,B,31,96.0
NAPPAGE,1.0,PC,Pâtisseries,vendredi,2024-11,C,31,14.0
NOISETTE GRILLEE CONCASSEE,1.0,PC (1 KG),Fruits Secs,dimanche,2024-11,D,31,3.0
NUGGETS PANE PB,150.0,PC (1 PC),Volaille Surgelée,lundi,2024-10,A,31,275.0
NUTELLA & GO 52 GR,192.0,PC (1 PC),Epicerie,lundi,2024-10,C,31,192.0
OEUFS,62.0,PC (30 PC),Beurre Oeuf Fromage,lundi,2024-10,A,31,83.0
OIGNONS BLANC,104.1,KG (1 KG),Legumes Frais,lundi,2024-10,A,31,127.3
OIGNONS ROUGE,114.35,KG (1 KG),Legumes Frais,lundi,2024-10,A,31,119.4
OLIVE DENOYETE,12.0,KG (1 KG),Epicerie,jeudi,2024-10,B,31,35.0
OLIVE NOIRE SLICE,12.0,KG,Legumes Frais,jeudi,2024-10,B,31,35.0
OLIVE VIOLETTE,6.0,KG,Legumes Frais,jeudi,2024-10,C,31,14.0
PACK FOOD BOWL + COUVERCLE 1.2 L,125.0,PC,Consommable,mardi,2024-10,B,31,175.0
PAILLE NOIR,10.0,PQT (250 PC),Consommable,mercredi,2024-10,A,31,39.0
PAIN CHAWARMA *10,113.0,PQT (10 PC),Boulangerie_R,lundi,2024-10,A,31,115.0
PAIN DE MIE CEREALE,78.0,PC (1 PC),Boulangerie_R,mardi,2024-10,B,31,130.0
PAIN DE MIE NATURE,78.0,PC,Boulangerie_R,mardi,2024-10,B,31,130.0
PAIN SCHNECK AUX RAISINS SURG PUR BEURRE GF,450.0,PC (1 PC),Viennoiserie,mardi,2024-10,B,31,1200.0
PAIN SHNEK AU RAISIN MARGARINE,325.0,PC (1 KG),Pâtisseries,mardi,2024-10,C,31,700.0
PAPIER CUISSON 40*60,2.0,PC (250 PC),Consommable,vendredi,2024-11,C,31,4.0
PAPIER SERVIETTE GOURMANDISE,40.0,PC (1 PC),Consommable,mercredi,2024-11,B,31,128.0
PATE PAPILLON,6.0,PC (1 KG),Epicerie,samedi,2024-11,D,31,24.0
PATE PIZZA FOCACCIA 12/40,102.0,PC (1 PC),Boulangerie_R,lundi,2024-10,A,31,170.0
PATE PIZZA FOCACCIA D32 CM,4.0,PC,Boulangerie_R,mercredi,2024-10,C,31,50.0
PATE PIZZA PANCROCCHINO 32cm,40.0,PC,Boulangerie_R,mercredi,2024-10,D,31,51.0
PATE PLUME COURTE,36.5,PC (1 KG),Epicerie,lundi,2024-10,B,31,58.0
PATE SPAGHETTI,74.0,PQT (0.5 KG),Epicerie,lundi,2024-10,B,31,74.0
PEPPERONI,2.1,KG (1 KG),Charcuterie,lundi,2024-10,A,31,4.8
PILLE AA,13.0,PC (1 GR),Fournitures de Bureau,jeudi,2024-10,D,31,20.0
PIMENT DOUX,97.3,KG (1 KG),Legumes Frais,lundi,2024-10,A,31,97.3
PIMENT FORT,34.85,KG (1 KG),Legumes Frais,lundi,2024-10,A,31,78.95
PIMENT ROUGE SALLE,5.0,KG,Legumes Frais,jeudi,2024-10,B,31,20.0
PISTACHE CONCASSEE,2.0,PC (1000 GR),Fruits Secs,lundi,2024-10,C,31,4.0
POIS CHICHE KG,1.0,PC,Legumes Secs,mercredi,2024-11,C,31,8.0
POIVRE NOIR MOULU,1.0,PC (1 KG),Epicerie,mardi,2024-11,B,31,3.0
POMME DE TERRE,224.5,KG (1 KG),Legumes Frais,lundi,2024-10,A,31,292.25
POULET PAC FRAIS,20.0,KG (1 KG),Volaille Fraiche,mardi,2024-10,C,31,98.48
POULET PANE AMANDE PB,8.0,PQT (40 PC),Volaille Surgelée,lundi,2024-10,A,31,350.0
PUNCH ORANGE 30CL,24.0,PC,Eaux et Sodas,dimanche,2024-11,D,31,198.0
PUREE DE KIWI 1.32KG MONIN,1.0,PC (1000 GR),Pâtisseries,vendredi,2024-11,D,31,2.0
RACLETTE,1.0,PC (1 PC),Hygiène,mardi,2024-11,B,31,7.0
RAISIN NOIR,30.15,KG (1 KG),Fruits & Legumes Frais,lundi,2024-10,A,31,38.1
RAISINS JAUNE,15.1,KG (1 KG),Fruits & Legumes Frais,lundi,2024-10,B,31,23.0
RAME PAPIER A4,1.0,PC,Fournitures de Bureau,jeudi,2024-10,B,31,23.0
REMANENT HERBE CF,1.0,PC (1 PC),Hygiène,samedi,2024-11,B,31,10.0
RIZ EN PAQUET,25.0,PC (1 PC),Epicerie,mardi,2024-10,C,31,35.0
ROQUETTE SALADE BARQUETTE,2.3,KG,Legumes Frais,mercredi,2024-10,A,31,5.9
ROULEAU CAISSE 80*80,140.0,PC (1 PC),Fournitures de Bureau,mercredi,2024-10,A,31,205.0
ROULEAU DE 750 ETIQUETTE BLANC,5.0,PC (1 PC),Consommable,lundi,2024-11,C,31,16.0
ROULEAU THERMIQUE BALANCE,20.0,PC (1 PC),Fournitures de Bureau,samedi,2024-11,D,31,30.0
ROULEAU TPE,185.0,PC (1 PC),Fournitures de Bureau,mercredi,2024-10,A,31,286.0
SAC BOUTIQUE GDISE HD 50/45 BLANC,500.0,PC (1 PC),Consommable,mercredi,2024-11,D,31,1000.0
SACHET CONGELATION,3.0,PC (1 KG),Consommable,vendredi,2024-11,D,31,10.0
SALADE LAITUE TUN,393.7,KG (1 KG),Legumes Frais,lundi,2024-10,A,31,393.7
SANEX,51.0,PC,Hygiène,mardi,2024-10,A,31,100.0
SANIT SURF,11.0,PC (1 PC),Hygiène,lundi,2024-10,A,31,51.0
SAUCE A L'AIL,9.0,KG,Epicerie,mercredi,2024-10,B,31,12.0
SAUCE A L'AIL PB,6.0,KG (1 KG),Epicerie,mardi,2024-10,A,31,11.0
SAUCE AU POIVRE SAC 500GR PB,2.0,KG (1 SAC),Epicerie,mardi,2024-10,B,31,5.0
SAUCE BARBECUE,15.0,L (1 L),Epicerie,vendredi,2024-11,C,31,30.0
SAUCE MAYONNAISE PESTO,8.0,L (1 L),Epicerie,mardi,2024-10,B,31,10.0
SAUCE PESTO PB,3.0,PC (0.6 KG),Epicerie,jeudi,2024-10,A,31,5.0
SEL FIN DE TABLE,8.0,PC (1 KG),Epicerie,mercredi,2024-10,B,31,23.0
SERPILLERE,43.0,PC (1 PC),Hygiène,mardi,2024-10,A,31,122.0
SERVIETTE 30*30 CIGUSTA,96.0,PC (1 PC),Consommable,mercredi,2024-10,B,31,192.0
SIROP DE VANILLE 1L MONIN,1.0,PC (700 ML),Pâtisseries,lundi,2024-10,C,31,3.0
SQUEEZE CREME  CHEDDAR 450GR,27.0,BTL (450 GR),Beurre Oeuf Fromage,lundi,2024-10,D,31,27.0
STEACK HACHE (PORTION 115GR),18.0,PC (1 KG),Viandes Surgelées,samedi,2024-11,C,31,32.0
SUCRE EN SACHET CI-GUSTA,10.0,PC (1 PC),Cafe,mercredi,2024-10,B,31,120.0
SUCRE EN SACHET DAILY BREAK,130.0,PC (1 KG),Cafe,lundi,2024-10,A,31,230.0
THON HV EN BOITES,142.0,BTE (2.05 KG),Conserve de Poisson,mardi,2024-10,D,31,142.0
THYM MOULU,2.0,PC (1 KG),Epicerie,mardi,2024-10,D,31,2.0
TIC TAC MENTHE,12.0,PC (1 PC),Epicerie,lundi,2024-10,D,31,36.0
TIC TAC SPEARMINT,36.0,PC (1 PC),Epicerie,lundi,2024-10,D,31,60.0
TIC TAC STRAWBERRY MIX,12.0,PC (1 PC),Epicerie,lundi,2024-11,D,31,60.0
TOMATE CONCENTREE EN BOITE,36.0,BTE (0.4 KG),Epicerie,lundi,2024-10,B,31,60.0
TOMATE FRAICHE,526.85,KG (1 KG),Legumes Frais,lundi,2024-10,A,31,526.85
TOMATES SECHEES,1.0,PC (1000 GR),Epicerie,mercredi,2024-10,B,31,5.0
TOQUE CHEF,2.0,PC (1 PC),Hygiène,mardi,2024-10,C,31,6.0
VARIANTES,3.0,KG (1 KG),Legumes Frais,mercredi,2024-11,D,31,10.0
VIANDE HACHEE SPECIAL MAIGRE CONGELE KG,128.74,KG (1 KG),Viandes Surgelées,lundi,2024-10,B,31,128.74
VIANDE SECHE FUME (BRESAOLA) TRANCHES 300GR,2.9,KG (1000 GR),Viandes Fraiches,lundi,2024-10,A,31,11.0
VINAIGRE 1L,2.0,L (1000 GR),Epicerie,mardi,2024-11,D,31,12.0
VIPA ORIENTAL MIX 100 GR,24.0,PC (1 PC),Fruits Secs,vendredi,2024-11,B,31,48.0
AC-SMOOTHIE DETOX,10.0,PC (1 PC),Jus Fruit Lait,vendredi,2024-11,D,32,20.0
AC-SMOOTHIE EXOTIC,10.0,PC (1 PC),Jus Fruit Lait,vendredi,2024-11,D,32,20.0
AC-SMOOTHIE LE CLASSIQUE,10.0,PC (1 PC),Jus Fruit Lait,vendredi,2024-11,D,32,20.0
AC-SMOOTHIE PEACH'TINI,10.0,PC (1 PC),Jus Fruit Lait,vendredi,2024-11,D,32,20.0
AIL,3.45,KG (1 KG),Legumes Frais,mardi,2024-11,B,32,8.3
AJAX VITRE,14.0,PC (1 PC),Hygiène,jeudi,2024-11,A,32,32.0
ALKASURF DDA 5KG,5.0,PC (1 PC),Hygiène,vendredi,2024-11,D,32,15.0
AMANDE EFFILEE,2.0,PC (1 KG),Fruits Secs,vendredi,2024-11,B,32,4.0
AMANDES GRILEES SALEES 70GR,36.0,PC (1 PC),Fruits Secs,vendredi,2024-11,B,32,84.0
AMSTEL BEER BLLE 33CL,240.0,BTL (1 BTL),Alcools,jeudi,2024-11,B,32,432.0
ASEPCLOR,50.0,PC (1 PC),Hygiène,vendredi,2024-11,A,32,60.0
AUBERGINE LEGUME,15.35,KG (1 KG),Legumes Frais,jeudi,2024-11,A,32,17.85
AVOCAT FRUIT PIECE,27.0,PC,Fruits & Legumes Frais,vendredi,2024-11,B,32,43.0
BACON BOEUF FUME TRANCHES ( 300GR),3.3,KG (1000 GR),Viandes Fraiches,jeudi,2024-11,A,32,6.9
BACON DE DINDE TRANCHES (1 - 1.5 KG),20.0,KG (1 KG),Charcuterie,jeudi,2024-11,B,32,43.0
BALAIS SANS MANCHE,3.0,PC,Hygiène,mardi,2024-11,C,32,9.0
BANANE,22.0,KG (1 PC),Fruits & Legumes Frais,jeudi,2024-11,A,32,155.0
BASILIC BARQUETTE,4.7,KG (1 KG),Legumes Frais,vendredi,2024-11,A,32,11.05
BEURRE MARGARINE  KG,13.5,PC (1 KG),Beurre Oeuf Fromage,samedi,2024-11,C,32,40.5
BISCUIT TUC,24.0,PC (1 PC),Epicerie,vendredi,2024-11,D,32,120.0
BLOUSE NON TISSEE,15.0,PC (1 KG),Hygiène,jeudi,2024-11,C,32,36.0
BOGA LIME PET 30 CL,84.0,PC,Eaux et Sodas,mercredi,2024-11,C,32,228.0
BOGA PET 30CL,96.0,PQT (1 PQT),Eaux et Sodas,jeudi,2024-11,B,32,261.0
BOITE D'ARCHIVE,13.0,PC (1 PC),Fournitures de Bureau,vendredi,2024-11,D,32,35.0
BOITE FRAPPE VANILLE 1.36KG MONIN,3.0,KG,Pâtisseries,vendredi,2024-11,C,32,6.0
BOITE PIZZA 32 cm,100.0,PC (1 PC),Consommable,mardi,2024-11,C,32,200.0
BOITE PIZZA ONDULEE 31/31,100.0,PC,Consommable,jeudi,2024-11,C,32,200.0
BOITE PIZZA PM CIG,199.0,PC (1 PC),Consommable,samedi,2024-11,B,32,500.0
BOUTEILLE DE VINAIGRETTE 250ML,12.0,PC (250 GR),Epicerie,samedi,2024-11,A,32,16.0
BROCHETTE BAMBOO 20,14.0,SCH (100 PC),Consommable,samedi,2024-11,C,32,14.0
CAKE CHOCOLAT PBC,24.0,PC (1 PC),Viennoiserie,vendredi,2024-11,B,32,88.0
CAKE MARBRE MARGARINE,429.0,PC,Pâtisseries,jeudi,2024-11,A,32,561.0
CAKE MARBRE PBC,110.0,PC (1 PC),Viennoiserie,vendredi,2024-11,A,32,363.0
CAKE NATURE MARGARINE,55.0,PC (1 PC),Pâtisseries,jeudi,2024-11,C,32,132.0
CAPRE VRAC,3.0,KG (1 KG),Legumes Frais,samedi,2024-11,B,32,9.0
CAPSULE CAFEITALY COLOMBIA,310.0,PC (1 PC),Cafe,jeudi,2024-11,C,32,310.0
CAROTTE,48.75,KG (1 KG),Legumes Frais,jeudi,2024-11,A,32,67.1
CAROTTE CAKE PBC,66.0,PC (1 PC),Viennoiserie,vendredi,2024-11,B,32,330.0
CELTIA FUT DE 50L,2.0,PC (50 L),Alcools,vendredi,2024-11,B,32,6.0
CHAMPIGNON FRAIS,39.0,KG (1 KG),Legumes Frais,jeudi,2024-11,A,32,39.0
CHOCOLAT EN POUDRE,38.0,PC (0.2 KG),Cafe,vendredi,2024-11,A,32,86.0
CHOUX ROUGE,8.8,PC (1 PC),Legumes Frais,vendredi,2024-11,A,32,9.6
CHOUX VERT,6.8,KG (1 KG),Legumes Frais,vendredi,2024-11,B,32,12.8
CITRON,1.3,KG,Legumes Frais,jeudi,2024-11,A,32,16.75
CITRON SALLE,15.0,KG (1 KG),Legumes Frais,jeudi,2024-11,B,32,28.0
COCA COLA PET 30CL,144.0,PC (1 PQT),Eaux et Sodas,jeudi,2024-11,B,32,435.0
COCA COLA ZERO 30 CL,120.0,PC (1 PC),Eaux et Sodas,jeudi,2024-11,B,32,148.0
COCA ZERO PET 30 CL,48.0,PC (1 PC),Eaux et Sodas,mercredi,2024-11,D,32,168.0
COFFRET CHECHIA AV SEP 16/16,100.0,PC (1 PC),Consommable,samedi,2024-11,C,32,125.0
COFFRET PORTRAIT AV SEP24.5/14.5,75.0,PC (1 PC),Consommable,samedi,2024-11,C,32,150.0
CONCOMBRE,93.4,KG (1 KG),Legumes Frais,jeudi,2024-11,A,32,177.692
CONFITURE DE FRAISES 380G,2.0,PC,Conserve de légumes,mercredi,2024-11,D,32,3.0
CORNICHON FRAIS,3.0,KG (1 KG),Legumes Frais,vendredi,2024-11,B,32,12.0
COURGE,28.7,KG (1 KG),Legumes Frais,vendredi,2024-11,B,32,47.65
COURGETTE,13.55,KG (1 KG),Legumes Frais,jeudi,2024-11,A,32,28.6
CREME A FOUETTER 1LT HOLE,11.0,PC,GLACES,vendredi,2024-11,C,32,31.0
CREME DE BALSAMIQUE,3.0,BTL (1 ML),Epicerie,samedi,2024-11,D,32,10.0
CREME DE CUISSON,8.0,L (0.95 L),Beurre Oeuf Fromage,samedi,2024-11,B,32,27.0
CREME SUPERIEUR,18.0,PQT (1 L),Epicerie,samedi,2024-11,D,32,42.0
CREVETTE 26/30 AVEC QUEUE  SURG.,2.0,KG,Poisson Surgelé_R,mardi,2024-11,C,32,4.0
CUISSE DE POULET FRAIS,10.73,KG (1 KG),Volaille Fraiche,jeudi,2024-11,C,32,47.85
CURCUMIN MOULU,1.0,SCH (1 KG),Epicerie,mardi,2024-11,D,32,2.2
DADDY'S CHIPS CLASSIC SEL DE MER 70G,90.0,PC (1 PC),Epicerie,jeudi,2024-11,A,32,225.0
DADDY'S CHIPS SPICY PAPRIKA 70G,60.0,PC (1 PC),Epicerie,jeudi,2024-11,A,32,165.0
DATTE EN VRAC,5.2,KG (1 KG),Fruits & Legumes Frais,dimanche,2024-11,B,32,18.3
DINOL,71.0,BIDON (1 KG),Hygiène,jeudi,2024-11,A,32,135.0
EAU MINÉRALE 6L,83.0,BTL (1 PC),Eaux et Sodas,jeudi,2024-11,A,32,90.0
EMINCE DE BOEUF PORT. SURGELE,11.75,KG (1000 GR),Viandes Surgelées,samedi,2024-11,A,32,79.49000000000001
EPINARD,5.1,KG (1 KG),Legumes Frais,mardi,2024-11,B,32,12.15
ESCALOPE POULET FRAIS,261.59000000000003,KG (1 KG),Volaille Surgelée,jeudi,2024-11,A,32,503.16
ESCALOPE POULET PANE CONGELE,92.58,KG (1 KG),Volaille Surgelée,jeudi,2024-11,A,32,128.91
ESSUIT TOUT JUMBO,139.0,PC (1 KG),Hygiène,jeudi,2024-11,A,32,157.0
FANTA PET 30,51.0,PC (1 PC),Eaux et Sodas,mercredi,2024-11,C,32,228.0
FANTA PET 30CL,12.0,PC (1 PQT),Eaux et Sodas,lundi,2024-11,B,32,312.0
FARINE EN PAQUET,190.0,PC (1 KG),Epicerie,jeudi,2024-11,A,32,252.0
FESTIFE MIX 100 GR,24.0,PC (1 PC),Fruits Secs,vendredi,2024-11,C,32,32.0
FILM ETIRABLE 725GR,23.0,PC (1 GR),Consommable,jeudi,2024-11,A,32,38.0
FRITE SURGELE 9/9 CLASSIC 2.5 KG,200.0,KG,Legumes Surgelés,jeudi,2024-11,A,32,290.0
FRITE SURGELE WEDGES 2.5 KG,50.0,KG (1 KG),Legumes Surgelés,vendredi,2024-11,B,32,90.0
FROMAGE BLANC FONDU KG,8.8,KG,Beurre Oeuf Fromage,samedi,2024-11,C,32,15.4
FROMAGE CHEDDAR EN BLOC,28.0,KG (1 KG),Beurre Oeuf Fromage,vendredi,2024-11,A,32,65.0
FROMAGE LAND OR,3.6,PC (1 KG),Beurre Oeuf Fromage,jeudi,2024-11,A,32,25.4
FROMAGE MAASDAM EN BLOC PB,28.0,KG (1 KG),Beurre Oeuf Fromage,vendredi,2024-11,A,32,65.5
FROMAGE MEULE GOUDA KG,12.412,KG (1 KG),Beurre Oeuf Fromage,mardi,2024-11,A,32,32.932
FROMAGE MOZZARELLA  KG,70.0,KG (1 KG),Beurre Oeuf Fromage,samedi,2024-11,A,32,176.93
FROMAGE PARMESAN PB,1.6,KG (0.2 KG),Beurre Oeuf Fromage,vendredi,2024-11,A,32,3.8
FUT HEINEKEIN,80.0,PC (1 L),Alcools,lundi,2024-11,B,32,240.0
GEL ANTIBAC 500,2.0,POT (1 PQT),Hygiène,vendredi,2024-11,D,32,6.0
HARISSA ARBI,20.0,BTE (0.45 KG),Epicerie,dimanche,2024-11,A,32,23.0
HARISSA CONCENTRE EN BOITE,21.0,BTE (2 KG),Epicerie,vendredi,2024-11,A,32,57.0
HUILE D'OLIVE POMACE,4.75,L,Epicerie,lundi,2024-11,B,32,28.5
HUILE VEGETALE,49.0,BIDON (5 L),Epicerie,jeudi,2024-11,A,32,67.0
JAMBON DE BOEUF FUME,12.5,KG (1 KG),Charcuterie,samedi,2024-11,A,32,18.1
JAMBON DE DINDE,1.2,KG (1 KG),Charcuterie,samedi,2024-11,A,32,34.15
JEX CARRE,59.0,PC (1 PC),Hygiène,jeudi,2024-11,A,32,180.0
JOUR ET NUIT BLANC 1/2,24.0,PC (1 PC),Alcools,samedi,2024-11,C,32,52.0
JOUR ET NUIT ROSE 1/2,24.0,PC (1 PC),Alcools,samedi,2024-11,B,32,52.0
JOUR ET NUIT ROUGE 1/2,32.0,PC,Alcools,vendredi,2024-11,C,32,48.0
KETCHUP,10.0,L (1 L),Epicerie,samedi,2024-11,C,32,40.0
KINDER BUENO,210.0,PC (1 PC),Epicerie,jeudi,2024-11,A,32,300.0
LAVETTE COTON,77.0,PC (1 PC),Hygiène,vendredi,2024-11,A,32,149.0
LEVURE BOULANGERE NORMALE,20.0,PC (1 PC),Boulangerie_R,jeudi,2024-11,B,32,34.0
LEVURE CHIMIQUE,2.0,PC (1 PC),Pâtisseries,jeudi,2024-11,D,32,3.0
LOT CAFE GRAIN ESPRESSO ELITE 3,60.0,PC (1 KG),Cafe,lundi,2024-11,A,32,128.0
LOT DE CAFE TURC,1.625,PC (1 KG),Cafe,samedi,2024-11,D,32,3.0
MAIS EN BOITE,52.0,BTE (340 GR),Epicerie,vendredi,2024-11,A,32,92.0
MAIS EN VRAC,4.0,PC (1 KG),Legumes Frais,dimanche,2024-11,C,32,9.0
MANGUE,7.0,PC (1 PC),Fruits & Legumes Frais,vendredi,2024-11,A,32,39.0
MARINADE EMINCE DE BOEUF,3.0,PC (0.15 KG),Epicerie,mardi,2024-11,C,32,10.0
MARINADE EMINCE DE BOEUF 2KG,4.0,KG (1 KG),Epicerie,jeudi,2024-11,B,32,10.0
MARINADE POULET GRILLE,18.0,PC (0.15 KG),Volaille Surgelée,mardi,2024-11,C,32,30.0
MARINADE POULET GRILLE 2KG PB,16.0,PC (1 KG),Volaille Surgelée,jeudi,2024-11,A,32,36.0
MARS CHOCOLAT,40.0,PC (1 PC),Epicerie,samedi,2024-11,C,32,160.0
MAYONAISE DEJ,24.0,SEAU (5 L),Beurre Oeuf Fromage,jeudi,2024-11,C,32,39.0
MELANGE EPICES VIANDE 500GR PB,0.5,KG (1 KG),Epicerie,jeudi,2024-11,D,32,2.0
MELANGE TENDER 2KG PB,10.0,KG (1 KG),Epicerie,jeudi,2024-11,B,32,13.0
MENTHE FRAICHE,1.0,PC,Legumes Frais,vendredi,2024-11,B,32,16.0
MENTHE SECHE,1.0,KG (1 KG),Epicerie,vendredi,2024-11,D,32,2.0
MENTOS ROLLS FRUIT FLAVOUR,40.0,PC,Epicerie,vendredi,2024-11,D,32,80.0
MENTOS ROLLS STRAWBERRY,40.0,PC (1 PC),Epicerie,vendredi,2024-11,D,32,80.0
MIEL MILLE FLEURS,3.0,KG,Epicerie,vendredi,2024-11,D,32,5.0
MIX A CREPE FRANCAISE,60.0,SAC (1 SAC),Pâtisseries,mercredi,2024-11,B,32,150.0
MOELLEUX CHOCOLAT,36.0,PC (1 PC),Viennoiserie,vendredi,2024-11,C,32,108.0
MOZARELLA BOCCONCINI,10.0,PC (200 GR),Beurre Oeuf Fromage,samedi,2024-11,D,32,23.0
MUFFINS VANILLE,48.0,PC (1 PC),Viennoiserie,vendredi,2024-11,B,32,96.0
NAPPAGE,1.0,PC,Pâtisseries,samedi,2024-11,C,32,14.0
NOISETTE GRILLEE CONCASSEE,1.0,PC (1 KG),Fruits Secs,jeudi,2024-11,D,32,3.0
NOIX DE CAJOU GRILLES SALEES 65GR,24.0,PC (1 PC),Fruits Secs,vendredi,2024-11,B,32,96.0
NUGGETS PANE PB,75.0,PC (1 PC),Volaille Surgelée,vendredi,2024-11,A,32,275.0
NUTELLA & GO 52 GR,24.0,PC (1 PC),Epicerie,jeudi,2024-11,C,32,192.0
OEUFS,58.0,PC (30 PC),Beurre Oeuf Fromage,vendredi,2024-11,A,32,83.0
OIGNONS BLANC,81.6,KG (1 KG),Legumes Frais,jeudi,2024-11,A,32,127.3
OIGNONS ROUGE,83.85,KG (1 KG),Legumes Frais,vendredi,2024-11,A,32,119.4
OLIVE DENOYETE,12.0,KG,Epicerie,dimanche,2024-11,B,32,35.0
OLIVE NOIRE SLICE,9.0,KG (1 KG),Legumes Frais,jeudi,2024-11,B,32,35.0
OLIVE VIOLETTE,9.0,KG,Legumes Frais,jeudi,2024-11,C,32,14.0
PACK FOOD BOWL + COUVERCLE 1.2 L,125.0,PC (1 PC),Consommable,samedi,2024-11,B,32,175.0
PAILLE NOIR,16.0,PQT (250 PC),Consommable,mardi,2024-11,A,32,39.0
PAIN CHAWARMA *10,60.0,PQT (10 PC),Boulangerie_R,vendredi,2024-11,A,32,115.0
PAIN DE MIE CEREALE,78.0,PC (1 PC),Boulangerie_R,dimanche,2024-11,B,32,130.0
PAIN DE MIE NATURE,78.0,PC,Boulangerie_R,dimanche,2024-11,B,32,130.0
PAIN SHNEK AU RAISIN MARGARINE,100.0,PC (1 KG),Pâtisseries,mardi,2024-11,C,32,700.0
PAPIER ALUM DE 100,1.0,PC (1 PC),Consommable,samedi,2024-11,B,32,9.0
PAPIER SERVIETTE GOURMANDISE,120.0,PC (1 PC),Consommable,samedi,2024-11,B,32,128.0
PAPRIKA FORT,2.0,KG (1 KG),Epicerie,mardi,2024-11,C,32,3.0
PAQUET 17/4,300.0,PC,Consommable,vendredi,2024-11,C,32,300.0
PATE PAPILLON,12.0,PC (1 KG),Epicerie,dimanche,2024-11,D,32,24.0
PATE PIZZA FOCACCIA 12/40,90.0,PC (1 PC),Boulangerie_R,samedi,2024-11,A,32,170.0
PATE PIZZA FOCACCIA D32 CM,10.0,PC (1 PC),Boulangerie_R,mardi,2024-11,C,32,50.0
PATE PIZZA PANCROCCHINO 32cm,20.0,PC (1 PC),Boulangerie_R,mardi,2024-11,D,32,51.0
PATE SPAGHETTI,24.0,PQT (0.5 KG),Epicerie,dimanche,2024-11,B,32,74.0
PEPPERONI,1.5,KG (1 KG),Charcuterie,samedi,2024-11,A,32,4.8
PIMENT DOUX,48.6,KG (1 KG),Legumes Frais,vendredi,2024-11,A,32,97.3
PIMENT FORT,45.699,KG,Legumes Frais,jeudi,2024-11,A,32,78.95
PIMENT ROUGE SALLE,3.0,KG (1 KG),Legumes Frais,dimanche,2024-11,B,32,20.0
PISTACHE CONCASSEE,1.0,PC (1000 GR),Fruits Secs,jeudi,2024-11,C,32,4.0
POCHETTE CROISSANT 15*7*29,4.0,PC (1000 PC),Consommable,samedi,2024-11,C,32,4.0
POIS CHICHE KG,4.0,PC (1 PC),Legumes Secs,mardi,2024-11,C,32,8.0
POIVRE NOIR MOULU,2.0,PC (1 KG),Epicerie,lundi,2024-11,B,32,3.0
POMME DE TERRE,274.9,KG (1 KG),Legumes Frais,jeudi,2024-11,A,32,292.25
POUDRE TENDERS PB,15.0,KG (1 KG),Volaille Surgelée,vendredi,2024-11,B,32,42.0
POULET PAC FRAIS,17.83,KG (1 KG),Volaille Fraiche,mardi,2024-11,C,32,98.48
POULET PANE AMANDE PB,82.0,PQT (40 PC),Volaille Surgelée,vendredi,2024-11,A,32,350.0
PUNCH CIDRE 50CL,48.0,PC,Eaux et Sodas,mercredi,2024-11,B,32,164.0
PUNCH ORANGE 50CL,48.0,PC,Eaux et Sodas,mercredi,2024-11,B,32,161.0
PUREE ANANAS 1 L,1.0,PC (1 L),Epicerie,dimanche,2024-11,D,32,2.0
PUREE DE BANANE 1L,1.0,PC (1 L),Epicerie,dimanche,2024-11,D,32,2.0
PUREE DE KIWI 1.32KG MONIN,1.0,PC (1000 GR),Pâtisseries,vendredi,2024-11,D,32,2.0
PUREE FRAISE 1.32KG MONIN,1.0,KG (1320 GR),Pâtisseries,dimanche,2024-11,D,32,2.0
PUREE MANGUE 1L,1.0,PC (1 L),Epicerie,dimanche,2024-11,D,32,2.0
QUATRE EPICES MOULU,1.0,PC (1 KG),Epicerie,lundi,2024-11,C,32,3.0
RACLETTE,2.0,PC (1 PC),Hygiène,samedi,2024-11,B,32,7.0
RAISIN NOIR,24.75,KG (1 KG),Fruits & Legumes Frais,vendredi,2024-11,A,32,38.1
RAISINS JAUNE,7.05,KG,Fruits & Legumes Frais,samedi,2024-11,B,32,23.0
RAME PAPIER A4,8.0,PC (1 PC),Fournitures de Bureau,jeudi,2024-11,B,32,23.0
REMANENT HERBE CF,5.0,PC (1 PC),Hygiène,jeudi,2024-11,B,32,10.0
ROQUETTE SALADE BARQUETTE,1.6,KG (1 KG),Legumes Frais,mardi,2024-11,A,32,5.9
ROULEAU CAISSE 80*80,165.0,PC (1 PC),Fournitures de Bureau,vendredi,2024-11,A,32,205.0
ROULEAU TPE,225.0,PC (1 PC),Fournitures de Bureau,vendredi,2024-11,A,32,286.0
SACHET CONGELATION,7.0,PC (1 KG),Consommable,vendredi,2024-11,D,32,10.0
SALADE LAITUE TUN,232.75,KG (1 KG),Legumes Frais,jeudi,2024-11,A,32,393.7
SANEX,48.0,PC (1 PC),Hygiène,jeudi,2024-11,A,32,100.0
SANIT SURF,46.0,PC (1 PC),Hygiène,vendredi,2024-11,A,32,51.0
SAUCE A L'AIL,3.0,KG (1 KG),Epicerie,samedi,2024-11,B,32,12.0
SAUCE A L'AIL PB,10.0,KG (1 KG),Epicerie,jeudi,2024-11,A,32,11.0
SAUCE AU POIVRE SAC 500GR PB,2.5,KG (1 SAC),Epicerie,jeudi,2024-11,B,32,5.0
SAUCE MAYONNAISE PESTO,10.0,L (1 L),Epicerie,jeudi,2024-11,B,32,10.0
SAUCE PESTO PB,4.0,PC (0.6 KG),Epicerie,jeudi,2024-11,A,32,5.0
SEL FIN DE TABLE,13.0,PC (1 KG),Epicerie,lundi,2024-11,B,32,23.0
SERPILLERE,70.0,PC (1 PC),Hygiène,jeudi,2024-11,A,32,122.0
SERVIETTE 30*30 MF,28.0,PQT (1 PQT),Consommable,vendredi,2024-11,B,32,74.0
SIROP DE CARAMEL 1L MONIN,3.0,PC (1000 ML),Pâtisseries,vendredi,2024-11,B,32,5.0
SIROP DE NOISETTES GRILLEES 70CL MONIN,2.0,PC (700 ML),Pâtisseries,vendredi,2024-11,D,32,2.0
SIROP DE VANILLE 1L MONIN,3.0,PC (700 ML),Pâtisseries,vendredi,2024-11,C,32,3.0
SNICKERS,48.0,PC (1 PC),Epicerie,samedi,2024-11,C,32,100.0
SQUEEZE CREME  CHEDDAR 450GR,12.0,BTL (450 GR),Beurre Oeuf Fromage,samedi,2024-11,D,32,27.0
SUCRE EN SACHET CI-GUSTA,30.0,PC (1 PC),Cafe,dimanche,2024-11,B,32,120.0
SUCRE EN SACHET DAILY BREAK,90.0,PC (1 KG),Cafe,vendredi,2024-11,A,32,230.0
THON HV EN BOITES,52.0,BTE (2.05 KG),Conserve de Poisson,dimanche,2024-11,D,32,142.0
TIC TAC SPEARMINT,12.0,PC,Epicerie,vendredi,2024-11,D,32,60.0
TIC TAC STRAWBERRY MIX,12.0,PC (1 PC),Epicerie,vendredi,2024-11,D,32,60.0
TOMATE CERISES,7.85,KG (1 KG),Legumes Frais,vendredi,2024-11,A,32,24.95
TOMATE CONCENTREE EN BOITE,12.0,BTE (0.8 KG),Epicerie,mercredi,2024-11,B,32,60.0
TOMATE FRAICHE,343.3,KG (1 KG),Legumes Frais,jeudi,2024-11,A,32,526.85
TOMATES SECHEES,0.6,PC (1000 GR),Epicerie,samedi,2024-11,B,32,5.0
TWIX,50.0,PC (1 PC),Epicerie,samedi,2024-11,C,32,125.0
VARIANTES,3.0,KG (1 KG),Legumes Frais,samedi,2024-11,D,32,10.0
VIANDE HACHEE SPECIAL MAIGRE CONGELE KG,74.21,KG (1 KG),Viandes Surgelées,samedi,2024-11,B,32,128.74
VIANDE SECHE FUME (BRESAOLA) TRANCHES 300GR,6.0,KG (1000 GR),Viandes Fraiches,jeudi,2024-11,A,32,11.0
VIPA ORIENTAL MIX 100 GR,24.0,PC (1 PC),Fruits Secs,vendredi,2024-11,B,32,48.0
sucre en buchette MF 10kg,1.0,KG,Cafe,vendredi,2024-11,C,32,10.0
AC-SMOOTHIE EXOTIC,10.0,PC (1 PC),Jus Fruit Lait,samedi,2024-11,D,33,20.0
AC-SMOOTHIE LE CLASSIQUE,10.0,PC (1 PC),Jus Fruit Lait,samedi,2024-11,D,33,20.0
AC-SMOOTHIE PEACH'TINI,10.0,PC (1 PC),Jus Fruit Lait,samedi,2024-11,D,33,20.0
AC-SMOOTHIE TROPIC TRIP,10.0,PC (1 PC),Jus Fruit Lait,samedi,2024-11,D,33,20.0
AGRAFFE,4.0,PC (1 PC),Fournitures de Bureau,dimanche,2024-11,C,33,11.0
AIL EN POUDRE,2.0,KG,Fruits & Legumes Frais,samedi,2024-11,C,33,2.0
AJAX VITRE,16.0,PC (1 PC),Hygiène,dimanche,2024-11,A,33,32.0
AMANDES GRILEES SALEES 70GR,24.0,PC (1 PC),Fruits Secs,lundi,2024-11,B,33,84.0
AMSTEL BEER BLLE 33CL,190.0,BTL (1 BTL),Alcools,lundi,2024-11,B,33,432.0
ASEPCLOR,30.0,PC (1 PC),Hygiène,jeudi,2024-11,A,33,60.0
AUBERGINE LEGUME,11.3,KG (1 KG),Legumes Frais,lundi,2024-11,A,33,17.85
AVOCAT FRUIT PIECE,4.0,PC (1 PC),Fruits & Legumes Frais,mardi,2024-11,B,33,43.0
BACON BOEUF FUME TRANCHES ( 300GR),3.0,KG (1000 GR),Viandes Fraiches,lundi,2024-11,A,33,6.9
BACON DE DINDE TRANCHES (1 - 1.5 KG),10.0,KG,Charcuterie,vendredi,2024-11,B,33,43.0
BALAIS SANS MANCHE,3.0,PC (1 PC),Hygiène,jeudi,2024-11,C,33,9.0
BANANE,21.0,KG (1 PC),Fruits & Legumes Frais,jeudi,2024-11,A,33,155.0
BASILIC BARQUETTE,2.9000000000000004,KG,Legumes Frais,dimanche,2024-11,A,33,11.05
BEURRE MARGARINE  KG,4.5,PC (1 KG),Beurre Oeuf Fromage,vendredi,2024-11,C,33,40.5
BLOUSE NON TISSEE,5.0,PC (1 KG),Hygiène,lundi,2024-11,C,33,36.0
BOGA CIDRE PET 30 CL,60.0,PC (1 PC),Eaux et Sodas,lundi,2024-11,C,33,182.0
BOGA LIME PET 30 CL,144.0,PC (1 PC),Eaux et Sodas,lundi,2024-11,C,33,228.0
BOITE FRAPPE CAFE 1.36KG MONIN,1.0,BTE (1360 GR),Pâtisseries,vendredi,2024-11,C,33,6.0
BOITE PIZZA ONDULEE 31/31,50.0,PC,Consommable,lundi,2024-11,C,33,200.0
BOUTEILLE DE VINAIGRETTE 250ML,8.0,PC (250 GR),Epicerie,mardi,2024-11,A,33,16.0
CACAHUETES GRILLEES SALEES 70GR,24.0,PC (1 PC),Fruits Secs,lundi,2024-11,C,33,60.0
CAKE CITRON PBC,72.0,PC (1 PC),Viennoiserie,dimanche,2024-11,B,33,216.0
CAKE MARBRE MARGARINE,528.0,PC (1 PC),Pâtisseries,dimanche,2024-11,A,33,561.0
CAKE MARBRE PBC,77.0,PC (1 PC),Viennoiserie,vendredi,2024-11,A,33,363.0
CAKE NATURE MARGARINE,11.0,PC,Pâtisseries,mardi,2024-11,C,33,132.0
CAPRE VRAC,2.0,KG (1 KG),Legumes Frais,vendredi,2024-11,B,33,9.0
CAPSULE CAFEITALY COLOMBIA,260.0,PC (1 PC),Cafe,lundi,2024-11,C,33,310.0
CAROTTE,15.35,KG (1 KG),Legumes Frais,lundi,2024-11,A,33,67.1
CAROTTE CAKE PBC,77.0,PC (1 PC),Viennoiserie,vendredi,2024-11,B,33,330.0
CELTIA FUT DE 50L,5.0,PC (50 L),Alcools,lundi,2024-11,B,33,6.0
CHAMPIGNON FRAIS,20.0,KG (1 KG),Legumes Frais,dimanche,2024-11,A,33,39.0
CHAPLUR,5.0,PC (1 KG),Epicerie,jeudi,2024-11,C,33,16.0
CHEWING GUM FLORIDENT  EXTRA WHITE 60G,24.0,PC,Epicerie,dimanche,2024-11,D,33,24.0
CHOCOLAT EN POUDRE,41.0,PC (0.2 KG),Cafe,dimanche,2024-11,A,33,86.0
CHOUX ROUGE,2.9,PC (1 PC),Legumes Frais,mercredi,2024-11,A,33,9.6
CHOUX VERT,1.9,KG (1 KG),Legumes Frais,mercredi,2024-11,B,33,12.8
CITRON,3.0,KG (1 KG),Legumes Frais,vendredi,2024-11,A,33,16.75
CITRON SALLE,14.0,KG (1 KG),Legumes Frais,lundi,2024-11,B,33,28.0
COCA ZERO PET 30 CL,57.0,PC (1 PC),Eaux et Sodas,lundi,2024-11,D,33,168.0
COFFRET CHECHIA AV SEP 16/16,50.0,PC (1 PC),Consommable,mardi,2024-11,C,33,125.0
COFFRET PORTRAIT AV SEP 11.5/11.5,50.0,PC (1 PC),Consommable,mardi,2024-11,C,33,175.0
COFFRET PORTRAIT AV SEP 19.5/19.5,50.0,PC (1 PC),Consommable,mardi,2024-11,C,33,200.0
COFFRET PORTRAIT AV SEP24.5/14.5,50.0,PC (1 PC),Consommable,mardi,2024-11,C,33,150.0
CONCOMBRE,92.4,KG (1 KG),Legumes Frais,dimanche,2024-11,A,33,177.692
CORNICHON FRAIS,4.0,KG (1 KG),Legumes Frais,jeudi,2024-11,B,33,12.0
COURGE,26.35,KG (1 KG),Legumes Frais,lundi,2024-11,B,33,47.65
COURGETTE,7.4,KG (1 KG),Legumes Frais,vendredi,2024-11,A,33,28.6
COUSCOUS,15.0,PQT (1 KG),Epicerie,mercredi,2024-11,D,33,33.0
COUTEAU A PAIN 21 CM,2.0,PC (1 PC),Accessoire & couvert,dimanche,2024-11,D,33,4.0
CREME A FOUETTER 1LT HOLE,9.0,PC,GLACES,lundi,2024-11,C,33,31.0
CREME DE CUISSON,14.0,L (0.95 L),Beurre Oeuf Fromage,dimanche,2024-11,B,33,27.0
CREME SUPERIEUR,12.0,PQT (1 L),Epicerie,jeudi,2024-11,D,33,42.0
CREVETTE 26/30 AVEC QUEUE  SURG.,2.0,KG (1 KG),Poisson Surgelé_R,jeudi,2024-11,C,33,4.0
CURCUMIN MOULU,1.0,SCH (1 KG),Epicerie,dimanche,2024-11,D,33,2.2
DADDY'S CHIPS CLASSIC SEL DE MER 70G,15.0,PC (1 PC),Epicerie,jeudi,2024-11,A,33,225.0
DADDY'S CHIPS SAVORY TRUFFE PARMESAN 70G,15.0,PC (1 PC),Epicerie,lundi,2024-11,B,33,165.0
DADDY'S CHIPS SPICY PAPRIKA 70G,45.0,PC (1 PC),Epicerie,jeudi,2024-11,A,33,165.0
DATTE EN VRAC,3.2,KG (1 KG),Fruits & Legumes Frais,mercredi,2024-11,B,33,18.3
DINOL,79.0,BIDON (1 KG),Hygiène,dimanche,2024-11,A,33,135.0
EAU MINÉRALE 6L,61.0,BTL (1 PC),Eaux et Sodas,lundi,2024-11,A,33,90.0
EMINCE DE BOEUF PORT. SURGELE,10.17,KG (1000 GR),Viandes Surgelées,vendredi,2024-11,A,33,79.49000000000001
EPINARD,1.55,KG (1 KG),Legumes Frais,vendredi,2024-11,B,33,12.15
ESCALOPE POULET FRAIS,250.53,KG (1 KG),Volaille Surgelée,lundi,2024-11,A,33,503.16
ESCALOPE POULET PANE CONGELE,106.94,KG (1 KG),Volaille Surgelée,dimanche,2024-11,A,33,128.91
ESSUIT TOUT JUMBO,97.0,PC (1 KG),Hygiène,dimanche,2024-11,A,33,157.0
FANTA PET 30,148.0,PC (1 PC),Eaux et Sodas,lundi,2024-11,C,33,228.0
FARINE EN PAQUET,110.0,PC (1 KG),Epicerie,mercredi,2024-11,A,33,252.0
FILM ETIRABLE,15.0,PC (1 GR),Consommable,jeudi,2024-11,A,33,33.0
FILM ETIRABLE 725GR,10.0,PC (1 GR),Consommable,lundi,2024-11,A,33,38.0
FRITE SURGELE 9/9 CLASSIC 2.5 KG,200.0,KG (1 KG),Legumes Surgelés,dimanche,2024-11,A,33,290.0
FRITE SURGELE WEDGES 2.5 KG,40.0,KG (1 KG),Legumes Surgelés,jeudi,2024-11,B,33,90.0
FROMAGE BLANC FONDU KG,13.2,KG,Beurre Oeuf Fromage,dimanche,2024-11,C,33,15.4
FROMAGE BUCHE BLANCHE CHEVRE KG,1.0,KG (1 KG),Beurre Oeuf Fromage,dimanche,2024-11,B,33,5.0
FROMAGE CHEDDAR EN BLOC,17.71,KG (1 KG),Beurre Oeuf Fromage,dimanche,2024-11,A,33,65.0
FROMAGE LAND OR,1.8,PC (1 KG),Beurre Oeuf Fromage,dimanche,2024-11,A,33,25.4
FROMAGE MAASDAM EN BLOC PB,18.0,KG (1 KG),Beurre Oeuf Fromage,dimanche,2024-11,A,33,65.5
FROMAGE MEULE GOUDA KG,11.858,KG (1 KG),Beurre Oeuf Fromage,mercredi,2024-11,A,33,32.932
FROMAGE MOZZARELLA  KG,84.42,KG (1 KG),Beurre Oeuf Fromage,dimanche,2024-11,A,33,176.93
FROMAGE MOZZARELLA MINI,5.0,PC,Beurre Oeuf Fromage,lundi,2024-11,D,33,9.0
FROMAGE PARMESAN PB,1.2000000000000002,KG (0.2 KG),Beurre Oeuf Fromage,dimanche,2024-11,A,33,3.8
FUT HEINEKEIN,200.0,PC (1 L),Alcools,dimanche,2024-11,B,33,240.0
GARCI GAZ P.E.T 1 L,110.0,L (1 GR),Eaux et Sodas,jeudi,2024-11,A,33,344.0
GATEAU CHOCOLAT PBC,40.0,PC (1 PC),Viennoiserie,vendredi,2024-11,B,33,100.0
GEL ANTIBAC 500,2.0,POT (1 PQT),Hygiène,lundi,2024-11,D,33,6.0
GRENAD,19.75,KG (1 KG),Jus Fruit Lait,lundi,2024-11,B,33,69.1
HARISSA ARBI,23.0,BTE (0.45 KG),Epicerie,mardi,2024-11,A,33,23.0
HARISSA CONCENTRE EN BOITE,30.0,BTE (2 KG),Epicerie,mardi,2024-11,A,33,57.0
HUILE D'OLIVE POMACE,19.0,L,Epicerie,lundi,2024-11,B,33,28.5
HUILE VEGETALE,38.0,BIDON (5 L),Epicerie,dimanche,2024-11,A,33,67.0
JAMBON DE BOEUF FUME,6.7,KG (1 KG),Charcuterie,mercredi,2024-11,A,33,18.1
JAMBON DE DINDE,11.06,KG (1 KG),Charcuterie,jeudi,2024-11,A,33,34.15
JEX CARRE,38.0,PC (1 PC),Hygiène,dimanche,2024-11,A,33,180.0
JOUR ET NUIT BLANC 1/2,17.0,PC (1 PC),Alcools,dimanche,2024-11,C,33,52.0
JOUR ET NUIT ROSE 1/2,17.0,PC (1 PC),Alcools,dimanche,2024-11,B,33,52.0
KETCHUP,10.0,L (1 L),Epicerie,lundi,2024-11,C,33,40.0
KINDER BUENO,60.0,PC (1 PC),Epicerie,lundi,2024-11,A,33,300.0
KINDER T4,40.0,PC (1 PC),Epicerie,lundi,2024-11,B,33,180.0
LAVETTE COTON,95.0,PC (1 PC),Hygiène,dimanche,2024-11,A,33,149.0
LEVURE BOULANGERE NORMALE,16.0,PC (1 PC),Boulangerie_R,jeudi,2024-11,B,33,34.0
LOT CAFE GRAIN ESPRESSO ELITE 3,66.0,PC (1 KG),Cafe,lundi,2024-11,A,33,128.0
MAIS EN BOITE,44.0,BTE (340 GR),Epicerie,lundi,2024-11,A,33,92.0
MANGUE,10.0,PC,Fruits & Legumes Frais,jeudi,2024-11,A,33,39.0
MARINADE EMINCE DE BOEUF,8.0,PC (0.15 KG),Epicerie,mardi,2024-11,C,33,10.0
MARINADE POULET GRILLE,24.0,PC (0.15 KG),Volaille Surgelée,mardi,2024-11,C,33,30.0
MARS CHOCOLAT,40.0,PC (1 PC),Epicerie,dimanche,2024-11,C,33,160.0
MAYONAISE DEJ,26.0,SEAU (5 L),Beurre Oeuf Fromage,dimanche,2024-11,C,33,39.0
MELANGE EPICES VIANDE 500GR PB,0.5,KG (1 KG),Epicerie,jeudi,2024-11,D,33,2.0
MELANGE TENDER  PB,2.0,KG (1 KG),Epicerie,mardi,2024-11,C,33,11.0
MELANGE TENDER 2KG PB,6.0,KG (1 KG),Epicerie,mardi,2024-11,B,33,13.0
MIEL MILLE FLEURS,1.0,KG,Epicerie,lundi,2024-11,D,33,5.0
MIX A CREPE FRANCAISE,20.0,SAC (1 SAC),Pâtisseries,lundi,2024-11,B,33,150.0
MOUTARDE DIJON 840 GR,10.0,BTE (840 GR),Epicerie,dimanche,2024-11,B,33,25.0
MUFFINS VANILLE,48.0,PC,Viennoiserie,vendredi,2024-11,B,33,96.0
NAPPAGE,1.0,PC,Pâtisseries,mardi,2024-11,C,33,14.0
NOIX DE CAJOU GRILLES SALEES 65GR,36.0,PC (1 PC),Fruits Secs,lundi,2024-11,B,33,96.0
NUGGETS PANE PB,50.0,PC (1 PC),Volaille Surgelée,mardi,2024-11,A,33,275.0
NUTELLA & GO 52 GR,48.0,PC (1 PC),Epicerie,lundi,2024-11,C,33,192.0
OEUFS,48.0,PC (30 PC),Beurre Oeuf Fromage,dimanche,2024-11,A,33,83.0
OIGNONS BLANC,47.1,KG (1 KG),Legumes Frais,dimanche,2024-11,A,33,127.3
OIGNONS ROUGE,87.7,KG (1 KG),Legumes Frais,dimanche,2024-11,A,33,119.4
OLIVE DENOYETE,14.0,KG (1 KG),Epicerie,vendredi,2024-11,B,33,35.0
OLIVE NOIRE SLICE,24.0,KG (1 KG),Epicerie,mercredi,2024-11,B,33,35.0
OLIVE VIOLETTE,13.0,KG,Epicerie,dimanche,2024-11,C,33,14.0
PACK FOOD BOWL + COUVERCLE 1.2 L,75.0,PC (1 PC),Consommable,vendredi,2024-11,B,33,175.0
PAILLE NOIR,10.0,PQT (250 PC),Consommable,lundi,2024-11,A,33,39.0
PAIN CHAWARMA *10,36.0,PQT (10 PC),Boulangerie_R,dimanche,2024-11,A,33,115.0
PAIN DE MIE CEREALE,52.0,PC (1 PC),Boulangerie_R,vendredi,2024-11,B,33,130.0
PAIN DE MIE NATURE,26.0,PC,Boulangerie_R,vendredi,2024-11,B,33,130.0
PAIN SHNEK AU RAISIN MARGARINE,150.0,PC (1 KG),Pâtisseries,jeudi,2024-11,C,33,700.0
PAPIER ALUM DE 100,1.0,PC (1 PC),Consommable,mardi,2024-11,B,33,9.0
PAPIER CUISSON 40*60,2.0,PC (500 PC),Consommable,lundi,2024-11,C,33,4.0
PAPIER SERVIETTE GOURMANDISE,40.0,PC (1 PC),Consommable,samedi,2024-11,B,33,128.0
PAPRIKA FORT,2.0,KG (1 KG),Epicerie,dimanche,2024-11,C,33,3.0
PAQUET 17/4,100.0,PC (1 PC),Consommable,lundi,2024-11,C,33,300.0
PATE PLUME COURTE,41.0,PC (1 KG),Epicerie,lundi,2024-11,B,33,58.0
PATE SPAGHETTI,44.0,PQT (0.5 KG),Epicerie,lundi,2024-11,B,33,74.0
PEPPERONI,0.6,KG (1 KG),Charcuterie,lundi,2024-11,A,33,4.8
PILLE AA,2.0,PC (1 GR),Fournitures de Bureau,vendredi,2024-11,D,33,20.0
PIMENT DOUX,47.3,KG (1 KG),Legumes Frais,lundi,2024-11,A,33,97.3
PIMENT FORT,31.45,KG (1 KG),Legumes Frais,mardi,2024-11,A,33,78.95
PIMENT ROUGE SALLE,15.0,KG (1 KG),Epicerie,lundi,2024-11,B,33,20.0
POIS CHICHE KG,3.0,PC (1 PC),Legumes Secs,mercredi,2024-11,C,33,8.0
POIVRE NOIR MOULU,1.0,PC (1 KG),Epicerie,mardi,2024-11,B,33,3.0
POMME DE TERRE,134.6,KG (1 KG),Legumes Frais,dimanche,2024-11,A,33,292.25
POUDRE TENDERS PB,10.0,KG (1 KG),Volaille Surgelée,vendredi,2024-11,B,33,42.0
POULET PANE AMANDE PB,160.0,PC (1 PC),Volaille Surgelée,mardi,2024-11,A,33,350.0
PUNCH CIDRE 50CL,164.0,PC (1 PC),Eaux et Sodas,lundi,2024-11,B,33,164.0
PUNCH ORANGE 30CL,102.0,PC (1 PC),Eaux et Sodas,dimanche,2024-11,D,33,198.0
PUNCH ORANGE 50CL,161.0,PC (1 PC),Eaux et Sodas,lundi,2024-11,B,33,161.0
QUATRE EPICES MOULU,2.0,PC (1 KG),Epicerie,jeudi,2024-11,C,33,3.0
RACLETTE,6.0,PC (1 PC),Hygiène,mardi,2024-11,B,33,7.0
RAISIN NOIR,25.7,KG (1 KG),Fruits & Legumes Frais,dimanche,2024-11,A,33,38.1
RAME PAPIER A4,8.0,PC (1 PC),Fournitures de Bureau,lundi,2024-11,B,33,23.0
REMANENT HERBE CF,1.0,PC (1 PC),Hygiène,lundi,2024-11,B,33,10.0
RIZ EN PAQUET,12.0,PC (1 PC),Epicerie,mercredi,2024-11,C,33,35.0
ROULEAU CAISSE 80*80,65.0,PC (1 PC),Fournitures de Bureau,vendredi,2024-11,A,33,205.0
ROULEAU TPE,100.0,PC,Fournitures de Bureau,mercredi,2024-11,A,33,286.0
SALADE LAITUE TUN,173.23,KG (1 KG),Legumes Frais,dimanche,2024-11,A,33,393.7
SANEX,20.0,PC (1 PC),Hygiène,mardi,2024-11,A,33,100.0
SANIT SURF,26.0,PC (1 PC),Hygiène,dimanche,2024-11,A,33,51.0
SAUCE A L'AIL PB,8.0,KG (1 KG),Epicerie,mardi,2024-11,A,33,11.0
SAUCE AU POIVRE SAC 500GR PB,2.0,KG (1 SAC),Epicerie,mardi,2024-11,B,33,5.0
SAUCE BARBECUE,10.0,L (1 L),Epicerie,lundi,2024-11,C,33,30.0
SAUCE MAYONNAISE PESTO,8.0,L (1 L),Epicerie,mardi,2024-11,B,33,10.0
SAUCE PESTO PB,4.0,PC (0.6 KG),Epicerie,mardi,2024-11,A,33,5.0
SEL FIN DE TABLE,6.0,PC (1 KG),Epicerie,dimanche,2024-11,B,33,23.0
SERPILLERE,47.0,PC (1 PC),Hygiène,dimanche,2024-11,A,33,122.0
SERVIETTE 30*30 CIGUSTA,96.0,PC (1 PC),Consommable,lundi,2024-11,B,33,192.0
SERVIETTE 30*30 MF,8.0,PQT (1 PQT),Consommable,dimanche,2024-11,B,33,74.0
SNICKERS,52.0,PC (1 PC),Epicerie,dimanche,2024-11,C,33,100.0
STEACK HACHE (PORTION 115GR),9.0,PC (1 KG),Viandes Surgelées,mardi,2024-11,C,33,32.0
SUCRE EN SACHET CI-GUSTA,30.0,PC (1 PC),Cafe,lundi,2024-11,B,33,120.0
SUCRE EN SACHET DAILY BREAK,140.0,PC (1 KG),Cafe,dimanche,2024-11,A,33,230.0
THE NOIR MENTHE SANS SUCRE,180.0,PC (1 PC),THE,lundi,2024-11,C,33,720.0
THON HV EN BOITES,78.0,BTE (2.05 KG),Conserve de Poisson,dimanche,2024-11,D,33,142.0
TOMATE CERISES,11.65,KG (1 KG),Legumes Frais,dimanche,2024-11,A,33,24.95
TOMATE CONCENTREE EN BOITE,23.0,BTE (0.8 KG),Epicerie,mercredi,2024-11,B,33,60.0
TOMATE FRAICHE,289.3,KG (1 KG),Legumes Frais,dimanche,2024-11,A,33,526.85
TOMATES SECHEES,0.3,PC (1000 GR),Epicerie,jeudi,2024-11,B,33,5.0
TOQUE CHEF,1.0,PC (1 PC),Hygiène,dimanche,2024-11,C,33,6.0
TWIX,50.0,PC (1 PC),Epicerie,dimanche,2024-11,C,33,125.0
VIANDE HACHEE SPECIAL MAIGRE CONGELE KG,52.78,KG (1 KG),Viandes Surgelées,mardi,2024-11,B,33,128.74
VIANDE SECHE FUME (BRESAOLA) TRANCHES 300GR,4.2,KG (1000 GR),Viandes Fraiches,lundi,2024-11,A,33,11.0
VINAIGRE CREME DE BALSAMIQUE,4.0,BTL (500 ML),Epicerie,samedi,2024-11,D,33,9.0
VIPA ORIENTAL MIX 100 GR,24.0,PC (1 PC),Fruits Secs,lundi,2024-11,B,33,48.0
AC-SMOOTHIE EXOTIC,10.0,PC (1 PC),Jus Fruit Lait,jeudi,2024-12,D,34,20.0
AC-SMOOTHIE LE CLASSIQUE,11.0,PC (1 PC),Jus Fruit Lait,jeudi,2024-12,D,34,20.0
AC-SMOOTHIE PEACH'TINI,10.0,PC (1 PC),Jus Fruit Lait,jeudi,2024-12,D,34,20.0
AC-SMOOTHIE TROPIC TRIP,10.0,PC (1 PC),Jus Fruit Lait,jeudi,2024-12,D,34,20.0
AGRAFFE,7.0,PC,Fournitures de Bureau,vendredi,2024-11,C,34,11.0
AIL,2.45,KG (1 KG),Legumes Frais,samedi,2024-11,B,34,8.3
AIL EN POUDRE,1.0,KG (1 KG),Fruits & Legumes Frais,vendredi,2024-11,C,34,2.0
AJAX VITRE,13.0,PC (1 PC),Hygiène,mercredi,2024-11,A,34,32.0
ALKASURF DDA 5KG,5.0,PC (1 PC),Hygiène,jeudi,2024-11,D,34,15.0
AMANDE EFFILEE,1.0,PC (1 KG),Fruits Secs,dimanche,2024-12,B,34,4.0
AMANDES GRILEES SALEES 70GR,12.0,PC (1 PC),Fruits Secs,jeudi,2024-12,B,34,84.0
AMSTEL BEER BLLE 33CL,212.0,BTL (1 BTL),Alcools,jeudi,2024-11,B,34,432.0
ASEPCLOR,10.0,PC (1 PC),Hygiène,lundi,2024-12,A,34,60.0
AUBERGINE LEGUME,14.55,KG (1 KG),Legumes Frais,mercredi,2024-11,A,34,17.85
AVOCAT FRUIT PIECE,29.0,PC (1 PC),Fruits & Legumes Frais,mercredi,2024-11,B,34,43.0
BACON BOEUF FUME TRANCHES ( 300GR),1.5,KG (1000 GR),Viandes Fraiches,dimanche,2024-12,A,34,6.9
BACON DE DINDE TRANCHES (1 - 1.5 KG),20.0,KG,Charcuterie,dimanche,2024-12,B,34,43.0
BACTYGEL 703 CF,3.0,BTL (1 BTL),Hygiène,mardi,2024-12,B,34,4.0
BALAIS SANS MANCHE,1.0,PC (1 PC),Hygiène,jeudi,2024-12,C,34,9.0
BANANE,37.0,KG (1 PC),Fruits & Legumes Frais,mercredi,2024-12,A,34,155.0
BASILIC BARQUETTE,3.75,KG (1 KG),Legumes Frais,samedi,2024-11,A,34,11.05
BASILIC LA BOTTE,1.0,KG,Legumes Frais,mercredi,2024-11,C,34,3.2999
BEURRE MARGARINE  KG,4.5,PC (1 KG),Beurre Oeuf Fromage,mercredi,2024-11,C,34,40.5
BLOUSE NON TISSEE,19.0,PC (1 KG),Hygiène,jeudi,2024-11,C,34,36.0
BOGA LIME PET 30 CL,228.0,PC (1 PC),Eaux et Sodas,jeudi,2024-11,C,34,228.0
BOITE D'ARCHIVE,15.0,PC,Fournitures de Bureau,vendredi,2024-11,D,34,35.0
BOITE FRAPPE CAFE 1.36KG MONIN,2.0,BTE (1360 GR),Pâtisseries,dimanche,2024-12,C,34,6.0
BOITE PIZZA ONDULEE 31/31,100.0,PC,Consommable,vendredi,2024-11,C,34,200.0
BOITE PIZZA PM CIG,100.0,PC (1 PC),Consommable,lundi,2024-12,B,34,500.0
BORGHELL,1.0,KG (1 KG),Epicerie,vendredi,2024-11,C,34,10.0
BOUTEILLE DE VINAIGRETTE 250ML,10.0,PC (250 GR),Epicerie,jeudi,2024-11,A,34,16.0
CACAHUETES GRILLEES SALEES 70GR,12.0,PC (1 PC),Fruits Secs,dimanche,2024-12,C,34,60.0
CAKE CHOCOLAT PBC,56.0,PC (1 PC),Viennoiserie,jeudi,2024-11,B,34,88.0
CAKE CITRON PBC,36.0,PC (1 PC),Viennoiserie,mercredi,2024-12,B,34,216.0
CAKE MARBRE MARGARINE,418.0,PC,Pâtisseries,jeudi,2024-11,A,34,561.0
CAKE MARBRE PBC,121.0,PC (1 PC),Viennoiserie,jeudi,2024-11,A,34,363.0
CAKE NATURE MARGARINE,132.0,PC,Pâtisseries,mercredi,2024-11,C,34,132.0
CAPRE VRAC,9.0,KG (1 KG),Legumes Frais,jeudi,2024-11,B,34,9.0
CAPSULE CAFEITALY COLOMBIA,10.0,PC (1 PC),Cafe,jeudi,2024-11,C,34,310.0
CAROTTE,36.9,KG (1 KG),Legumes Frais,mercredi,2024-11,A,34,67.1
CAROTTE CAKE PBC,55.0,PC (1 PC),Viennoiserie,dimanche,2024-12,B,34,330.0
CELTIA FUT DE 50L,2.0,PC (50 L),Alcools,vendredi,2024-11,B,34,6.0
CHAMPIGNON FRAIS,25.0,KG (1 KG),Legumes Frais,mercredi,2024-11,A,34,39.0
CHEMISE CRAFT,20.0,PC,Fournitures de Bureau,vendredi,2024-11,D,34,90.0
CHEWING GUM FLORIDENT  EXTRA WHITE 60G,6.0,PC (1 PC),Epicerie,mardi,2024-12,D,34,24.0
CHOCOLAT EN POUDRE,15.0,PC (0.2 KG),Cafe,lundi,2024-12,A,34,86.0
CHORBA FRIK,3.0,PQT (0.5 KG),Epicerie,mardi,2024-12,D,34,23.0
CHOUX ROUGE,4.7,PC (1 PC),Legumes Frais,samedi,2024-11,A,34,9.6
CHOUX VERT,7.45,KG (1 KG),Legumes Frais,samedi,2024-11,B,34,12.8
CITRON,6.85,KG (1 KG),Legumes Frais,mercredi,2024-11,A,34,16.75
CITRON SALLE,18.0,KG (1 KG),Legumes Frais,vendredi,2024-11,B,34,28.0
COCA COLA PET 30CL.,120.0,PC (1 PC),Eaux et Sodas,lundi,2024-12,C,34,456.0
COCA ZERO PET 30 CL,60.0,PC (1 PC),Eaux et Sodas,jeudi,2024-11,D,34,168.0
COFFRET CHECHIA AV SEP 16/16,50.0,PC (1 PC),Consommable,dimanche,2024-12,C,34,125.0
COFFRET PORTRAIT AV SEP 11.5/11.5,50.0,PC (1 PC),Consommable,dimanche,2024-12,C,34,175.0
CONCOMBRE,106.8,KG (1 KG),Legumes Frais,mercredi,2024-11,A,34,177.692
COOKIES,40.0,PC (1 PC),Viennoiserie,mercredi,2024-12,C,34,120.0
CORNICHON FRAIS,5.0,KG (1 KG),Legumes Frais,vendredi,2024-11,B,34,12.0
COURGE,29.15,KG (1 KG),Legumes Frais,vendredi,2024-11,B,34,47.65
COURGETTE,12.55,KG (1 KG),Legumes Frais,mercredi,2024-11,A,34,28.6
COUSCOUS,32.0,PQT (1 KG),Epicerie,mercredi,2024-11,D,34,33.0
COUTEAU A PAIN 21 CM,1.0,PC (1 PC),Accessoire & couvert,mercredi,2024-11,D,34,4.0
CREME A FOUETTER 1LT HOLE,8.0,PC,GLACES,mercredi,2024-11,C,34,31.0
CREME DE CUISSON,8.0,L (0.95 L),Beurre Oeuf Fromage,vendredi,2024-11,B,34,27.0
CREME SUPERIEUR,12.0,PQT (1 L),Epicerie,vendredi,2024-11,D,34,42.0
CUISSE DE POULET FRAIS,22.08,KG (1 KG),Volaille Fraiche,mercredi,2024-12,C,34,47.85
CURCUMIN MOULU,2.0,SCH (1 KG),Epicerie,mercredi,2024-11,D,34,2.2
DADDY'S CHIPS SAVORY TRUFFE PARMESAN 70G,30.0,PC (1 PC),Epicerie,mardi,2024-12,B,34,165.0
DADDY'S CHIPS SPICY PAPRIKA 70G,30.0,PC (1 PC),Epicerie,dimanche,2024-12,A,34,165.0
DATTE EN VRAC,4.3,KG (1 KG),Fruits & Legumes Frais,lundi,2024-12,B,34,18.3
DINOL,70.0,BIDON (1 KG),Hygiène,mercredi,2024-11,A,34,135.0
EAU MINÉRALE 6L,78.0,BTL (1 PC),Eaux et Sodas,mercredi,2024-11,A,34,90.0
EMINCE DE BOEUF PORT. SURGELE,31.12,KG (1000 GR),Viandes Surgelées,mercredi,2024-11,A,34,79.49000000000001
EPINARD,3.95,KG,Legumes Frais,vendredi,2024-11,B,34,12.15
ESCALOPE POULET FRAIS,249.48,KG (1 KG),Volaille Surgelée,jeudi,2024-11,A,34,503.16
ESCALOPE POULET PANE CONGELE,85.96000000000001,KG (1 KG),Volaille Surgelée,jeudi,2024-11,A,34,128.91
ESSUIES VERRES,2.0,PC (1 PC),Hygiène,mercredi,2024-12,D,34,4.0
ESSUIT TOUT JUMBO,105.0,PC (1 KG),Hygiène,mercredi,2024-11,A,34,157.0
FANTA PET 30,149.0,PC (1 PC),Eaux et Sodas,jeudi,2024-11,C,34,228.0
FARINE EN PAQUET,132.0,PC (1 KG),Epicerie,jeudi,2024-11,A,34,252.0
FESTIFE MIX 100 GR,8.0,PC (1 PC),Fruits Secs,jeudi,2024-12,C,34,32.0
FILM ETIRABLE,18.0,PC (1 GR),Consommable,mercredi,2024-11,A,34,33.0
FRAISE FRAIS,12.4,KG (1 KG),Fruits & Legumes Frais,vendredi,2024-11,A,34,64.35
FRITE SURGELE 9/9 CLASSIC 2.5 KG,250.0,KG,Legumes Surgelés,jeudi,2024-11,A,34,290.0
FRITE SURGELE WEDGES 2.5 KG,90.0,KG (1 KG),Legumes Surgelés,jeudi,2024-11,B,34,90.0
FROMAGE BLANC FONDU KG,6.0,KG,Beurre Oeuf Fromage,vendredi,2024-11,C,34,15.4
FROMAGE BUCHE BLANCHE CHEVRE KG,1.0,KG (1 KG),Beurre Oeuf Fromage,vendredi,2024-11,B,34,5.0
FROMAGE CHEDDAR EN BLOC,26.92,KG (1 KG),Beurre Oeuf Fromage,samedi,2024-11,A,34,65.0
FROMAGE EDAM MEULE,3.768,KG (1 KG),Beurre Oeuf Fromage,mardi,2024-12,B,34,35.622
FROMAGE LAND OR,12.6,PC (1 KG),Beurre Oeuf Fromage,lundi,2024-12,A,34,25.4
FROMAGE MAASDAM EN BLOC,10.0,KG (1 KG),Beurre Oeuf Fromage,jeudi,2024-12,B,34,42.0
FROMAGE MAASDAM EN BLOC PB,30.0,KG (1 KG),Beurre Oeuf Fromage,jeudi,2024-11,A,34,65.5
FROMAGE MEULE GOUDA KG,10.762,KG (1 KG),Beurre Oeuf Fromage,jeudi,2024-11,A,34,32.932
FROMAGE MOZZARELLA  KG,80.0,KG (1 KG),Beurre Oeuf Fromage,jeudi,2024-11,A,34,176.93
FROMAGE PARMESAN PB,2.6,KG (0.2 KG),Beurre Oeuf Fromage,jeudi,2024-11,A,34,3.8
FUT HEINEKEIN,140.0,PC (1 L),Alcools,vendredi,2024-11,B,34,240.0
GARCI GAZ P.E.T 1 L,105.0,L (1 GR),Eaux et Sodas,jeudi,2024-11,A,34,344.0
GATEAU CHOCOLAT PBC,40.0,PC (1 PC),Viennoiserie,mercredi,2024-12,B,34,100.0
GRENAD,39.25,KG (1 KG),Jus Fruit Lait,mercredi,2024-11,B,34,69.1
HARISSA ARBI,9.0,BTE (0.45 KG),Epicerie,jeudi,2024-11,A,34,23.0
HARISSA CONCENTRE EN BOITE,37.0,BTE (2 KG),Epicerie,mercredi,2024-11,A,34,57.0
HUILE D'OLIVE POMACE,9.5,L (1 L),Epicerie,jeudi,2024-11,B,34,28.5
HUILE VEGETALE,49.0,BIDON (5 L),Epicerie,mercredi,2024-11,A,34,67.0
JAMBON DE BOEUF FUME,6.05,KG (1 KG),Charcuterie,jeudi,2024-11,A,34,18.1
JAMBON DE DINDE,16.8,KG (1 KG),Charcuterie,vendredi,2024-11,A,34,34.15
JEX CARRE,46.0,PC (1 PC),Hygiène,jeudi,2024-11,A,34,180.0
JOUR ET NUIT BLANC 1/2,17.0,PC (1 PC),Alcools,dimanche,2024-12,C,34,52.0
JOUR ET NUIT ROSE 1/2,5.0,PC (1 PC),Alcools,dimanche,2024-12,B,34,52.0
JOUR ET NUIT ROUGE 1/2,11.0,PC (1 PC),Alcools,mercredi,2024-11,C,34,48.0
KETCHUP,10.0,L (1 L),Epicerie,mercredi,2024-12,C,34,40.0
KINDER BUENO,60.0,PC (1 PC),Epicerie,dimanche,2024-12,A,34,300.0
KINDER T4,20.0,PC (1 PC),Epicerie,dimanche,2024-12,B,34,180.0
LAVETTE COTON,83.0,PC,Hygiène,mercredi,2024-11,A,34,149.0
LENTILLE VRAC,1.0,PC (1 PC),Legumes Secs,mardi,2024-12,D,34,3.0
LEVURE BOULANGERE NORMALE,14.0,PC,Boulangerie_R,jeudi,2024-11,B,34,34.0
LOT CAFE GRAIN ESPRESSO ELITE 3,34.0,PC (1 KG),Cafe,jeudi,2024-11,A,34,128.0
LOT DE CAFE TURC,1.0,PC (1 KG),Cafe,dimanche,2024-12,D,34,3.0
MAIS EN BOITE,35.0,BTE (340 GR),Epicerie,jeudi,2024-11,A,34,92.0
MAIS EN VRAC,4.0,PC (1 KG),Legumes Frais,vendredi,2024-11,C,34,9.0
MANGUE,24.0,PC (1 PC),Fruits & Legumes Frais,mercredi,2024-11,A,34,39.0
MARGARINE,13.5,KG (1 KG),Beurre Oeuf Fromage,dimanche,2024-12,B,34,13.5
MARINADE EMINCE DE BOEUF,7.0,PC (0.15 KG),Epicerie,jeudi,2024-11,C,34,10.0
MARINADE POULET GRILLE,24.0,PC (0.15 KG),Volaille Surgelée,jeudi,2024-11,C,34,30.0
MARS CHOCOLAT,40.0,PC (1 PC),Epicerie,jeudi,2024-12,C,34,160.0
MAYONAISE,11.0,SEAU (5 L),Beurre Oeuf Fromage,dimanche,2024-12,A,34,44.0
MAYONAISE DEJ,9.0,SEAU (5 L),Beurre Oeuf Fromage,jeudi,2024-11,C,34,39.0
MELANGE TENDER  PB,8.0,KG (1 KG),Epicerie,jeudi,2024-11,C,34,11.0
MENTHE SECHE,2.0,KG (1 KG),Epicerie,mercredi,2024-12,D,34,2.0
MIEL MILLE FLEURS,2.0,KG (1 KG),Epicerie,vendredi,2024-11,D,34,5.0
MIX A CREPE FRANCAISE,40.0,SAC (1 SAC),Pâtisseries,dimanche,2024-12,B,34,150.0
MOELLEUX CHOCOLAT,36.0,PC (1 PC),Viennoiserie,mercredi,2024-12,C,34,108.0
MOUTARDE DIJON,12.0,BTE (850 GR),Epicerie,mardi,2024-12,D,34,12.0
MOZARELLA CERISE,7.0,BTE (20 PC),Beurre Oeuf Fromage,lundi,2024-12,C,34,24.0
MUFFINS VANILLE,48.0,PC,Viennoiserie,mercredi,2024-12,B,34,96.0
NAPPAGE,2.0,PC (1 PC),Pâtisseries,dimanche,2024-12,C,34,14.0
NOIX DE CAJOU GRILLES SALEES 65GR,12.0,PC (1 PC),Fruits Secs,jeudi,2024-12,B,34,96.0
NUGGETS PANE PB,50.0,PC (1 PC),Volaille Surgelée,lundi,2024-12,A,34,275.0
NUTELLA GO 52 GR,48.0,PC (1 PC),Epicerie,dimanche,2024-12,C,34,170.0
OEUFS,41.0,PC (30 PC),Beurre Oeuf Fromage,mercredi,2024-11,A,34,83.0
OIGNONS BLANC,36.7,KG (1 KG),Legumes Frais,samedi,2024-11,A,34,127.3
OIGNONS ROUGE,68.35,KG (1 KG),Legumes Frais,mercredi,2024-11,A,34,119.4
OLIVE DENOYETE,21.0,KG (1 KG),Epicerie,jeudi,2024-11,B,34,35.0
OLIVE VIOLETTE,5.0,KG (1 KG),Epicerie,vendredi,2024-12,C,34,14.0
PACK FOOD BOWL + COUVERCLE 1.2 L,50.0,PC (1 PC),Consommable,lundi,2024-12,B,34,175.0
PAILLE NOIR,4.0,PQT (250 PC),Consommable,lundi,2024-12,A,34,39.0
PAIN CHAWARMA *10,47.0,PQT (10 PC),Boulangerie_R,jeudi,2024-11,A,34,115.0
PAIN DE MIE CEREALE,26.0,PC,Boulangerie_R,jeudi,2024-11,B,34,130.0
PAIN DE MIE NATURE,52.0,PC,Boulangerie_R,jeudi,2024-11,B,34,130.0
PAIN SCHNECK AUX RAISINS SURG PUR BEURRE GF,300.0,PC (1 PC),Viennoiserie,jeudi,2024-11,B,34,1200.0
PAIN SHNEK AU RAISIN MARGARINE,275.0,PC (1 KG),Pâtisseries,samedi,2024-11,C,34,700.0
PAPIER ALUM DE 100,1.0,PC (1 PC),Consommable,mercredi,2024-11,B,34,9.0
PAPIER CUISSON 40*60,2.0,PQT (500 PC),Consommable,lundi,2024-12,C,34,4.0
PAPIER SERVIETTE GOURMANDISE,40.0,PC (1 PC),Consommable,dimanche,2024-12,B,34,128.0
PAPRIKA FORT,2.0,KG (1 KG),Epicerie,mercredi,2024-12,C,34,3.0
PATE PAPILLON,24.0,PQT (0.5 KG),Epicerie,mardi,2024-12,D,34,24.0
PATE PIZZA FOCACCIA 12/40,42.0,PC (1 PC),Boulangerie_R,vendredi,2024-11,A,34,170.0
PATE PIZZA PANCROCCHINO 32cm,20.0,PC (1 PC),Boulangerie_R,lundi,2024-12,D,34,51.0
PATE PLUME COURTE,12.0,PC (1 KG),Epicerie,jeudi,2024-11,B,34,58.0
PATE SPAGHETTI,12.0,PQT (0.5 KG),Epicerie,lundi,2024-12,B,34,74.0
PEPITTE DE DECORATION NOIRE KG,4.0,KG (1000 GR),Epicerie,dimanche,2024-12,D,34,8.5
PEPPERONI,0.8999999999999999,KG (1 KG),Charcuterie,lundi,2024-12,A,34,4.8
PILLE AA,7.0,PC (1 GR),Fournitures de Bureau,vendredi,2024-11,D,34,20.0
PIMENT DOUX,36.0,KG (1 KG),Legumes Frais,mercredi,2024-11,A,34,97.3
PIMENT FORT,63.0,KG (1 KG),Legumes Frais,mercredi,2024-11,A,34,78.95
PIMENT ROUGE SALLE,5.0,KG (1 KG),Epicerie,vendredi,2024-12,B,34,20.0
POIS CHICHE KG,6.0,PC (1 PC),Legumes Secs,mercredi,2024-11,C,34,8.0
POMME DE TERRE,153.0,KG (1 KG),Legumes Frais,mercredi,2024-11,A,34,292.25
POUDRE TENDERS PB,15.0,KG (1 KG),Volaille Surgelée,dimanche,2024-12,B,34,42.0
POULET PAC FRAIS,27.73,KG (1 KG),Volaille Fraiche,mercredi,2024-12,C,34,98.48
POULET PANE AMANDE PB,160.0,PC (1 PC),Volaille Surgelée,jeudi,2024-11,A,34,350.0
PUNCH CIDRE 50CL,17.0,PC (1 PC),Eaux et Sodas,jeudi,2024-11,B,34,164.0
PUNCH ORANGE 30CL,98.0,PC (1 PC),Eaux et Sodas,dimanche,2024-12,D,34,198.0
PUNCH ORANGE 50CL,42.0,PC (1 PC),Eaux et Sodas,jeudi,2024-11,B,34,161.0
PUREE ANANAS 1 L,1.0,PC (1 L),Epicerie,mardi,2024-12,D,34,2.0
PUREE DE BANANE 1L,1.0,PC (1 L),Epicerie,mardi,2024-12,D,34,2.0
PUREE FRAISE 1.32KG MONIN,2.0,KG (1320 GR),Pâtisseries,mardi,2024-12,D,34,2.0
PUREE MANGUE 1L,1.0,PC (1 L),Epicerie,mardi,2024-12,D,34,2.0
RAISIN NOIR,10.35,KG (1 KG),Fruits & Legumes Frais,mardi,2024-12,A,34,38.1
RAME PAPIER A4,23.0,PC (1 PC),Fournitures de Bureau,vendredi,2024-11,B,34,23.0
RIZ EN PAQUET,14.0,PC,Epicerie,mercredi,2024-11,C,34,35.0
ROQUETTE SALADE BARQUETTE,2.2,KG,Legumes Frais,lundi,2024-12,A,34,5.9
ROULEAU CAISSE 80*80,75.0,PC (1 PC),Fournitures de Bureau,mercredi,2024-11,A,34,205.0
ROULEAU DE 750 ETIQUETTE BLANC,5.0,PC (1 PC),Consommable,jeudi,2024-12,C,34,16.0
ROULEAU TPE,60.0,PC (1 PC),Fournitures de Bureau,mercredi,2024-11,A,34,286.0
SAC EN PAPIER KRAFT 30/30/26,150.0,PC (1 PC),Consommable,dimanche,2024-12,C,34,150.0
SACHET BRETELLES 38X60 MF,150.0,PC (1 PC),Consommable,mercredi,2024-11,B,34,225.0
SACHET CONGELATION,5.0,PC (1 KG),Consommable,samedi,2024-11,D,34,10.0
SALADE LAITUE TUN,238.0,KG (1 KG),Legumes Frais,mercredi,2024-11,A,34,393.7
SANEX,40.0,PC (1 PC),Hygiène,mercredi,2024-11,A,34,100.0
SANIT SURF,35.0,PC (1 PC),Hygiène,mercredi,2024-11,A,34,51.0
SAUCE A L'AIL,6.0,KG (1 KG),Epicerie,jeudi,2024-12,B,34,12.0
SAUCE A L'AIL PB,8.0,KG (1 KG),Epicerie,jeudi,2024-11,A,34,11.0
SAUCE AU POIVRE PB,3.0,SCH (0.5 KG),Epicerie,samedi,2024-11,C,34,6.0
SAUCE AU POIVRE SAC 500GR PB,0.5,KG (1 SAC),Epicerie,jeudi,2024-11,B,34,5.0
SAUCE BARBECUE,5.0,L (1 L),Epicerie,mardi,2024-12,C,34,30.0
SAUCE MAYONNAISE PESTO,8.0,L (1 L),Epicerie,jeudi,2024-11,B,34,10.0
SAUCE PESTO PB,4.0,PC (0.6 KG),Epicerie,jeudi,2024-11,A,34,5.0
SAUCE PLAN B,10.0,L (1 L),Epicerie,lundi,2024-12,C,34,20.0
SCHWEPPES TONIC 24 CL,24.0,PC,Eaux et Sodas,vendredi,2024-11,D,34,31.0
SEL,8.0,PC (1 KG),Epicerie,jeudi,2024-11,B,34,17.0
SERPILLERE,44.0,PC (1 PC),Hygiène,jeudi,2024-11,A,34,122.0
SERVIETTE 30*30 MF,44.0,PQT (1 PQT),Consommable,mercredi,2024-11,B,34,74.0
SIROP DE NOISETTES GRILLEES 70CL MONIN,1.0,PC (700 ML),Pâtisseries,mardi,2024-12,D,34,2.0
SNICKERS,40.0,PC (1 PC),Epicerie,dimanche,2024-12,C,34,100.0
SQUEEZE CREME  CHEDDAR 450GR,9.0,BTL (450 GR),Beurre Oeuf Fromage,vendredi,2024-12,D,34,27.0
SUCRE EN SACHET CI-GUSTA,10.0,PC (1 PC),Cafe,lundi,2024-12,B,34,120.0
SUCRE EN SACHET DAILY BREAK,120.0,PC (1 KG),Cafe,mercredi,2024-11,A,34,230.0
THON HV EN BOITE,35.0,BTE (2.05 KG),Conserve de Poisson,dimanche,2024-12,B,34,150.0
THON HV EN BOITES,65.0,BTE (2.05 KG),Conserve de Poisson,mercredi,2024-11,D,34,142.0
TIC TAC ORANGE,12.0,PC (1 PC),Epicerie,dimanche,2024-12,D,34,36.0
TIC TAC SPEARMINT,12.0,PC (1 PC),Epicerie,dimanche,2024-12,D,34,60.0
TOMATE CERISES,7.51,KG (1 KG),Legumes Frais,vendredi,2024-11,A,34,24.95
TOMATE CONCENTREE EN BOITE,24.0,BTE (0.8 KG),Epicerie,mercredi,2024-11,B,34,60.0
TOMATE FRAICHE,355.5,KG (1 KG),Legumes Frais,mercredi,2024-11,A,34,526.85
TOMATES SECHEES,0.5,PC (1000 GR),Epicerie,vendredi,2024-11,B,34,5.0
TOQUE CHEF,4.0,PC,Hygiène,vendredi,2024-11,C,34,6.0
TWIX,25.0,PC (1 PC),Epicerie,dimanche,2024-12,C,34,125.0
VARIANTES,4.0,KG (1 KG),Legumes Frais,vendredi,2024-11,D,34,10.0
VIANDE HACHEE SPECIAL MAIGRE CONGELE KG,52.47,KG,Viandes Surgelées,mercredi,2024-11,B,34,128.74
VIANDE SECHE FUME (BRESAOLA) TRANCHES 300GR,4.2,KG (1000 GR),Viandes Fraiches,jeudi,2024-11,A,34,11.0
VINAIGRE CREME DE BALSAMIQUE,4.0,BTL (500 ML),Epicerie,mercredi,2024-12,D,34,9.0
VIPA ORIENTAL MIX 100 GR,8.0,PC (1 PC),Fruits Secs,jeudi,2024-12,B,34,48.0
sucre en buchette MF 10kg,2.0,KG (1 KG),Cafe,jeudi,2024-11,C,34,10.0
AGRAFFE,2.0,PC (1 PC),Fournitures de Bureau,lundi,2024-12,C,35,11.0
AIL,0.25,KG (1 KG),Legumes Frais,jeudi,2024-12,B,35,8.3
AIL EN POUDRE,1.0,KG (1 KG),Fruits & Legumes Frais,vendredi,2024-12,C,35,2.0
AJAX VITRE,19.0,PC (1 PC),Hygiène,samedi,2024-12,A,35,32.0
ALKASURF DDA 5KG,15.0,PC (1 PC),Hygiène,samedi,2024-12,D,35,15.0
AMANDE EFFILEE,1.0,PC (1 KG),Fruits Secs,lundi,2024-12,B,35,4.0
AMANDES GRILEES SALEES 70GR,48.0,PC (1 PC),Fruits Secs,vendredi,2024-12,B,35,84.0
AMSTEL BEER BLLE 33CL,230.0,BTL (1 BTL),Alcools,lundi,2024-12,B,35,432.0
ASEPCLOR,30.0,PC (1 PC),Hygiène,jeudi,2024-12,A,35,60.0
AUBERGINE,2.2,KG (1 KG),Legumes Frais,jeudi,2024-12,B,35,17.75
AUBERGINE LEGUME,3.0,KG (1 KG),Legumes Frais,lundi,2024-12,A,35,17.85
AVOCAT FRUIT PIECE,23.0,PC (1 PC),Fruits & Legumes Frais,samedi,2024-12,B,35,43.0
BACON BOEUF FUME TRANCHES ( 300GR),2.1,KG (1000 GR),Viandes Fraiches,lundi,2024-12,A,35,6.9
BACON DE DINDE TRANCHES (1 - 1.5 KG),5.5,KG (1 KG),Charcuterie,vendredi,2024-12,B,35,43.0
BACTYGEL 703 CF,1.0,BTL,Hygiène,samedi,2024-12,B,35,4.0
BALAIS SANS MANCHE,2.0,PC (1 PC),Hygiène,samedi,2024-12,C,35,9.0
BANANE,43.0,KG (1 PC),Fruits & Legumes Frais,vendredi,2024-12,A,35,155.0
BASILIC BARQUETTE,2.5,KG,Legumes Frais,lundi,2024-12,A,35,11.05
BLOUSE NON TISSEE,15.0,PC (1 KG),Hygiène,vendredi,2024-12,C,35,36.0
BOGA LIME PET 30 CL,84.0,PC (1 PC),Eaux et Sodas,lundi,2024-12,C,35,228.0
BOITE D'ARCHIVE,13.0,PC (1 PC),Fournitures de Bureau,vendredi,2024-12,D,35,35.0
BOITE FRAPPE CAFE 1.36KG MONIN,1.0,BTE (1360 GR),Pâtisseries,dimanche,2024-12,C,35,6.0
BOITE PIZZA ONDULEE 31/31,50.0,PC,Consommable,mardi,2024-12,C,35,200.0
BOITE PIZZA PM CIG,100.0,PC (1 PC),Consommable,samedi,2024-12,B,35,500.0
BORGHELL,4.0,KG (1 KG),Epicerie,samedi,2024-12,C,35,10.0
BOUTEILLE DE VINAIGRETTE 250ML,8.0,PC (250 GR),Epicerie,dimanche,2024-12,A,35,16.0
CACAHUETES GRILLEES SALEES 70GR,36.0,PC,Fruits Secs,vendredi,2024-12,C,35,60.0
CAKE CHOCOLAT PBC,8.0,PC (1 PC),Viennoiserie,lundi,2024-12,B,35,88.0
CAKE CITRON PBC,16.0,PC (1 PC),Viennoiserie,dimanche,2024-12,B,35,216.0
CAKE MARBRE MARGARINE,440.0,PC (1 PC),Pâtisseries,dimanche,2024-12,A,35,561.0
CAKE MARBRE PBC,66.0,PC (1 PC),Viennoiserie,mardi,2024-12,A,35,363.0
CAKE NATURE MARGARINE,88.0,PC,Pâtisseries,dimanche,2024-12,C,35,132.0
CAKE ORANGE PBC,44.0,PC (1 PC),Viennoiserie,vendredi,2024-12,B,35,170.0
CAROTTE,22.8,KG (1 KG),Legumes Frais,lundi,2024-12,A,35,67.1
CAROTTE CAKE PBC,66.0,PC (1 PC),Viennoiserie,mardi,2024-12,B,35,330.0
CELTIA FUT DE 50L,4.0,PC (50 L),Alcools,dimanche,2024-12,B,35,6.0
CHAMPIGNON FRAIS,21.0,KG (1 KG),Legumes Frais,samedi,2024-12,A,35,39.0
CHAPLUR,5.0,PC (1 KG),Epicerie,vendredi,2024-12,C,35,16.0
CHEMISE CRAFT,10.0,PC (1 PC),Fournitures de Bureau,lundi,2024-12,D,35,90.0
CHOCOLAT CHAUD EN POUDRE,4.0,KG (1 KG),Cafe,samedi,2024-12,B,35,7.0
CHOCOLAT EN POUDRE,36.0,PC (0.2 KG),Cafe,samedi,2024-12,A,35,86.0
CHOUX ROUGE,7.9,PC (1 PC),Legumes Frais,lundi,2024-12,A,35,9.6
CHOUX VERT,3.45,KG (1 KG),Legumes Frais,lundi,2024-12,B,35,12.8
CITRON,1.1,KG (1 KG),Legumes Frais,lundi,2024-12,A,35,16.75
CITRON FRAIS,4.7,KG (1 KG),Legumes Frais,jeudi,2024-12,B,35,21.6
CITRON SALLE,7.0,KG,Legumes Frais,vendredi,2024-12,B,35,28.0
COCA COLA PET 30CL.,120.0,PC (1 PC),Eaux et Sodas,vendredi,2024-12,C,35,456.0
COCA ZERO PET 30 CL,36.0,PC (1 PC),Eaux et Sodas,lundi,2024-12,D,35,168.0
COFFRET CHECHIA AV SEP 16/16,25.0,PC (1 PC),Consommable,samedi,2024-12,C,35,125.0
COFFRET PORTRAIT AV SEP 11.5/11.5,25.0,PC (1 PC),Consommable,samedi,2024-12,C,35,175.0
COFFRET PORTRAIT AV SEP 19.5/19.5,50.0,PC (1 PC),Consommable,samedi,2024-12,C,35,200.0
COFFRET PORTRAIT AV SEP24.5/14.5,50.0,PC (1 PC),Consommable,samedi,2024-12,C,35,150.0
CONCOMBRE,93.3,KG (1 KG),Legumes Frais,samedi,2024-12,A,35,177.692
COOKIES,40.0,PC (1 PC),Viennoiserie,vendredi,2024-12,C,35,120.0
COURGE,30.8,KG (1 KG),Legumes Frais,samedi,2024-12,B,35,47.65
COURGETTE,6.1,KG (1 KG),Legumes Frais,lundi,2024-12,A,35,28.6
COUSCOUS,11.0,PQT (1 KG),Epicerie,jeudi,2024-12,D,35,33.0
COUTEAU A PAIN 21 CM,3.0,PC (1 PC),Accessoire & couvert,vendredi,2024-12,D,35,4.0
CREME A FOUETTER,15.0,PC,GLACES,samedi,2024-12,B,35,16.0
CREME DE CUISSON,11.0,BTE (0.95 L),Beurre Oeuf Fromage,dimanche,2024-12,B,35,27.0
CREME SUPERIEUR,6.0,PQT (1 L),Epicerie,dimanche,2024-12,D,35,42.0
CREVETTE 26/30 AVEC QUEUE  SURG.,1.0,KG,Poisson Surgelé_R,dimanche,2024-12,C,35,4.0
CURCUMIN MOULU,2.0,SCH (1 KG),Epicerie,samedi,2024-12,D,35,2.2
DADDY'S CHIPS CLASSIC SEL DE MER 70G,120.0,PC (1 PC),Epicerie,lundi,2024-12,A,35,225.0
DADDY'S CHIPS SAVORY TRUFFE PARMESAN 70G,15.0,PC (1 PC),Epicerie,lundi,2024-12,B,35,165.0
DADDY'S CHIPS SPICY PAPRIKA 70G,15.0,PC (1 PC),Epicerie,lundi,2024-12,A,35,165.0
DATTE EN VRAC,1.25,KG,Fruits & Legumes Frais,lundi,2024-12,B,35,18.3
DINOL,105.0,BIDON (1 KG),Hygiène,samedi,2024-12,A,35,135.0
EAU MINÉRALE 6L,7.0,BTL (1 PC),Eaux et Sodas,samedi,2024-12,A,35,90.0
EMINCE DE BOEUF PORT. SURGELE,24.895,KG (1000 GR),Viandes Surgelées,jeudi,2024-12,A,35,79.49000000000001
EPINARD,3.5,KG (1 KG),Legumes Frais,jeudi,2024-12,B,35,12.15
ESCALOPE POULET FRAIS,197.21,KG (1 KG),Volaille Surgelée,samedi,2024-12,A,35,503.16
ESCALOPE POULET PANE CONGELE,67.94,KG (1 KG),Volaille Surgelée,lundi,2024-12,A,35,128.91
ESSUIT TOUT JUMBO,114.0,PC (1 KG),Hygiène,samedi,2024-12,A,35,157.0
FANTA PET 30,156.0,PC (1 PC),Eaux et Sodas,lundi,2024-12,C,35,228.0
FARINE EN PAQUET,70.0,PC (1 KG),Epicerie,mardi,2024-12,A,35,252.0
FILM ETIRABLE,33.0,PC (1 GR),Consommable,samedi,2024-12,A,35,33.0
FRAISE FRAIS,22.8,KG (1 KG),Fruits & Legumes Frais,samedi,2024-12,A,35,64.35
FRITE SURGELE 9/9 CLASSIC 2.5 KG,270.0,KG (1 KG),Legumes Surgelés,samedi,2024-12,A,35,290.0
FROMAGE BLANC FONDU KG,6.4,KG,Beurre Oeuf Fromage,jeudi,2024-12,C,35,15.4
FROMAGE CHEDDAR EN BLOC,12.0,KG (1 KG),Beurre Oeuf Fromage,dimanche,2024-12,A,35,65.0
FROMAGE EDAM MEULE,7.487999999999999,KG (1 KG),Beurre Oeuf Fromage,dimanche,2024-12,B,35,35.622
FROMAGE LAND OR,7.2,PC (1 KG),Beurre Oeuf Fromage,dimanche,2024-12,A,35,25.4
FROMAGE MAASDAM EN BLOC,7.0,KG (1 KG),Beurre Oeuf Fromage,jeudi,2024-12,B,35,42.0
FROMAGE MAASDAM EN BLOC PB,6.0,KG (1 KG),Beurre Oeuf Fromage,dimanche,2024-12,A,35,65.5
FROMAGE MEULE GOUDA,7.67,KG (1 KG),Beurre Oeuf Fromage,jeudi,2024-12,C,35,24.502
FROMAGE MEULE GOUDA KG,7.516,KG (1 KG),Beurre Oeuf Fromage,samedi,2024-12,A,35,32.932
FROMAGE MOZZARELLA  KG,80.8,KG (1 KG),Beurre Oeuf Fromage,dimanche,2024-12,A,35,176.93
FROMAGE PARMESAN PB,0.8,KG (0.2 KG),Beurre Oeuf Fromage,jeudi,2024-12,A,35,3.8
FUT HEINEKEIN,160.0,PC (1 L),Alcools,dimanche,2024-12,B,35,240.0
GARCI GAZ P.E.T 1 L,123.0,L (1 GR),Eaux et Sodas,lundi,2024-12,A,35,344.0
GATEAU CHOCOLAT PBC,30.0,PC (1 PC),Viennoiserie,vendredi,2024-12,B,35,100.0
GRENAD,13.95,KG (1 KG),Jus Fruit Lait,lundi,2024-12,B,35,69.1
HARISSA ARBI,16.0,BTE (0.45 KG),Epicerie,samedi,2024-12,A,35,23.0
HARISSA CONCENTRE EN BOITE,32.0,BTE (2 KG),Epicerie,samedi,2024-12,A,35,57.0
HUILE D'OLIVE POMACE,19.0,L (1 L),Epicerie,lundi,2024-12,B,35,28.5
HUILE VEGETALE,40.0,BIDON (5 L),Epicerie,samedi,2024-12,A,35,67.0
JAMBON DE BOEUF FUME,5.85,KG (1 KG),Charcuterie,dimanche,2024-12,A,35,18.1
JAMBON DE DINDE,8.4,KG (1 KG),Charcuterie,dimanche,2024-12,A,35,34.15
JEX CARRE,116.0,PC (1 PC),Hygiène,samedi,2024-12,A,35,180.0
JOUR ET NUIT BLANC 1/2,6.0,PC (1 PC),Alcools,lundi,2024-12,C,35,52.0
JOUR ET NUIT ROSE 1/2,18.0,PC (1 PC),Alcools,vendredi,2024-12,B,35,52.0
JOUR ET NUIT ROUGE 1/2,6.0,PC (1 PC),Alcools,lundi,2024-12,C,35,48.0
KETCHUP,10.0,L (1 L),Epicerie,lundi,2024-12,C,35,40.0
KINDER BUENO,30.0,PC (1 PC),Epicerie,lundi,2024-12,A,35,300.0
KINDER T4,20.0,PC (1 PC),Epicerie,lundi,2024-12,B,35,180.0
LAVETTE COTON,127.0,PC (1 PC),Hygiène,samedi,2024-12,A,35,149.0
LEVURE BOULANGERE NORMALE,5.0,PQT (6 PC),Boulangerie_R,jeudi,2024-12,B,35,34.0
LOT CAFE GRAIN ESPRESSO ELITE 3,83.0,PC (1 KG),Cafe,samedi,2024-12,A,35,128.0
LOT CAFE GRAINS  PUR EXPRESS,12.0,KG,Cafe,jeudi,2024-12,A,35,73.0
MAIS EN BOITE,22.0,KG,Viandes Surgelées,dimanche,2024-12,A,35,92.0
MAIS EN VRAC,4.0,PC (1 KG),Legumes Frais,lundi,2024-12,C,35,9.0
MANGUE,9.0,PC,Fruits & Legumes Frais,samedi,2024-12,A,35,39.0
MARINADE EMINCE DE BOEUF,8.0,PC (0.15 KG),Epicerie,dimanche,2024-12,C,35,10.0
MARINADE POULET GRILLE,24.0,PC (0.15 KG),Volaille Surgelée,dimanche,2024-12,C,35,30.0
MAYONAISE,12.0,SEAU (5 L),Beurre Oeuf Fromage,samedi,2024-12,A,35,44.0
MELANGE TENDER  PB,8.0,KG (1 KG),Epicerie,dimanche,2024-12,C,35,11.0
MENTHE FRAICHE,2.0,PC (1 PC),Legumes Frais,samedi,2024-12,B,35,16.0
MIEL MILLE FLEURS,1.0,KG,Epicerie,samedi,2024-12,D,35,5.0
MIX A CREPE FRANCAISE,45.0,SAC (1 SAC),Pâtisseries,lundi,2024-12,B,35,150.0
MOELLEUX CHOCOLAT,36.0,PC (1 PC),Viennoiserie,mardi,2024-12,C,35,108.0
MOZARELLA CERISE,8.0,BTE (20 PC),Beurre Oeuf Fromage,lundi,2024-12,C,35,24.0
NAPPAGE,1.0,PC (1 PC),Pâtisseries,vendredi,2024-12,C,35,14.0
NOISETTE GRILLEE CONCASSEE,1.0,PC (1 KG),Fruits Secs,lundi,2024-12,D,35,3.0
NOIX DE CAJOU GRILLES SALEES 65GR,48.0,PC (1 PC),Fruits Secs,vendredi,2024-12,B,35,96.0
NUGGETS PANE PB,50.0,PC (1 PC),Volaille Surgelée,samedi,2024-12,A,35,275.0
NUTELLA GO 52 GR,24.0,PC (1 PC),Epicerie,lundi,2024-12,C,35,170.0
OEUFS,48.0,PLT (30 PC),Beurre Oeuf Fromage,samedi,2024-12,A,35,83.0
OIGNONS BLANC,52.05,KG (1 KG),Legumes Frais,samedi,2024-12,A,35,127.3
OIGNONS ROUGE,39.85,KG (1 KG),Legumes Frais,samedi,2024-12,A,35,119.4
OLIVE DENOYETE,21.0,KG (1 KG),Epicerie,vendredi,2024-12,B,35,35.0
OLIVE NOIRE SLICE,21.0,KG (1 KG),Epicerie,lundi,2024-12,B,35,35.0
PACK FOOD BOWL + COUVERCLE 1.2 L,50.0,PC (1 PC),Consommable,lundi,2024-12,B,35,175.0
PAILLE NOIR,6.0,PQT (250 PC),Consommable,jeudi,2024-12,A,35,39.0
PAIN CHAWARMA *10,27.0,PQT (10 PC),Boulangerie_R,dimanche,2024-12,A,35,115.0
PAIN DE MIE CEREALE,52.0,PC (1 PC),Boulangerie_R,dimanche,2024-12,B,35,130.0
PAIN DE MIE NATURE,52.0,PC (1 PC),Boulangerie_R,dimanche,2024-12,B,35,130.0
PAIN SCHNECK AUX RAISINS SURG PUR BEURRE GF,300.0,PC (1 PC),Viennoiserie,jeudi,2024-12,B,35,1200.0
PAIN SHNEK AU RAISIN MARGARINE,300.0,PC (1 KG),Pâtisseries,jeudi,2024-12,C,35,700.0
PAPIER SERVIETTE GOURMANDISE,80.0,PC (1 PC),Consommable,samedi,2024-12,B,35,128.0
PAQUET 17/4,100.0,PC (1 PC),Consommable,samedi,2024-12,C,35,300.0
PATE PIZZA FOCACCIA 12/40,80.0,PC (1 PC),Boulangerie_R,samedi,2024-12,A,35,170.0
PATE PLUME COURTE,24.0,PQT (0.5 KG),Epicerie,lundi,2024-12,B,35,58.0
PATE SPAGHETTI,17.0,PQT (0.5 KG),Epicerie,lundi,2024-12,B,35,74.0
PEPPERONI,0.8999999999999999,KG,Charcuterie,samedi,2024-12,A,35,4.8
PIMENT DOUX,33.4,KG (1 KG),Legumes Frais,lundi,2024-12,A,35,97.3
PIMENT FORT,42.2,KG (1 KG),Legumes Frais,dimanche,2024-12,A,35,78.95
PIMENT ROUGE SALLE,5.0,KG (1 KG),Epicerie,mardi,2024-12,B,35,20.0
PISTACHE CONCASSEE,1.0,PC (1000 GR),Fruits Secs,lundi,2024-12,C,35,4.0
POIS CHICHE KG,3.0,PC (1 PC),Legumes Secs,dimanche,2024-12,C,35,8.0
POIVRE NOIR MOULU,1.0,PC (1 KG),Epicerie,dimanche,2024-12,B,35,3.0
POMME DE TERRE,37.1,KG (1 KG),Legumes Frais,lundi,2024-12,A,35,292.25
POUDRE TENDERS PB,10.0,KG (1 KG),Volaille Surgelée,jeudi,2024-12,B,35,42.0
POULET PANE AMANDE PB,240.0,PC (1 PC),Volaille Surgelée,dimanche,2024-12,A,35,350.0
PUNCH CIDRE 50CL,43.0,PC (1 PC),Eaux et Sodas,lundi,2024-12,B,35,164.0
PUNCH ORANGE 30CL,99.0,PC (1 PC),Eaux et Sodas,dimanche,2024-12,D,35,198.0
PUNCH ORANGE 50CL,45.0,PC (1 PC),Eaux et Sodas,lundi,2024-12,B,35,161.0
PUREE ANANAS 1 L,1.0,PC (1 L),Epicerie,samedi,2024-12,D,35,2.0
PUREE DE BANANE 1L,1.0,PC (1 L),Epicerie,samedi,2024-12,D,35,2.0
PUREE DE KIWI 1.32KG MONIN,1.0,PC (1000 GR),Pâtisseries,samedi,2024-12,D,35,2.0
PUREE FRAISE 1.32KG MONIN,1.0,KG (1320 GR),Pâtisseries,samedi,2024-12,D,35,2.0
PUREE MANGUE 1L,1.0,PC (1 L),Epicerie,samedi,2024-12,D,35,2.0
RACLETTE,5.0,PC (1 PC),Hygiène,dimanche,2024-12,B,35,7.0
RAISIN NOIR,4.2,KG (1 KG),Fruits & Legumes Frais,lundi,2024-12,A,35,38.1
RAME PAPIER A4,7.0,PC (1 PC),Fournitures de Bureau,dimanche,2024-12,B,35,23.0
REMANENT HERBE CF,4.0,PC (1 PC),Hygiène,samedi,2024-12,B,35,10.0
RIZ EN PAQUET,16.0,PC,Epicerie,vendredi,2024-12,C,35,35.0
ROQUETTE SALADE BARQUETTE,3.15,KG (1 KG),Legumes Frais,lundi,2024-12,A,35,5.9
ROULEAU CAISSE 80*80,160.0,PC (1 PC),Fournitures de Bureau,samedi,2024-12,A,35,205.0
ROULEAU TPE,180.0,PC (1 PC),Fournitures de Bureau,samedi,2024-12,A,35,286.0
SALADE LAITUE TUN,174.45,KG (1 KG),Legumes Frais,samedi,2024-12,A,35,393.7
SANEX,48.0,PC (1 PC),Hygiène,samedi,2024-12,A,35,100.0
SANIT SURF,22.0,PC (1 PC),Hygiène,samedi,2024-12,A,35,51.0
SAUCE A L'AIL PB,8.0,KG (1 KG),Epicerie,dimanche,2024-12,A,35,11.0
SAUCE AU POIVRE PB,4.0,SCH (0.5 KG),Epicerie,dimanche,2024-12,C,35,6.0
SAUCE MAYONNAISE PESTO,8.0,L (1 L),Epicerie,dimanche,2024-12,B,35,10.0
SAUCE PESTO PB,2.0,PC (0.6 KG),Epicerie,jeudi,2024-12,A,35,5.0
SAUCE PLAN B,5.0,L (1 L),Epicerie,jeudi,2024-12,C,35,20.0
SEL,7.0,PC (1 KG),Epicerie,dimanche,2024-12,B,35,17.0
SERPILLERE,78.0,PC (1 PC),Hygiène,samedi,2024-12,A,35,122.0
SERVIETTE 30*30 CIGUSTA,48.0,PC (1 PC),Consommable,samedi,2024-12,B,35,192.0
SIROP DE CARAMEL 1L MONIN,2.0,PC (1000 ML),Pâtisseries,samedi,2024-12,B,35,5.0
SIROP DE NOISETTES GRILLEES 70CL MONIN,1.0,PC (700 ML),Pâtisseries,samedi,2024-12,D,35,2.0
SUCRE EN SACHET CI-GUSTA,10.0,PC (1 PC),Cafe,samedi,2024-12,B,35,120.0
SUCRE EN SACHET DAILY BREAK,100.0,PC (1 KG),Cafe,dimanche,2024-12,A,35,230.0
TENDER DE POULET 1KG,10.0,KG,Volaille Surgelée,samedi,2024-12,D,35,225.0
THON HV EN BOITE,86.0,BTE (2.05 KG),Conserve de Poisson,samedi,2024-12,B,35,150.0
TIC TAC ORANGE,12.0,PC (1 PC),Epicerie,lundi,2024-12,D,35,36.0
TIC TAC SPEARMINT,12.0,PC (1 PC),Epicerie,lundi,2024-12,D,35,60.0
TOMATE CERISES,10.35,KG (1 KG),Legumes Frais,samedi,2024-12,A,35,24.95
TOMATE CONCENTREE EN BOITE,14.0,BTE (0.8 KG),Epicerie,mardi,2024-12,B,35,60.0
TOMATE FRAICHE,254.6,KG (1 KG),Legumes Frais,samedi,2024-12,A,35,526.85
VIANDE HACHEE SPECIAL MAIGRE CONGELE KG,41.05,KG (1 KG),Viandes Surgelées,dimanche,2024-12,B,35,128.74
VIANDE SECHE FUME (BRESAOLA) TRANCHES 300GR,2.1,KG (1000 GR),Viandes Fraiches,lundi,2024-12,A,35,11.0
VINAIGRE 1L,1.0,L (1000 GR),Epicerie,lundi,2024-12,D,35,12.0
VIPA ORIENTAL MIX 100 GR,32.0,PC (1 PC),Fruits Secs,vendredi,2024-12,B,35,48.0
AC-SMOOTHIE EXOTIC,10.0,PC,Jus Fruit Lait,mardi,2024-12,D,36,20.0
AC-SMOOTHIE LE CLASSIQUE,1.0,PC,Jus Fruit Lait,mardi,2024-12,D,36,20.0
AC-SMOOTHIE PEACH'TINI,5.0,PC,Jus Fruit Lait,mardi,2024-12,D,36,20.0
AC-SMOOTHIE TROPIC TRIP,15.0,PC,Jus Fruit Lait,mardi,2024-12,D,36,20.0
AGRAFFE,3.0,PC (1 PC),Fournitures de Bureau,samedi,2024-12,C,36,11.0
AIL,1.85,KG (1 KG),Legumes Frais,lundi,2024-12,B,36,8.3
AJAX VITRE,11.0,PC (1 PC),Hygiène,mercredi,2024-12,A,36,32.0
AMANDE EFFILEE,1.0,PC (1 KG),Fruits Secs,lundi,2024-12,B,36,4.0
AMANDES GRILEES SALEES 70GR,24.0,PC (1 PC),Fruits Secs,lundi,2024-12,B,36,84.0
AMSTEL BEER BLLE 33CL,380.0,BTL (1 BTL),Alcools,jeudi,2024-12,B,36,432.0
ASEPCLOR,10.0,PC (1 PC),Hygiène,vendredi,2024-12,A,36,60.0
AUBERGINE,7.8,KG (1 KG),Legumes Frais,jeudi,2024-12,B,36,17.75
AVOCAT FRUIT PIECE,13.0,PC (1 PC),Fruits & Legumes Frais,samedi,2024-12,B,36,43.0
BACON BOEUF FUME TRANCHES ( 300GR),2.1,KG (1000 GR),Viandes Fraiches,mardi,2024-12,A,36,6.9
BACON DE DINDE TRANCHES (1 - 1.5 KG),15.0,KG (1 KG),Charcuterie,samedi,2024-12,B,36,43.0
BACTYGEL 703 CF,1.0,BTL (1 BTL),Hygiène,mardi,2024-12,B,36,4.0
BALAIS SANS MANCHE,1.0,PC (1 PC),Hygiène,jeudi,2024-12,C,36,9.0
BANANE,49.0,KG (1 PC),Fruits & Legumes Frais,samedi,2024-12,A,36,155.0
BASILIC BARQUETTE,2.2,KG,Legumes Frais,mardi,2024-12,A,36,11.05
BOGA CIDRE PET 30 CL,60.0,PC (1 PC),Eaux et Sodas,mardi,2024-12,C,36,182.0
BOGA LIME PET 30 CL,60.0,PC (1 PC),Eaux et Sodas,jeudi,2024-12,C,36,228.0
BOITE D'ARCHIVE,6.0,PC (1 PC),Fournitures de Bureau,jeudi,2024-12,D,36,35.0
BOITE FRAPPE VANILLE 1.36KG MONIN,1.0,KG,Pâtisseries,mercredi,2024-12,C,36,6.0
BOITE PIZZA ONDULEE 31/31,100.0,PC,Consommable,mardi,2024-12,C,36,200.0
BOITE PIZZA PM CIG,100.0,PC (1 PC),Consommable,vendredi,2024-12,B,36,500.0
BORGHELL,3.0,KG,Epicerie,mardi,2024-12,C,36,10.0
BOUTEILLE DE VINAIGRETTE 250ML,10.0,PC (250 GR),Epicerie,mardi,2024-12,A,36,16.0
BROCHETTE BAMBOO 20,3.0,SCH (100 PC),Consommable,samedi,2024-12,C,36,14.0
CACAHUETES GRILLEES SALEES 70GR,12.0,PC (1 PC),Fruits Secs,jeudi,2024-12,C,36,60.0
CAKE CHOCOLAT PBC,24.0,PC (1 PC),Viennoiserie,jeudi,2024-12,B,36,88.0
CAKE CITRON PBC,50.0,PC (1 PC),Viennoiserie,jeudi,2024-12,B,36,216.0
CAKE MARBRE MARGARINE,242.0,PC (1 PC),Pâtisseries,mardi,2024-12,A,36,561.0
CAKE MARBRE PBC,132.0,PC,Viennoiserie,mercredi,2024-12,A,36,363.0
CAKE NATURE MARGARINE,99.0,PC,Pâtisseries,mardi,2024-12,C,36,132.0
CAKE ORANGE PBC,60.0,PC,Viennoiserie,mercredi,2024-12,B,36,170.0
CAPRE VRAC,2.0,KG,Legumes Frais,mardi,2024-12,B,36,9.0
CAROTTE,46.85,KG (1 KG),Legumes Frais,jeudi,2024-12,A,36,67.1
CAROTTE CAKE PBC,88.0,PC,Viennoiserie,mercredi,2024-12,B,36,330.0
CELTIA FUT DE 50L,2.0,PC (50 L),Alcools,mardi,2024-12,B,36,6.0
CHAMPIGNON FRAIS,21.0,KG (1 KG),Legumes Frais,mardi,2024-12,A,36,39.0
CHOCOLAT EN POUDRE,43.0,PC (0.2 KG),Cafe,mardi,2024-12,A,36,86.0
CHOUX VERT,2.35,KG (1 KG),Legumes Frais,jeudi,2024-12,B,36,12.8
CITRON FRAIS,2.5,KG (1 KG),Legumes Frais,mardi,2024-12,B,36,21.6
CITRON SALLE,7.0,KG,Legumes Frais,jeudi,2024-12,B,36,28.0
COCA COLA PET 30CL.,120.0,PC (1 PC),Eaux et Sodas,mardi,2024-12,C,36,456.0
COCA ZERO PET 30 CL,48.0,PC (1 PC),Eaux et Sodas,jeudi,2024-12,D,36,168.0
COFFRET PORTRAIT AV SEP 11.5/11.5,50.0,PC,Consommable,dimanche,2024-12,C,36,175.0
COFFRET PORTRAIT AV SEP 19.5/19.5,50.0,PC,Consommable,dimanche,2024-12,C,36,200.0
CONCOMBRE,65.2,KG (1 KG),Legumes Frais,mercredi,2024-12,A,36,177.692
COOKIES,40.0,PC (1 PC),Viennoiserie,mercredi,2024-12,C,36,120.0
CORNICHON FRAIS,2.0,KG,Legumes Frais,mardi,2024-12,B,36,12.0
COURGE,36.25,KG (1 KG),Legumes Frais,mardi,2024-12,B,36,47.65
COURGETTE,16.35,KG (1 KG),Legumes Frais,mardi,2024-12,A,36,28.6
COUSCOUS,33.0,PQT (1 KG),Epicerie,mercredi,2024-12,D,36,33.0
COUTEAU A PAIN 21 CM,4.0,PC (1 PC),Accessoire & couvert,mardi,2024-12,D,36,4.0
CREME A FOUETTER,9.0,PC,GLACES,samedi,2024-12,B,36,16.0
CREME CHANTILLY,1.0,PC (1 PC),Pâtisseries,mardi,2024-12,D,36,11.0
CREME DE CUISSON,15.0,BTE (0.95 L),Beurre Oeuf Fromage,mardi,2024-12,B,36,27.0
CREME SUPERIEUR,7.0,PQT (1 L),Epicerie,mardi,2024-12,D,36,42.0
CREVETTE 26/30 AVEC QUEUE  SURG.,2.0,KG,Poisson Surgelé_R,jeudi,2024-12,C,36,4.0
CURCUMIN MOULU,1.0,SCH (1 KG),Epicerie,lundi,2024-12,D,36,2.2
Cake chocolat family Margarine,6.0,PC (6 PC),Pâtisseries,jeudi,2024-12,C,36,49.0
Cake citron family Margarine,6.0,PC (6 PC),Pâtisseries,jeudi,2024-12,C,36,42.0
Cake marbré family Margarine,12.0,PC (6 PC),Pâtisseries,jeudi,2024-12,C,36,74.0
Carotte cake family Margarine,12.0,PC (6 PC),Pâtisseries,jeudi,2024-12,C,36,24.0
Cookies  individual Margarine,10.0,PC (1 PC),Pâtisseries,jeudi,2024-12,C,36,48.0
DADDY'S CHIPS CLASSIC SEL DE MER 70G,30.0,PC (1 PC),Epicerie,lundi,2024-12,A,36,225.0
DADDY'S CHIPS SAVORY TRUFFE PARMESAN 70G,15.0,PC (1 PC),Epicerie,jeudi,2024-12,B,36,165.0
DADDY'S CHIPS SPICY PAPRIKA 70G,45.0,PC (1 PC),Epicerie,jeudi,2024-12,A,36,165.0
DATTE EN VRAC,1.75,KG,Fruits & Legumes Frais,mercredi,2024-12,B,36,18.3
DINOL,52.0,BIDON (1 KG),Hygiène,jeudi,2024-12,A,36,135.0
EPINARD,5.5,KG (1 KG),Legumes Frais,samedi,2024-12,B,36,12.15
ESCALOPE POULET FRAIS,238.44,KG (1 KG),Volaille Surgelée,mardi,2024-12,A,36,503.16
ESCALOPE POULET PANE CONGELE,99.77,KG (1 KG),Volaille Surgelée,vendredi,2024-12,A,36,128.91
ESSUIES VERRES,1.0,PC (1 PC),Hygiène,mardi,2024-12,D,36,4.0
ESSUIT TOUT JUMBO,118.0,PC (1 KG),Hygiène,mardi,2024-12,A,36,157.0
FANTA PET 30,228.0,PC (1 PC),Eaux et Sodas,jeudi,2024-12,C,36,228.0
FARINE EN PAQUET,72.0,PC (1 KG),Epicerie,mardi,2024-12,A,36,252.0
FESTIFE MIX 100 GR,8.0,PC (1 PC),Fruits Secs,lundi,2024-12,C,36,32.0
FILM ETIRABLE,21.0,PC (1 GR),Consommable,mardi,2024-12,A,36,33.0
FRAISE FRAIS,36.8,KG (1 KG),Fruits & Legumes Frais,mardi,2024-12,A,36,64.35
FRITE SURGELE 9/9 CLASSIC 2.5 KG,180.0,KG (1 KG),Legumes Surgelés,mardi,2024-12,A,36,290.0
FRITE SURGELE WEDGES 2.5 KG,30.0,KG (1 KG),Legumes Surgelés,mardi,2024-12,B,36,90.0
FROMAGE BLANC FONDU KG,6.6000000000000005,KG,Beurre Oeuf Fromage,mardi,2024-12,C,36,15.4
FROMAGE CHEDDAR EN BLOC,18.5,KG (1 KG),Beurre Oeuf Fromage,mardi,2024-12,A,36,65.0
FROMAGE EDAM MEULE,7.154,KG (1 KG),Beurre Oeuf Fromage,jeudi,2024-12,B,36,35.622
FROMAGE LAND OR,7.2,PC (1 KG),Beurre Oeuf Fromage,vendredi,2024-12,A,36,25.4
FROMAGE MAASDAM EN BLOC,30.0,KG (1 KG),Beurre Oeuf Fromage,mardi,2024-12,B,36,42.0
FROMAGE MEULE GOUDA,14.364,KG (1 KG),Beurre Oeuf Fromage,jeudi,2024-12,C,36,24.502
FROMAGE MOZZARELLA  KG,72.14,KG (1 KG),Beurre Oeuf Fromage,jeudi,2024-12,A,36,176.93
FROMAGE PARMESAN PB,1.8,KG (1 KG),Beurre Oeuf Fromage,mardi,2024-12,A,36,3.8
FUT HEINEKEIN,46.0,BTL (20 L),Alcools,vendredi,2024-12,B,36,240.0
GARCI GAZ P.E.T 1 L,145.0,L (1 GR),Eaux et Sodas,mardi,2024-12,A,36,344.0
GATEAU CHOCOLAT PBC,20.0,PC,Viennoiserie,mercredi,2024-12,B,36,100.0
HARISSA ARBI,12.0,BTE (0.45 KG),Epicerie,mardi,2024-12,A,36,23.0
HARISSA CONCENTRE EN BOITE,28.0,BTE (2 KG),Epicerie,mardi,2024-12,A,36,57.0
HUILE D'OLIVE POMACE,19.0,L (1 L),Epicerie,jeudi,2024-12,B,36,28.5
HUILE VEGETALE,37.0,BIDON (5 L),Epicerie,mercredi,2024-12,A,36,67.0
JAMBON DE BOEUF FUME,6.199999999999999,KG (1 KG),Charcuterie,jeudi,2024-12,A,36,18.1
JAMBON DE DINDE,10.05,KG (1 KG),Charcuterie,jeudi,2024-12,A,36,34.15
JEX CARRE,70.0,PC (1 PC),Hygiène,mardi,2024-12,A,36,180.0
JOUR ET NUIT BLANC 1/2,8.0,PC (1 PC),Alcools,jeudi,2024-12,C,36,52.0
JOUR ET NUIT ROSE 1/2,8.0,PC (1 PC),Alcools,jeudi,2024-12,B,36,52.0
JOUR ET NUIT ROUGE 1/2,18.0,PC (1 PC),Alcools,jeudi,2024-12,C,36,48.0
KETCHUP,10.0,L (1 L),Epicerie,samedi,2024-12,C,36,40.0
KINDER BUENO,90.0,PC (1 PC),Epicerie,vendredi,2024-12,A,36,300.0
KINDER T4,20.0,PC (1 PC),Epicerie,jeudi,2024-12,B,36,180.0
LAVETTE COTON,78.0,PC (1 PC),Hygiène,mardi,2024-12,A,36,149.0
LEVURE BOULANGERE NORMALE,18.0,PQT (6 PC),Boulangerie_R,mardi,2024-12,B,36,34.0
LOT CAFE GRAIN ESPRESSO ELITE 3,71.0,PC (1 KG),Cafe,jeudi,2024-12,A,36,128.0
LOT CAFE GRAINS  PUR EXPRESS,11.0,KG,Cafe,jeudi,2024-12,A,36,73.0
MAIS EN BOITE,49.0,BTE (340 GR),Epicerie,mardi,2024-12,A,36,92.0
MAIS EN VRAC,7.0,PC (1 KG),Legumes Frais,vendredi,2024-12,C,36,9.0
MANGUE,14.0,PC (1 PC),Fruits & Legumes Frais,vendredi,2024-12,A,36,39.0
MARGARINE,9.0,KG,Beurre Oeuf Fromage,samedi,2024-12,B,36,13.5
MARINADE EMINCE DE BOEUF,10.0,PC (0.15 KG),Epicerie,mardi,2024-12,C,36,10.0
MARINADE POULET GRILLE,30.0,PC (0.15 KG),Volaille Surgelée,mardi,2024-12,C,36,30.0
MARS CHOCOLAT,40.0,PC (1 PC),Epicerie,vendredi,2024-12,C,36,160.0
MAYONAISE,24.0,SEAU (5 L),Beurre Oeuf Fromage,mardi,2024-12,A,36,44.0
MELANGE EPICES VIANDE 500GR PB,2.0,KG (1 KG),Epicerie,mardi,2024-12,D,36,2.0
MELANGE TENDER  PB,11.0,KG (1 KG),Epicerie,mardi,2024-12,C,36,11.0
MIEL MILLE FLEURS,1.0,KG,Epicerie,mardi,2024-12,D,36,5.0
MIX A CREPE FRANCAISE,50.0,SAC,Pâtisseries,mardi,2024-12,B,36,150.0
MOELLEUX CHOCOLAT,27.0,PC (1 PC),Viennoiserie,mercredi,2024-12,C,36,108.0
MOUTARDE DIJON,8.0,BTE (850 GR),Epicerie,mardi,2024-12,D,36,12.0
MOZARELLA CERISE,8.0,BTE (20 PC),Beurre Oeuf Fromage,samedi,2024-12,C,36,24.0
Moelleux  individual  Margarine,10.0,PC (1 PC),Pâtisseries,jeudi,2024-12,D,36,50.0
NOIX DE CAJOU GRILLES SALEES 65GR,36.0,PC (1 PC),Fruits Secs,vendredi,2024-12,B,36,96.0
NUGGETS PANE PB,50.0,PC (1 PC),Volaille Surgelée,jeudi,2024-12,A,36,275.0
NUTELLA GO 52 GR,48.0,PC (1 PC),Epicerie,vendredi,2024-12,C,36,170.0
OEUFS,49.0,PLT (30 PC),Beurre Oeuf Fromage,mercredi,2024-12,A,36,83.0
OIGNION VERT,4.55,KG,Legumes Frais,mardi,2024-12,D,36,11.15
OIGNONS BLANC,76.95,KG (1 KG),Legumes Frais,mardi,2024-12,A,36,127.3
OIGNONS ROUGE,79.0,KG (1 KG),Legumes Frais,mardi,2024-12,A,36,119.4
OLIVE NOIRE SLICE,7.0,KG (1 KG),Epicerie,mardi,2024-12,B,36,35.0
OLIVE VIOLETTE,5.0,KG (1 KG),Epicerie,jeudi,2024-12,C,36,14.0
PACK FOOD BOWL + COUVERCLE 1.2 L,50.0,PC (1 PC),Consommable,vendredi,2024-12,B,36,175.0
PAILLE NOIR,10.0,PQT (250 PC),Consommable,samedi,2024-12,A,36,39.0
PAIN CHAWARMA *10,34.0,PQT (10 PC),Boulangerie_R,mardi,2024-12,A,36,115.0
PAIN DE MIE CEREALE,52.0,PC (1 PC),Boulangerie_R,mardi,2024-12,B,36,130.0
PAIN DE MIE NATURE,78.0,PC,Boulangerie_R,mardi,2024-12,B,36,130.0
PAIN SCHNECK AUX RAISINS SURG PUR BEURRE GF,150.0,PC (1 PC),Viennoiserie,lundi,2024-12,B,36,1200.0
PAIN SHNEK AU RAISIN MARGARINE,150.0,PC (1 KG),Pâtisseries,lundi,2024-12,C,36,700.0
PAPIER CUISSON 40*60,2.0,PC (250 PC),Consommable,mercredi,2024-12,C,36,4.0
PAPIER SERVIETTE GOURMANDISE,40.0,PC (1 PC),Consommable,samedi,2024-12,B,36,128.0
PAPRIKA FORT,3.0,KG (1 KG),Epicerie,samedi,2024-12,C,36,3.0
PAQUET 17/4,100.0,PC (1 PC),Consommable,samedi,2024-12,C,36,300.0
PATE PIZZA FOCACCIA 12/40,88.0,PC (1 PC),Boulangerie_R,mercredi,2024-12,A,36,170.0
PATE PLUME COURTE,58.0,PQT (0.5 KG),Epicerie,dimanche,2024-12,B,36,58.0
PATE SPAGHETTI,21.0,PQT (0.5 KG),Epicerie,jeudi,2024-12,B,36,74.0
PEPPERONI,1.5,KG (1 KG),Charcuterie,mercredi,2024-12,A,36,4.8
PILLE AA,1.0,PC (1 GR),Fournitures de Bureau,lundi,2024-12,D,36,20.0
PIMENT DOUX,28.75,KG (1 KG),Legumes Frais,mercredi,2024-12,A,36,97.3
PIMENT FORT,66.0,KG (1 KG),Legumes Frais,mardi,2024-12,A,36,78.95
PIMENT ROUGE SALLE,5.0,KG (1 KG),Epicerie,jeudi,2024-12,B,36,20.0
POIS CHICHE KG,6.0,PC (1 PC),Legumes Secs,mercredi,2024-12,C,36,8.0
POIVRE NOIR MOULU,2.0,PC (1 KG),Epicerie,mercredi,2024-12,B,36,3.0
POMME DE TERRE,170.95,KG (1 KG),Legumes Frais,jeudi,2024-12,A,36,292.25
POUDRE TENDERS PB,10.0,KG (1 KG),Volaille Surgelée,samedi,2024-12,B,36,42.0
POULET PAC FRAIS,45.0,KG (1 KG),Volaille Fraiche,jeudi,2024-12,C,36,98.48
POULET PANE AMANDE PB,240.0,PC (1 PC),Volaille Surgelée,jeudi,2024-12,A,36,350.0
PUNCH CIDRE 50CL,48.0,PC (1 PC),Eaux et Sodas,jeudi,2024-12,B,36,164.0
PUNCH ORANGE 30CL,12.0,PC (1 PC),Eaux et Sodas,jeudi,2024-12,D,36,198.0
PUNCH ORANGE 50CL,89.0,PC (1 PC),Eaux et Sodas,jeudi,2024-12,B,36,161.0
QUATRE EPICES MOULU,1.0,PC (1 KG),Epicerie,lundi,2024-12,C,36,3.0
RACLETTE,1.0,PC (1 PC),Hygiène,mardi,2024-12,B,36,7.0
RAME PAPIER A4,3.0,PC (1 PC),Fournitures de Bureau,jeudi,2024-12,B,36,23.0
REMANENT HERBE CF,4.0,PC (1 PC),Hygiène,samedi,2024-12,B,36,10.0
ROQUETTE SALADE BARQUETTE,2.5,KG,Legumes Frais,jeudi,2024-12,A,36,5.9
ROULEAU CAISSE 80*80,120.0,PC (1 PC),Fournitures de Bureau,jeudi,2024-12,A,36,205.0
ROULEAU TPE,90.0,PC (1 PC),Fournitures de Bureau,vendredi,2024-12,A,36,286.0
SAC BOUTIQUE GDISE HD 50/45 BLANC,500.0,PC (1 PC),Consommable,samedi,2024-12,D,36,1000.0
SACHET BRETELLES 38X60 MF,50.0,PC (1 PC),Consommable,jeudi,2024-12,B,36,225.0
SACHET CONGELATION,6.0,PC (1 KG),Consommable,mardi,2024-12,D,36,10.0
SALADE LAITUE TUN,196.55,KG (1 KG),Legumes Frais,mardi,2024-12,A,36,393.7
SANEX,44.0,PC (1 PC),Hygiène,mardi,2024-12,A,36,100.0
SANIT SURF,36.0,PC (1 PC),Hygiène,mardi,2024-12,A,36,51.0
SAUCE A L'AIL,3.0,KG (1 KG),Epicerie,mercredi,2024-12,B,36,12.0
SAUCE A L'AIL PB,10.0,KG (1 KG),Epicerie,mardi,2024-12,A,36,11.0
SAUCE AU POIVRE PB,5.0,SCH (0.5 KG),Epicerie,mardi,2024-12,C,36,6.0
SAUCE MAYONNAISE PESTO,9.0,L (1 L),Epicerie,mardi,2024-12,B,36,10.0
SAUCE PESTO PB,5.0,PC (0.6 KG),Epicerie,mardi,2024-12,A,36,5.0
SAUCE PLAN B,10.0,L (1 L),Epicerie,jeudi,2024-12,C,36,20.0
SEL,8.0,PC (1 KG),Epicerie,mardi,2024-12,B,36,17.0
SERPILLERE,54.0,PC (1 PC),Hygiène,mardi,2024-12,A,36,122.0
SERVIETTE 30*30 CIGUSTA,96.0,PC (1 PC),Consommable,mercredi,2024-12,B,36,192.0
SERVIETTE 30*30 MF,20.0,PQT (1 PQT),Consommable,lundi,2024-12,B,36,74.0
SNICKERS,40.0,PC (1 PC),Epicerie,vendredi,2024-12,C,36,100.0
SUCRE EN SACHET CI-GUSTA,30.0,PC (1 PC),Cafe,mercredi,2024-12,B,36,120.0
SUCRE EN SACHET DAILY BREAK,110.0,PC (1 KG),Cafe,mercredi,2024-12,A,36,230.0
THON HV EN BOITE,112.0,BTE (2.05 KG),Conserve de Poisson,mardi,2024-12,B,36,150.0
TIC TAC SPEARMINT,12.0,PC,Epicerie,lundi,2024-12,D,36,60.0
TIC TAC STRAWBERRY MIX,12.0,PC (1 PC),Epicerie,lundi,2024-12,D,36,60.0
TOMATE CERISES,5.99,KG (1 KG),Legumes Frais,mercredi,2024-12,A,36,24.95
TOMATE CONCENTREE EN BOITE,25.0,BTE (0.8 KG),Epicerie,mardi,2024-12,B,36,60.0
TOMATE FRAICHE,314.65000000000003,KG (1 KG),Legumes Frais,mardi,2024-12,A,36,526.85
TWIX,25.0,PC (1 PC),Epicerie,jeudi,2024-12,C,36,125.0
VIANDE HACHEE SPECIAL MAIGRE CONGELE KG,40.15,KG,Viandes Surgelées,jeudi,2024-12,B,36,128.74
VIANDE SECHE FUME (BRESAOLA) TRANCHES 300GR,5.1,KG (1000 GR),Viandes Fraiches,mardi,2024-12,A,36,11.0
VINAIGRE 1L,2.0,L (1000 GR),Epicerie,mercredi,2024-12,D,36,12.0
VIPA ORIENTAL MIX 100 GR,8.0,PC (1 PC),Fruits Secs,lundi,2024-12,B,36,48.0
fondant chocolat individual Margarine,17.0,PC (1 PC),Pâtisseries,jeudi,2024-12,C,36,71.0
AC-SMOOTHIE DETOX,10.0,PC (1 PC),Jus Fruit Lait,samedi,2025-01,D,37,20.0
AC-SMOOTHIE EXOTIC,10.0,PC (1 PC),Jus Fruit Lait,samedi,2025-01,D,37,20.0
AC-SMOOTHIE LE CLASSIQUE,10.0,PC (1 PC),Jus Fruit Lait,samedi,2025-01,D,37,20.0
AC-SMOOTHIE PEACH'TINI,10.0,PC (1 PC),Jus Fruit Lait,samedi,2025-01,D,37,20.0
AC-SMOOTHIE TROPIC TRIP,10.0,PC (1 PC),Jus Fruit Lait,samedi,2025-01,D,37,20.0
AGRAFFE,11.0,PC (1 PC),Fournitures de Bureau,lundi,2024-12,C,37,11.0
AIL,1.45,KG (1 KG),Legumes Frais,samedi,2025-01,B,37,8.3
AJAX VITRE,21.0,PC (1 PC),Hygiène,vendredi,2024-12,A,37,32.0
ALKASURF DDA 5KG,5.0,PC (1 PC),Hygiène,mardi,2024-12,D,37,15.0
AMANDE EFFILEE,2.0,PC (1 KG),Fruits Secs,mercredi,2025-01,B,37,4.0
AMANDES GRILEES SALEES 70GR,24.0,PC (1 PC),Fruits Secs,mercredi,2025-01,B,37,84.0
AMSTEL BEER BLLE 33CL,144.0,BTL (1 BTL),Alcools,lundi,2024-12,B,37,432.0
ASEPCLOR,30.0,PC (1 PC),Hygiène,lundi,2024-12,A,37,60.0
AUBERGINE,7.45,KG (1 KG),Legumes Frais,samedi,2024-12,B,37,17.75
AVOCAT FRUIT PIECE,11.0,PC (1 PC),Fruits & Legumes Frais,vendredi,2024-12,B,37,43.0
BACON BOEUF FUME TRANCHES ( 300GR),6.9,KG (1000 GR),Viandes Fraiches,vendredi,2024-12,A,37,6.9
BACON DE DINDE TRANCHES (1 - 1.5 KG),20.0,KG (1 KG),Charcuterie,mardi,2024-12,B,37,43.0
BALAIS SANS MANCHE,1.0,PC (1 PC),Hygiène,mardi,2024-12,C,37,9.0
BANANE,122.0,KG (1 PC),Fruits & Legumes Frais,samedi,2024-12,A,37,155.0
BASILIC BARQUETTE,3.2,KG (1 KG),Legumes Frais,vendredi,2024-12,A,37,11.05
BLOUSE NON TISSEE,15.0,PC (1 KG),Hygiène,mardi,2024-12,C,37,36.0
BOGA CIDRE PET 30 CL,60.0,PC (1 PC),Eaux et Sodas,lundi,2024-12,C,37,182.0
BOGA LIME PET 30 CL,60.0,PC (1 PC),Eaux et Sodas,lundi,2024-12,C,37,228.0
BOITE D'ARCHIVE,3.0,PC (1 PC),Fournitures de Bureau,vendredi,2024-12,D,37,35.0
BOITE FRAPPE CAFE 1.36KG MONIN,1.0,BTE (1360 GR),Pâtisseries,dimanche,2025-01,C,37,6.0
BOITE FRAPPE VANILLE 1.36KG MONIN,1.0,KG,Pâtisseries,dimanche,2025-01,C,37,6.0
BOITE PIZZA ONDULEE 31/31,150.0,PC,Consommable,samedi,2024-12,C,37,200.0
BORGHELL,2.0,KG (1 KG),Epicerie,samedi,2024-12,C,37,10.0
BOUTEILLE DE VINAIGRETTE 250ML,12.0,PC (250 GR),Epicerie,samedi,2024-12,A,37,16.0
CAKE CHOCOLAT PBC,32.0,PC (1 PC),Viennoiserie,vendredi,2024-12,B,37,88.0
CAKE CITRON PBC,6.0,PC,Viennoiserie,dimanche,2024-12,B,37,216.0
CAKE MARBRE MARGARINE,220.0,PC (1 PC),Pâtisseries,vendredi,2024-12,A,37,561.0
CAKE MARBRE PBC,154.0,PC,Viennoiserie,mardi,2024-12,A,37,363.0
CAKE ORANGE PBC,40.0,PC (1 PC),Viennoiserie,vendredi,2024-12,B,37,170.0
CAPRE VRAC,3.0,KG,Legumes Frais,lundi,2024-12,B,37,9.0
CAROTTE,32.4,KG (1 KG),Legumes Frais,vendredi,2024-12,A,37,67.1
CAROTTE CAKE PBC,121.0,PC (1 PC),Viennoiserie,vendredi,2024-12,B,37,330.0
CELTIA FUT DE 50L,3.0,PC (50 L),Alcools,dimanche,2024-12,B,37,6.0
CHAMPIGNON FRAIS,25.0,KG (1 KG),Legumes Frais,vendredi,2024-12,A,37,39.0
CHEMISE CRAFT,40.0,PC (1 PC),Fournitures de Bureau,vendredi,2024-12,D,37,90.0
CHOCOLAT CHAUD EN POUDRE,1.0,KG (1 KG),Cafe,dimanche,2024-12,B,37,7.0
CHOCOLAT EN POUDRE,35.0,PC (0.2 KG),Cafe,lundi,2024-12,A,37,86.0
CHOUX ROUGE,3.5,KG (1 KG),Legumes Frais,vendredi,2024-12,A,37,9.6
CHOUX VERT,3.35,KG (1 KG),Legumes Frais,vendredi,2024-12,B,37,12.8
CITRON FRAIS,4.6,KG (1 KG),Legumes Frais,mercredi,2025-01,B,37,21.6
CITRON SALLE,3.0,SEAU (7 KG),Legumes Frais,mercredi,2025-01,B,37,28.0
COCA COLA PET 30CL.,240.0,PC (1 PC),Eaux et Sodas,lundi,2024-12,C,37,456.0
COCA ZERO PET 30 CL,48.0,PC (1 PC),Eaux et Sodas,lundi,2024-12,D,37,168.0
COFFRET CHECHIA AV SEP 16/16,50.0,PC (1 PC),Consommable,jeudi,2025-01,C,37,125.0
COFFRET PORTRAIT AV SEP 11.5/11.5,50.0,PC (1 PC),Consommable,jeudi,2025-01,C,37,175.0
COFFRET PORTRAIT AV SEP 19.5/19.5,50.0,PC (1 PC),Consommable,jeudi,2025-01,C,37,200.0
COFFRET PORTRAIT AV SEP24.5/14.5,50.0,PC (1 PC),Consommable,jeudi,2025-01,C,37,150.0
CONCOMBRE,103.2,KG (1 KG),Legumes Frais,vendredi,2024-12,A,37,177.692
CORNICHON FRAIS,2.0,SEAU (3 KG),Legumes Frais,lundi,2024-12,B,37,12.0
COURGE,18.4,KG (1 KG),Legumes Frais,vendredi,2024-12,B,37,47.65
COURGETTE,16.75,KG (1 KG),Legumes Frais,samedi,2024-12,A,37,28.6
COUSCOUS,4.0,PQT (1 KG),Epicerie,vendredi,2024-12,D,37,33.0
COUTEAU A PAIN 21 CM,1.0,PC (1 PC),Accessoire & couvert,dimanche,2024-12,D,37,4.0
CREME A FOUETTER,16.0,PC,GLACES,samedi,2024-12,B,37,16.0
CREME DE CUISSON,9.0,L (0.95 L),Beurre Oeuf Fromage,dimanche,2024-12,B,37,27.0
CREME SUPERIEUR,24.0,PQT (1 L),Epicerie,mercredi,2025-01,D,37,42.0
CREVETTE 26/30 AVEC QUEUE  SURG.,2.0,KG (1 KG),Poisson Surgelé_R,mardi,2024-12,C,37,4.0
CURCUMIN MOULU,1.0,SCH (1 KG),Epicerie,vendredi,2024-12,D,37,2.2
Cake chocolat family Margarine,49.0,PC (6 PC),Pâtisseries,vendredi,2024-12,C,37,49.0
Cake citron family Margarine,42.0,PC (6 PC),Pâtisseries,vendredi,2024-12,C,37,42.0
Cake marbré family Margarine,74.0,PC (6 PC),Pâtisseries,vendredi,2024-12,C,37,74.0
Carotte cake family Margarine,24.0,PC (6 PC),Pâtisseries,lundi,2024-12,C,37,24.0
Cookies  individual Margarine,46.0,PC (1 PC),Pâtisseries,vendredi,2024-12,C,37,48.0
DADDY'S CHIPS CLASSIC SEL DE MER 70G,75.0,PC (1 PC),Epicerie,mercredi,2025-01,A,37,225.0
DADDY'S CHIPS SAVORY TRUFFE PARMESAN 70G,45.0,PC (1 PC),Epicerie,mercredi,2025-01,B,37,165.0
DADDY'S CHIPS SPICY PAPRIKA 70G,45.0,PC (1 PC),Epicerie,mercredi,2025-01,A,37,165.0
DATTE EN VRAC,4.6,KG (1 KG),Fruits & Legumes Frais,mercredi,2025-01,B,37,18.3
DINOL,18.0,BIDON (4.75 L),Hygiène,vendredi,2024-12,A,37,135.0
EMINCE DE BOEUF PORT. SURGELE,35.175,KG (1000 GR),Viandes Surgelées,vendredi,2024-12,A,37,79.49000000000001
EPINARD,3.8,KG (1 KG),Legumes Frais,vendredi,2024-12,B,37,12.15
ESCALOPE POULET FRAIS,216.4,KG (1 KG),Volaille Surgelée,samedi,2024-12,A,37,503.16
ESCALOPE POULET PANE CONGELE,114.37,KG (1 KG),Volaille Surgelée,vendredi,2024-12,A,37,128.91
ESSUIT TOUT JUMBO,120.0,PC (1 KG),Hygiène,vendredi,2024-12,A,37,157.0
FANTA PET 30,60.0,PC (1 PC),Eaux et Sodas,lundi,2024-12,C,37,228.0
FARINE EN PAQUET,136.0,PC (1 KG),Epicerie,vendredi,2024-12,A,37,252.0
FESTIFE MIX 100 GR,24.0,PC (1 PC),Fruits Secs,mercredi,2025-01,C,37,32.0
FILM ETIRABLE,30.0,PC (1 GR),Consommable,vendredi,2024-12,A,37,33.0
FRAISE FRAIS,44.95,KG (1 KG),Fruits & Legumes Frais,samedi,2024-12,A,37,64.35
FRITE SURGELE 9/9 CLASSIC 2.5 KG,280.0,KG (1 KG),Legumes Surgelés,vendredi,2024-12,A,37,290.0
FRITE SURGELE WEDGES 2.5 KG,35.0,KG (1 KG),Legumes Surgelés,dimanche,2024-12,B,37,90.0
FROMAGE BLANC FONDU KG,8.8,KG (1 KG),Beurre Oeuf Fromage,samedi,2024-12,C,37,15.4
FROMAGE CHEDDAR EN BLOC,33.0,KG (1 KG),Beurre Oeuf Fromage,samedi,2024-12,A,37,65.0
FROMAGE EDAM MEULE,12.746,KG (1 KG),Beurre Oeuf Fromage,dimanche,2024-12,B,37,35.622
FROMAGE LAND OR,19.8,PC (1 KG),Beurre Oeuf Fromage,samedi,2024-12,A,37,25.4
FROMAGE MAASDAM EN BLOC,37.0,KG (1 KG),Beurre Oeuf Fromage,samedi,2024-12,B,37,42.0
FROMAGE MEULE GOUDA,24.502,KG (1 KG),Beurre Oeuf Fromage,vendredi,2024-12,C,37,24.502
FROMAGE MOZZARELLA  KG,125.91,KG (1 KG),Beurre Oeuf Fromage,samedi,2024-12,A,37,176.93
FROMAGE PARMESAN PB,1.4,KG (1 KG),Beurre Oeuf Fromage,samedi,2024-12,A,37,3.8
FUT HEINEKEIN,9.0,BTL (20 L),Alcools,vendredi,2024-12,B,37,240.0
GARCI GAZ P.E.T 1 L,60.0,L (1 GR),Eaux et Sodas,vendredi,2024-12,A,37,344.0
GATEAU CHOCOLAT PBC,50.0,PC (1 PC),Viennoiserie,samedi,2024-12,B,37,100.0
GEL ANTIBAC 500,1.0,POT (1 PQT),Hygiène,mercredi,2025-01,D,37,6.0
HARISSA ARBI,9.0,BTE (0.45 KG),Epicerie,samedi,2025-01,A,37,23.0
HARISSA CONCENTRE EN BOITE,57.0,BTE (2 KG),Epicerie,vendredi,2024-12,A,37,57.0
HUILE D'OLIVE POMACE,4.75,L (1 L),Epicerie,mercredi,2025-01,B,37,28.5
HUILE VEGETALE,53.0,BIDON (5 L),Epicerie,vendredi,2024-12,A,37,67.0
JAMBON DE BOEUF FUME,6.4,KG (1 KG),Charcuterie,dimanche,2024-12,A,37,18.1
JAMBON DE DINDE,19.2,KG (1 KG),Charcuterie,samedi,2024-12,A,37,34.15
JEX CARRE,76.0,PC (1 PC),Hygiène,vendredi,2024-12,A,37,180.0
JOUR ET NUIT ROUGE 1/2,5.0,PC (1 PC),Alcools,jeudi,2025-01,C,37,48.0
KETCHUP,15.0,L (1 L),Epicerie,samedi,2024-12,C,37,40.0
KINDER BUENO,120.0,PC (1 PC),Epicerie,lundi,2024-12,A,37,300.0
KINDER T4,40.0,PC (1 PC),Epicerie,mercredi,2025-01,B,37,180.0
LAVETTE COTON,132.0,PC (1 PC),Hygiène,vendredi,2024-12,A,37,149.0
LENTILLE VRAC,2.0,PC (1 PC),Legumes Secs,samedi,2025-01,D,37,3.0
LEVURE BOULANGERE NORMALE,12.0,PQT (6 PC),Boulangerie_R,vendredi,2024-12,B,37,34.0
LOT CAFE GRAIN ESPRESSO ELITE 3,51.0,PC (1 KG),Cafe,dimanche,2024-12,A,37,128.0
LOT CAFE GRAINS  PUR EXPRESS,22.0,KG,Cafe,dimanche,2024-12,A,37,73.0
LOT DE CAFE TURC,0.5,PC (1 KG),Cafe,mercredi,2025-01,D,37,3.0
MAIS EN BOITE,59.0,BTE (340 GR),Epicerie,vendredi,2024-12,A,37,92.0
MAIS EN VRAC,1.0,PC (1 KG),Legumes Frais,jeudi,2025-01,C,37,9.0
MANGUE,18.0,PC (1 PC),Fruits & Legumes Frais,mardi,2024-12,A,37,39.0
MARGARINE,9.0,KG (1 KG),Beurre Oeuf Fromage,mardi,2024-12,B,37,13.5
MARINADE EMINCE DE BOEUF,8.0,PC (0.15 KG),Epicerie,samedi,2024-12,C,37,10.0
MARINADE POULET GRILLE,24.0,PC (0.15 KG),Volaille Surgelée,samedi,2024-12,C,37,30.0
MARS CHOCOLAT,40.0,PC (1 PC),Epicerie,mercredi,2025-01,C,37,160.0
MAYONAISE,27.0,SEAU (5 L),Beurre Oeuf Fromage,vendredi,2024-12,A,37,44.0
MELANGE TENDER  PB,7.0,KG (1 KG),Epicerie,samedi,2024-12,C,37,11.0
MENTHE FRAICHE,6.0,PC,Legumes Frais,mardi,2024-12,B,37,16.0
MIX A CREPE FRANCAISE,115.0,SAC,Pâtisseries,samedi,2024-12,B,37,150.0
MOELLEUX CHOCOLAT,9.0,PC (1 PC),Viennoiserie,samedi,2024-12,C,37,108.0
MOUTARDE DIJON,8.0,BTE (850 GR),Epicerie,vendredi,2024-12,D,37,12.0
MOZARELLA CERISE,8.0,BTE (20 PC),Beurre Oeuf Fromage,vendredi,2024-12,C,37,24.0
MUFFINS VANILLE,48.0,PC (1 PC),Viennoiserie,mardi,2024-12,B,37,96.0
Moelleux  individual  Margarine,34.0,PC (1 PC),Pâtisseries,dimanche,2024-12,D,37,50.0
NAPPAGE,2.0,PC (1 PC),Pâtisseries,mercredi,2025-01,C,37,14.0
NOIX DE CAJOU GRILLES SALEES 65GR,24.0,PC (1 PC),Fruits Secs,mercredi,2025-01,B,37,96.0
NUGGETS PANE PB,150.0,PC (1 PC),Volaille Surgelée,vendredi,2024-12,A,37,275.0
NUTELLA GO 52 GR,72.0,PC (1 PC),Epicerie,mercredi,2025-01,C,37,170.0
OEUFS,62.0,PLT (30 PC),Beurre Oeuf Fromage,vendredi,2024-12,A,37,83.0
OIGNION VERT,11.15,KG (1 KG),Legumes Frais,lundi,2024-12,D,37,11.15
OIGNONS BLANC,64.7,KG (1 KG),Legumes Frais,vendredi,2024-12,A,37,127.3
OIGNONS ROUGE,77.6,KG (1 KG),Legumes Frais,vendredi,2024-12,A,37,119.4
OLIVE DENOYETE,6.0,KG (1 KG),Epicerie,mercredi,2025-01,B,37,35.0
OLIVE NOIRE SLICE,9.0,KG (1 KG),Epicerie,mercredi,2025-01,B,37,35.0
OLIVE VIOLETTE,5.0,KG (1 KG),Epicerie,mardi,2024-12,C,37,14.0
PACK FOOD BOWL + COUVERCLE 1.2 L,75.0,PC,Consommable,samedi,2024-12,B,37,175.0
PAILLE NOIR,12.0,PQT (250 PC),Consommable,samedi,2024-12,A,37,39.0
PAIN CHAWARMA *10,74.0,PQT (10 PC),Boulangerie_R,samedi,2024-12,A,37,115.0
PAIN DE MIE CEREALE,52.0,PC (1 PC),Boulangerie_R,mardi,2024-12,B,37,130.0
PAIN DE MIE NATURE,52.0,PC (1 PC),Boulangerie_R,mardi,2024-12,B,37,130.0
PAIN SCHNECK AUX RAISINS SURG PUR BEURRE GF,300.0,PC (1 PC),Viennoiserie,vendredi,2024-12,B,37,1200.0
PAIN SHNEK AU RAISIN MARGARINE,400.0,PC (1 KG),Pâtisseries,vendredi,2024-12,C,37,700.0
PAPIER CUISSON 40*60,3.0,PQT (500 PC),Consommable,mercredi,2025-01,C,37,4.0
PAPIER SERVIETTE GOURMANDISE,80.0,PC (1 PC),Consommable,vendredi,2025-01,B,37,128.0
PAPRIKA FORT,2.0,KG (1 KG),Epicerie,vendredi,2025-01,C,37,3.0
PATE PAPILLON,10.0,PQT (0.5 KG),Epicerie,lundi,2024-12,D,37,24.0
PATE PIZZA FOCACCIA 12/40,100.0,PC (1 PC),Boulangerie_R,samedi,2024-12,A,37,170.0
PATE PIZZA FOCACCIA D32 CM,12.0,PC (1 PC),Boulangerie_R,samedi,2024-12,C,37,50.0
PATE PIZZA PANCROCCHINO 32cm,20.0,PC (1 PC),Boulangerie_R,samedi,2024-12,D,37,51.0
PATE PLUME COURTE,37.0,PQT (0.5 KG),Epicerie,lundi,2024-12,B,37,58.0
PATE SPAGHETTI,13.0,PQT (0.5 KG),Epicerie,lundi,2024-12,B,37,74.0
PEPPERONI,0.6,KG (1 KG),Charcuterie,mercredi,2025-01,A,37,4.8
PIMENT DOUX,28.15,KG (1 KG),Legumes Frais,samedi,2024-12,A,37,97.3
PIMENT FORT,65.65,KG (1 KG),Legumes Frais,vendredi,2024-12,A,37,78.95
PIMENT ROUGE SALLE,10.0,KG (1 KG),Epicerie,mardi,2024-12,B,37,20.0
POCHETTE CROISSANT 15*7*29,2.0,PC (1000 PC),Consommable,samedi,2024-12,C,37,4.0
POIS CHICHE KG,1.0,PC (1 PC),Legumes Secs,vendredi,2024-12,C,37,8.0
POIVRE NOIR MOULU,1.0,PC (1 KG),Epicerie,lundi,2024-12,B,37,3.0
POMME DE TERRE,230.95,KG (1 KG),Legumes Frais,vendredi,2024-12,A,37,292.25
POT NUTELLA,48.0,PC (1 KG),Pâtisseries,mardi,2024-12,D,37,78.0
POUDRE TENDERS PB,22.0,KG (1 KG),Volaille Surgelée,vendredi,2024-12,B,37,42.0
POULET PAC FRAIS,18.19,KG (1 KG),Volaille Fraiche,lundi,2024-12,C,37,98.48
POULET PANE AMANDE PB,280.0,PC (1 PC),Volaille Surgelée,vendredi,2024-12,A,37,350.0
PUNCH CIDRE 50CL,47.0,PC,Eaux et Sodas,mardi,2024-12,B,37,164.0
PUNCH ORANGE 30CL,99.0,PC (1 PC),Eaux et Sodas,dimanche,2024-12,D,37,198.0
PUNCH ORANGE 50CL,9.0,PC (1 PC),Eaux et Sodas,jeudi,2025-01,B,37,161.0
PUREE ANANAS 1 L,1.0,PC (1 L),Epicerie,vendredi,2025-01,D,37,2.0
PUREE DE BANANE 1L,1.0,PC (1 L),Epicerie,dimanche,2025-01,D,37,2.0
PUREE FRAISE 1.32KG MONIN,1.0,KG (1320 GR),Pâtisseries,dimanche,2025-01,D,37,2.0
PUREE MANGUE 1L,1.0,PC (1 L),Epicerie,dimanche,2025-01,D,37,2.0
QUATRE EPICES MOULU,1.0,PC (1 KG),Epicerie,vendredi,2025-01,C,37,3.0
RACLETTE,3.0,PC (1 PC),Hygiène,dimanche,2024-12,B,37,7.0
RAME PAPIER A4,11.0,PC (1 PC),Fournitures de Bureau,samedi,2024-12,B,37,23.0
REMANENT HERBE CF,2.0,PC (1 PC),Hygiène,samedi,2024-12,B,37,10.0
RIZ EN PAQUET,6.0,PC,Epicerie,lundi,2024-12,C,37,35.0
ROQUETTE SALADE BARQUETTE,2.6,KG,Legumes Frais,vendredi,2024-12,A,37,5.9
ROULEAU CAISSE 80*80,75.0,PC (1 PC),Fournitures de Bureau,vendredi,2024-12,A,37,205.0
ROULEAU DE 750 ETIQUETTE BLANC,4.0,PC,Consommable,mardi,2024-12,C,37,16.0
ROULEAU THERMIQUE BALANCE,4.0,PC (1 PC),Fournitures de Bureau,vendredi,2024-12,D,37,30.0
ROULEAU TPE,185.0,PC (1 PC),Fournitures de Bureau,vendredi,2024-12,A,37,286.0
SACHET BRETELLES 38X60 MF,150.0,PC (1 PC),Consommable,dimanche,2024-12,B,37,225.0
SALADE LAITUE TUN,252.15,KG (1 KG),Legumes Frais,vendredi,2024-12,A,37,393.7
SANEX,27.0,PC (1 PC),Hygiène,vendredi,2024-12,A,37,100.0
SANIT SURF,39.0,PC (1 PC),Hygiène,vendredi,2024-12,A,37,51.0
SAUCE A L'AIL PB,8.0,KG (1 KG),Epicerie,samedi,2024-12,A,37,11.0
SAUCE AU POIVRE PB,4.0,SCH (0.5 KG),Epicerie,samedi,2024-12,C,37,6.0
SAUCE MAYONNAISE PESTO,8.0,L (1 L),Epicerie,samedi,2024-12,B,37,10.0
SAUCE PESTO PB,5.0,PC (0.6 KG),Epicerie,samedi,2024-12,A,37,5.0
SAUCE PLAN B,15.0,L (1 L),Epicerie,dimanche,2024-12,C,37,20.0
SEL,8.0,PC (1 KG),Epicerie,vendredi,2024-12,B,37,17.0
SERPILLERE,69.0,PC (1 PC),Hygiène,vendredi,2024-12,A,37,122.0
SERVIETTE 30*30 CIGUSTA,48.0,PC (1 PC),Consommable,dimanche,2024-12,B,37,192.0
SERVIETTE 30*30 MF,53.0,PQT (1 PQT),Consommable,dimanche,2024-12,B,37,74.0
SIROP DE VANILLE 1L MONIN,1.0,PC (700 ML),Pâtisseries,dimanche,2025-01,C,37,3.0
SNICKERS,20.0,PC (1 PC),Epicerie,mercredi,2025-01,C,37,100.0
STEACK HACHE (PORTION 115GR),27.0,PC (1 KG),Viandes Surgelées,samedi,2024-12,C,37,32.0
SUCRE EN SACHET CI-GUSTA,20.0,PC (1 PC),Cafe,lundi,2024-12,B,37,120.0
SUCRE EN SACHET DAILY BREAK,160.0,PC (1 KG),Cafe,samedi,2024-12,A,37,230.0
TENDER DE POULET 1KG,40.0,KG,Volaille Surgelée,mardi,2024-12,D,37,225.0
THE NOIR MENTHE SANS SUCRE,180.0,PC (1 PC),THE,samedi,2025-01,C,37,720.0
THON HV EN BOITE,116.0,BTE (2.05 KG),Conserve de Poisson,dimanche,2024-12,B,37,150.0
TIC TAC SPEARMINT,12.0,PC,Epicerie,jeudi,2025-01,D,37,60.0
TIC TAC STRAWBERRY MIX,12.0,PC (1 PC),Epicerie,jeudi,2025-01,D,37,60.0
TOMATE CERISES,10.5,KG (1 KG),Legumes Frais,samedi,2024-12,A,37,24.95
TOMATE CONCENTREE EN BOITE,33.0,BTE (0.8 KG),Epicerie,vendredi,2024-12,B,37,60.0
TOMATE FRAICHE,419.15,KG (1 KG),Legumes Frais,vendredi,2024-12,A,37,526.85
TOMATES SECHEES,0.3,PC (1000 GR),Epicerie,mercredi,2025-01,B,37,5.0
TWIX,75.0,PC (1 PC),Epicerie,mercredi,2025-01,C,37,125.0
VARIANTES,7.0,KG,Legumes Frais,dimanche,2024-12,D,37,10.0
VIANDE HACHEE SPECIAL MAIGRE CONGELE KG,32.8,KG,Viandes Surgelées,samedi,2025-01,B,37,128.74
VIANDE HACHEE SPECIAL RESTO,64.875,KG (1 KG),Viandes Fraiches,vendredi,2024-12,A,37,191.07
VIANDE SECHE FUME (BRESAOLA) TRANCHES 300GR,9.3,KG (1000 GR),Viandes Fraiches,vendredi,2024-12,A,37,11.0
VINAIGRE CREME DE BALSAMIQUE,4.0,BTL (500 ML),Epicerie,vendredi,2025-01,D,37,9.0
VIPA ORIENTAL MIX 100 GR,16.0,PC (1 PC),Fruits Secs,mercredi,2025-01,B,37,48.0
fondant chocolat individual Margarine,20.0,PC (1 PC),Pâtisseries,vendredi,2024-12,C,37,71.0
AC-SMOOTHIE DETOX,10.0,PC (1 PC),Jus Fruit Lait,samedi,2025-01,D,38,20.0
AC-SMOOTHIE EXOTIC,10.0,PC (1 PC),Jus Fruit Lait,samedi,2025-01,D,38,20.0
AC-SMOOTHIE LE CLASSIQUE,10.0,PC (1 PC),Jus Fruit Lait,samedi,2025-01,D,38,20.0
AC-SMOOTHIE PEACH'TINI,10.0,PC (1 PC),Jus Fruit Lait,samedi,2025-01,D,38,20.0
AC-SMOOTHIE TROPIC TRIP,10.0,PC (1 PC),Jus Fruit Lait,samedi,2025-01,D,38,20.0
AGRAFFE,6.0,PC (1 PC),Fournitures de Bureau,mercredi,2025-01,C,38,11.0
AIL,3.0,KG (1 KG),Legumes Frais,mercredi,2025-01,B,38,8.3
AIL EN POUDRE,1.0,KG (1 KG),Fruits & Legumes Frais,vendredi,2025-01,C,38,2.0
AJAX VITRE,12.0,PC (1 PC),Hygiène,mercredi,2025-01,A,38,32.0
AMANDE EFFILEE,2.0,PC (1 KG),Fruits Secs,jeudi,2025-01,B,38,4.0
AMANDES GRILEES SALEES 70GR,12.0,PC (1 PC),Fruits Secs,lundi,2025-01,B,38,84.0
AMSTEL BEER BLLE 33CL,162.0,BTL (1 BTL),Alcools,lundi,2025-01,B,38,432.0
ANANAS GRAND,9.0,PC,Fruits & Legumes Frais,vendredi,2025-01,C,38,51.0
ASEPCLOR,40.0,PC (1 PC),Hygiène,mardi,2025-01,A,38,60.0
AUBERGINE,12.6,KG (1 KG),Legumes Frais,lundi,2025-01,B,38,17.75
AVOCAT FRUIT PIECE,32.0,PC,Fruits & Legumes Frais,mercredi,2025-01,B,38,43.0
BACON BOEUF FUME TRANCHES ( 300GR),3.9,KG (1000 GR),Viandes Fraiches,lundi,2025-01,A,38,6.9
BACTYGEL 703 CF,3.0,BTL (1 BTL),Hygiène,lundi,2025-01,B,38,4.0
BALAIS SANS MANCHE,1.0,PC (1 PC),Hygiène,vendredi,2025-01,C,38,9.0
BANANE,155.0,PC (1 PC),Fruits & Legumes Frais,lundi,2025-01,A,38,155.0
BASILIC BARQUETTE,3.8,KG (1 KG),Legumes Frais,mardi,2025-01,A,38,11.05
BOGA LIME PET 30 CL,132.0,PC (1 PC),Eaux et Sodas,vendredi,2025-01,C,38,228.0
BOITE FRAPPE VANILLE 1.36KG MONIN,2.0,KG,Pâtisseries,lundi,2025-01,C,38,6.0
BOITE PIZZA 32 cm,100.0,PC,Consommable,mardi,2025-01,C,38,200.0
BOITE PIZZA ONDULEE 31/31,100.0,PC,Consommable,mardi,2025-01,C,38,200.0
BOITE PIZZA PM CIG,100.0,PC (1 PC),Consommable,mardi,2025-01,B,38,500.0
BORGHELL,5.0,KG (1 KG),Epicerie,vendredi,2025-01,C,38,10.0
BOUTEILLE DE VINAIGRETTE 250ML,8.0,PC (250 GR),Epicerie,mardi,2025-01,A,38,16.0
BROCHETTE BAMBOO 20,3.0,SCH (100 PC),Consommable,mardi,2025-01,C,38,14.0
CACAO EN POUDRE,2.0,PQT (0.25 KG),Cafe,lundi,2025-01,C,38,7.0
CAKE CHOCOLAT PBC,40.0,PC (1 PC),Viennoiserie,mardi,2025-01,B,38,88.0
CAKE MARBRE PBC,77.0,PC (1 PC),Viennoiserie,mardi,2025-01,A,38,363.0
CAKE ORANGE PBC,36.0,PC (1 PC),Viennoiserie,samedi,2025-01,B,38,170.0
CAPRE VRAC,1.0,SEAU (2 KG),Legumes Frais,dimanche,2025-01,B,38,9.0
CAPSULE CAFEITALY COLOMBIA,196.0,PC (1 PC),Cafe,lundi,2025-01,C,38,310.0
CAROTTE,43.35,KG (1 KG),Legumes Frais,mardi,2025-01,A,38,67.1
CAROTTE CAKE PBC,44.0,PC (1 PC),Viennoiserie,samedi,2025-01,B,38,330.0
CELTIA FUT DE 50L,2.0,PC (50 L),Alcools,vendredi,2025-01,B,38,6.0
CHAMPIGNON FRAIS,20.0,KG (1 KG),Legumes Frais,mardi,2025-01,A,38,39.0
CHAPLUR,10.0,PC (1 KG),Epicerie,vendredi,2025-01,C,38,16.0
CHEMISE CRAFT,10.0,PC (1 PC),Fournitures de Bureau,mercredi,2025-01,D,38,90.0
CHEWING GUM FLORIDENT  EXTRA WHITE 60G,12.0,PC (1 PC),Epicerie,jeudi,2025-01,D,38,24.0
CHOCOLAT CHAUD EN POUDRE,7.0,KG (1 KG),Cafe,lundi,2025-01,B,38,7.0
CHOCOLAT EN POUDRE,52.0,PC (0.2 KG),Cafe,lundi,2025-01,A,38,86.0
CHORBA FRIK,5.0,PQT (0.5 KG),Epicerie,lundi,2025-01,D,38,23.0
CHOUX ROUGE,3.75,KG (1 KG),Legumes Frais,mardi,2025-01,A,38,9.6
CHOUX VERT,1.5,KG (1 KG),Legumes Frais,mardi,2025-01,B,38,12.8
CITRON FRAIS,5.45,KG (1 KG),Legumes Frais,mercredi,2025-01,B,38,21.6
CITRON SALLE,3.0,SEAU (7 KG),Legumes Frais,lundi,2025-01,B,38,28.0
COCA COLA PET 30CL.,276.0,PC (1 PC),Eaux et Sodas,lundi,2025-01,C,38,456.0
COCA ZERO PET 30 CL,72.0,PC (1 PC),Eaux et Sodas,vendredi,2025-01,D,38,168.0
COFFRET CHECHIA AV SEP 16/16,50.0,PC (1 PC),Consommable,samedi,2025-01,C,38,125.0
COFFRET PORTRAIT AV SEP 11.5/11.5,50.0,PC (1 PC),Consommable,lundi,2025-01,C,38,175.0
CONCOMBRE,129.15,KG (1 KG),Legumes Frais,lundi,2025-01,A,38,177.692
COOKIES,40.0,PC (1 PC),Viennoiserie,vendredi,2025-01,C,38,120.0
CORNICHON FRAIS,1.0,SEAU (2 KG),Legumes Frais,jeudi,2025-01,B,38,12.0
COURGE,19.05,KG,Legumes Frais,mercredi,2025-01,B,38,47.65
COURGETTE,17.75,KG (1 KG),Legumes Frais,lundi,2025-01,A,38,28.6
COUSCOUS,30.0,PQT (1 KG),Epicerie,mercredi,2025-01,D,38,33.0
CREME DE CUISSON,9.0,BTE (0.95 L),Beurre Oeuf Fromage,mercredi,2025-01,B,38,27.0
CREME SUPERIEUR,6.0,PQT (1 L),Epicerie,vendredi,2025-01,D,38,42.0
CREVETTE 26/30 AVEC QUEUE  SURG.,3.0,KG,Poisson Surgelé_R,jeudi,2025-01,C,38,4.0
CURCUMIN MOULU,2.2,SCH (1 KG),Epicerie,jeudi,2025-01,D,38,2.2
Cake chocolat family Margarine,13.0,PQT (6 PC),Pâtisseries,mercredi,2025-01,C,38,49.0
Cake citron family Margarine,8.0,PQT (6 PC),Pâtisseries,mercredi,2025-01,C,38,42.0
Cake marbré family Margarine,14.0,PQT (6 PC),Pâtisseries,mercredi,2025-01,C,38,74.0
Carotte cake family Margarine,9.0,PQT (6 PC),Pâtisseries,mercredi,2025-01,C,38,24.0
Cookies  individual Margarine,48.0,PC (1 PC),Pâtisseries,mercredi,2025-01,C,38,48.0
DADDY'S CHIPS SAVORY TRUFFE PARMESAN 70G,45.0,PC (1 PC),Epicerie,vendredi,2025-01,B,38,165.0
DADDY'S CHIPS SPICY PAPRIKA 70G,45.0,PC (1 PC),Epicerie,jeudi,2025-01,A,38,165.0
DATTE EN VRAC,2.0,KG (1 KG),Fruits & Legumes Frais,lundi,2025-01,B,38,18.3
DINOL,18.0,BIDON (4.75 L),Hygiène,lundi,2025-01,A,38,135.0
EMINCE DE BOEUF PORT. SURGELE,10.55,KG (1000 GR),Viandes Surgelées,dimanche,2025-01,A,38,79.49000000000001
EPINARD,4.25,KG (1 KG),Legumes Frais,mercredi,2025-01,B,38,12.15
ESCALOPE DE DINDE FUME EN TRANCHE,20.0,KG,Charcuterie,lundi,2025-01,C,38,70.0
ESCALOPE POULET FRAIS,228.99,KG (1 KG),Volaille Surgelée,mardi,2025-01,A,38,503.16
ESCALOPE POULET PANE CONGELE,80.52,KG,Volaille Surgelée,lundi,2025-01,A,38,128.91
ESSUIES VERRES,1.0,PC (1 PC),Hygiène,mercredi,2025-01,D,38,4.0
ESSUIT TOUT JUMBO,128.0,PC (1 KG),Hygiène,lundi,2025-01,A,38,157.0
FANTA PET 30,144.0,PC (1 PC),Eaux et Sodas,vendredi,2025-01,C,38,228.0
FARINE EN PAQUET,123.0,PC (1 KG),Epicerie,lundi,2025-01,A,38,252.0
FESTIFE MIX 100 GR,8.0,PC (1 PC),Fruits Secs,lundi,2025-01,C,38,32.0
FILM ETIRABLE,25.0,PC (1 PC),Consommable,lundi,2025-01,A,38,33.0
FRAISE FRAIS,53.35,KG (1 KG),Fruits & Legumes Frais,lundi,2025-01,A,38,64.35
FRITE SURGELE 9/9 CLASSIC 2.5 KG,195.0,KG (1 KG),Legumes Surgelés,lundi,2025-01,A,38,290.0
FRITE SURGELE WEDGES 2.5 KG,42.5,KG (1 KG),Legumes Surgelés,lundi,2025-01,B,38,90.0
FROMAGE BLANC FONDU KG,6.6000000000000005,KG (1 KG),Beurre Oeuf Fromage,mercredi,2025-01,C,38,15.4
FROMAGE CHEDDAR EN BLOC,26.0,KG (1 KG),Beurre Oeuf Fromage,mardi,2025-01,A,38,65.0
FROMAGE EDAM MEULE,10.606,KG (1 KG),Beurre Oeuf Fromage,mardi,2025-01,B,38,35.622
FROMAGE LAND OR,1.8,PC (1 KG),Beurre Oeuf Fromage,mercredi,2025-01,A,38,25.4
FROMAGE MAASDAM EN BLOC,34.0,KG (1 KG),Beurre Oeuf Fromage,mardi,2025-01,B,38,42.0
FROMAGE MEULE GOUDA,12.194,KG (1 KG),Beurre Oeuf Fromage,jeudi,2025-01,C,38,24.502
FROMAGE MOZZARELLA  KG,97.4,KG (1 KG),Beurre Oeuf Fromage,mardi,2025-01,A,38,176.93
FROMAGE PARMESAN PB,1.8,KG (1 KG),Beurre Oeuf Fromage,mardi,2025-01,A,38,3.8
FROMAGE TRIANGLE FONDU STREET &CO,1.0,BTE (48 PC),Beurre Oeuf Fromage,lundi,2025-01,C,38,18.0
FUT HEINEKEIN,9.0,BTL (20 L),Alcools,lundi,2025-01,B,38,240.0
GARCI GAZ 1L,47.0,PC (1 PC),Eaux et Sodas,lundi,2025-01,A,38,316.0
GARCI GAZ P.E.T 1 L,92.0,L (1 GR),Eaux et Sodas,lundi,2025-01,A,38,344.0
GATEAU CHOCOLAT PBC,40.0,PC (1 PC),Viennoiserie,vendredi,2025-01,B,38,100.0
HARISSA ARBI,16.0,BTE (0.45 KG),Epicerie,lundi,2025-01,A,38,23.0
HARISSA CONCENTRE EN BOITE,24.0,BTE (2 KG),Epicerie,vendredi,2025-01,A,38,57.0
HUILE D'OLIVE POMACE,14.25,L (1 L),Epicerie,mardi,2025-01,B,38,28.5
HUILE VEGETALE,47.0,BIDON (5 L),Epicerie,lundi,2025-01,A,38,67.0
JAMBON DE BOEUF FUME,8.6,KG (1 KG),Charcuterie,mardi,2025-01,A,38,18.1
JAMBON DE DINDE,12.2,KG (1 KG),Charcuterie,mardi,2025-01,A,38,34.15
JEX CARRE,65.0,PC (1 PC),Hygiène,lundi,2025-01,A,38,180.0
JOUR ET NUIT BLANC 1/2,25.0,PC (1 PC),Alcools,jeudi,2025-01,C,38,52.0
JOUR ET NUIT ROSE 1/2,13.0,PC (1 PC),Alcools,jeudi,2025-01,B,38,52.0
JOUR ET NUIT ROUGE 1/2,6.0,PC (1 PC),Alcools,vendredi,2025-01,C,38,48.0
JOUR ET NUIT3/4 BLANC,12.0,PC (1 PC),Alcools,vendredi,2025-01,C,38,30.0
KETCHUP,20.0,L (1 L),Epicerie,jeudi,2025-01,C,38,40.0
KINDER BUENO,120.0,PC (1 PC),Epicerie,lundi,2025-01,A,38,300.0
KINDER T4,80.0,PC (1 PC),Epicerie,lundi,2025-01,B,38,180.0
LAVETTE COTON,96.0,PC (1 PC),Hygiène,lundi,2025-01,A,38,149.0
LENTILLE VRAC,1.0,PC (1 PC),Legumes Secs,jeudi,2025-01,D,38,3.0
LEVURE BOULANGERE NORMALE,23.0,PQT (6 PC),Boulangerie_R,lundi,2025-01,B,38,34.0
LOT CAFE GRAIN ESPRESSO ELITE 3,14.0,PC (1 KG),Cafe,lundi,2025-01,A,38,128.0
LOT CAFE GRAINS  PUR EXPRESS,67.0,KG,Cafe,lundi,2025-01,A,38,73.0
LOT DE CAFE TURC,1.0,PC (1 KG),Cafe,vendredi,2025-01,D,38,3.0
MAIS EN BOITE,44.0,BTE (340 GR),Epicerie,lundi,2025-01,A,38,92.0
MAIS EN VRAC,4.0,PC (1 KG),Legumes Frais,vendredi,2025-01,C,38,9.0
MANGUE,39.0,PC (1 PC),Fruits & Legumes Frais,lundi,2025-01,A,38,39.0
MARGARINE,9.0,KG (1 KG),Beurre Oeuf Fromage,jeudi,2025-01,B,38,13.5
MARINADE EMINCE DE BOEUF,8.0,PC (0.15 KG),Epicerie,mardi,2025-01,C,38,10.0
MARINADE POULET GRILLE,24.0,PC (0.15 KG),Volaille Surgelée,mardi,2025-01,C,38,30.0
MARS CHOCOLAT,40.0,PC (1 PC),Epicerie,jeudi,2025-01,C,38,160.0
MAYONAISE,26.0,SEAU (5 L),Beurre Oeuf Fromage,mardi,2025-01,A,38,44.0
MELANGE TENDER  PB,8.0,KG (1 KG),Epicerie,mardi,2025-01,C,38,11.0
MENTHE SECHE,0.12,KG (1 KG),Epicerie,lundi,2025-01,D,38,2.0
MENTOS ROLLS FRUIT FLAVOUR,40.0,PC (1 PC),Epicerie,vendredi,2025-01,D,38,80.0
MENTOS ROLLS TUTTI FRUTTI,40.0,PC (1 PC),Epicerie,vendredi,2025-01,D,38,80.0
MIEL MILLE FLEURS,3.0,KG (1 KG),Epicerie,jeudi,2025-01,D,38,5.0
MIX A CREPE FRAN,50.0,PC (1 KG),Pâtisseries,jeudi,2025-01,C,38,150.0
MIX A CREPE FRANCAISE,15.0,SAC,Pâtisseries,lundi,2025-01,B,38,150.0
MOELLEUX CHOCOLAT,72.0,PC (1 PC),Viennoiserie,vendredi,2025-01,C,38,108.0
MOUTARDE DIJON,9.0,BTE (850 GR),Epicerie,vendredi,2025-01,D,38,12.0
MOZARELLA CERISE,8.0,BTE (20 PC),Beurre Oeuf Fromage,jeudi,2025-01,C,38,24.0
MUFFINS VANILLE,48.0,PC (1 PC),Viennoiserie,mercredi,2025-01,B,38,96.0
Moelleux  individual  Margarine,39.0,PC (1 PC),Pâtisseries,mercredi,2025-01,D,38,50.0
NAPPAGE,1.0,PC (1 PC),Pâtisseries,mardi,2025-01,C,38,14.0
NOISETTE GRILLEE CONCASSEE,2.0,PC (1 KG),Fruits Secs,lundi,2025-01,D,38,3.0
NOIX DE CAJOU GRILLES SALEES 65GR,36.0,PC (1 PC),Fruits Secs,jeudi,2025-01,B,38,96.0
NUGGETS PANE PB,75.0,PC (1 PC),Volaille Surgelée,mardi,2025-01,A,38,275.0
NUTELLA GO 52 GR,120.0,PC (1 PC),Epicerie,vendredi,2025-01,C,38,170.0
OEUFS,53.0,PLT (30 PC),Beurre Oeuf Fromage,lundi,2025-01,A,38,83.0
OIGNION VERT,3.45,KG (1 KG),Legumes Frais,mardi,2025-01,D,38,11.15
OIGNONS BLANC,47.05,KG (1 KG),Legumes Frais,mardi,2025-01,A,38,127.3
OIGNONS ROUGE,64.0,KG (1 KG),Legumes Frais,lundi,2025-01,A,38,119.4
OLIVE DENOYETE,14.0,KG (1 KG),Epicerie,lundi,2025-01,B,38,35.0
OLIVE NOIRE SLICE,21.0,KG (1 KG),Epicerie,lundi,2025-01,B,38,35.0
OLIVE VIOLETTE,10.0,KG (1 KG),Epicerie,lundi,2025-01,C,38,14.0
PACK FOOD BOWL + COUVERCLE 1.2 L,50.0,PC (1 PC),Consommable,samedi,2025-01,B,38,175.0
PAILLE NOIR,8.0,PQT (250 PC),Consommable,lundi,2025-01,A,38,39.0
PAIN CHAWARMA *10,48.0,PQT (10 PC),Boulangerie_R,lundi,2025-01,A,38,115.0
PAIN DE MIE CEREALE,78.0,PC (1 PC),Boulangerie_R,mardi,2025-01,B,38,130.0
PAIN DE MIE NATURE,78.0,PC,Boulangerie_R,mardi,2025-01,B,38,130.0
PAIN SCHNECK AUX RAISINS SURG PUR BEURRE GF,300.0,PC (1 PC),Viennoiserie,mercredi,2025-01,B,38,1200.0
PAIN SHNEK AU RAISIN MARGARINE,150.0,PC (1 KG),Pâtisseries,jeudi,2025-01,C,38,700.0
PAPIER SERVIETTE GOURMANDISE,40.0,PC (1 PC),Consommable,samedi,2025-01,B,38,128.0
PAPRIKA DOUX,3.0,KG (1 KG),Epicerie,vendredi,2025-01,C,38,3.0
PAPRIKA FORT,2.0,KG (1 KG),Epicerie,lundi,2025-01,C,38,3.0
PATE PAPILLON,10.0,PQT (0.5 KG),Epicerie,vendredi,2025-01,D,38,24.0
PATE PIZZA FOCACCIA 12/40,40.0,PC (1 PC),Boulangerie_R,vendredi,2025-01,A,38,170.0
PATE PIZZA PANCROCCHINO 32cm,32.0,PC,Boulangerie_R,dimanche,2025-01,D,38,51.0
PATE PLUME COURTE,27.0,PQT (0.5 KG),Epicerie,vendredi,2025-01,B,38,58.0
PATE SPAGHETTI,59.0,PQT (0.5 KG),Epicerie,lundi,2025-01,B,38,74.0
PEPITTE DE DECORATION NOIRE KG,5.0,KG (1000 GR),Epicerie,samedi,2025-01,D,38,8.5
PEPPERONI,0.6,KG (1 KG),Charcuterie,lundi,2025-01,A,38,4.8
PIMENT DOUX,30.0,KG (1 KG),Legumes Frais,lundi,2025-01,A,38,97.3
PIMENT FORT,58.25,KG (1 KG),Legumes Frais,lundi,2025-01,A,38,78.95
PIMENT ROUGE SALLE,10.0,KG (1 KG),Epicerie,jeudi,2025-01,B,38,20.0
POIS CHICHE KG,8.0,PC (1 PC),Legumes Secs,lundi,2025-01,C,38,8.0
POIVRE NOIR MOULU,2.0,PC (1 KG),Epicerie,lundi,2025-01,B,38,3.0
POMME DE TERRE,149.65,KG (1 KG),Legumes Frais,lundi,2025-01,A,38,292.25
POT NUTELLA,30.0,PC (1 KG),Pâtisseries,lundi,2025-01,D,38,78.0
POUDRE TENDERS PB,13.0,KG (1 KG),Volaille Surgelée,samedi,2025-01,B,38,42.0
POULET PANE AMANDE PB,160.0,PC (1 PC),Volaille Surgelée,mardi,2025-01,A,38,350.0
PUNCH CIDRE 50CL,52.0,PC (1 PC),Eaux et Sodas,lundi,2025-01,B,38,164.0
PUNCH ORANGE 30CL,93.0,PC (1 PC),Eaux et Sodas,dimanche,2025-01,D,38,198.0
PUNCH ORANGE 50CL,55.0,PC (1 PC),Eaux et Sodas,lundi,2025-01,B,38,161.0
QUATRE EPICES MOULU,2.0,PC (1 KG),Epicerie,lundi,2025-01,C,38,3.0
RACLETTE,1.0,PC (1 PC),Hygiène,jeudi,2025-01,B,38,7.0
RAME PAPIER A4,6.0,PC (1 PC),Fournitures de Bureau,mercredi,2025-01,B,38,23.0
REMANENT HERBE CF,3.0,PC (1 PC),Hygiène,samedi,2025-01,B,38,10.0
RIZ EN PQT,24.0,PC (1 KG),Epicerie,jeudi,2025-01,D,38,24.0
ROULEAU CAISSE 80*80,120.0,PC (1 PC),Fournitures de Bureau,mardi,2025-01,A,38,205.0
ROULEAU DE 750 ETIQUETTE BLANC,1.0,PC,Consommable,lundi,2025-01,C,38,16.0
ROULEAU TPE,135.0,PC (1 PC),Fournitures de Bureau,mardi,2025-01,A,38,286.0
SAC EN PAPIER KRAFT 30/30/26,150.0,PC (1 PC),Consommable,samedi,2025-01,C,38,150.0
SACHET BRETELLES 38X60 MF,50.0,PC,Consommable,samedi,2025-01,B,38,225.0
SACHET CONGELATION,2.0,PC (1 KG),Consommable,mercredi,2025-01,D,38,10.0
SALADE LAITUE TUN,200.85,KG (1 KG),Legumes Frais,lundi,2025-01,A,38,393.7
SANEX,13.0,PC (1 PC),Hygiène,lundi,2025-01,A,38,100.0
SANIT SURF,37.0,PC (1 PC),Hygiène,lundi,2025-01,A,38,51.0
SAUCE A L'AIL,7.0,KG (1 KG),Epicerie,vendredi,2025-01,B,38,12.0
SAUCE A L'AIL PB,8.0,KG (1 KG),Epicerie,mardi,2025-01,A,38,11.0
SAUCE AU POIVRE PB,4.0,SCH (0.5 KG),Epicerie,mardi,2025-01,C,38,6.0
SAUCE BARBECUE,10.0,L (1 L),Epicerie,lundi,2025-01,C,38,30.0
SAUCE MAYONNAISE PESTO,8.0,L (1 L),Epicerie,mardi,2025-01,B,38,10.0
SAUCE PESTO PB,4.0,PC (0.6 KG),Epicerie,mardi,2025-01,A,38,5.0
SAUCE PLAN B,5.0,L (1 L),Epicerie,mardi,2025-01,C,38,20.0
SEL,17.0,PC (1 KG),Epicerie,lundi,2025-01,B,38,17.0
SERPILLERE,66.0,PC (1 PC),Hygiène,lundi,2025-01,A,38,122.0
SERVIETTE 30*30 CIGUSTA,96.0,PC (1 PC),Consommable,lundi,2025-01,B,38,192.0
SERVIETTE 30*30 MF,7.0,PQT (1 PQT),Consommable,lundi,2025-01,B,38,74.0
SIROP DE CARAMEL 1L MONIN,3.0,PC (1000 ML),Pâtisseries,vendredi,2025-01,B,38,5.0
SIROP DE VANILLE 1L MONIN,3.0,PC (700 ML),Pâtisseries,vendredi,2025-01,C,38,3.0
SUCRE EN SACHET CI-GUSTA,20.0,PC,Cafe,mercredi,2025-01,B,38,120.0
SUCRE EN SACHET DAILY BREAK,150.0,PC (1 KG),Cafe,lundi,2025-01,A,38,230.0
THE NOIR MENTHE SANS SUCRE,720.0,PC (1 PC),THE,lundi,2025-01,C,38,720.0
THON HV EN BOITE,106.0,BTE (2.05 KG),Conserve de Poisson,mardi,2025-01,B,38,150.0
THYM MOULU,1.0,PC (1 KG),Epicerie,vendredi,2025-01,D,38,2.0
TIC TAC ORANGE,12.0,PC (1 PC),Epicerie,lundi,2025-01,D,38,36.0
TIC TAC STRAWBERRY MIX,12.0,PC (1 PC),Epicerie,jeudi,2025-01,D,38,60.0
TOMATE CERISES,11.2,KG (1 KG),Legumes Frais,lundi,2025-01,A,38,24.95
TOMATE CONCENTREE EN BOITE,24.0,BTE (0.8 KG),Epicerie,mercredi,2025-01,B,38,60.0
TOMATE FRAICHE,403.9,KG (1 KG),Legumes Frais,lundi,2025-01,A,38,526.85
TOMATES SECHEES,0.2,PC (1000 GR),Epicerie,vendredi,2025-01,B,38,5.0
TWIX,25.0,PC (1 PC),Epicerie,lundi,2025-01,C,38,125.0
VARIANTES,1.0,SEAU (7 KG),Legumes Frais,lundi,2025-01,D,38,10.0
VIANDE HACHEE SPECIAL MAIGRE CONGELE KG,45.53,KG,Viandes Surgelées,mardi,2025-01,B,38,128.74
VIANDE SECHE FUME (BRESAOLA) TRANCHES 300GR,5.4,KG (1000 GR),Viandes Fraiches,lundi,2025-01,A,38,11.0
VIPA ORIENTAL MIX 100 GR,16.0,PC (1 PC),Fruits Secs,mercredi,2025-01,B,38,48.0
fondant chocolat individual Margarine,32.0,PC (1 PC),Pâtisseries,mercredi,2025-01,C,38,71.0
AGRAFFE,2.0,PC (1 PC),Fournitures de Bureau,samedi,2025-01,C,39,11.0
AIL,1.0,KG,Legumes Frais,lundi,2025-01,B,39,8.3
AIL EN POUDRE,2.0,KG (1 KG),Fruits & Legumes Frais,lundi,2025-01,C,39,2.0
AJAX VITRE,18.0,PC (1 PC),Hygiène,vendredi,2025-01,A,39,32.0
ALKASURF DDA 5KG,5.0,PC (1 PC),Hygiène,mardi,2025-01,D,39,15.0
AMANDE EFFILEE,2.0,PC (1 KG),Fruits Secs,samedi,2025-01,B,39,4.0
AMANDES GRILEES SALEES 70GR,12.0,PC (1 PC),Fruits Secs,mardi,2025-01,B,39,84.0
AMSTEL BEER BLLE 33CL,210.0,BTL (1 BTL),Alcools,jeudi,2025-01,B,39,432.0
ASEPCLOR,20.0,PC (1 PC),Hygiène,vendredi,2025-01,A,39,60.0
AUBERGINE,8.6,KG (1 KG),Legumes Frais,vendredi,2025-01,B,39,17.75
AVOCAT FRUIT PIECE,8.0,PC (1 PC),Fruits & Legumes Frais,samedi,2025-01,B,39,43.0
BACON BOEUF FUME TRANCHES ( 300GR),1.8,KG (1000 GR),Viandes Fraiches,vendredi,2025-01,A,39,6.9
BACTYGEL 703 CF,2.0,BTL,Hygiène,samedi,2025-01,B,39,4.0
BANANE,136.0,KG (1 PC),Fruits & Legumes Frais,jeudi,2025-01,A,39,155.0
BASILIC BARQUETTE,4.05,KG (1 KG),Legumes Frais,vendredi,2025-01,A,39,11.05
BLOUSE NON TISSEE,10.0,PC (1 KG),Hygiène,jeudi,2025-01,C,39,36.0
BOGA LIME PET 30 CL,120.0,PC (1 PC),Eaux et Sodas,jeudi,2025-01,C,39,228.0
BOITE PIZZA ONDULEE 31/31,50.0,PC,Consommable,samedi,2025-01,C,39,200.0
BORGHELL,5.0,KG (1 KG),Epicerie,samedi,2025-01,C,39,10.0
BOUTEILLE DE VINAIGRETTE 250ML,10.0,PC (250 GR),Epicerie,jeudi,2025-01,A,39,16.0
BROCHETTE BAMBOO 20,7.0,SCH (100 PC),Consommable,samedi,2025-01,C,39,14.0
CAKE CHOCOLAT PBC,24.0,PC (1 PC),Viennoiserie,dimanche,2025-01,B,39,88.0
CAKE MARBRE PBC,77.0,PC (1 PC),Viennoiserie,vendredi,2025-01,A,39,363.0
CAKE ORANGE PBC,36.0,PC (1 PC),Viennoiserie,mercredi,2025-01,B,39,170.0
CAPRE VRAC,2.0,SEAU (2 KG),Legumes Frais,jeudi,2025-01,B,39,9.0
CAPSULE CAFEITALY COLOMBIA,44.0,PC,Cafe,jeudi,2025-01,C,39,310.0
CAPSULE CAFFITALY VIGOROSO,100.0,PC,Cafe,jeudi,2025-01,D,39,408.0
CAROTTE,26.2,KG (1 KG),Legumes Frais,jeudi,2025-01,A,39,67.1
CAROTTE CAKE PBC,55.0,PC (1 PC),Viennoiserie,vendredi,2025-01,B,39,330.0
CELTIA FUT DE 50L,2.0,PC (50 L),Alcools,vendredi,2025-01,B,39,6.0
CHAMPIGNON FRAIS,17.5,KG (1 KG),Legumes Frais,jeudi,2025-01,A,39,39.0
CHAPLUR,5.0,PC (1 KG),Epicerie,mardi,2025-01,C,39,16.0
CHOCOLAT CHAUD EN POUDRE,2.0,KG (1 KG),Cafe,lundi,2025-01,B,39,7.0
CHOCOLAT EN POUDRE,37.0,PC (0.2 KG),Cafe,vendredi,2025-01,A,39,86.0
CHORBA FRIK,1.0,PQT (0.5 KG),Epicerie,dimanche,2025-01,D,39,23.0
CHOUX ROUGE,3.5,KG (1 KG),Legumes Frais,vendredi,2025-01,A,39,9.6
CHOUX VERT,5.65,KG (1 KG),Legumes Frais,vendredi,2025-01,B,39,12.8
CITRON FRAIS,5.45,KG (1 KG),Legumes Frais,vendredi,2025-01,B,39,21.6
CITRON SALLE,2.0,SEAU (3 KG),Legumes Frais,vendredi,2025-01,B,39,28.0
COCA COLA PET 30CL.,84.0,PC (1 PC),Eaux et Sodas,jeudi,2025-01,C,39,456.0
COCA ZERO PET 30 CL,36.0,PC,Eaux et Sodas,jeudi,2025-01,D,39,168.0
COFFRET CHECHIA AV SEP 16/16,50.0,PC (1 PC),Consommable,dimanche,2025-01,C,39,125.0
CONCOMBRE,84.1,KG (1 KG),Legumes Frais,jeudi,2025-01,A,39,177.692
CORNICHON FRAIS,1.0,SEAU (2 KG),Legumes Frais,vendredi,2025-01,B,39,12.0
COURGE,26.75,KG (1 KG),Legumes Frais,vendredi,2025-01,B,39,47.65
COURGETTE,23.35,KG (1 KG),Legumes Frais,vendredi,2025-01,A,39,28.6
COUSCOUS,15.0,PQT (1 KG),Epicerie,mercredi,2025-01,D,39,33.0
CREME A FOUETTER,3.0,PC,GLACES,mardi,2025-01,B,39,16.0
CREME DE CUISSON,10.0,BTE (0.95 L),Beurre Oeuf Fromage,vendredi,2025-01,B,39,27.0
CREME SUPERIEUR,6.0,PQT (1 L),Epicerie,vendredi,2025-01,D,39,42.0
CREVETTE 26/30 AVEC QUEUE  SURG.,3.0,KG (1 KG),Poisson Surgelé_R,jeudi,2025-01,C,39,4.0
Cake chocolat family Margarine,8.0,PQT (6 PC),Pâtisseries,jeudi,2025-01,C,39,49.0
Cake citron family Margarine,8.0,PQT (6 PC),Pâtisseries,jeudi,2025-01,C,39,42.0
Cake marbré family Margarine,19.0,PQT (6 PC),Pâtisseries,dimanche,2025-01,C,39,74.0
Carotte cake family Margarine,8.0,PQT (6 PC),Pâtisseries,jeudi,2025-01,C,39,24.0
Cookies  individual Margarine,19.0,PC (1 PC),Pâtisseries,jeudi,2025-01,C,39,48.0
DADDY'S CHIPS CLASSIC SEL DE MER 70G,75.0,PC (1 PC),Epicerie,vendredi,2025-01,A,39,225.0
DADDY'S CHIPS SAVORY TRUFFE PARMESAN 70G,15.0,PC (1 PC),Epicerie,samedi,2025-01,B,39,165.0
DADDY'S CHIPS SPICY PAPRIKA 70G,15.0,PC (1 PC),Epicerie,jeudi,2025-01,A,39,165.0
DINOL,17.0,BIDON (4.75 L),Hygiène,jeudi,2025-01,A,39,135.0
EMINCE DE BOEUF PORT. SURGELE,20.81,KG (1000 GR),Viandes Surgelées,vendredi,2025-01,A,39,79.49000000000001
EPINARD,0.6,KG (1 KG),Legumes Frais,mercredi,2025-01,B,39,12.15
ESCALOPE DE DINDE FUME EN TRANCHE,15.0,KG,Charcuterie,samedi,2025-01,C,39,70.0
ESCALOPE POULET FRAIS,220.13,KG (1 KG),Volaille Surgelée,jeudi,2025-01,A,39,503.16
ESCALOPE POULET PANE CONGELE,85.63,KG (1 KG),Volaille Surgelée,jeudi,2025-01,A,39,128.91
ESSUIES VERRES,1.0,PC,Hygiène,vendredi,2025-01,D,39,4.0
ESSUIT TOUT JUMBO,113.0,PC (1 KG),Hygiène,jeudi,2025-01,A,39,157.0
FANTA PET 30,120.0,PC (1 PC),Eaux et Sodas,jeudi,2025-01,C,39,228.0
FARINE EN PAQUET,132.0,PC (1 KG),Epicerie,samedi,2025-01,A,39,252.0
FESTIFE MIX 100 GR,8.0,PC (1 PC),Fruits Secs,jeudi,2025-01,C,39,32.0
FILM ETIRABLE,27.0,PC (1 PC),Consommable,vendredi,2025-01,A,39,33.0
FRAISE FRAIS,42.9,KG (1 KG),Fruits & Legumes Frais,samedi,2025-01,A,39,64.35
FRITE SURGELE 9/9 CLASSIC 2.5 KG,177.5,KG (1 KG),Legumes Surgelés,jeudi,2025-01,A,39,290.0
FRITE SURGELE WEDGES 2.5 KG,30.0,KG (1 KG),Legumes Surgelés,vendredi,2025-01,B,39,90.0
FROMAGE BLANC FONDU KG,2.2,KG,Beurre Oeuf Fromage,samedi,2025-01,C,39,15.4
FROMAGE BUCHE BLANCHE CHEVRE KG,1.0,KG (1 KG),Beurre Oeuf Fromage,vendredi,2025-01,B,39,5.0
FROMAGE CHEDDAR EN BLOC,10.97,KG (1 KG),Beurre Oeuf Fromage,samedi,2025-01,A,39,65.0
FROMAGE EDAM MEULE,9.85,KG (1 KG),Beurre Oeuf Fromage,samedi,2025-01,B,39,35.622
FROMAGE GORGONZELA,2.0,PC (150 GR),Beurre Oeuf Fromage,vendredi,2025-01,A,39,13.0
FROMAGE LAND OR,12.6,PC (1 KG),Beurre Oeuf Fromage,vendredi,2025-01,A,39,25.4
FROMAGE MAASDAM EN BLOC,20.0,KG (1 KG),Beurre Oeuf Fromage,dimanche,2025-01,B,39,42.0
FROMAGE MEULE GOUDA,9.58,KG (1 KG),Beurre Oeuf Fromage,samedi,2025-01,C,39,24.502
FROMAGE MOZZARELLA  KG,40.79,KG,Beurre Oeuf Fromage,samedi,2025-01,A,39,176.93
FROMAGE PARMESAN PB,1.2000000000000002,KG (1 KG),Beurre Oeuf Fromage,samedi,2025-01,A,39,3.8
FROMAGE TRIANGLE FONDU STREET &CO,6.0,BTE (48 PC),Beurre Oeuf Fromage,vendredi,2025-01,C,39,18.0
FUT HEINEKEIN,6.0,BTL (20 L),Alcools,jeudi,2025-01,B,39,240.0
GARCI GAZ 1L,107.0,PC (1 PC),Eaux et Sodas,jeudi,2025-01,A,39,316.0
GATEAU CHOCOLAT PBC,40.0,PC (1 PC),Viennoiserie,lundi,2025-01,B,39,100.0
HARISSA ARBI,17.0,BTE (0.45 KG),Epicerie,vendredi,2025-01,A,39,23.0
HARISSA CONCENTRE EN BOITE,23.0,BTE (2 KG),Epicerie,lundi,2025-01,A,39,57.0
HUILE D'OLIVE POMACE,14.25,L (1 L),Epicerie,jeudi,2025-01,B,39,28.5
HUILE VEGETALE,38.0,BIDON (5 L),Epicerie,jeudi,2025-01,A,39,67.0
JAMBON DE BOEUF FUME,4.5,KG (1 KG),Charcuterie,samedi,2025-01,A,39,18.1
JAMBON DE DINDE,18.1,KG (1 KG),Charcuterie,vendredi,2025-01,A,39,34.15
JEX CARRE,70.0,PC (1 PC),Hygiène,jeudi,2025-01,A,39,180.0
JOUR ET NUIT BLANC 1/2,17.0,PC (1 PC),Alcools,mardi,2025-01,C,39,52.0
JOUR ET NUIT ROSE 1/2,20.0,PC (1 PC),Alcools,mardi,2025-01,B,39,52.0
JOUR ET NUIT ROUGE 1/2,16.0,PC (1 PC),Alcools,mardi,2025-01,C,39,48.0
JOUR ET NUIT3/4 BLANC,6.0,PC (1 PC),Alcools,mardi,2025-01,C,39,30.0
KETCHUP,5.0,L (1 L),Epicerie,vendredi,2025-01,C,39,40.0
KINDER BUENO,90.0,PC (1 PC),Epicerie,jeudi,2025-01,A,39,300.0
KINDER T4,20.0,PC (1 PC),Epicerie,jeudi,2025-01,B,39,180.0
LAVETTE COTON,87.0,PC (1 PC),Hygiène,samedi,2025-01,A,39,149.0
LENTILLE VRAC,2.0,PC (1 KG),Legumes Secs,mardi,2025-01,D,39,3.0
LEVURE BOULANGERE NORMALE,23.0,PQT (6 PC),Boulangerie_R,vendredi,2025-01,B,39,34.0
LOT CAFE GRAIN ESPRESSO ELITE 3,67.0,PC (1 KG),Cafe,jeudi,2025-01,A,39,128.0
LOT CAFE GRAINS  PUR EXPRESS,22.0,KG (1 KG),Cafe,jeudi,2025-01,A,39,73.0
MAIS EN BOITE,23.0,BTE (340 GR),Epicerie,samedi,2025-01,A,39,92.0
MAIS EN VRAC,1.0,PC (1 KG),Legumes Frais,mercredi,2025-01,C,39,9.0
MANGUE,9.0,PC (1 PC),Fruits & Legumes Frais,samedi,2025-01,A,39,39.0
MARGARINE,9.0,KG,Beurre Oeuf Fromage,vendredi,2025-01,B,39,13.5
MARINADE EMINCE DE BOEUF,9.0,PC (0.15 KG),Epicerie,jeudi,2025-01,C,39,10.0
MARINADE POULET GRILLE,30.0,PC (0.15 KG),Volaille Surgelée,jeudi,2025-01,C,39,30.0
MAYONAISE,26.0,SEAU (5 L),Beurre Oeuf Fromage,jeudi,2025-01,A,39,44.0
MELANGE TENDER  PB,9.0,KG (1 KG),Epicerie,jeudi,2025-01,C,39,11.0
MIX A CREPE FRAN,30.0,PC (1 KG),Pâtisseries,jeudi,2025-01,C,39,150.0
MOELLEUX CHOCOLAT,36.0,PC (1 PC),Viennoiserie,lundi,2025-01,C,39,108.0
MOZARELLA BOCCONCINI,4.0,PC (200 GR),Beurre Oeuf Fromage,lundi,2025-01,D,39,23.0
MOZARELLA CERISE,2.0,BTE (20 PC),Beurre Oeuf Fromage,vendredi,2025-01,C,39,24.0
Moelleux  individual  Margarine,18.0,PC (1 PC),Pâtisseries,lundi,2025-01,D,39,50.0
NAPPAGE,2.0,PC (1 PC),Pâtisseries,mercredi,2025-01,C,39,14.0
NUGGETS PANE PB,75.0,PC (1 PC),Volaille Surgelée,jeudi,2025-01,A,39,275.0
OEUFS,56.0,PLT (30 PC),Beurre Oeuf Fromage,jeudi,2025-01,A,39,83.0
OIGNION VERT,2.6,KG (1 KG),Legumes Frais,mercredi,2025-01,D,39,11.15
OIGNONS BLANC,43.5,KG (1 KG),Legumes Frais,jeudi,2025-01,A,39,127.3
OIGNONS ROUGE,42.9499999,KG (1 KG),Legumes Frais,vendredi,2025-01,A,39,119.4
OLIVE DENOYETE,21.0,KG (1 KG),Epicerie,jeudi,2025-01,B,39,35.0
OLIVE NOIRE SLICE,14.0,KG (1 KG),Epicerie,vendredi,2025-01,B,39,35.0
PAILLE NOIR,14.0,PQT (250 PC),Consommable,samedi,2025-01,A,39,39.0
PAIN CHAWARMA *10,44.0,PQT (10 PC),Boulangerie_R,jeudi,2025-01,A,39,115.0
PAIN DE MIE CEREALE,52.0,PC (1 PC),Boulangerie_R,lundi,2025-01,B,39,130.0
PAIN DE MIE NATURE,26.0,PC,Boulangerie_R,lundi,2025-01,B,39,130.0
PAIN SCHNECK AUX RAISINS SURG PUR BEURRE GF,400.0,PC (1 PC),Viennoiserie,samedi,2025-01,B,39,1200.0
PAIN SHNEK AU RAISIN MARGARINE,240.0,PC (1 KG),Pâtisseries,lundi,2025-01,C,39,700.0
PAPIER ALUM DE 100,1.0,PC (1 PC),Consommable,samedi,2025-01,B,39,9.0
PAPIER CUISSON 40*60,2.0,PQT (500 PC),Consommable,vendredi,2025-01,C,39,4.0
PAPIER SERVIETTE GOURMANDISE,80.0,PC (1 PC),Consommable,jeudi,2025-01,B,39,128.0
PAPRIKA FORT,2.0,KG (1 KG),Epicerie,mercredi,2025-01,C,39,3.0
PAQUET 17/4,300.0,PC,Consommable,jeudi,2025-01,C,39,300.0
PATE PAPILLON,24.0,PQT (0.5 KG),Epicerie,lundi,2025-01,D,39,24.0
PATE PIZZA FOCACCIA 12/40,91.0,PC,Boulangerie_R,samedi,2025-01,A,39,170.0
PATE PIZZA PANCROCCHINO 32cm,8.0,PC (1 PC),Boulangerie_R,samedi,2025-01,D,39,51.0
PATE PLUME COURTE,24.0,PQT (0.5 KG),Epicerie,lundi,2025-01,B,39,58.0
PATE SPAGHETTI,22.0,PQT (0.5 KG),Epicerie,samedi,2025-01,B,39,74.0
PEPPERONI,0.3,KG (1 KG),Charcuterie,samedi,2025-01,A,39,4.8
PIMENT DOUX,26.9,KG (1 KG),Legumes Frais,vendredi,2025-01,A,39,97.3
PIMENT FORT,65.9,KG (1 KG),Legumes Frais,jeudi,2025-01,A,39,78.95
PIMENT ROUGE SALLE,15.0,KG (1 KG),Epicerie,vendredi,2025-01,B,39,20.0
PISTACHE CONCASSEE,1.0,PC (1000 GR),Fruits Secs,jeudi,2025-01,C,39,4.0
POCHETTE CROISSANT 15*7*29,2.0,PC (1000 PC),Consommable,dimanche,2025-01,C,39,4.0
POIS CHICHE KG,2.0,PC (1 PC),Legumes Secs,mardi,2025-01,C,39,8.0
POIVRE NOIR MOULU,1.0,PC (1 KG),Epicerie,vendredi,2025-01,B,39,3.0
POMME DE TERRE,197.45,KG (1 KG),Legumes Frais,vendredi,2025-01,A,39,292.25
POT NUTELLA,18.0,PC (1 KG),Pâtisseries,jeudi,2025-01,D,39,78.0
POUDRE TENDERS PB,6.0,KG (1 KG),Volaille Surgelée,samedi,2025-01,B,39,42.0
POULET PAC FRAIS,17.7,KG (1 KG),Volaille Fraiche,mercredi,2025-01,C,39,98.48
POULET PANE AMANDE PB,160.0,PC (1 PC),Volaille Surgelée,samedi,2025-01,A,39,350.0
PUNCH CIDRE 50CL,36.0,PC (1 PC),Eaux et Sodas,jeudi,2025-01,B,39,164.0
PUNCH ORANGE 30CL,8.0,PC (1 PC),Eaux et Sodas,jeudi,2025-01,D,39,198.0
PUNCH ORANGE 50CL,44.0,PC (1 PC),Eaux et Sodas,jeudi,2025-01,B,39,161.0
QUATRE EPICES MOULU,1.0,PC (1 KG),Epicerie,lundi,2025-01,C,39,3.0
RACLETTE,3.0,PC (1 PC),Hygiène,dimanche,2025-01,B,39,7.0
REMANENT HERBE CF,1.0,PC (1 PC),Hygiène,samedi,2025-01,B,39,10.0
RIZ EN PAQUET,8.0,PC,Epicerie,samedi,2025-01,C,39,35.0
RIZ EN PQT,14.0,PC (1 KG),Epicerie,mardi,2025-01,D,39,24.0
ROQUETTE SALADE BARQUETTE,2.45,KG (1 KG),Legumes Frais,lundi,2025-01,A,39,5.9
ROULEAU CAISSE 80*80,85.0,PC (1 PC),Fournitures de Bureau,samedi,2025-01,A,39,205.0
ROULEAU DE 750 ETIQUETTE BLANC,3.0,PC (1 PC),Consommable,samedi,2025-01,C,39,16.0
ROULEAU TPE,140.0,PC (1 PC),Fournitures de Bureau,samedi,2025-01,A,39,286.0
SAC BOUTIQUE GDISE HD 50/45 BLANC,250.0,PC (1 PC),Consommable,dimanche,2025-01,D,39,1000.0
SALADE LAITUE TUN,172.15,KG (1 KG),Legumes Frais,jeudi,2025-01,A,39,393.7
SANEX,8.0,PC (1 PC),Hygiène,samedi,2025-01,A,39,100.0
SANIT SURF,31.0,PC (1 PC),Hygiène,vendredi,2025-01,A,39,51.0
SAUCE A L'AIL PB,8.0,KG (1 KG),Epicerie,jeudi,2025-01,A,39,11.0
SAUCE AU POIVRE PB,5.0,SCH (0.5 KG),Epicerie,jeudi,2025-01,C,39,6.0
SAUCE MAYONNAISE PESTO,9.0,L (1 L),Epicerie,jeudi,2025-01,B,39,10.0
SAUCE PESTO PB,5.0,PC (0.6 KG),Epicerie,jeudi,2025-01,A,39,5.0
SAUCE PLAN B,10.0,L,Epicerie,dimanche,2025-01,C,39,20.0
SEL,6.0,PC (1 KG),Epicerie,lundi,2025-01,B,39,17.0
SERPILLERE,52.0,PC (1 PC),Hygiène,jeudi,2025-01,A,39,122.0
SERVIETTE 30*30 CIGUSTA,48.0,PC (1 PC),Consommable,vendredi,2025-01,B,39,192.0
SIROP DE CARAMEL 1L MONIN,1.0,PC (1000 ML),Pâtisseries,samedi,2025-01,B,39,5.0
SIROP DE NOISETTES GRILLEES 70CL MONIN,1.0,PC (700 ML),Pâtisseries,samedi,2025-01,D,39,2.0
SIROP DE VANILLE 1L MONIN,1.0,PC (700 ML),Pâtisseries,samedi,2025-01,C,39,3.0
STEACK HACHE (PORTION 115GR),9.0,PC (1 KG),Viandes Surgelées,samedi,2025-01,C,39,32.0
SUCRE EN SACHET CI-GUSTA,20.0,PC (1 PC),Cafe,vendredi,2025-01,B,39,120.0
SUCRE EN SACHET DAILY BREAK,110.0,PC (1 KG),Cafe,jeudi,2025-01,A,39,230.0
THON HV EN BOITE,80.0,BTE (2.05 KG),Conserve de Poisson,vendredi,2025-01,B,39,150.0
TIC TAC STRAWBERRY MIX,12.0,PC (1 PC),Epicerie,mardi,2025-01,D,39,60.0
TOMATE CERISES,7.550000000000001,KG (1 KG),Legumes Frais,samedi,2025-01,A,39,24.95
TOMATE CONCENTREE EN BOITE,14.0,BTE (0.8 KG),Epicerie,mercredi,2025-01,B,39,60.0
TOMATE FRAICHE,301.0,KG (1 KG),Legumes Frais,jeudi,2025-01,A,39,526.85
TOQUE CHEF,1.0,PC,Hygiène,mercredi,2025-01,C,39,6.0
VIANDE HACHEE SPECIAL MAIGRE CONGELE KG,68.22,KG,Viandes Surgelées,jeudi,2025-01,B,39,128.74
VIANDE SECHE FUME (BRESAOLA) TRANCHES 300GR,5.1,KG (1000 GR),Viandes Fraiches,jeudi,2025-01,A,39,11.0
VINAIGRE CREME DE BALSAMIQUE,3.0,BTL (500 ML),Epicerie,vendredi,2025-01,D,39,9.0
VIPA ORIENTAL MIX 100 GR,8.0,PC (1 PC),Fruits Secs,mardi,2025-01,B,39,48.0
fondant chocolat individual Margarine,52.0,PC (1 PC),Pâtisseries,jeudi,2025-01,C,39,71.0
AC-SMOOTHIE DETOX,10.0,PC (1 PC),Jus Fruit Lait,dimanche,2025-01,D,40,20.0
AC-SMOOTHIE EXOTIC,10.0,PC (1 PC),Jus Fruit Lait,dimanche,2025-01,D,40,20.0
AC-SMOOTHIE LE CLASSIQUE,10.0,PC (1 PC),Jus Fruit Lait,dimanche,2025-01,D,40,20.0
AC-SMOOTHIE PEACH'TINI,10.0,PC (1 PC),Jus Fruit Lait,dimanche,2025-01,D,40,20.0
AC-SMOOTHIE TROPIC TRIP,10.0,PC (1 PC),Jus Fruit Lait,dimanche,2025-01,D,40,20.0
AGRAFFE,3.0,PC,Fournitures de Bureau,vendredi,2025-01,C,40,11.0
AIL,1.3,KG (1 KG),Legumes Frais,jeudi,2025-01,B,40,8.3
AIL EN POUDRE,1.0,KG (1 KG),Fruits & Legumes Frais,mardi,2025-01,C,40,2.0
AJAX VITRE,26.0,PC (1 PC),Hygiène,dimanche,2025-01,A,40,32.0
ALKASURF DDA 5KG,15.0,PC (1 PC),Hygiène,dimanche,2025-02,D,40,15.0
AMANDE EFFILEE,1.0,PC (1 KG),Fruits Secs,vendredi,2025-01,B,40,4.0
AMANDES GRILEES SALEES 70GR,48.0,PC,Fruits Secs,dimanche,2025-01,B,40,84.0
AMSTEL BEER BLLE 33CL,128.0,BTL (1 BTL),Alcools,lundi,2025-01,B,40,432.0
ANANAS GRAND,8.0,PC,Fruits & Legumes Frais,dimanche,2025-02,C,40,51.0
ASEPCLOR,60.0,PC,Hygiène,vendredi,2025-01,A,40,60.0
AUBERGINE,9.55,KG (1 KG),Legumes Frais,mercredi,2025-01,B,40,17.75
AVOCAT FRUIT PIECE,19.0,PC (1 PC),Fruits & Legumes Frais,dimanche,2025-01,B,40,43.0
BACON BOEUF FUME TRANCHES ( 300GR),1.7999999999999998,KG (1000 GR),Viandes Fraiches,vendredi,2025-01,A,40,6.9
BACTYGEL 703 CF,4.0,BTL,Hygiène,samedi,2025-02,B,40,4.0
BALAIS SANS MANCHE,7.0,PC (1 PC),Hygiène,lundi,2025-01,C,40,9.0
BANANE,103.0,PC (1 PC),Fruits & Legumes Frais,dimanche,2025-01,A,40,155.0
BASILIC BARQUETTE,2.7,KG (1 KG),Legumes Frais,mardi,2025-01,A,40,11.05
BLOUSE NON TISSEE,6.0,PC (1 KG),Hygiène,vendredi,2025-01,C,40,36.0
BOGA CIDRE PET 30 CL,60.0,PC,Eaux et Sodas,dimanche,2025-01,C,40,182.0
BOGA LIME PET 30 CL,216.0,PC (1 PC),Eaux et Sodas,dimanche,2025-01,C,40,228.0
BOITE D'ARCHIVE,2.0,PC (1 PC),Fournitures de Bureau,samedi,2025-02,D,40,35.0
BOITE FRAPPE CAFE 1.36KG MONIN,2.0,BTE (1360 GR),Pâtisseries,dimanche,2025-01,C,40,6.0
BOITE FRAPPE VANILLE 1.36KG MONIN,2.0,KG,Pâtisseries,mercredi,2025-01,C,40,6.0
BOITE PIZZA ONDULEE 31/31,50.0,PC,Consommable,dimanche,2025-02,C,40,200.0
BOITE PIZZA PM CIG,100.0,PC (1 PC),Consommable,dimanche,2025-01,B,40,500.0
BORGHELL,2.0,KG (1 KG),Epicerie,lundi,2025-01,C,40,10.0
BOUTEILLE DE VINAIGRETTE 250ML,6.0,PC (250 GR),Epicerie,mardi,2025-01,A,40,16.0
BROCHETTE BAMBOO 20,3.0,SCH (100 PC),Consommable,dimanche,2025-02,C,40,14.0
CAKE CHOCOLAT PBC,32.0,PC (1 PC),Viennoiserie,lundi,2025-01,B,40,88.0
CAKE MARBRE PBC,66.0,PC (1 PC),Viennoiserie,lundi,2025-01,A,40,363.0
CAKE ORANGE PBC,72.0,PC (1 PC),Viennoiserie,jeudi,2025-01,B,40,170.0
CAPRE VRAC,1.0,SEAU (2 KG),Legumes Frais,lundi,2025-01,B,40,9.0
CAPSULE CAFFITALY VIGOROSO,40.0,PC,Cafe,mercredi,2025-01,D,40,408.0
CAROTTE,21.15,KG (1 KG),Legumes Frais,lundi,2025-01,A,40,67.1
CAROTTE CAKE PBC,55.0,PC (1 PC),Viennoiserie,lundi,2025-01,B,40,330.0
CELTIA FUT DE 50L,1.0,PC (50 L),Alcools,jeudi,2025-01,B,40,6.0
CHAMPIGNON FRAIS,20.25,KG (1 KG),Legumes Frais,mardi,2025-01,A,40,39.0
CHEMISE CRAFT,10.0,PC,Fournitures de Bureau,vendredi,2025-01,D,40,90.0
CHOCOLAT EN POUDRE,17.0,PC (0.2 KG),Cafe,dimanche,2025-01,A,40,86.0
CHORBA FRIK,4.0,PQT (0.5 KG),Epicerie,mercredi,2025-01,D,40,23.0
CHOUX ROUGE,5.3,KG (1 KG),Legumes Frais,lundi,2025-01,A,40,9.6
CHOUX VERT,6.9,KG (1 KG),Legumes Frais,lundi,2025-01,B,40,12.8
CITRON FRAIS,7.3,KG (1 KG),Legumes Frais,mardi,2025-01,B,40,21.6
CITRON SALLE,1.0,SEAU (7 KG),Legumes Frais,lundi,2025-02,B,40,28.0
COCA COLA PET 30CL.,240.0,PC (1 PC),Eaux et Sodas,dimanche,2025-01,C,40,456.0
COCA ZERO PET 30 CL,108.0,PC,Eaux et Sodas,lundi,2025-01,D,40,168.0
COFFRET PORTRAIT AV SEP 19.5/19.5,50.0,PC (1 PC),Consommable,samedi,2025-02,C,40,200.0
COFFRET PORTRAIT AV SEP24.5/14.5,50.0,PC (1 PC),Consommable,samedi,2025-02,C,40,150.0
CONCOMBRE,96.6,KG (1 KG),Legumes Frais,dimanche,2025-01,A,40,177.692
COOKIES,40.0,PC (1 PC),Viennoiserie,lundi,2025-01,C,40,120.0
CORNICHON FRAIS,1.0,SEAU (2 KG),Legumes Frais,mardi,2025-01,B,40,12.0
COURGE,19.0,KG (1 KG),Legumes Frais,lundi,2025-01,B,40,47.65
COURGETTE,11.7,KG (1 KG),Legumes Frais,mercredi,2025-01,A,40,28.6
COUSCOUS,14.0,PQT (1 KG),Epicerie,mercredi,2025-01,D,40,33.0
COUTEAU A PAIN 21 CM,2.0,PC (1 PC),Accessoire & couvert,lundi,2025-02,D,40,4.0
CREME A FOUETTER,11.0,PC (1 PC),GLACES,mardi,2025-01,B,40,16.0
CREME CHANTILLY,1.0,PC (1 PC),Pâtisseries,mercredi,2025-01,D,40,11.0
CREME DE CUISSON,12.0,BTE (0.95 L),Beurre Oeuf Fromage,mardi,2025-01,B,40,27.0
CREME SUPERIEUR,15.0,PQT (1 L),Epicerie,lundi,2025-01,D,40,42.0
CREVETTE 26/30 AVEC QUEUE  SURG.,2.0,KG (1 KG),Poisson Surgelé_R,mercredi,2025-01,C,40,4.0
CURCUMIN MOULU,2.0,SCH (1 KG),Epicerie,lundi,2025-01,D,40,2.2
Cake chocolat family Margarine,11.0,PQT (6 PC),Pâtisseries,mercredi,2025-01,C,40,49.0
Cake citron family Margarine,6.0,PQT (6 PC),Pâtisseries,dimanche,2025-01,C,40,42.0
Cake marbré family Margarine,22.0,PQT (6 PC),Pâtisseries,dimanche,2025-01,C,40,74.0
Carotte cake family Margarine,5.0,PQT (6 PC),Pâtisseries,mercredi,2025-01,C,40,24.0
Cookies  individual Margarine,30.0,PC (1 PC),Pâtisseries,mercredi,2025-01,C,40,48.0
DADDY'S CHIPS CLASSIC SEL DE MER 70G,30.0,PC (1 PC),Epicerie,mardi,2025-01,A,40,225.0
DADDY'S CHIPS SAVORY TRUFFE PARMESAN 70G,15.0,PC (1 PC),Epicerie,lundi,2025-02,B,40,165.0
DADDY'S CHIPS SPICY PAPRIKA 70G,15.0,PC (1 PC),Epicerie,mardi,2025-01,A,40,165.0
DATTE EN VRAC,4.0,KG,Fruits & Legumes Frais,mercredi,2025-01,B,40,18.3
DINOL,20.0,BIDON (4.75 L),Hygiène,dimanche,2025-01,A,40,135.0
EMINCE DE BOEUF PORT. SURGELE,15.52,KG (1000 GR),Viandes Surgelées,mardi,2025-01,A,40,79.49000000000001
EPINARD,12.15,KG,Legumes Frais,mardi,2025-01,B,40,12.15
ESCALOPE DE DINDE FUME EN TRANCHE,14.5,KG (1 KG),Charcuterie,dimanche,2025-01,C,40,70.0
ESCALOPE POULET FRAIS,180.3,KG (1 KG),Volaille Surgelée,mardi,2025-01,A,40,503.16
ESCALOPE POULET PANE CONGELE,76.9,KG (1 KG),Volaille Surgelée,dimanche,2025-01,A,40,128.91
ESSUIES VERRES,2.0,PC (1 PC),Hygiène,dimanche,2025-02,D,40,4.0
ESSUIT TOUT JUMBO,133.0,PC (1 KG),Hygiène,mardi,2025-01,A,40,157.0
FANTA PET 30,156.0,PC (1 PC),Eaux et Sodas,lundi,2025-01,C,40,228.0
FARINE EN PAQUET,103.0,PC (1 KG),Epicerie,lundi,2025-01,A,40,252.0
FESTIFE MIX 100 GR,8.0,PC (1 PC),Fruits Secs,mercredi,2025-01,C,40,32.0
FILM ETIRABLE,23.0,PC (1 PC),Consommable,lundi,2025-01,A,40,33.0
FRAISE FRAIS,39.3,KG (1 KG),Fruits & Legumes Frais,dimanche,2025-01,A,40,64.35
FRITE SURGELE 9/9 CLASSIC 2.5 KG,167.5,KG (1 KG),Legumes Surgelés,dimanche,2025-01,A,40,290.0
FRITE SURGELE WEDGES 2.5 KG,32.5,KG (1 KG),Legumes Surgelés,dimanche,2025-01,B,40,90.0
FROMAGE BLANC FONDU KG,6.6000000000000005,KG (1 KG),Beurre Oeuf Fromage,mercredi,2025-01,C,40,15.4
FROMAGE BUCHE BLANCHE CHEVRE KG,2.0,KG (1 KG),Beurre Oeuf Fromage,vendredi,2025-01,B,40,5.0
FROMAGE CHEDDAR EN BLOC,19.31,KG (1 KG),Beurre Oeuf Fromage,mardi,2025-01,A,40,65.0
FROMAGE EDAM MEULE,5.046,KG (1 KG),Beurre Oeuf Fromage,dimanche,2025-02,B,40,35.622
FROMAGE GORGONZELA,5.0,PC (150 GR),Beurre Oeuf Fromage,mercredi,2025-01,A,40,13.0
FROMAGE LAND OR,12.6,PC (1 KG),Beurre Oeuf Fromage,lundi,2025-01,A,40,25.4
FROMAGE MAASDAM EN BLOC,26.0,KG (1 KG),Beurre Oeuf Fromage,mardi,2025-01,B,40,42.0
FROMAGE MEULE GOUDA,20.886,KG (1 KG),Beurre Oeuf Fromage,dimanche,2025-01,C,40,24.502
FROMAGE MOZZARELLA  KG,70.0,KG,Beurre Oeuf Fromage,lundi,2025-01,A,40,176.93
FROMAGE PARMESAN PB,1.6,KG (1 KG),Beurre Oeuf Fromage,mardi,2025-01,A,40,3.8
FROMAGE TRIANGLE FONDU STREET &CO,7.0,BTE (48 PC),Beurre Oeuf Fromage,mardi,2025-01,C,40,18.0
FUT HEINEKEIN,6.0,BTL (20 L),Alcools,lundi,2025-01,B,40,240.0
GARCI GAZ 1L,93.0,PC (1 PC),Eaux et Sodas,lundi,2025-01,A,40,316.0
GATEAU CHOCOLAT PBC,20.0,PC (1 PC),Viennoiserie,samedi,2025-02,B,40,100.0
GEL ANTIBAC 500,6.0,POT (1 PQT),Hygiène,vendredi,2025-01,D,40,6.0
HARISSA ARBI,17.0,BTE (0.45 KG),Epicerie,mardi,2025-01,A,40,23.0
HARISSA CONCENTRE EN BOITE,33.0,BTE (2 KG),Epicerie,lundi,2025-01,A,40,57.0
HUILE D'OLIVE POMACE,23.75,L (1 L),Epicerie,lundi,2025-01,B,40,28.5
HUILE VEGETALE,49.0,BIDON (5 L),Epicerie,dimanche,2025-01,A,40,67.0
JAMBON DE BOEUF FUME,5.9,KG (1 KG),Charcuterie,dimanche,2025-01,A,40,18.1
JAMBON DE DINDE,18.29,KG (1 KG),Charcuterie,lundi,2025-01,A,40,34.15
JEX CARRE,116.0,PC,Hygiène,dimanche,2025-01,A,40,180.0
JOUR ET NUIT BLANC 1/2,2.0,PC (1 PC),Alcools,jeudi,2025-01,C,40,52.0
JOUR ET NUIT ROUGE 1/2,15.0,PC (1 PC),Alcools,jeudi,2025-01,C,40,48.0
KETCHUP,15.0,L (1 L),Epicerie,dimanche,2025-01,C,40,40.0
KINDER BUENO,60.0,PC (1 PC),Epicerie,jeudi,2025-01,A,40,300.0
KINDER T4,40.0,PC (1 PC),Epicerie,jeudi,2025-01,B,40,180.0
LAVETTE COTON,101.0,PC,Hygiène,dimanche,2025-01,A,40,149.0
LENTILLE VRAC,2.0,PC (1 KG),Legumes Secs,lundi,2025-01,D,40,3.0
LEVURE BOULANGERE NORMALE,21.0,PQT (6 PC),Boulangerie_R,lundi,2025-01,B,40,34.0
LOT CAFE GRAIN ESPRESSO ELITE 3,60.0,PC (1 KG),Cafe,lundi,2025-01,A,40,128.0
LOT CAFE GRAINS  PUR EXPRESS,6.0,KG,Cafe,lundi,2025-02,A,40,73.0
LOT DE CAFE TURC,0.5,PC (1 KG),Cafe,mercredi,2025-01,D,40,3.0
MAIS EN BOITE,36.0,BTE (340 GR),Epicerie,lundi,2025-01,A,40,92.0
MAIS EN VRAC,6.0,PC (1 KG),Legumes Frais,lundi,2025-01,C,40,9.0
MANGUE,6.0,PC (1 PC),Fruits & Legumes Frais,dimanche,2025-01,A,40,39.0
MARGARINE,2.0,SEAU (4.5 KG),Beurre Oeuf Fromage,mercredi,2025-01,B,40,13.5
MARINADE EMINCE DE BOEUF,5.0,PC (0.15 KG),Epicerie,mardi,2025-01,C,40,10.0
MARINADE POULET GRILLE,20.0,PC (0.15 KG),Volaille Surgelée,mardi,2025-01,C,40,30.0
MARS CHOCOLAT,40.0,PC (1 PC),Epicerie,mardi,2025-01,C,40,160.0
MAYONAISE,19.0,SEAU (5 L),Beurre Oeuf Fromage,dimanche,2025-01,A,40,44.0
MELANGE EPICES VIANDE 500GR PB,1.0,KG (1 KG),Epicerie,jeudi,2025-01,D,40,2.0
MELANGE TENDER  PB,5.0,KG (1 KG),Epicerie,mardi,2025-01,C,40,11.0
MENTOS ROLLS FRUIT FLAVOUR,40.0,PC (1 PC),Epicerie,mercredi,2025-01,D,40,80.0
MENTOS ROLLS RAINBOW,40.0,PC (1 PC),Epicerie,mercredi,2025-01,D,40,120.0
MENTOS ROLLS STRAWBERRY,40.0,PC (1 PC),Epicerie,mardi,2025-01,D,40,80.0
MIX A CREPE FRAN,70.0,PC (1 KG),Pâtisseries,dimanche,2025-01,C,40,150.0
MOUSSE CHOCOLAT,1.0,PC,Pâtisseries,mercredi,2025-01,D,40,4.0
MOUTARDE DIJON,4.0,BTE (850 GR),Epicerie,dimanche,2025-02,D,40,12.0
MOZARELLA BOCCONCINI,8.0,PC (200 GR),Beurre Oeuf Fromage,mercredi,2025-01,D,40,23.0
MUFFINS VANILLE,72.0,PC (1 PC),Viennoiserie,jeudi,2025-01,B,40,96.0
Moelleux  individual  Margarine,27.0,PC (1 PC),Pâtisseries,mercredi,2025-01,D,40,50.0
NUGGETS PANE PB,75.0,PC (1 PC),Volaille Surgelée,jeudi,2025-01,A,40,275.0
OEUFS,54.0,PLT (30 PC),Beurre Oeuf Fromage,dimanche,2025-01,A,40,83.0
OIGNION VERT,1.15,KG,Legumes Frais,lundi,2025-02,D,40,11.15
OIGNONS BLANC,45.25,KG (1 KG),Legumes Frais,dimanche,2025-01,A,40,127.3
OIGNONS ROUGE,34.2,KG (1 KG),Legumes Frais,dimanche,2025-01,A,40,119.4
OLIVE DENOYETE,14.0,KG (1 KG),Epicerie,lundi,2025-01,B,40,35.0
OLIVE NOIRE SLICE,14.0,KG (1 KG),Epicerie,lundi,2025-01,B,40,35.0
OLIVE VIOLETTE,10.0,KG (1 KG),Epicerie,lundi,2025-01,C,40,14.0
PACK FOOD BOWL + COUVERCLE 1.2 L,50.0,PC (1 PC),Consommable,lundi,2025-01,B,40,175.0
PAILLE NOIR,12.0,PQT (250 PC),Consommable,mardi,2025-01,A,40,39.0
PAIN CHAWARMA *10,28.0,PQT (10 PC),Boulangerie_R,mardi,2025-01,A,40,115.0
PAIN DE MIE CEREALE,52.0,PC (1 PC),Boulangerie_R,jeudi,2025-01,B,40,130.0
PAIN DE MIE NATURE,104.0,PC (1 PC),Boulangerie_R,mardi,2025-01,B,40,130.0
PAPIER CUISSON 40*60,1.0,PQT (500 PC),Consommable,vendredi,2025-01,C,40,4.0
PAPIER SERVIETTE GOURMANDISE,40.0,PC (1 PC),Consommable,samedi,2025-02,B,40,128.0
PAPRIKA FORT,2.0,KG (1 KG),Epicerie,mercredi,2025-01,C,40,3.0
PATE PAPILLON,16.0,PQT (0.5 KG),Epicerie,lundi,2025-01,D,40,24.0
PATE PIZZA FOCACCIA 12/40,72.0,PC (1 PC),Boulangerie_R,vendredi,2025-01,A,40,170.0
PATE PIZZA PANCROCCHINO 32cm,32.0,PC (1 PC),Boulangerie_R,mardi,2025-01,D,40,51.0
PATE PLUME COURTE,41.0,PQT (0.5 KG),Epicerie,lundi,2025-01,B,40,58.0
PATE SPAGHETTI,10.0,PQT (0.5 KG),Epicerie,jeudi,2025-01,B,40,74.0
PEPITTE DE DECORATION NOIRE KG,5.0,KG (1000 GR),Epicerie,jeudi,2025-01,D,40,8.5
PEPPERONI,0.6,KG (1 KG),Charcuterie,dimanche,2025-01,A,40,4.8
PILLE AA,8.0,PC (1 GR),Fournitures de Bureau,vendredi,2025-01,D,40,20.0
PIMENT DOUX,41.1,KG (1 KG),Legumes Frais,mardi,2025-01,A,40,97.3
PIMENT FORT,50.4,KG,Legumes Frais,dimanche,2025-01,A,40,78.95
PIMENT ROUGE SALLE,10.0,KG (1 KG),Epicerie,lundi,2025-01,B,40,20.0
PISTACHE CONCASSEE,1.0,PC (1000 GR),Fruits Secs,mercredi,2025-01,C,40,4.0
POIS CHICHE KG,4.0,PC (1 PC),Legumes Secs,lundi,2025-01,C,40,8.0
POIVRE NOIR MOULU,2.0,PC (1 KG),Epicerie,jeudi,2025-01,B,40,3.0
POMME DE TERRE,182.0,KG (1 KG),Legumes Frais,lundi,2025-01,A,40,292.25
POT NUTELLA,20.0,PC (1 KG),Pâtisseries,jeudi,2025-01,D,40,78.0
POUDRE TENDERS PB,4.0,KG (1 KG),Volaille Surgelée,dimanche,2025-02,B,40,42.0
POULET PAC FRAIS,48.9,KG (1 KG),Volaille Fraiche,mercredi,2025-01,C,40,98.48
POULET PANE AMANDE PB,240.0,PC (1 PC),Volaille Surgelée,dimanche,2025-01,A,40,350.0
PUNCH CIDRE 50CL,34.0,PC,Eaux et Sodas,lundi,2025-01,B,40,164.0
PUNCH ORANGE 30CL,112.0,PC (1 PC),Eaux et Sodas,dimanche,2025-01,D,40,198.0
PUNCH ORANGE 50CL,25.0,PC,Eaux et Sodas,lundi,2025-01,B,40,161.0
PUREE ANANAS 1 L,1.0,PC (1 L),Epicerie,mercredi,2025-01,D,40,2.0
PUREE DE BANANE 1L,1.0,PC (1 L),Epicerie,mercredi,2025-01,D,40,2.0
PUREE FRAISE 1.32KG MONIN,1.0,KG (1320 GR),Pâtisseries,mercredi,2025-01,D,40,2.0
PUREE MANGUE 1L,1.0,PC (1 L),Epicerie,mercredi,2025-01,D,40,2.0
QUATRE EPICES MOULU,1.0,PC (1 KG),Epicerie,lundi,2025-01,C,40,3.0
RACLETTE,5.0,PC (1 PC),Hygiène,lundi,2025-01,B,40,7.0
RAME PAPIER A4,20.0,PC (1 PC),Fournitures de Bureau,mardi,2025-01,B,40,23.0
REMANENT HERBE CF,2.0,PC,Hygiène,vendredi,2025-01,B,40,10.0
RIZ EN PQT,16.0,PC (1 KG),Epicerie,mardi,2025-01,D,40,24.0
ROQUETTE SALADE BARQUETTE,5.2,KG,Legumes Frais,dimanche,2025-01,A,40,5.9
ROULEAU CAISSE 80*80,130.0,PC (1 PC),Fournitures de Bureau,dimanche,2025-01,A,40,205.0
ROULEAU TPE,82.0,PC (1 PC),Fournitures de Bureau,mercredi,2025-01,A,40,286.0
SACHET BRETELLES 38X60 MF,100.0,PC (1 PC),Consommable,jeudi,2025-01,B,40,225.0
SACHET CONGELATION,10.0,PC (1 KG),Consommable,dimanche,2025-01,D,40,10.0
SALADE LAITUE TUN,148.85,KG (1 KG),Legumes Frais,dimanche,2025-01,A,40,393.7
SANEX,5.0,PC (1 PC),Hygiène,mardi,2025-01,A,40,100.0
SANIT SURF,51.0,PC,Hygiène,dimanche,2025-01,A,40,51.0
SAUCE A L'AIL,2.0,KG (1 KG),Epicerie,mardi,2025-01,B,40,12.0
SAUCE A L'AIL PB,4.0,KG (1 KG),Epicerie,mardi,2025-01,A,40,11.0
SAUCE AU POIVRE PB,4.0,SCH (0.5 KG),Epicerie,mardi,2025-01,C,40,6.0
SAUCE MAYONNAISE PESTO,4.0,L (1 L),Epicerie,mardi,2025-01,B,40,10.0
SAUCE PESTO PB,4.0,PC (0.6 KG),Epicerie,mardi,2025-01,A,40,5.0
SAUCE PLAN B,5.0,L (1 L),Epicerie,samedi,2025-02,C,40,20.0
SCHWEPPES TONIC 24 CL,24.0,PC (1 PC),Eaux et Sodas,lundi,2025-01,D,40,31.0
SEL,11.0,PC (1 KG),Epicerie,mardi,2025-01,B,40,17.0
SERPILLERE,65.0,PC (1 PC),Hygiène,dimanche,2025-01,A,40,122.0
SERVIETTE 30*30 CIGUSTA,144.0,PC,Consommable,dimanche,2025-01,B,40,192.0
SERVIETTE 30*30 MF,38.0,PQT (1 PQT),Consommable,jeudi,2025-01,B,40,74.0
SUCRE EN SACHET CI-GUSTA,30.0,PC (1 PC),Cafe,mercredi,2025-01,B,40,120.0
SUCRE EN SACHET DAILY BREAK,120.0,PC (1 KG),Cafe,dimanche,2025-01,A,40,230.0
THON HV EN BOITE,119.0,BTE (2.05 KG),Conserve de Poisson,lundi,2025-01,B,40,150.0
TIC TAC ORANGE,12.0,PC (1 PC),Epicerie,mercredi,2025-01,D,40,36.0
TIC TAC STRAWBERRY MIX,12.0,PC (1 PC),Epicerie,mercredi,2025-01,D,40,60.0
TOMATE CERISES,8.65,KG (1 KG),Legumes Frais,mardi,2025-01,A,40,24.95
TOMATE CONCENTREE EN BOITE,24.0,BTE (0.8 KG),Epicerie,mardi,2025-01,B,40,60.0
TOMATE FRAICHE,290.1,KG (1 KG),Legumes Frais,dimanche,2025-01,A,40,526.85
TOMATES SECHEES,1.0,PC (1000 GR),Epicerie,mardi,2025-01,B,40,5.0
VARIANTES,1.0,SEAU (7 KG),Legumes Frais,lundi,2025-02,D,40,10.0
VIANDE HACHEE SPECIAL MAIGRE CONGELE KG,43.975,KG,Viandes Surgelées,mercredi,2025-01,B,40,128.74
VIANDE SECHE FUME (BRESAOLA) TRANCHES 300GR,3.9,KG (1000 GR),Viandes Fraiches,dimanche,2025-01,A,40,11.0
VINAIGRE CREME DE BALSAMIQUE,4.0,BTL (500 ML),Epicerie,mardi,2025-01,D,40,9.0
VIPA ORIENTAL MIX 100 GR,24.0,PC (1 PC),Fruits Secs,dimanche,2025-01,B,40,48.0
fondant chocolat individual Margarine,40.0,PC (1 PC),Pâtisseries,mercredi,2025-01,C,40,71.0
sucre en buchette MF 10kg,1.0,KG (1 KG),Cafe,jeudi,2025-01,C,40,10.0
AC-SMOOTHIE DETOX,10.0,PC (1 PC),Jus Fruit Lait,samedi,2025-02,D,41,20.0
AC-SMOOTHIE EXOTIC,10.0,PC (1 PC),Jus Fruit Lait,samedi,2025-02,D,41,20.0
AC-SMOOTHIE LE CLASSIQUE,10.0,PC (1 PC),Jus Fruit Lait,samedi,2025-02,D,41,20.0
AC-SMOOTHIE PEACH'TINI,10.0,PC (1 PC),Jus Fruit Lait,samedi,2025-02,D,41,20.0
AC-SMOOTHIE TROPIC TRIP,10.0,PC (1 PC),Jus Fruit Lait,samedi,2025-02,D,41,20.0
AGRAFFE,6.0,PC (1 PC),Fournitures de Bureau,dimanche,2025-02,C,41,11.0
AIL,2.3,KG (1 KG),Legumes Frais,jeudi,2025-02,B,41,8.3
AJAX VITRE,20.0,PC (1 PC),Hygiène,mercredi,2025-02,A,41,32.0
ALKASURF DDA 5KG,5.0,PC (1 PC),Hygiène,jeudi,2025-02,D,41,15.0
AMANDE EFFILEE,1.0,PC (1 KG),Fruits Secs,vendredi,2025-02,B,41,4.0
AMANDES GRILEES SALEES 70GR,84.0,PC (1 PC),Fruits Secs,vendredi,2025-02,B,41,84.0
AMSTEL BEER BLLE 33CL,194.0,BTL (1 BTL),Alcools,jeudi,2025-02,B,41,432.0
ANANAS GRAND,10.0,PC (1 PC),Fruits & Legumes Frais,mercredi,2025-02,C,41,51.0
ASEPCLOR,30.0,PC,Hygiène,mercredi,2025-02,A,41,60.0
AUBERGINE,10.9,KG (1 KG),Legumes Frais,mercredi,2025-02,B,41,17.75
AVOCAT FRUIT PIECE,7.0,PC (1 PC),Fruits & Legumes Frais,mercredi,2025-02,B,41,43.0
BACON BOEUF FUME TRANCHES ( 300GR),3.5,KG (1000 GR),Viandes Fraiches,vendredi,2025-02,A,41,6.9
BACTYGEL 703 CF,1.0,BTL (1 BTL),Hygiène,mercredi,2025-02,B,41,4.0
BANANE,84.0,PC (1 PC),Fruits & Legumes Frais,mercredi,2025-02,A,41,155.0
BASILIC BARQUETTE,4.050000000000001,KG (1 KG),Legumes Frais,mercredi,2025-02,A,41,11.05
BOGA LIME PET 30 CL,24.0,PC (1 PC),Eaux et Sodas,jeudi,2025-02,C,41,228.0
BOITE D'ARCHIVE,19.0,PC (1 PC),Fournitures de Bureau,jeudi,2025-02,D,41,35.0
BOITE FRAPPE VANILLE 1.36KG MONIN,2.0,BTE (1.36 KG),Pâtisseries,jeudi,2025-02,C,41,6.0
BOITE PIZZA ONDULEE 31/31,50.0,PC,Consommable,mercredi,2025-02,C,41,200.0
BORGHELL,2.0,KG (1 KG),Epicerie,lundi,2025-02,C,41,10.0
BOUTEILLE DE VINAIGRETTE 250ML,4.0,PC (250 GR),Epicerie,jeudi,2025-02,A,41,16.0
BROCHETTE BAMBOO 20,5.0,SCH (100 PC),Consommable,samedi,2025-02,C,41,14.0
CAKE CHOCOLAT PBC,8.0,PC (1 PC),Viennoiserie,vendredi,2025-02,B,41,88.0
CAKE MARBRE PBC,11.0,PC (1 PC),Viennoiserie,vendredi,2025-02,A,41,363.0
CAPSULE CAFEITALY COLOMBIA,130.0,PC (1 PC),Cafe,lundi,2025-02,C,41,310.0
CAPSULE CAFFITALY VIGOROSO,408.0,PC,Cafe,jeudi,2025-02,D,41,408.0
CAROTTE,29.95,KG (1 KG),Legumes Frais,mercredi,2025-02,A,41,67.1
CAROTTE CAKE PBC,33.0,PC (1 PC),Viennoiserie,vendredi,2025-02,B,41,330.0
CELTIA FUT DE 50L,3.0,PC (50 L),Alcools,vendredi,2025-02,B,41,6.0
CHAMPIGNON FRAIS,2.75,KG (1 KG),Legumes Frais,mercredi,2025-02,A,41,39.0
CHAPLUR,12.0,PC (1 KG),Epicerie,mardi,2025-02,C,41,16.0
CHEWING GUM FLORIDENT  EXTRA WHITE 60G,12.0,PC (1 PC),Epicerie,vendredi,2025-02,D,41,24.0
CHOCOLAT EN POUDRE,19.0,PC (0.2 KG),Cafe,dimanche,2025-02,A,41,86.0
CHORBA FRIK,12.0,PQT (0.5 KG),Epicerie,mercredi,2025-02,D,41,23.0
CHOUX ROUGE,6.199999999999999,KG (1 KG),Legumes Frais,mercredi,2025-02,A,41,9.6
CHOUX VERT,3.75,KG (1 KG),Legumes Frais,mercredi,2025-02,B,41,12.8
CITRON FRAIS,8.9,KG (1 KG),Legumes Frais,mercredi,2025-02,B,41,21.6
CITRON SALLE,1.0,SEAU (7 KG),Legumes Frais,lundi,2025-02,B,41,28.0
COCA COLA PET 30CL.,391.0,PC (1 PC),Eaux et Sodas,jeudi,2025-02,C,41,456.0
COCA ZERO PET 30 CL,12.0,PC (1 PC),Eaux et Sodas,jeudi,2025-02,D,41,168.0
COFFRET CHECHIA AV SEP 16/16,50.0,PC (1 PC),Consommable,mercredi,2025-02,C,41,125.0
COFFRET PORTRAIT AV SEP 11.5/11.5,50.0,PC (1 PC),Consommable,mercredi,2025-02,C,41,175.0
COFFRET PORTRAIT AV SEP 19.5/19.5,50.0,PC (1 PC),Consommable,mercredi,2025-02,C,41,200.0
COFFRET PORTRAIT AV SEP24.5/14.5,50.0,PC (1 PC),Consommable,samedi,2025-02,C,41,150.0
CONCOMBRE,114.5,KG (1 KG),Legumes Frais,mercredi,2025-02,A,41,177.692
COURGE,47.65,KG (1 KG),Legumes Frais,mercredi,2025-02,B,41,47.65
COURGETTE,26.75,KG (1 KG),Legumes Frais,mercredi,2025-02,A,41,28.6
COUSCOUS,30.0,PQT (1 KG),Epicerie,mercredi,2025-02,D,41,33.0
CREME A FOUETTER,8.0,PC,GLACES,mardi,2025-02,B,41,16.0
CREME DE CUISSON,9.0,BTE (0.95 L),Beurre Oeuf Fromage,samedi,2025-02,B,41,27.0
CREVETTE 26/30 AVEC QUEUE  SURG.,2.0,KG,Poisson Surgelé_R,jeudi,2025-02,C,41,4.0
CURCUMIN MOULU,2.0,SCH (1 KG),Epicerie,jeudi,2025-02,D,41,2.2
Cake chocolat family Margarine,15.0,PQT (6 PC),Pâtisseries,mercredi,2025-02,C,41,49.0
Cake citron family Margarine,11.0,PQT (6 PC),Pâtisseries,mercredi,2025-02,C,41,42.0
Cake marbré family Margarine,17.0,PQT (6 PC),Pâtisseries,mercredi,2025-02,C,41,74.0
Carotte cake family Margarine,10.0,PQT (6 PC),Pâtisseries,mercredi,2025-02,C,41,24.0
Cookies  individual Margarine,47.0,PC (1 PC),Pâtisseries,mercredi,2025-02,C,41,48.0
DADDY'S CHIPS CLASSIC SEL DE MER 70G,90.0,PC (1 PC),Epicerie,vendredi,2025-02,A,41,225.0
DADDY'S CHIPS SAVORY TRUFFE PARMESAN 70G,15.0,PC (1 PC),Epicerie,jeudi,2025-02,B,41,165.0
DADDY'S CHIPS SPICY PAPRIKA 70G,45.0,PC (1 PC),Epicerie,jeudi,2025-02,A,41,165.0
DINOL,16.0,BIDON (4.75 L),Hygiène,mercredi,2025-02,A,41,135.0
EAU MINÉRALE 6L,52.0,BTL (1 PC),Eaux et Sodas,samedi,2025-02,A,41,90.0
EMINCE DE BOEUF PORT. SURGELE,25.995,KG (1000 GR),Viandes Surgelées,mercredi,2025-02,A,41,79.49000000000001
EPINARD,4.0,KG (1 KG),Legumes Frais,lundi,2025-02,B,41,12.15
ESCALOPE DE DINDE FUME EN TRANCHE,20.5,KG (1 KG),Charcuterie,mercredi,2025-02,C,41,70.0
ESCALOPE POULET FRAIS,278.64,KG (1 KG),Volaille Surgelée,mercredi,2025-02,A,41,503.16
ESCALOPE POULET PANE CONGELE,78.48,KG (1 KG),Volaille Surgelée,mercredi,2025-02,A,41,128.91
ESSUIT TOUT JUMBO,126.0,PC (1 KG),Hygiène,mercredi,2025-02,A,41,157.0
FANTA PET 30,144.0,PC (1 PC),Eaux et Sodas,jeudi,2025-02,C,41,228.0
FARINE EN PAQUET,170.0,PC (1 KG),Epicerie,mercredi,2025-02,A,41,252.0
FESTIFE MIX 100 GR,16.0,PC (1 PC),Fruits Secs,vendredi,2025-02,C,41,32.0
FILM ETIRABLE,27.0,PC (1 PC),Consommable,mercredi,2025-02,A,41,33.0
FRAISE FRAIS,46.7,KG (1 KG),Fruits & Legumes Frais,mercredi,2025-02,A,41,64.35
FRITE SURGELE 9/9 CLASSIC 2.5 KG,130.0,KG (1 KG),Legumes Surgelés,jeudi,2025-02,A,41,290.0
FRITE SURGELE WEDGES 2.5 KG,30.0,KG (1 KG),Legumes Surgelés,samedi,2025-02,B,41,90.0
FROMAGE BLANC FONDU KG,4.4,KG (1 KG),Beurre Oeuf Fromage,vendredi,2025-02,C,41,15.4
FROMAGE CHEDDAR EN BLOC,18.89,KG (1 KG),Beurre Oeuf Fromage,mercredi,2025-02,A,41,65.0
FROMAGE EDAM MEULE,12.238,KG (1 KG),Beurre Oeuf Fromage,jeudi,2025-02,B,41,35.622
FROMAGE GORGONZELA,13.0,PC (150 GR),Beurre Oeuf Fromage,jeudi,2025-02,A,41,13.0
FROMAGE LAND OR,10.8,PC (1 KG),Beurre Oeuf Fromage,mercredi,2025-02,A,41,25.4
FROMAGE MAASDAM EN BLOC,36.0,KG (1 KG),Beurre Oeuf Fromage,jeudi,2025-02,B,41,42.0
FROMAGE MEULE GOUDA,21.057,KG (1 KG),Beurre Oeuf Fromage,jeudi,2025-02,C,41,24.502
FROMAGE MOZZARELLA  KG,80.0,KG (1 KG),Beurre Oeuf Fromage,mercredi,2025-02,A,41,176.93
FROMAGE PARMESAN PB,1.6,KG (1 KG),Beurre Oeuf Fromage,jeudi,2025-02,A,41,3.8
FROMAGE TRIANGLE FONDU STREET &CO,11.0,BTE (48 PC),Beurre Oeuf Fromage,mercredi,2025-02,C,41,18.0
FUT HEINEKEIN,9.0,BTL (20 L),Alcools,jeudi,2025-02,B,41,240.0
GARCI GAZ 1L,167.0,PC (1 PC),Eaux et Sodas,jeudi,2025-02,A,41,316.0
GATEAU CHOCOLAT PBC,20.0,PC (1 PC),Viennoiserie,vendredi,2025-02,B,41,100.0
HARISSA ARBI,17.0,BTE (0.45 KG),Epicerie,jeudi,2025-02,A,41,23.0
HARISSA CONCENTRE EN BOITE,33.0,BTE (2 KG),Epicerie,vendredi,2025-02,A,41,57.0
HUILE D'OLIVE POMACE,9.5,L (1 L),Epicerie,samedi,2025-02,B,41,28.5
HUILE VEGETALE,47.0,BIDON (5 L),Epicerie,mercredi,2025-02,A,41,67.0
JAMBON DE BOEUF FUME,7.45,KG (1 KG),Charcuterie,mercredi,2025-02,A,41,18.1
JAMBON DE DINDE,14.4,KG (1 KG),Charcuterie,mercredi,2025-02,A,41,34.15
JEX CARRE,67.0,PC (1 PC),Hygiène,mercredi,2025-02,A,41,180.0
JOUR ET NUIT BLANC 1/2,18.0,PC (1 PC),Alcools,vendredi,2025-02,C,41,52.0
JOUR ET NUIT ROSE 1/2,18.0,PC (1 PC),Alcools,vendredi,2025-02,B,41,52.0
JOUR ET NUIT ROUGE 1/2,6.0,PC (1 PC),Alcools,jeudi,2025-02,C,41,48.0
JOUR ET NUIT3/4 BLANC,6.0,PC (1 PC),Alcools,jeudi,2025-02,C,41,30.0
KETCHUP,5.0,L (1 L),Epicerie,jeudi,2025-02,C,41,40.0
KINDER BUENO,30.0,PC (1 PC),Epicerie,jeudi,2025-02,A,41,300.0
KINDER T4,40.0,PC (1 PC),Epicerie,vendredi,2025-02,B,41,180.0
LAVETTE COTON,103.0,PC (1 PC),Hygiène,mercredi,2025-02,A,41,149.0
LENTILLE VRAC,2.0,PC (1 KG),Legumes Secs,mercredi,2025-02,D,41,3.0
LEVURE BOULANGERE NORMALE,30.0,PQT (6 PC),Boulangerie_R,mercredi,2025-02,B,41,34.0
LEVURE CHIMIQUE,3.0,PQT (1000 GR),Pâtisseries,mercredi,2025-02,D,41,3.0
LOT CAFE GRAIN ESPRESSO ELITE 3,50.0,PC (1 KG),Cafe,samedi,2025-02,A,41,128.0
LOT CAFE GRAINS  PUR EXPRESS,28.0,KG (1 KG),Cafe,jeudi,2025-02,A,41,73.0
LOT DE CAFE TURC,1.0,PC (1 KG),Cafe,mercredi,2025-02,D,41,3.0
MAIS EN BOITE,29.0,BTE (340 GR),Epicerie,vendredi,2025-02,A,41,92.0
MAIS EN VRAC,5.0,PC (1 KG),Legumes Frais,jeudi,2025-02,C,41,9.0
MANGUE,10.0,PC (1 PC),Fruits & Legumes Frais,samedi,2025-02,A,41,39.0
MARGARINE,3.0,SEAU (4.5 KG),Beurre Oeuf Fromage,mardi,2025-02,B,41,13.5
MARINADE EMINCE DE BOEUF,7.0,PC (0.15 KG),Epicerie,jeudi,2025-02,C,41,10.0
MARINADE POULET GRILLE,24.0,PC (0.15 KG),Volaille Surgelée,jeudi,2025-02,C,41,30.0
MARS CHOCOLAT,80.0,PC (1 PC),Epicerie,vendredi,2025-02,C,41,160.0
MAYONAISE,25.0,SEAU (5 L),Beurre Oeuf Fromage,mercredi,2025-02,A,41,44.0
MELANGE TENDER  PB,9.0,KG (1 KG),Epicerie,jeudi,2025-02,C,41,11.0
MENTOS ROLLS STRAWBERRY,40.0,PC (1 PC),Epicerie,vendredi,2025-02,D,41,80.0
MENTOS ROLLS TUTTI FRUTTI,40.0,PC (1 PC),Epicerie,vendredi,2025-02,D,41,80.0
MIX A CREPE FRAN,60.0,PC (1 KG),Pâtisseries,vendredi,2025-02,C,41,150.0
MOELLEUX CHOCOLAT,36.0,PC,Viennoiserie,mercredi,2025-02,C,41,108.0
MOUTARDE DIJON,5.0,BTE (850 GR),Epicerie,dimanche,2025-02,D,41,12.0
MOZARELLA BOCCONCINI,3.0,PC (200 GR),Beurre Oeuf Fromage,jeudi,2025-02,D,41,23.0
MOZARELLA CERISE,8.0,BTE (20 PC),Beurre Oeuf Fromage,jeudi,2025-02,C,41,24.0
MUFFINS VANILLE,48.0,PC (1 PC),Viennoiserie,vendredi,2025-02,B,41,96.0
Moelleux  individual  Margarine,50.0,PC (1 PC),Pâtisseries,mercredi,2025-02,D,41,50.0
NAPPAGE,2.0,PC (1 PC),Pâtisseries,vendredi,2025-02,C,41,14.0
NOISETTE GRILLEE CONCASSEE,1.0,PC (1 KG),Fruits Secs,mardi,2025-02,D,41,3.0
NUGGETS PANE PB,75.0,PC (1 PC),Volaille Surgelée,dimanche,2025-02,A,41,275.0
OEUFS,71.0,PLT (30 PC),Beurre Oeuf Fromage,mercredi,2025-02,A,41,83.0
OIGNION VERT,4.74,KG,Legumes Frais,mercredi,2025-02,D,41,11.15
OIGNONS BLANC,18.55,KG (1 KG),Legumes Frais,mercredi,2025-02,A,41,127.3
OIGNONS ROUGE,85.85,KG (1 KG),Legumes Frais,mercredi,2025-02,A,41,119.4
OLIVE DENOYETE,14.0,KG (1 KG),Epicerie,samedi,2025-02,B,41,35.0
OLIVE NOIRE SLICE,7.0,KG (1 KG),Epicerie,jeudi,2025-02,B,41,35.0
PACK FOOD BOWL + COUVERCLE 1.2 L,25.0,PC,Consommable,jeudi,2025-02,B,41,175.0
PAILLE NOIR,13.0,PQT (250 PC),Consommable,mercredi,2025-02,A,41,39.0
PAIN CHAWARMA *10,34.0,PQT (10 PC),Boulangerie_R,mercredi,2025-02,A,41,115.0
PAIN DE MIE CEREALE,52.0,PC (1 PC),Boulangerie_R,mercredi,2025-02,B,41,130.0
PAIN DE MIE NATURE,52.0,PC,Boulangerie_R,mercredi,2025-02,B,41,130.0
PAIN SCHNECK AUX RAISINS SURG PUR BEURRE GF,275.0,PC (1 PC),Viennoiserie,samedi,2025-02,B,41,1200.0
PAIN SHNEK AU RAISIN MARGARINE,275.0,PC (1 KG),Pâtisseries,samedi,2025-02,C,41,700.0
PAPIER ALUM DE 100,2.0,PC (1 PC),Consommable,samedi,2025-02,B,41,9.0
PAPRIKA FORT,1.0,KG (1 KG),Epicerie,dimanche,2025-02,C,41,3.0
PATE PAPILLON,12.0,PQT (0.5 KG),Epicerie,lundi,2025-02,D,41,24.0
PATE PIZZA FOCACCIA 12/40,81.0,PC (1 PC),Boulangerie_R,vendredi,2025-02,A,41,170.0
PATE PIZZA FOCACCIA D32 CM,50.0,PC (1 PC),Boulangerie_R,mardi,2025-02,C,41,50.0
PATE PLUME COURTE,10.0,PQT (0.5 KG),Epicerie,samedi,2025-02,B,41,58.0
PATE SPAGHETTI,38.0,PQT (0.5 KG),Epicerie,vendredi,2025-02,B,41,74.0
PEPPERONI,0.6,KG (1 KG),Charcuterie,mardi,2025-02,A,41,4.8
PILLE AA,4.0,PC (1 GR),Fournitures de Bureau,samedi,2025-02,D,41,20.0
PIMENT DOUX,30.3,KG (1 KG),Legumes Frais,mercredi,2025-02,A,41,97.3
PIMENT FORT,69.05,KG (1 KG),Legumes Frais,jeudi,2025-02,A,41,78.95
PIMENT ROUGE SALLE,10.0,KG (1 KG),Epicerie,jeudi,2025-02,B,41,20.0
PISTACHE CONCASSEE,1.0,PC (1000 GR),Fruits Secs,mardi,2025-02,C,41,4.0
POIS CHICHE KG,5.0,PC (1 PC),Legumes Secs,mercredi,2025-02,C,41,8.0
POMME DE TERRE,193.15,KG (1 KG),Legumes Frais,mercredi,2025-02,A,41,292.25
POT NUTELLA,30.0,PC (1 KG),Pâtisseries,vendredi,2025-02,D,41,78.0
POUDRE TENDERS PB,20.0,KG,Volaille Surgelée,vendredi,2025-02,B,41,42.0
POULET PAC FRAIS,98.48,KG (1 KG),Volaille Fraiche,jeudi,2025-02,C,41,98.48
POULET PANE AMANDE PB,240.0,PC (1 PC),Volaille Surgelée,jeudi,2025-02,A,41,350.0
PUNCH CIDRE 50CL,72.0,PC (1 PC),Eaux et Sodas,jeudi,2025-02,B,41,164.0
PUNCH ORANGE 30CL,93.0,PC (1 PC),Eaux et Sodas,dimanche,2025-02,D,41,198.0
PUNCH ORANGE 50CL,73.0,PC (1 PC),Eaux et Sodas,jeudi,2025-02,B,41,161.0
QUATRE EPICES MOULU,1.0,PC (1 KG),Epicerie,lundi,2025-02,C,41,3.0
RAME PAPIER A4,9.0,PC (1 PC),Fournitures de Bureau,jeudi,2025-02,B,41,23.0
REMANENT HERBE CF,3.0,PC (1 PC),Hygiène,samedi,2025-02,B,41,10.0
RIZ EN PQT,19.0,PC (1 KG),Epicerie,mercredi,2025-02,D,41,24.0
ROQUETTE SALADE BARQUETTE,2.75,KG,Legumes Frais,mercredi,2025-02,A,41,5.9
ROULEAU CAISSE 80*80,100.0,PC (1 PC),Fournitures de Bureau,mercredi,2025-02,A,41,205.0
ROULEAU DE 750 ETIQUETTE BLANC,3.0,PC,Consommable,mercredi,2025-02,C,41,16.0
ROULEAU TPE,105.0,PC (1 PC),Fournitures de Bureau,mercredi,2025-02,A,41,286.0
SAC BOUTIQUE GDISE HD 50/45 BLANC,500.0,PC (1 PC),Consommable,samedi,2025-02,D,41,1000.0
SACHET BRETELLES 38X60 MF,100.0,PC,Consommable,lundi,2025-02,B,41,225.0
SALADE LAITUE TUN,207.4,KG (1 KG),Legumes Frais,mercredi,2025-02,A,41,393.7
SANEX,7.0,PC (1 PC),Hygiène,vendredi,2025-02,A,41,100.0
SANIT SURF,29.0,PC (1 PC),Hygiène,mercredi,2025-02,A,41,51.0
SAUCE A L'AIL,12.0,KG (1 KG),Epicerie,vendredi,2025-02,B,41,12.0
SAUCE A L'AIL PB,6.0,KG (1 KG),Epicerie,jeudi,2025-02,A,41,11.0
SAUCE AU POIVRE PB,4.0,SCH (0.5 KG),Epicerie,jeudi,2025-02,C,41,6.0
SAUCE BARBECUE,15.0,L (1 L),Epicerie,vendredi,2025-02,C,41,30.0
SAUCE MAYONNAISE PESTO,6.0,L (1 L),Epicerie,jeudi,2025-02,B,41,10.0
SAUCE PESTO PB,4.0,PC (0.6 KG),Epicerie,jeudi,2025-02,A,41,5.0
SAUCE PLAN B,10.0,L (1 L),Epicerie,samedi,2025-02,C,41,20.0
SCHWEPPES TONIC 24 CL,3.0,PC (1 PC),Eaux et Sodas,jeudi,2025-02,D,41,31.0
SEL,11.0,PC (1 KG),Epicerie,vendredi,2025-02,B,41,17.0
SERPILLERE,33.0,PC (1 PC),Hygiène,mercredi,2025-02,A,41,122.0
SERVIETTE 30*30 MF,2.0,PQT (1 PQT),Consommable,jeudi,2025-02,B,41,74.0
STEACK HACHE (PORTION 115GR),18.0,PC (1 KG),Viandes Surgelées,lundi,2025-02,C,41,32.0
SUCRE EN SACHET DAILY BREAK,120.0,PC (1 KG),Cafe,mercredi,2025-02,A,41,230.0
THON HV EN BOITE,70.0,BTE (2.05 KG),Conserve de Poisson,vendredi,2025-02,B,41,150.0
TIC TAC ORANGE,12.0,PC (1 PC),Epicerie,jeudi,2025-02,D,41,36.0
TIC TAC STRAWBERRY MIX,12.0,PC (1 PC),Epicerie,jeudi,2025-02,D,41,60.0
TOMATE CERISES,10.55,KG (1 KG),Legumes Frais,mercredi,2025-02,A,41,24.95
TOMATE CONCENTREE EN BOITE,26.0,BTE (0.8 KG),Epicerie,mercredi,2025-02,B,41,60.0
TOMATE FRAICHE,375.0,KG (1 KG),Legumes Frais,mercredi,2025-02,A,41,526.85
TOMATES SECHEES,0.6,PC (1000 GR),Epicerie,vendredi,2025-02,B,41,5.0
VIANDE HACHEE SPECIAL MAIGRE CONGELE KG,53.515,KG,Viandes Surgelées,vendredi,2025-02,B,41,128.74
VIANDE SECHE FUME (BRESAOLA) TRANCHES 300GR,4.2,KG (1000 GR),Viandes Fraiches,vendredi,2025-02,A,41,11.0
VIPA ORIENTAL MIX 100 GR,40.0,PC (1 PC),Fruits Secs,vendredi,2025-02,B,41,48.0
fondant chocolat individual Margarine,28.0,PC (1 PC),Pâtisseries,jeudi,2025-02,C,41,71.0
AC-SMOOTHIE DETOX,10.0,PC (1 PC),Jus Fruit Lait,dimanche,2025-02,D,42,20.0
AC-SMOOTHIE EXOTIC,10.0,PC (1 PC),Jus Fruit Lait,dimanche,2025-02,D,42,20.0
AC-SMOOTHIE LE CLASSIQUE,10.0,PC (1 PC),Jus Fruit Lait,dimanche,2025-02,D,42,20.0
AC-SMOOTHIE PEACH'TINI,10.0,PC (1 PC),Jus Fruit Lait,dimanche,2025-02,D,42,20.0
AC-SMOOTHIE TROPIC TRIP,10.0,PC (1 PC),Jus Fruit Lait,dimanche,2025-02,D,42,20.0
AIL,5.0,KG,Legumes Frais,samedi,2025-02,B,42,8.3
AIL EN POUDRE,1.0,KG (1 KG),Epicerie,mardi,2025-02,C,42,2.0
AJAX VITRE,15.0,PC (1 PC),Hygiène,samedi,2025-02,A,42,32.0
ALKASURF DDA 5KG,10.0,PC (1 PC),Hygiène,jeudi,2025-02,D,42,15.0
AMANDE EFFILEE,1.0,PC (1 KG),Fruits Secs,samedi,2025-02,B,42,4.0
AMANDES GRILEES SALEES 70GR,60.0,PC (1 PC),Fruits Secs,lundi,2025-02,B,42,84.0
AMSTEL BEER BLLE 33CL,140.0,BTL (1 BTL),Alcools,lundi,2025-02,B,42,432.0
ASEPCLOR,20.0,PC (1 PC),Hygiène,mardi,2025-02,A,42,60.0
AUBERGINE,9.35,KG (1 KG),Legumes Frais,samedi,2025-02,B,42,17.75
AVOCAT FRUIT PIECE,14.0,PC (1 PC),Fruits & Legumes Frais,dimanche,2025-02,B,42,43.0
BACON BOEUF FUME TRANCHES ( 300GR),3.3,KG (1000 GR),Viandes Fraiches,jeudi,2025-02,A,42,6.9
BACTYGEL 703 CF,4.0,BTL (1 BTL),Hygiène,mardi,2025-02,B,42,4.0
BANANE,69.0,PC (1 PC),Fruits & Legumes Frais,lundi,2025-02,A,42,155.0
BASILIC BARQUETTE,4.05,KG (1 KG),Legumes Frais,samedi,2025-02,A,42,11.05
BISCUIT TUC,48.0,PC (1 PC),Epicerie,samedi,2025-02,D,42,120.0
BOGA LIME PET 30 CL,200.0,PC (1 PC),Eaux et Sodas,lundi,2025-02,C,42,228.0
BOITE FRAPPE CAFE 1.36KG MONIN,1.0,BTE (1360 GR),Pâtisseries,samedi,2025-02,C,42,6.0
BOITE FRAPPE VANILLE 1.36KG MONIN,1.0,BTE (1.36 KG),Pâtisseries,samedi,2025-02,C,42,6.0
BOITE PIZZA 32 cm,200.0,PC (1 PC),Consommable,jeudi,2025-02,C,42,200.0
BOITE PIZZA ONDULEE 31/31,100.0,PC,Consommable,samedi,2025-02,C,42,200.0
BOITE PIZZA PM CIG,100.0,PC (1 PC),Consommable,jeudi,2025-02,B,42,500.0
BOUTEILLE DE VINAIGRETTE 250ML,5.0,PC (250 GR),Epicerie,samedi,2025-02,A,42,16.0
BROCHETTE BAMBOO 20,4.0,SCH (100 PC),Consommable,samedi,2025-02,C,42,14.0
CACAHUETES GRILLEES SALEES 70GR,36.0,PC (1 PC),Fruits Secs,lundi,2025-02,C,42,60.0
CAKE CHOCOLAT PBC,64.0,PC (1 PC),Viennoiserie,lundi,2025-02,B,42,88.0
CAKE CITRON PBC,36.0,PC,Viennoiserie,lundi,2025-02,B,42,216.0
CAKE MARBRE PBC,143.0,PC (1 PC),Viennoiserie,lundi,2025-02,A,42,363.0
CAKE ORANGE PBC,108.0,PC (1 PC),Viennoiserie,lundi,2025-02,B,42,170.0
CAPRE VRAC,2.0,SEAU (2 KG),Legumes Frais,samedi,2025-02,B,42,9.0
CAPSULE CAFEITALY COLOMBIA,300.0,PC (1 PC),Cafe,mercredi,2025-02,C,42,310.0
CAPSULE CAFFITALY VIGOROSO,144.0,PC (1 PC),Cafe,lundi,2025-02,D,42,408.0
CAROTTE,40.9,KG (1 KG),Legumes Frais,dimanche,2025-02,A,42,67.1
CAROTTE CAKE PBC,154.0,PC (1 PC),Viennoiserie,lundi,2025-02,B,42,330.0
CELTIA FUT DE 50L,3.0,PC (50 L),Alcools,vendredi,2025-02,B,42,6.0
CHAMPIGNON FRAIS,10.0,KG (1 KG),Legumes Frais,samedi,2025-02,A,42,39.0
CHEMISE CRAFT,10.0,PC (1 PC),Fournitures de Bureau,dimanche,2025-02,D,42,90.0
CHEWING GUM FLORIDENT  EXTRA WHITE 60G,18.0,PC (1 PC),Epicerie,vendredi,2025-02,D,42,24.0
CHOCOLAT CHAUD EN POUDRE,1.0,KG (1 KG),Cafe,lundi,2025-02,B,42,7.0
CHOCOLAT EN POUDRE,41.0,PC (0.2 KG),Cafe,samedi,2025-02,A,42,86.0
CHORBA FRIK,10.0,PQT (0.5 KG),Epicerie,lundi,2025-02,D,42,23.0
CHOUX ROUGE,9.5,KG (1 KG),Legumes Frais,samedi,2025-02,A,42,9.6
CHOUX VERT,12.8,KG (1 KG),Legumes Frais,dimanche,2025-02,B,42,12.8
CITRON FRAIS,8.35,KG (1 KG),Legumes Frais,samedi,2025-02,B,42,21.6
CITRON SALLE,2.0,SEAU (7 KG),Legumes Frais,dimanche,2025-02,B,42,28.0
COCA COLA PET 30CL.,257.0,PC (1 PC),Eaux et Sodas,mercredi,2025-02,C,42,456.0
COCA ZERO PET 30 CL,134.0,PC (1 PC),Eaux et Sodas,lundi,2025-02,D,42,168.0
COFFRET CHECHIA AV SEP 16/16,50.0,PC (1 PC),Consommable,samedi,2025-02,C,42,125.0
COFFRET PORTRAIT AV SEP 11.5/11.5,150.0,PC (1 PC),Consommable,mardi,2025-02,C,42,175.0
COFFRET PORTRAIT AV SEP 19.5/19.5,50.0,PC (1 PC),Consommable,dimanche,2025-02,C,42,200.0
COFFRET PORTRAIT AV SEP24.5/14.5,50.0,PC (1 PC),Consommable,dimanche,2025-02,C,42,150.0
CONCOMBRE,109.2,KG (1 KG),Legumes Frais,dimanche,2025-02,A,42,177.692
COOKIES,120.0,PC,Viennoiserie,lundi,2025-02,C,42,120.0
CORNICHON FRAIS,1.0,SEAU (2 KG),Legumes Frais,samedi,2025-02,B,42,12.0
COURGE,23.700000000000003,KG (1 KG),Legumes Frais,lundi,2025-02,B,42,47.65
COURGETTE,13.0,KG (1 KG),Legumes Frais,samedi,2025-02,A,42,28.6
COUSCOUS,14.0,PQT (1 KG),Epicerie,mardi,2025-02,D,42,33.0
CREME A FOUETTER,9.0,PC,GLACES,samedi,2025-02,B,42,16.0
CREME DE CUISSON,9.0,BTE (0.95 L),Beurre Oeuf Fromage,samedi,2025-02,B,42,27.0
CREME SUPERIEUR,15.0,PQT (1 L),Epicerie,samedi,2025-02,D,42,42.0
CREVETTE 26/30 AVEC QUEUE  SURG.,2.0,KG (1 KG),Poisson Surgelé_R,dimanche,2025-02,C,42,4.0
CURCUMIN MOULU,2.0,SCH (1 KG),Epicerie,lundi,2025-02,D,42,2.2
Cake chocolat family Margarine,14.0,PQT (6 PC),Pâtisseries,samedi,2025-02,C,42,49.0
Cake citron family Margarine,5.0,PQT (6 PC),Pâtisseries,lundi,2025-02,C,42,42.0
Cake marbré family Margarine,14.0,PQT (6 PC),Pâtisseries,samedi,2025-02,C,42,74.0
Carotte cake family Margarine,4.0,PQT (6 PC),Pâtisseries,lundi,2025-02,C,42,24.0
Cookies  individual Margarine,32.0,PC (1 PC),Pâtisseries,samedi,2025-02,C,42,48.0
DADDY'S CHIPS CLASSIC SEL DE MER 70G,15.0,PC (1 PC),Epicerie,mardi,2025-02,A,42,225.0
DADDY'S CHIPS SAVORY TRUFFE PARMESAN 70G,60.0,PC (1 PC),Epicerie,mardi,2025-02,B,42,165.0
DADDY'S CHIPS SPICY PAPRIKA 70G,60.0,PC (1 PC),Epicerie,mardi,2025-02,A,42,165.0
DATTE EN VRAC,5.25,KG (1 KG),Fruits & Legumes Frais,lundi,2025-02,B,42,18.3
DINOL,21.0,BIDON (4.75 L),Hygiène,samedi,2025-02,A,42,135.0
EAU MINÉRALE 6L,66.0,BTL (1 PC),Eaux et Sodas,samedi,2025-02,A,42,90.0
EMINCE DE BOEUF PORT. SURGELE,17.115,KG (1000 GR),Viandes Surgelées,mardi,2025-02,A,42,79.49000000000001
EPINARD,2.0,KG (1 KG),Legumes Frais,dimanche,2025-02,B,42,12.15
ESCALOPE DE DINDE FUME EN TRANCHE,30.0,KG (1 KG),Charcuterie,dimanche,2025-02,C,42,70.0
ESCALOPE POULET FRAIS,250.08,KG (1 KG),Volaille Surgelée,samedi,2025-02,A,42,503.16
ESCALOPE POULET PANE CONGELE,76.44,KG (1 KG),Volaille Surgelée,dimanche,2025-02,A,42,128.91
ESSUIT TOUT JUMBO,136.0,PC (1 KG),Hygiène,samedi,2025-02,A,42,157.0
FANTA PET 30,103.0,PC (1 PC),Eaux et Sodas,mercredi,2025-02,C,42,228.0
FARINE EN PAQUET,120.0,PC (1 KG),Epicerie,samedi,2025-02,A,42,252.0
FILM ETIRABLE,22.0,PC (1 PC),Consommable,samedi,2025-02,A,42,33.0
FRAISE FRAIS,44.7,KG (1 KG),Fruits & Legumes Frais,samedi,2025-02,A,42,64.35
FRITE SURGELE 9/9 CLASSIC 2.5 KG,220.0,KG (1 KG),Legumes Surgelés,samedi,2025-02,A,42,290.0
FRITE SURGELE WEDGES 2.5 KG,60.0,KG (1 KG),Legumes Surgelés,samedi,2025-02,B,42,90.0
FROMAGE BLANC FONDU KG,2.0,KG (1 KG),Beurre Oeuf Fromage,dimanche,2025-02,C,42,15.4
FROMAGE CHEDDAR EN BLOC,28.02,KG (1 KG),Beurre Oeuf Fromage,dimanche,2025-02,A,42,65.0
FROMAGE EDAM MEULE,3.804,KG (1 KG),Beurre Oeuf Fromage,vendredi,2025-02,B,42,35.622
FROMAGE LAND OR,16.2,PC (1 KG),Beurre Oeuf Fromage,dimanche,2025-02,A,42,25.4
FROMAGE MAASDAM EN BLOC,29.0,KG (1 KG),Beurre Oeuf Fromage,lundi,2025-02,B,42,42.0
FROMAGE MEULE GOUDA,8.298,KG (1 KG),Beurre Oeuf Fromage,mercredi,2025-02,C,42,24.502
FROMAGE MOZZARELLA  KG,110.0,KG (1 KG),Beurre Oeuf Fromage,dimanche,2025-02,A,42,176.93
FROMAGE PARMESAN PB,1.4,KG (1 KG),Beurre Oeuf Fromage,lundi,2025-02,A,42,3.8
FROMAGE TRIANGLE FONDU STREET &CO,11.0,BTE (48 PC),Beurre Oeuf Fromage,samedi,2025-02,C,42,18.0
FUT HEINEKEIN,9.0,BTL (20 L),Alcools,lundi,2025-02,B,42,240.0
GARCI GAZ 1L,145.0,PC (1 PC),Eaux et Sodas,lundi,2025-02,A,42,316.0
GATEAU CHOCOLAT PBC,40.0,PC (1 PC),Viennoiserie,samedi,2025-02,B,42,100.0
HARISSA ARBI,19.0,BTE (0.45 KG),Epicerie,samedi,2025-02,A,42,23.0
HARISSA CONCENTRE EN BOITE,45.0,BTE (2 KG),Epicerie,samedi,2025-02,A,42,57.0
HUILE D'OLIVE POMACE,19.0,L (1 L),Epicerie,dimanche,2025-02,B,42,28.5
HUILE VEGETALE,46.0,BIDON (5 L),Epicerie,samedi,2025-02,A,42,67.0
JAMBON DE BOEUF FUME,9.75,KG (1 KG),Charcuterie,dimanche,2025-02,A,42,18.1
JAMBON DE DINDE,24.25,KG (1 KG),Charcuterie,samedi,2025-02,A,42,34.15
JEX CARRE,73.0,PC (1 PC),Hygiène,samedi,2025-02,A,42,180.0
JOUR ET NUIT BLANC 1/2,24.0,PC (1 PC),Alcools,dimanche,2025-02,C,42,52.0
JOUR ET NUIT ROSE 1/2,12.0,PC (1 PC),Alcools,mardi,2025-02,B,42,52.0
JOUR ET NUIT ROUGE 1/2,12.0,PC (1 PC),Alcools,mardi,2025-02,C,42,48.0
JOUR ET NUIT3/4 BLANC,6.0,PC (1 PC),Alcools,mardi,2025-02,C,42,30.0
KETCHUP,10.0,L (1 L),Epicerie,samedi,2025-02,C,42,40.0
KINDER BUENO,210.0,PC (1 PC),Epicerie,samedi,2025-02,A,42,300.0
LAVETTE COTON,103.0,PC (1 PC),Hygiène,samedi,2025-02,A,42,149.0
LEVURE BOULANGERE NORMALE,2.0,PQT (6 PC),Boulangerie_R,mardi,2025-02,B,42,34.0
LOT CAFE GRAIN ESPRESSO ELITE 3,91.0,PC (1 KG),Cafe,samedi,2025-02,A,42,128.0
LOT CAFE GRAINS  PUR EXPRESS,4.0,KG,Cafe,jeudi,2025-02,A,42,73.0
LOT DE CAFE TURC,1.0,PC (1 KG),Cafe,samedi,2025-02,D,42,3.0
MAIS EN BOITE,55.0,BTE (340 GR),Epicerie,samedi,2025-02,A,42,92.0
MANGUE,8.0,PC (1 PC),Fruits & Legumes Frais,mercredi,2025-02,A,42,39.0
MARGARINE,2.0,SEAU (4.5 KG),Beurre Oeuf Fromage,lundi,2025-02,B,42,13.5
MARINADE EMINCE DE BOEUF,8.0,PC (0.15 KG),Epicerie,samedi,2025-02,C,42,10.0
MARINADE POULET GRILLE,30.0,PC (0.15 KG),Volaille Surgelée,samedi,2025-02,C,42,30.0
MARS CHOCOLAT,40.0,PC (1 PC),Epicerie,samedi,2025-02,C,42,160.0
MAYONAISE,28.0,SEAU (5 L),Beurre Oeuf Fromage,samedi,2025-02,A,42,44.0
MELANGE TENDER  PB,10.0,KG (1 KG),Epicerie,samedi,2025-02,C,42,11.0
MENTOS ROLLS MENTHE,80.0,PC (1 PC),Epicerie,samedi,2025-02,D,42,80.0
MENTOS ROLLS RAINBOW,40.0,PC (1 PC),Epicerie,samedi,2025-02,D,42,120.0
MENTOS ROLLS TUTTI FRUTTI,40.0,PC (1 PC),Epicerie,lundi,2025-02,D,42,80.0
MIEL MILLE FLEURS,3.0,KG (1 KG),Epicerie,dimanche,2025-02,D,42,5.0
MIX A CREPE FRAN,70.0,PC (1 KG),Pâtisseries,lundi,2025-02,C,42,150.0
MOELLEUX CHOCOLAT,36.0,PC (1 PC),Viennoiserie,lundi,2025-02,C,42,108.0
MOUTARDE DIJON,4.0,BTE (850 GR),Epicerie,mercredi,2025-02,D,42,12.0
MOZARELLA CERISE,7.0,BTE (20 PC),Beurre Oeuf Fromage,samedi,2025-02,C,42,24.0
MUFFINS VANILLE,72.0,PC (1 PC),Viennoiserie,lundi,2025-02,B,42,96.0
NAPPAGE,1.0,PC (1 PC),Pâtisseries,samedi,2025-02,C,42,14.0
NOISETTE GRILLEE CONCASSEE,1.0,PC (1 KG),Fruits Secs,lundi,2025-02,D,42,3.0
NUGGETS PANE PB,100.0,PC (1 PC),Volaille Surgelée,lundi,2025-02,A,42,275.0
OEUFS,68.0,PLT (30 PC),Beurre Oeuf Fromage,samedi,2025-02,A,42,83.0
OIGNION VERT,4.0,KG (1 KG),Legumes Frais,samedi,2025-02,D,42,11.15
OIGNONS BLANC,21.0,KG (1 KG),Legumes Frais,samedi,2025-02,A,42,127.3
OIGNONS ROUGE,100.05,KG (1 KG),Legumes Frais,samedi,2025-02,A,42,119.4
OLIVE DENOYETE,14.0,KG (1 KG),Epicerie,dimanche,2025-02,B,42,35.0
OLIVE NOIRE SLICE,14.0,KG (1 KG),Epicerie,mardi,2025-02,B,42,35.0
PACK FOOD BOWL + COUVERCLE 1.2 L,50.0,PC,Consommable,samedi,2025-02,B,42,175.0
PAILLE NOIR,18.0,PQT (250 PC),Consommable,samedi,2025-02,A,42,39.0
PAIN CHAWARMA *10,67.0,PQT (10 PC),Boulangerie_R,samedi,2025-02,A,42,115.0
PAIN DE MIE CEREALE,78.0,PC,Boulangerie_R,lundi,2025-02,B,42,130.0
PAIN DE MIE NATURE,78.0,PC,Boulangerie_R,lundi,2025-02,B,42,130.0
PAIN SCHNECK AUX RAISINS SURG PUR BEURRE GF,325.0,PC (1 PC),Viennoiserie,mercredi,2025-02,B,42,1200.0
PAIN SHNEK AU RAISIN MARGARINE,150.0,PC (1 KG),Pâtisseries,jeudi,2025-02,C,42,700.0
PAPIER ALUM DE 100,2.0,PC (1 PC),Consommable,samedi,2025-02,B,42,9.0
PAPIER CUISSON 40*60,1.0,PQT (500 PC),Consommable,lundi,2025-02,C,42,4.0
PAPIER SERVIETTE GOURMANDISE,80.0,PC (1 PC),Consommable,dimanche,2025-02,B,42,128.0
PAPRIKA DOUX,1.0,KG (1 KG),Epicerie,samedi,2025-02,C,42,3.0
PAPRIKA FORT,1.0,KG (1 KG),Epicerie,lundi,2025-02,C,42,3.0
PATE PIZZA FOCACCIA 12/40,52.0,PC (1 PC),Boulangerie_R,mardi,2025-02,A,42,170.0
PATE PLUME COURTE,43.0,PQT (0.5 KG),Epicerie,lundi,2025-02,B,42,58.0
PATE SPAGHETTI,37.0,PQT (0.5 KG),Epicerie,jeudi,2025-02,B,42,74.0
PEPPERONI,0.8999999999999999,KG (1 KG),Charcuterie,vendredi,2025-02,A,42,4.8
PILLE AA,8.0,PC (1 GR),Fournitures de Bureau,lundi,2025-02,D,42,20.0
PIMENT DOUX,33.4,KG (1 KG),Legumes Frais,samedi,2025-02,A,42,97.3
PIMENT FORT,57.95,KG,Legumes Frais,dimanche,2025-02,A,42,78.95
PIMENT ROUGE SALLE,10.0,KG (1 KG),Epicerie,mardi,2025-02,B,42,20.0
POIS CHICHE KG,2.0,PC (1 PC),Legumes Secs,dimanche,2025-02,C,42,8.0
POIVRE NOIR MOULU,1.0,PC (1 KG),Epicerie,mardi,2025-02,B,42,3.0
POMME DE TERRE,160.5,KG (1 KG),Legumes Frais,dimanche,2025-02,A,42,292.25
POT NUTELLA,24.0,PC (1 KG),Pâtisseries,lundi,2025-02,D,42,78.0
POUDRE TENDERS PB,10.0,KG (1 KG),Volaille Surgelée,dimanche,2025-02,B,42,42.0
POULET PAC FRAIS,68.48,KG (1 KG),Volaille Fraiche,mardi,2025-02,C,42,98.48
POULET PANE AMANDE PB,240.0,PC (1 PC),Volaille Surgelée,dimanche,2025-02,A,42,350.0
PUNCH CIDRE 50CL,38.0,PC (1 PC),Eaux et Sodas,lundi,2025-02,B,42,164.0
PUNCH ORANGE 30CL,196.0,PC (1 PC),Eaux et Sodas,dimanche,2025-02,D,42,198.0
PUNCH ORANGE 50CL,42.0,PC (1 PC),Eaux et Sodas,lundi,2025-02,B,42,161.0
PUREE DE BANANE 1L,1.0,PC (1 L),Epicerie,samedi,2025-02,D,42,2.0
PUREE FRAISE 1.32KG MONIN,1.0,KG (1320 GR),Pâtisseries,samedi,2025-02,D,42,2.0
QUATRE EPICES MOULU,2.0,PC (1 KG),Epicerie,mardi,2025-02,C,42,3.0
RACLETTE,1.0,PC (1 PC),Hygiène,lundi,2025-02,B,42,7.0
RAME PAPIER A4,9.0,PC (1 PC),Fournitures de Bureau,vendredi,2025-02,B,42,23.0
REMANENT HERBE CF,4.0,PC (1 PC),Hygiène,samedi,2025-02,B,42,10.0
RIZ EN PQT,13.0,PC (1 KG),Epicerie,dimanche,2025-02,D,42,24.0
ROQUETTE SALADE BARQUETTE,2.5,KG,Legumes Frais,dimanche,2025-02,A,42,5.9
ROULEAU CAISSE 80*80,154.0,PC (1 PC),Fournitures de Bureau,samedi,2025-02,A,42,205.0
ROULEAU DE 750 ETIQUETTE BLANC,3.0,PC (1 PC),Consommable,samedi,2025-02,C,42,16.0
ROULEAU TPE,210.0,PC (1 PC),Fournitures de Bureau,samedi,2025-02,A,42,286.0
SAC EN PAPIER KRAFT 30/30/26,150.0,PC,Consommable,dimanche,2025-02,C,42,150.0
SACHET BRETELLES 38X60 MF,200.0,PC (1 PC),Consommable,dimanche,2025-02,B,42,225.0
SALADE LAITUE TUN,228.0,KG (1 KG),Legumes Frais,samedi,2025-02,A,42,393.7
SANEX,10.0,PC (1 PC),Hygiène,samedi,2025-02,A,42,100.0
SANIT SURF,28.0,PC (1 PC),Hygiène,samedi,2025-02,A,42,51.0
SAUCE A L'AIL PB,7.0,KG (1 KG),Epicerie,samedi,2025-02,A,42,11.0
SAUCE AU POIVRE PB,3.0,SCH (0.5 KG),Epicerie,samedi,2025-02,C,42,6.0
SAUCE BARBECUE,5.0,L (1 L),Epicerie,lundi,2025-02,C,42,30.0
SAUCE MAYONNAISE PESTO,7.0,PC (1 L),Epicerie,samedi,2025-02,B,42,10.0
SAUCE PESTO PB,3.0,PC (0.6 KG),Epicerie,samedi,2025-02,A,42,5.0
SAUCE PLAN B,15.0,L (1 L),Epicerie,samedi,2025-02,C,42,20.0
SCHWEPPES TONIC 24 CL,8.0,PC (1 PC),Eaux et Sodas,jeudi,2025-02,D,42,31.0
SEL,14.0,PC (1 KG),Epicerie,lundi,2025-02,B,42,17.0
SERPILLERE,71.0,PC (1 PC),Hygiène,samedi,2025-02,A,42,122.0
SERVIETTE 30*30 CIGUSTA,96.0,PC (1 PC),Consommable,dimanche,2025-02,B,42,192.0
SERVIETTE 30*30 MF,20.0,PQT (1 PQT),Consommable,dimanche,2025-02,B,42,74.0
SIROP DE CARAMEL 1L MONIN,1.0,PC (1000 ML),Pâtisseries,samedi,2025-02,B,42,5.0
SNICKERS,100.0,PC (1 PC),Epicerie,samedi,2025-02,C,42,100.0
STEACK HACHE (PORTION 115GR),9.0,PC (1 KG),Viandes Surgelées,lundi,2025-02,C,42,32.0
SUCRE EN SACHET CI-GUSTA,40.0,PC (1 PC),Cafe,mardi,2025-02,B,42,120.0
SUCRE EN SACHET DAILY BREAK,140.0,PC (1 KG),Cafe,samedi,2025-02,A,42,230.0
THON HV EN BOITE,106.0,BTE (2.05 KG),Conserve de Poisson,dimanche,2025-02,B,42,150.0
TIC TAC STRAWBERRY MIX,12.0,PC,Epicerie,samedi,2025-02,D,42,60.0
TOMATE CERISES,8.0,KG (1 KG),Legumes Frais,lundi,2025-02,A,42,24.95
TOMATE CONCENTREE EN BOITE,36.0,BTE (0.8 KG),Epicerie,lundi,2025-02,B,42,60.0
TOMATE FRAICHE,407.05,KG (1 KG),Legumes Frais,samedi,2025-02,A,42,526.85
TOMATES SECHEES,0.8,PC (1000 GR),Epicerie,samedi,2025-02,B,42,5.0
TOQUE CHEF,1.0,PC (1 PC),Hygiène,samedi,2025-02,C,42,6.0
TWIX,125.0,PC (1 PC),Epicerie,samedi,2025-02,C,42,125.0
VIANDE HACHEE SPECIAL MAIGRE CONGELE KG,81.947,KG,Viandes Surgelées,dimanche,2025-02,B,42,128.74
VIANDE SECHE FUME (BRESAOLA) TRANCHES 300GR,6.6,KG (1000 GR),Viandes Fraiches,samedi,2025-02,A,42,11.0
VINAIGRE CREME DE BALSAMIQUE,2.0,BTL (500 ML),Epicerie,dimanche,2025-02,D,42,9.0
fondant chocolat individual Margarine,42.0,PC (1 PC),Pâtisseries,samedi,2025-02,C,42,71.0
sucre en buchette MF 10kg,1.0,KG (1 KG),Cafe,dimanche,2025-02,C,42,10.0
AC-SMOOTHIE EXOTIC,10.0,PC (1 PC),Jus Fruit Lait,mercredi,2025-02,D,43,20.0
AC-SMOOTHIE LE CLASSIQUE,10.0,PC (1 PC),Jus Fruit Lait,mercredi,2025-02,D,43,20.0
AC-SMOOTHIE PEACH'TINI,10.0,PC (1 PC),Jus Fruit Lait,mercredi,2025-02,D,43,20.0
AC-SMOOTHIE TROPIC TRIP,10.0,PC (1 PC),Jus Fruit Lait,mercredi,2025-02,D,43,20.0
AGRAFFE,2.0,PC (1 PC),Fournitures de Bureau,samedi,2025-03,C,43,11.0
AIL,1.1,KG,Legumes Frais,mardi,2025-03,B,43,8.3
AIL EN POUDRE,2.0,KG (1 KG),Epicerie,samedi,2025-03,C,43,2.0
AJAX VITRE,13.0,PC (1 PC),Hygiène,mardi,2025-02,A,43,32.0
ALKASURF DDA 5KG,10.0,PC (1 PC),Hygiène,lundi,2025-03,D,43,15.0
AMANDES GRILEES SALEES 70GR,12.0,PC,Fruits Secs,jeudi,2025-03,B,43,84.0
ANANAS GRAND,14.0,PC (1 PC),Fruits & Legumes Frais,dimanche,2025-03,C,43,51.0
ASEPCLOR,20.0,PC,Hygiène,mercredi,2025-02,A,43,60.0
AUBERGINE,5.550000000000001,KG (1 KG),Legumes Frais,mardi,2025-02,B,43,17.75
AVOCAT FRUIT PIECE,10.0,PC (1 PC),Fruits & Legumes Frais,mardi,2025-02,B,43,43.0
BACON BOEUF FUME TRANCHES ( 300GR),2.7,KG (1000 GR),Viandes Fraiches,mercredi,2025-02,A,43,6.9
BACTYGEL 703 CF,3.0,BTL,Hygiène,jeudi,2025-02,B,43,4.0
BALAIS SANS MANCHE,2.0,PC,Hygiène,mercredi,2025-02,C,43,9.0
BANANE,89.0,PC (1 PC),Fruits & Legumes Frais,mardi,2025-02,A,43,155.0
BASILIC BARQUETTE,3.85,KG (1 KG),Legumes Frais,mardi,2025-02,A,43,11.05
BLOUSE NON TISSEE,30.0,PC (1 KG),Hygiène,mercredi,2025-02,C,43,36.0
BOGA LIME PET 30 CL,60.0,PC (1 PC),Eaux et Sodas,jeudi,2025-02,C,43,228.0
BOITE D'ARCHIVE,3.0,PC (1 PC),Fournitures de Bureau,samedi,2025-03,D,43,35.0
BOITE PIZZA ONDULEE 31/31,50.0,PC (1 PC),Consommable,dimanche,2025-03,C,43,200.0
BORGHELL,5.0,KG (1 KG),Epicerie,samedi,2025-03,C,43,10.0
BOUTEILLE DE VINAIGRETTE 250ML,3.0,PC (250 GR),Epicerie,mardi,2025-02,A,43,16.0
BROCHETTE BAMBOO 20,5.0,SCH (100 PC),Consommable,mardi,2025-02,C,43,14.0
CAKE CHOCOLAT PBC,32.0,PC (1 PC),Viennoiserie,mardi,2025-02,B,43,88.0
CAKE ORANGE PBC,72.0,PC (1 PC),Viennoiserie,mardi,2025-02,B,43,170.0
CAPRE VRAC,1.0,SEAU (2 KG),Legumes Frais,samedi,2025-03,B,43,9.0
CAPSULE CAFEITALY COLOMBIA,80.0,PC (1 PC),Cafe,jeudi,2025-02,C,43,310.0
CAPSULE CAFFITALY VIGOROSO,96.0,PC,Cafe,jeudi,2025-02,D,43,408.0
CAROTTE,33.0,KG (1 KG),Legumes Frais,mardi,2025-02,A,43,67.1
CELTIA FUT DE 50L,1.0,PC (50 L),Alcools,vendredi,2025-02,B,43,6.0
CHAMPIGNON FRAIS,14.5,KG,Legumes Frais,mardi,2025-02,A,43,39.0
CHOCOLAT EN POUDRE,21.0,PC (0.2 KG),Cafe,mardi,2025-02,A,43,86.0
CHORBA FRIK,15.0,PQT (0.5 KG),Epicerie,samedi,2025-03,D,43,23.0
CHOUX ROUGE,3.65,KG (1 KG),Legumes Frais,jeudi,2025-02,A,43,9.6
CHOUX VERT,8.0,KG (1 KG),Legumes Frais,mercredi,2025-02,B,43,12.8
CITRON FRAIS,12.35,KG (1 KG),Legumes Frais,vendredi,2025-02,B,43,21.6
CITRON SALLE,1.0,SEAU (7 KG),Legumes Frais,dimanche,2025-03,B,43,28.0
COCA COLA PET 30CL.,108.0,PC (1 PC),Eaux et Sodas,jeudi,2025-02,C,43,456.0
COCA ZERO PET 30 CL,48.0,PC (1 PC),Eaux et Sodas,jeudi,2025-02,D,43,168.0
COFFRET PORTRAIT AV SEP 19.5/19.5,50.0,PC (1 PC),Consommable,samedi,2025-03,C,43,200.0
COFFRET PORTRAIT AV SEP24.5/14.5,50.0,PC (1 PC),Consommable,samedi,2025-03,C,43,150.0
CONCOMBRE,78.75,KG (1 KG),Legumes Frais,mercredi,2025-02,A,43,177.692
COOKIES,80.0,PC (1 PC),Viennoiserie,mardi,2025-02,C,43,120.0
CORNICHON FRAIS,2.0,SEAU (2 KG),Legumes Frais,samedi,2025-03,B,43,12.0
COURGE,17.35,KG (1 KG),Legumes Frais,mardi,2025-02,B,43,47.65
COURGETTE,13.9,KG (1 KG),Legumes Frais,mardi,2025-02,A,43,28.6
COUSCOUS,14.0,PQT (1 KG),Epicerie,mardi,2025-02,D,43,33.0
CREME A FOUETTER,4.0,PC (1 PC),GLACES,mardi,2025-03,B,43,16.0
CREME DE CUISSON,6.0,BTE (0.95 L),Beurre Oeuf Fromage,jeudi,2025-02,B,43,27.0
CREVETTE 26/30 AVEC QUEUE  SURG.,1.0,KG (1 KG),Poisson Surgelé_R,lundi,2025-03,C,43,4.0
CUISSE DE POULET FRAIS,22.83,KG (1 KG),Volaille Fraiche,jeudi,2025-03,C,43,47.85
CURCUMIN MOULU,1.0,SCH (1 KG),Epicerie,samedi,2025-03,D,43,2.2
Cake chocolat family Margarine,2.0,PQT (6 PC),Pâtisseries,mardi,2025-02,C,43,49.0
Cake citron family Margarine,5.0,PQT (6 PC),Pâtisseries,mardi,2025-02,C,43,42.0
Cake marbré family Margarine,7.0,PQT (6 PC),Pâtisseries,mercredi,2025-02,C,43,74.0
Carotte cake family Margarine,5.0,PQT (6 PC),Pâtisseries,mardi,2025-02,C,43,24.0
Cookies  individual Margarine,15.0,PC (1 PC),Pâtisseries,mardi,2025-02,C,43,48.0
DADDY'S CHIPS CLASSIC SEL DE MER 70G,90.0,PC (1 PC),Epicerie,jeudi,2025-02,A,43,225.0
DADDY'S CHIPS SAVORY TRUFFE PARMESAN 70G,60.0,PC (1 PC),Epicerie,mardi,2025-02,B,43,165.0
DADDY'S CHIPS SPICY PAPRIKA 70G,45.0,PC (1 PC),Epicerie,jeudi,2025-02,A,43,165.0
DATTE EN VRAC,15.6,KG (1 KG),Fruits & Legumes Frais,samedi,2025-03,B,43,18.3
DINOL,15.0,BIDON (4.75 L),Hygiène,mercredi,2025-02,A,43,135.0
EAU MINÉRALE 6L,55.0,BTL (1 PC),Eaux et Sodas,mardi,2025-02,A,43,90.0
EMINCE DE BOEUF PORT. SURGELE,17.705,KG (1000 GR),Viandes Surgelées,mardi,2025-02,A,43,79.49000000000001
EPINARD,2.1,KG,Legumes Frais,jeudi,2025-03,B,43,12.15
ESCALOPE DE DINDE FUME EN TRANCHE,29.0,KG (1 KG),Charcuterie,jeudi,2025-02,C,43,70.0
ESCALOPE POULET FRAIS,206.71,KG (1 KG),Volaille Surgelée,mardi,2025-02,A,43,503.16
ESCALOPE POULET PANE CONGELE,57.95,KG,Volaille Surgelée,mardi,2025-02,A,43,128.91
ESSUIES VERRES,2.0,PC (1 PC),Hygiène,jeudi,2025-02,D,43,4.0
ESSUIT TOUT JUMBO,97.0,PC (1 KG),Hygiène,mardi,2025-02,A,43,157.0
FANTA PET 30,72.0,PC (1 PC),Eaux et Sodas,jeudi,2025-02,C,43,228.0
FARINE EN PAQUET,90.0,PC (1 KG),Epicerie,mardi,2025-02,A,43,252.0
FESTIFE MIX 100 GR,8.0,PC,Fruits Secs,jeudi,2025-03,C,43,32.0
FILM ETIRABLE,19.0,PC (1 PC),Consommable,mardi,2025-02,A,43,33.0
FRAISE FRAIS,43.6,KG (1 KG),Fruits & Legumes Frais,mardi,2025-02,A,43,64.35
FRITE SURGELE 9/9 CLASSIC 2.5 KG,120.0,KG (1 KG),Legumes Surgelés,mardi,2025-02,A,43,290.0
FRITE SURGELE WEDGES 2.5 KG,10.0,KG (1 KG),Legumes Surgelés,samedi,2025-03,B,43,90.0
FROMAGE BLANC FONDU KG,2.4,KG (1 KG),Beurre Oeuf Fromage,mardi,2025-02,C,43,15.4
FROMAGE BUCHE BLANCHE CHEVRE KG,2.0,KG (1 KG),Beurre Oeuf Fromage,mardi,2025-02,B,43,5.0
FROMAGE CHEDDAR EN BLOC,18.55,KG (1 KG),Beurre Oeuf Fromage,mardi,2025-02,A,43,65.0
FROMAGE EDAM MEULE,8.618,KG (1 KG),Beurre Oeuf Fromage,mardi,2025-02,B,43,35.622
FROMAGE LAND OR,3.6,PC (1 KG),Beurre Oeuf Fromage,mercredi,2025-03,A,43,25.4
FROMAGE MAASDAM EN BLOC,25.0,KG (1 KG),Beurre Oeuf Fromage,mardi,2025-02,B,43,42.0
FROMAGE MEULE GOUDA,14.84,KG (1 KG),Beurre Oeuf Fromage,mardi,2025-02,C,43,24.502
FROMAGE MOZZARELLA  KG,60.0,KG (1 KG),Beurre Oeuf Fromage,mardi,2025-02,A,43,176.93
FROMAGE PARMESAN PB,0.8,KG (1 KG),Beurre Oeuf Fromage,mardi,2025-02,A,43,3.8
FROMAGE TRIANGLE FONDU STREET &CO,5.0,BTE (48 PC),Beurre Oeuf Fromage,mardi,2025-02,C,43,18.0
FUT HEINEKEIN,5.0,BTL (20 L),Alcools,jeudi,2025-02,B,43,240.0
GARCI GAZ 1L,71.0,PC (1 PC),Eaux et Sodas,mardi,2025-02,A,43,316.0
GATEAU CHOCOLAT PBC,40.0,PC (1 PC),Viennoiserie,mardi,2025-02,B,43,100.0
HARISSA ARBI,10.0,BTE (0.45 KG),Epicerie,samedi,2025-03,A,43,23.0
HARISSA CONCENTRE EN BOITE,13.0,BTE (2 KG),Epicerie,vendredi,2025-02,A,43,57.0
HUILE D'OLIVE POMACE,14.25,L (1 L),Epicerie,jeudi,2025-02,B,43,28.5
HUILE VEGETALE,36.0,BIDON (5 L),Epicerie,mardi,2025-02,A,43,67.0
JAMBON DE BOEUF FUME,4.4,KG (1 KG),Charcuterie,samedi,2025-03,A,43,18.1
JAMBON DE DINDE,6.1,KG (1 KG),Charcuterie,mardi,2025-02,A,43,34.15
JEX CARRE,61.0,PC,Hygiène,mercredi,2025-02,A,43,180.0
JOUR ET NUIT BLANC 1/2,10.0,PC (1 PC),Alcools,mardi,2025-02,C,43,52.0
JOUR ET NUIT ROSE 1/2,12.0,PC (1 PC),Alcools,mardi,2025-02,B,43,52.0
JOUR ET NUIT ROUGE 1/2,10.0,PC (1 PC),Alcools,mardi,2025-02,C,43,48.0
KETCHUP,20.0,L (1 L),Epicerie,jeudi,2025-02,C,43,40.0
KINDER BUENO,90.0,PC (1 PC),Epicerie,jeudi,2025-02,A,43,300.0
LAVETTE COTON,65.0,PC (1 PC),Hygiène,jeudi,2025-02,A,43,149.0
LEVURE BOULANGERE NORMALE,11.0,PQT (6 PC),Boulangerie_R,mardi,2025-02,B,43,34.0
LEVURE CHIMIQUE,3.0,PQT (1000 GR),Pâtisseries,mardi,2025-03,D,43,3.0
LOT CAFE GRAIN ESPRESSO ELITE 3,29.0,PC (1 KG),Cafe,jeudi,2025-02,A,43,128.0
LOT CAFE GRAIN GOURMANDISE,8.0,PC (1 KG),Cafe,mardi,2025-02,D,43,19.0
LOT CAFE GRAINS  PUR EXPRESS,22.0,KG,Cafe,jeudi,2025-02,A,43,73.0
LOT DE CAFE TURC,0.375,PC (1 KG),Cafe,samedi,2025-03,D,43,3.0
MAIS EN BOITE,21.0,BTE (340 GR),Epicerie,samedi,2025-03,A,43,92.0
MARGARINE,2.0,SEAU (4.5 KG),Beurre Oeuf Fromage,mardi,2025-02,B,43,13.5
MARINADE EMINCE DE BOEUF,5.0,PC (0.15 KG),Epicerie,mardi,2025-02,C,43,10.0
MARINADE POULET GRILLE,23.0,PC (0.15 KG),Volaille Surgelée,mardi,2025-02,C,43,30.0
MAYONAISE,20.0,SEAU (5 L),Beurre Oeuf Fromage,mardi,2025-02,A,43,44.0
MELANGE EPICES VIANDE 500GR PB,1.0,SAC (0.5 KG),Epicerie,mardi,2025-03,D,43,2.0
MELANGE TENDER  PB,7.0,KG (1 KG),Epicerie,mardi,2025-02,C,43,11.0
MENTHE SECHE,0.36,KG (1 KG),Epicerie,samedi,2025-03,D,43,2.0
MIX A CREPE FRAN,50.0,PC (1 KG),Pâtisseries,mardi,2025-02,C,43,150.0
MOUSSE CHOCOLAT,4.0,PC (1 PC),Pâtisseries,lundi,2025-03,D,43,4.0
MOUTARDE DIJON,10.0,BTE (850 GR),Epicerie,mardi,2025-02,D,43,12.0
MOZARELLA CERISE,10.0,BTE (20 PC),Beurre Oeuf Fromage,samedi,2025-03,C,43,24.0
MUFFINS VANILLE,48.0,PC (1 PC),Viennoiserie,mardi,2025-02,B,43,96.0
NAPPAGE,1.0,PC (1 PC),Pâtisseries,mardi,2025-02,C,43,14.0
NUGGETS PANE PB,100.0,PC (1 PC),Volaille Surgelée,mardi,2025-02,A,43,275.0
OEUFS,54.0,PLT (30 PC),Beurre Oeuf Fromage,mardi,2025-02,A,43,83.0
OIGNION VERT,2.21,KG,Legumes Frais,mercredi,2025-02,D,43,11.15
OIGNONS ROUGE,67.05,KG (1 KG),Legumes Frais,mardi,2025-02,A,43,119.4
OLIVE DENOYETE,21.0,KG (1 KG),Epicerie,jeudi,2025-02,B,43,35.0
OLIVE NOIRE SLICE,21.0,KG (1 KG),Epicerie,jeudi,2025-02,B,43,35.0
PAILLE NOIR,7.0,PQT (250 PC),Consommable,mardi,2025-02,A,43,39.0
PAIN CHAWARMA *10,56.0,PQT (10 PC),Boulangerie_R,mardi,2025-02,A,43,115.0
PAIN DE MIE CEREALE,26.0,PC (1 PC),Boulangerie_R,samedi,2025-03,B,43,130.0
PAIN DE MIE NATURE,52.0,PC,Boulangerie_R,mercredi,2025-02,B,43,130.0
PAPIER ALUM DE 100,2.0,PC,Consommable,samedi,2025-03,B,43,9.0
PAPIER CUISSON 40*60,1.0,PQT (500 PC),Consommable,mercredi,2025-02,C,43,4.0
PAQUET 17/4,100.0,PC (1 PC),Consommable,jeudi,2025-03,C,43,300.0
PATE PAPILLON,18.0,PQT (0.5 KG),Epicerie,mercredi,2025-02,D,43,24.0
PATE PIZZA FOCACCIA 12/40,80.0,PC (1 PC),Boulangerie_R,samedi,2025-03,A,43,170.0
PATE PIZZA PANCROCCHINO 32cm,36.0,PC (1 PC),Boulangerie_R,mercredi,2025-02,D,43,51.0
PATE PLUME COURTE,19.0,PQT (0.5 KG),Epicerie,jeudi,2025-02,B,43,58.0
PATE SPAGHETTI,19.0,PQT (0.5 KG),Epicerie,jeudi,2025-02,B,43,74.0
PEPPERONI,0.6,KG (1 KG),Charcuterie,samedi,2025-03,A,43,4.8
PIECE RONDE BOEUF,12.6,KG,Viandes Surgelées,samedi,2025-03,D,43,24.200000000000003
PILLE AA,14.0,PC (1 GR),Fournitures de Bureau,mardi,2025-02,D,43,20.0
PIMENT DOUX,30.0,KG (1 KG),Legumes Frais,vendredi,2025-02,A,43,97.3
PIMENT FORT,34.45,KG (1 KG),Legumes Frais,mercredi,2025-02,A,43,78.95
PIMENT ROUGE SALLE,10.0,KG (1 KG),Epicerie,jeudi,2025-02,B,43,20.0
POIS CHICHE KG,5.0,PC (1 PC),Legumes Secs,mardi,2025-02,C,43,8.0
POIVRE NOIR MOULU,3.0,PC (1 KG),Epicerie,mardi,2025-02,B,43,3.0
POMME DE TERRE,125.7,KG (1 KG),Legumes Frais,mardi,2025-02,A,43,292.25
POT NUTELLA,12.0,PC (1 KG),Pâtisseries,samedi,2025-03,D,43,78.0
POULET PAC FRAIS,40.61,KG (1 KG),Volaille Fraiche,mercredi,2025-02,C,43,98.48
POULET PANE AMANDE PB,80.0,PC (1 PC),Volaille Surgelée,mercredi,2025-02,A,43,350.0
PUNCH CIDRE 50CL,46.0,PC (1 PC),Eaux et Sodas,jeudi,2025-02,B,43,164.0
PUNCH ORANGE 30CL,193.0,PC (1 PC),Eaux et Sodas,samedi,2025-03,D,43,198.0
PUNCH ORANGE 50CL,45.0,PC (1 PC),Eaux et Sodas,jeudi,2025-02,B,43,161.0
QUATRE EPICES MOULU,1.0,PC (1 KG),Epicerie,lundi,2025-03,C,43,3.0
RACLETTE,7.0,PC,Hygiène,mercredi,2025-02,B,43,7.0
RAME PAPIER A4,8.0,PC,Fournitures de Bureau,vendredi,2025-02,B,43,23.0
REMANENT HERBE CF,4.0,PC,Hygiène,vendredi,2025-02,B,43,10.0
RIZ EN PQT,18.0,PC (1 KG),Epicerie,mardi,2025-02,D,43,24.0
ROQUETTE SALADE BARQUETTE,3.45,KG,Legumes Frais,mercredi,2025-02,A,43,5.9
ROULEAU CAISSE 80*80,80.0,PC (1 PC),Fournitures de Bureau,mercredi,2025-02,A,43,205.0
ROULEAU TPE,140.0,PC,Fournitures de Bureau,mardi,2025-02,A,43,286.0
SAC BOUTIQUE GDISE HD 50/45 BLANC,500.0,PC (1 PC),Consommable,samedi,2025-03,D,43,1000.0
SALADE LAITUE TUN,139.3,KG (1 KG),Legumes Frais,mardi,2025-02,A,43,393.7
SANEX,3.0,PC (1 PC),Hygiène,samedi,2025-03,A,43,100.0
SANIT SURF,42.0,PC (1 PC),Hygiène,mardi,2025-02,A,43,51.0
SAUCE A L'AIL PB,6.0,KG (1 KG),Epicerie,mardi,2025-02,A,43,11.0
SAUCE AU POIVRE PB,4.0,SCH (0.5 KG),Epicerie,mardi,2025-02,C,43,6.0
SAUCE MAYONNAISE PESTO,5.0,PC (1 L),Epicerie,mardi,2025-02,B,43,10.0
SAUCE PESTO PB,4.0,PC (0.6 KG),Epicerie,mardi,2025-02,A,43,5.0
SAUCE PLAN B,5.0,L (1 L),Epicerie,samedi,2025-03,C,43,20.0
SCHWEPPES TONIC 24 CL,4.0,PC,Eaux et Sodas,jeudi,2025-02,D,43,31.0
SEL,11.0,PC (1 KG),Epicerie,mardi,2025-02,B,43,17.0
SERPILLERE,42.0,PC (1 PC),Hygiène,mercredi,2025-02,A,43,122.0
SERVIETTE 30*30 CIGUSTA,48.0,PC (1 PC),Consommable,mardi,2025-02,B,43,192.0
SERVIETTE 30*30 MF,18.0,PQT (1 PQT),Consommable,mardi,2025-02,B,43,74.0
SIROP DE CARAMEL 1L MONIN,1.0,PC (1000 ML),Pâtisseries,mardi,2025-02,B,43,5.0
STEACK HACHE (PORTION 115GR),9.0,PC (1 KG),Viandes Surgelées,dimanche,2025-03,C,43,32.0
SUCRE EN SACHET CI-GUSTA,10.0,PC (1 PC),Cafe,lundi,2025-03,B,43,120.0
SUCRE EN SACHET DAILY BREAK,70.0,PC (1 KG),Cafe,mardi,2025-02,A,43,230.0
THE NOIR MENTHE SANS SUCRE,540.0,PC (1 PC),THE,samedi,2025-03,C,43,720.0
THON HV EN BOITE,127.0,BTE (2.05 KG),Conserve de Poisson,mardi,2025-02,B,43,150.0
TOMATE CERISES,8.4,KG (1 KG),Legumes Frais,mardi,2025-02,A,43,24.95
TOMATE CONCENTREE EN BOITE,32.0,BTE (0.8 KG),Epicerie,mercredi,2025-02,B,43,60.0
TOMATE FRAICHE,260.2,KG (1 KG),Legumes Frais,mardi,2025-02,A,43,526.85
TOQUE CHEF,2.0,PC (1 PC),Hygiène,mardi,2025-02,C,43,6.0
VIANDE HACHEE SPECIAL MAIGRE CONGELE KG,40.67,KG,Viandes Surgelées,mardi,2025-02,B,43,128.74
VIANDE SECHE FUME (BRESAOLA) TRANCHES 300GR,3.6,KG (1000 GR),Viandes Fraiches,mercredi,2025-02,A,43,11.0
VIPA ORIENTAL MIX 100 GR,8.0,PC (1 PC),Fruits Secs,jeudi,2025-02,B,43,48.0
fondant chocolat individual Margarine,2.0,PC (1 PC),Pâtisseries,jeudi,2025-02,C,43,71.0
AC-SMOOTHIE EXOTIC,10.0,PC (1 PC),Jus Fruit Lait,dimanche,2025-03,D,44,20.0
AC-SMOOTHIE LE CLASSIQUE,10.0,PC (1 PC),Jus Fruit Lait,dimanche,2025-03,D,44,20.0
AC-SMOOTHIE PEACH'TINI,10.0,PC (1 PC),Jus Fruit Lait,dimanche,2025-03,D,44,20.0
AC-SMOOTHIE TROPIC TRIP,10.0,PC (1 PC),Jus Fruit Lait,dimanche,2025-03,D,44,20.0
AGRAFFE,3.0,PC (1 PC),Fournitures de Bureau,mardi,2025-03,C,44,11.0
AIL,8.3,KG,Legumes Frais,vendredi,2025-03,B,44,8.3
AIL EN POUDRE,2.0,KG (1 KG),Epicerie,jeudi,2025-03,C,44,2.0
AJAX VITRE,17.0,PC (1 PC),Hygiène,vendredi,2025-03,A,44,32.0
ALKASURF DDA 5KG,6.0,PC (1 PC),Hygiène,jeudi,2025-03,D,44,15.0
AMANDE EFFILEE,1.0,PC (1 KG),Fruits Secs,mercredi,2025-03,B,44,4.0
ANANAS GRAND,7.0,PC (1 PC),Fruits & Legumes Frais,vendredi,2025-03,C,44,51.0
ASEPCLOR,40.0,PC (1 PC),Hygiène,vendredi,2025-03,A,44,60.0
AUBERGINE,5.25,KG (1 KG),Legumes Frais,samedi,2025-03,B,44,17.75
AVOCAT FRUIT PIECE,4.0,PC (1 PC),Fruits & Legumes Frais,dimanche,2025-03,B,44,43.0
BACON BOEUF FUME TRANCHES ( 300GR),1.5,KG (1000 GR),Viandes Fraiches,samedi,2025-03,A,44,6.9
BACTYGEL 703 CF,3.0,BTL (1 BTL),Hygiène,dimanche,2025-03,B,44,4.0
BANANE,15.0,PC (1 PC),Fruits & Legumes Frais,samedi,2025-03,A,44,155.0
BASILIC BARQUETTE,2.5,KG (1 KG),Legumes Frais,vendredi,2025-03,A,44,11.05
BISCUIT TUC,24.0,PC (1 PC),Epicerie,samedi,2025-03,D,44,120.0
BLOUSE NON TISSEE,20.0,PC (1 KG),Hygiène,jeudi,2025-03,C,44,36.0
BOGA LIME PET 30 CL,24.0,PC (1 PC),Eaux et Sodas,lundi,2025-03,C,44,228.0
CAPRE VRAC,1.0,SEAU (2 KG),Legumes Frais,samedi,2025-03,B,44,9.0
CAROTTE,27.95,KG (1 KG),Legumes Frais,vendredi,2025-03,A,44,67.1
CHAMPIGNON FRAIS,14.0,KG (1 KG),Legumes Frais,vendredi,2025-03,A,44,39.0
CHAPLUR,2.0,PC (1 KG),Epicerie,mercredi,2025-03,C,44,16.0
CHEMISE CRAFT,10.0,PC (1 PC),Fournitures de Bureau,mardi,2025-03,D,44,90.0
CHOCOLAT EN POUDRE,6.0,PC (0.2 KG),Cafe,vendredi,2025-03,A,44,86.0
CHORBA FRIK,23.0,PQT (0.5 KG),Epicerie,samedi,2025-03,D,44,23.0
CHOUX ROUGE,4.0,KG (1 KG),Legumes Frais,samedi,2025-03,A,44,9.6
CHOUX VERT,8.1,KG (1 KG),Legumes Frais,vendredi,2025-03,B,44,12.8
CITRON FRAIS,19.1,KG (1 KG),Legumes Frais,samedi,2025-03,B,44,21.6
CITRON SALLE,1.0,SEAU (7 KG),Legumes Frais,samedi,2025-03,B,44,28.0
COCA COLA PET 30CL.,60.0,PC (1 PC),Eaux et Sodas,lundi,2025-03,C,44,456.0
CONCOMBRE,66.6,KG (1 KG),Legumes Frais,vendredi,2025-03,A,44,177.692
COURGE,12.9,KG (1 KG),Legumes Frais,vendredi,2025-03,B,44,47.65
COURGETTE,6.1,KG (1 KG),Legumes Frais,samedi,2025-03,A,44,28.6
COUSCOUS,12.0,PQT (1 KG),Epicerie,vendredi,2025-03,D,44,33.0
CREME CHANTILLY,6.0,PC (1 PC),Pâtisseries,dimanche,2025-03,D,44,11.0
CREME DE CUISSON,8.0,BTE (0.95 L),Beurre Oeuf Fromage,vendredi,2025-03,B,44,27.0
CREVETTE 26/30 AVEC QUEUE  SURG.,2.0,KG (1 KG),Poisson Surgelé_R,mercredi,2025-03,C,44,4.0
CURCUMIN MOULU,2.0,SCH (1 KG),Epicerie,vendredi,2025-03,D,44,2.2
Cake marbré family Margarine,2.0,PQT (6 PC),Pâtisseries,vendredi,2025-03,C,44,74.0
DADDY'S CHIPS CLASSIC SEL DE MER 70G,15.0,PC (1 PC),Epicerie,samedi,2025-03,A,44,225.0
DADDY'S CHIPS SAVORY TRUFFE PARMESAN 70G,15.0,PC (1 PC),Epicerie,lundi,2025-03,B,44,165.0
DATTE EN VRAC,18.3,KG (1 KG),Fruits & Legumes Frais,vendredi,2025-03,B,44,18.3
DINOL,16.0,BIDON (4.75 L),Hygiène,vendredi,2025-03,A,44,135.0
EAU MINÉRALE 6L,35.0,BTL (1 PC),Eaux et Sodas,samedi,2025-03,A,44,90.0
EMINCE DE BOEUF PORT. SURGELE,5.95,KG (1000 GR),Viandes Surgelées,samedi,2025-03,A,44,79.49000000000001
EPINARD,4.9,KG (1 KG),Legumes Frais,samedi,2025-03,B,44,12.15
ESCALOPE DE DINDE FUME EN TRANCHE,10.0,KG,Charcuterie,mercredi,2025-03,C,44,70.0
ESCALOPE POULET FRAIS,131.9,KG (1 KG),Volaille Surgelée,vendredi,2025-03,A,44,503.16
ESCALOPE POULET PANE CONGELE,26.88,KG (1 KG),Volaille Surgelée,vendredi,2025-03,A,44,128.91
ESSUIES VERRES,2.0,PC,Hygiène,lundi,2025-03,D,44,4.0
ESSUIT TOUT JUMBO,108.0,PC (1 KG),Hygiène,vendredi,2025-03,A,44,157.0
FANTA PET 30,24.0,PC (1 PC),Eaux et Sodas,lundi,2025-03,C,44,228.0
FARINE EN PAQUET,40.0,PC (1 KG),Epicerie,samedi,2025-03,A,44,252.0
FILM ETIRABLE,16.0,PC (1 PC),Consommable,dimanche,2025-03,A,44,33.0
FRAISE FRAIS,19.3,KG (1 KG),Fruits & Legumes Frais,dimanche,2025-03,A,44,64.35
FRITE SURGELE 9/9 CLASSIC 2.5 KG,75.0,KG (1 KG),Legumes Surgelés,vendredi,2025-03,A,44,290.0
FRITE SURGELE WEDGES 2.5 KG,20.0,KG,Legumes Surgelés,dimanche,2025-03,B,44,90.0
FROMAGE BLANC FONDU KG,4.4,KG (1 KG),Beurre Oeuf Fromage,vendredi,2025-03,C,44,15.4
FROMAGE BUCHE BLANCHE CHEVRE KG,1.0,KG (1 KG),Beurre Oeuf Fromage,samedi,2025-03,B,44,5.0
FROMAGE CHEDDAR EN BLOC,8.959999999999999,KG (1 KG),Beurre Oeuf Fromage,samedi,2025-03,A,44,65.0
FROMAGE EDAM MEULE,9.072,KG (1 KG),Beurre Oeuf Fromage,samedi,2025-03,B,44,35.622
FROMAGE GORGONZELA,4.0,PC (150 GR),Beurre Oeuf Fromage,samedi,2025-03,A,44,13.0
FROMAGE LAND OR,5.45,PC (1 KG),Beurre Oeuf Fromage,lundi,2025-03,A,44,25.4
FROMAGE MAASDAM EN BLOC,9.5,KG (1 KG),Beurre Oeuf Fromage,samedi,2025-03,B,44,42.0
FROMAGE MEULE GOUDA,11.53,KG (1 KG),Beurre Oeuf Fromage,samedi,2025-03,C,44,24.502
FROMAGE MOZZARELLA  KG,56.0,KG (1 KG),Beurre Oeuf Fromage,vendredi,2025-03,A,44,176.93
FROMAGE PARMESAN PB,0.4,KG (1 KG),Beurre Oeuf Fromage,samedi,2025-03,A,44,3.8
FROMAGE TRIANGLE FONDU STREET &CO,1.0,BTE (48 PC),Beurre Oeuf Fromage,dimanche,2025-03,C,44,18.0
GANT EN PLASTIQUE,24.0,PC,Hygiène,jeudi,2025-03,D,44,24.0
GARCI GAZ 1L,48.0,PC (1 PC),Eaux et Sodas,lundi,2025-03,A,44,316.0
HARISSA ARBI,11.0,BTE (0.45 KG),Epicerie,mercredi,2025-03,A,44,23.0
HARISSA CONCENTRE EN BOITE,3.0,BTE (2 KG),Epicerie,jeudi,2025-03,A,44,57.0
HUILE D'OLIVE POMACE,19.0,L (1 L),Epicerie,samedi,2025-03,B,44,28.5
HUILE VEGETALE,31.0,BIDON (5 L),Epicerie,vendredi,2025-03,A,44,67.0
JAMBON DE BOEUF FUME,3.35,KG (1 KG),Charcuterie,mardi,2025-03,A,44,18.1
JAMBON DE DINDE,7.4,KG (1 KG),Charcuterie,dimanche,2025-03,A,44,34.15
JEX CARRE,78.0,PC (1 PC),Hygiène,samedi,2025-03,A,44,180.0
LAVETTE COTON,60.0,PC (1 PC),Hygiène,vendredi,2025-03,A,44,149.0
LENTILLE VRAC,1.0,PC (1 KG),Legumes Secs,vendredi,2025-03,D,44,3.0
LEVURE BOULANGERE NORMALE,2.0,PQT (6 PC),Boulangerie_R,samedi,2025-03,B,44,34.0
LOT CAFE GRAIN ESPRESSO ELITE 3,4.0,PC (1 KG),Cafe,lundi,2025-03,A,44,128.0
MAIS EN BOITE,29.0,BTE (340 GR),Epicerie,samedi,2025-03,A,44,92.0
MANGUE,1.0,PC (1 PC),Fruits & Legumes Frais,vendredi,2025-03,A,44,39.0
MARGARINE,2.0,SEAU (4.5 KG),Beurre Oeuf Fromage,dimanche,2025-03,B,44,13.5
MARINADE EMINCE DE BOEUF,1.0,PC (0.15 KG),Epicerie,samedi,2025-03,C,44,10.0
MARINADE POULET GRILLE,4.0,PC (0.15 KG),Volaille Surgelée,samedi,2025-03,C,44,30.0
MAYONAISE,13.0,SEAU (5 L),Beurre Oeuf Fromage,samedi,2025-03,A,44,44.0
MELANGE TENDER  PB,1.0,KG (1 KG),Epicerie,samedi,2025-03,C,44,11.0
MIX A CREPE FRAN,30.0,PC (1 KG),Pâtisseries,samedi,2025-03,C,44,150.0
MOZARELLA CERISE,7.0,BTE (20 PC),Beurre Oeuf Fromage,samedi,2025-03,C,44,24.0
NAPPAGE,1.0,PC,Pâtisseries,mercredi,2025-03,C,44,14.0
NUGGETS PANE PB,50.0,PC,Volaille Surgelée,jeudi,2025-03,A,44,275.0
OEUFS,37.0,PLT (30 PC),Beurre Oeuf Fromage,vendredi,2025-03,A,44,83.0
OIGNION VERT,5.0,KG,Legumes Frais,mercredi,2025-03,D,44,11.15
OIGNONS ROUGE,106.45,KG (1 KG),Legumes Frais,vendredi,2025-03,A,44,119.4
OLIVE DENOYETE,7.0,KG (1 KG),Epicerie,vendredi,2025-03,B,44,35.0
PACK FOOD BOWL + COUVERCLE 1.2 L,25.0,PC (1 PC),Consommable,vendredi,2025-03,B,44,175.0
PAILLE NOIR,6.0,PQT (250 PC),Consommable,vendredi,2025-03,A,44,39.0
PAIN CHAWARMA *10,22.0,PQT (10 PC),Boulangerie_R,vendredi,2025-03,A,44,115.0
PAIN DE MIE NATURE,78.0,PC,Boulangerie_R,samedi,2025-03,B,44,130.0
PAIN SCHNECK AUX RAISINS SURG PUR BEURRE GF,60.0,PC (1 PC),Viennoiserie,samedi,2025-03,B,44,1200.0
PAPIER ALUM DE 100,3.0,PC (1 PC),Consommable,samedi,2025-03,B,44,9.0
PAPIER CUISSON 40*60,1.0,PQT (500 PC),Consommable,dimanche,2025-03,C,44,4.0
PAPIER SERVIETTE GOURMANDISE,40.0,PC (1 PC),Consommable,vendredi,2025-03,B,44,128.0
PAPRIKA DOUX,2.0,KG (1 KG),Epicerie,vendredi,2025-03,C,44,3.0
PATE PAPILLON,4.0,PQT (0.5 KG),Epicerie,samedi,2025-03,D,44,24.0
PATE PIZZA FOCACCIA 12/40,70.0,PC (1 PC),Boulangerie_R,samedi,2025-03,A,44,170.0
PATE PLUME COURTE,20.0,PQT (0.5 KG),Epicerie,samedi,2025-03,B,44,58.0
PATE SPAGHETTI,20.0,PQT (0.5 KG),Epicerie,samedi,2025-03,B,44,74.0
PEPITTE DE DECORATION NOIRE KG,5.0,KG (1000 GR),Epicerie,dimanche,2025-03,D,44,8.5
PEPPERONI,0.6,KG (1 KG),Charcuterie,samedi,2025-03,A,44,4.8
PIECE RONDE BOEUF,15.3,KG (1 KG),Viandes Surgelées,vendredi,2025-03,D,44,24.200000000000003
PIMENT DOUX,15.9,KG (1 KG),Legumes Frais,samedi,2025-03,A,44,97.3
PIMENT FORT,24.95,KG (1 KG),Legumes Frais,mardi,2025-03,A,44,78.95
POIS CHICHE KG,2.0,PC (1 PC),Legumes Secs,lundi,2025-03,C,44,8.0
POMME DE TERRE,57.0,KG (1 KG),Legumes Frais,lundi,2025-03,A,44,292.25
POT NUTELLA,18.0,PC (1 KG),Pâtisseries,samedi,2025-03,D,44,78.0
POUDRE TENDERS PB,4.0,KG (1 KG),Volaille Surgelée,dimanche,2025-03,B,44,42.0
POULET PANE AMANDE PB,80.0,PC (1 PC),Volaille Surgelée,vendredi,2025-03,A,44,350.0
PUNCH ORANGE 30CL,198.0,PC (1 PC),Eaux et Sodas,vendredi,2025-03,D,44,198.0
QUATRE EPICES MOULU,1.0,PC (1 KG),Epicerie,mercredi,2025-03,C,44,3.0
RAME PAPIER A4,5.0,PC (1 PC),Fournitures de Bureau,mardi,2025-03,B,44,23.0
REMANENT HERBE CF,2.0,PC (1 PC),Hygiène,mardi,2025-03,B,44,10.0
RIZ EN PQT,20.0,PC (1 KG),Epicerie,jeudi,2025-03,D,44,24.0
ROQUETTE SALADE BARQUETTE,3.65,KG,Legumes Frais,vendredi,2025-03,A,44,5.9
ROULEAU CAISSE 80*80,17.0,PC (1 PC),Fournitures de Bureau,vendredi,2025-03,A,44,205.0
ROULEAU DE 750 ETIQUETTE BLANC,3.0,PC,Consommable,jeudi,2025-03,C,44,16.0
ROULEAU TPE,90.0,PC (1 PC),Fournitures de Bureau,samedi,2025-03,A,44,286.0
SAC BOUTIQUE GDISE HD 50/45 BLANC,500.0,PC (1 PC),Consommable,vendredi,2025-03,D,44,1000.0
SAC EN PAPIER KRAFT 30/30/26,100.0,PC (1 PC),Consommable,vendredi,2025-03,C,44,150.0
SALADE LAITUE TUN,124.3,KG (1 KG),Legumes Frais,vendredi,2025-03,A,44,393.7
SANEX,4.0,PC (1 PC),Hygiène,samedi,2025-03,A,44,100.0
SANIT SURF,30.0,PC (1 PC),Hygiène,vendredi,2025-03,A,44,51.0
SAUCE A L'AIL,6.0,KG (1 KG),Epicerie,samedi,2025-03,B,44,12.0
SAUCE A L'AIL PB,1.0,KG (1 KG),Epicerie,samedi,2025-03,A,44,11.0
SAUCE AU POIVRE PB,1.0,SCH (0.5 KG),Epicerie,samedi,2025-03,C,44,6.0
SAUCE BARBECUE,5.0,L (1 L),Epicerie,samedi,2025-03,C,44,30.0
SAUCE MAYONNAISE PESTO,1.0,PC (1 L),Epicerie,samedi,2025-03,B,44,10.0
SAUCE PESTO PB,1.0,PC (0.6 KG),Epicerie,samedi,2025-03,A,44,5.0
SEL,4.0,PC (1 KG),Epicerie,jeudi,2025-03,B,44,17.0
SERPILLERE,21.0,PC (1 PC),Hygiène,samedi,2025-03,A,44,122.0
STEACK HACHE (PORTION 115GR),16.0,PC (1 KG),Viandes Surgelées,vendredi,2025-03,C,44,32.0
SUCRE EN SACHET DAILY BREAK,50.0,PC (1 KG),Cafe,samedi,2025-03,A,44,230.0
SUCRE GLACE,1.0,PC,Pâtisseries,dimanche,2025-03,D,44,27.0
THON HV EN BOITE,51.0,BTE (2.05 KG),Conserve de Poisson,samedi,2025-03,B,44,150.0
TOMATE CERISES,7.7,KG (1 KG),Legumes Frais,vendredi,2025-03,A,44,24.95
TOMATE CONCENTREE EN BOITE,41.0,BTE (0.8 KG),Epicerie,vendredi,2025-03,B,44,60.0
TOMATE FRAICHE,247.95,KG (1 KG),Legumes Frais,vendredi,2025-03,A,44,526.85
VARIANTES,1.0,SEAU (7 KG),Legumes Frais,samedi,2025-03,D,44,10.0
VIANDE HACHEE SPECIAL MAIGRE CONGELE KG,34.215,KG (1 KG),Viandes Surgelées,samedi,2025-03,B,44,128.74
VIANDE SECHE FUME (BRESAOLA) TRANCHES 300GR,3.6,KG (1000 GR),Viandes Fraiches,samedi,2025-03,A,44,11.0
AGRAFFE,3.0,PC,Fournitures de Bureau,lundi,2025-03,C,45,11.0
AIL EN POUDRE,1.0,KG,Epicerie,mardi,2025-03,C,45,2.0
AJAX VITRE,16.0,PC (1 PC),Hygiène,lundi,2025-03,A,45,32.0
ALKASURF DDA 5KG,9.0,PC (1 PC),Hygiène,mercredi,2025-03,D,45,15.0
AMANDES GRILEES SALEES 70GR,12.0,PC (1 PC),Fruits Secs,mercredi,2025-03,B,45,84.0
ASEPCLOR,20.0,PC (1 PC),Hygiène,mercredi,2025-03,A,45,60.0
AUBERGINE,7.0,KG (1 KG),Legumes Frais,lundi,2025-03,B,45,17.75
AVOCAT FRUIT PIECE,8.0,PC,Fruits & Legumes Frais,lundi,2025-03,B,45,43.0
BACON BOEUF FUME TRANCHES ( 300GR),0.8999999999999999,KG (1000 GR),Viandes Fraiches,dimanche,2025-03,A,45,6.9
BACTYGEL 703 CF,4.0,BTL (1 BTL),Hygiène,vendredi,2025-03,B,45,4.0
BANANE,17.0,PC (1 PC),Fruits & Legumes Frais,lundi,2025-03,A,45,155.0
BASILIC BARQUETTE,3.25,KG,Legumes Frais,mercredi,2025-03,A,45,11.05
BISCUIT TUC,48.0,PC (1 PC),Epicerie,mardi,2025-03,D,45,120.0
BLOUSE NON TISSEE,9.0,PC (1 KG),Hygiène,vendredi,2025-03,C,45,36.0
BOGA LIME PET 30 CL,12.0,PC (1 PC),Eaux et Sodas,lundi,2025-03,C,45,228.0
BOITE D'ARCHIVE,13.0,PC,Fournitures de Bureau,lundi,2025-03,D,45,35.0
CACAHUETES GRILLEES SALEES 70GR,24.0,PC (1 PC),Fruits Secs,mardi,2025-03,C,45,60.0
CACAO EN POUDRE,7.0,PQT (0.25 KG),Cafe,lundi,2025-03,C,45,7.0
CAKE CHOCOLAT PBC,40.0,PC (1 PC),Viennoiserie,jeudi,2025-03,B,45,88.0
CAKE MARBRE PBC,121.0,PC (1 PC),Viennoiserie,jeudi,2025-03,A,45,363.0
CAPSULE CAFFITALY VIGOROSO,48.0,PC (1 PC),Cafe,jeudi,2025-03,D,45,408.0
CAROTTE,14.55,KG (1 KG),Legumes Frais,mercredi,2025-03,A,45,67.1
CHAMPIGNON FRAIS,12.0,KG,Legumes Frais,lundi,2025-03,A,45,39.0
CHAPLUR,2.0,PC (1 KG),Epicerie,lundi,2025-03,C,45,16.0
CHEMISE CRAFT,20.0,PC,Fournitures de Bureau,lundi,2025-03,D,45,90.0
CHOCOLAT EN POUDRE,32.0,PC (0.2 KG),Cafe,mardi,2025-03,A,45,86.0
CHORBA FRIK,11.0,PQT (0.5 KG),Epicerie,lundi,2025-03,D,45,23.0
CHOUX VERT,2.7,KG (1 KG),Legumes Frais,samedi,2025-03,B,45,12.8
CITRON FRAIS,12.0,KG (1 KG),Legumes Frais,lundi,2025-03,B,45,21.6
COCA COLA PET 30CL.,48.0,PC (1 PC),Eaux et Sodas,jeudi,2025-03,C,45,456.0
CONCOMBRE,45.45,KG (1 KG),Legumes Frais,mardi,2025-03,A,45,177.692
COURGE,10.9,KG (1 KG),Legumes Frais,jeudi,2025-03,B,45,47.65
COURGETTE,14.9,KG (1 KG),Legumes Frais,lundi,2025-03,A,45,28.6
COUSCOUS,11.0,PQT (1 KG),Epicerie,jeudi,2025-03,D,45,33.0
CREME CHANTILLY,6.0,PC,Pâtisseries,lundi,2025-03,D,45,11.0
CREME DE CUISSON,13.0,BTE (0.95 L),Beurre Oeuf Fromage,lundi,2025-03,B,45,27.0
CREME SUPERIEUR,16.0,PQT (1 L),Epicerie,lundi,2025-03,D,45,42.0
CURCUMIN MOULU,2.0,SCH (1 KG),Epicerie,mardi,2025-03,D,45,2.2
DADDY'S CHIPS CLASSIC SEL DE MER 70G,45.0,PC (1 PC),Epicerie,mardi,2025-03,A,45,225.0
DADDY'S CHIPS SAVORY TRUFFE PARMESAN 70G,15.0,PC (1 PC),Epicerie,mardi,2025-03,B,45,165.0
DADDY'S CHIPS SPICY PAPRIKA 70G,45.0,PC (1 PC),Epicerie,mardi,2025-03,A,45,165.0
DATTE EN VRAC,15.4,KG (1 KG),Fruits & Legumes Frais,lundi,2025-03,B,45,18.3
DINOL,14.0,BIDON (4.75 L),Hygiène,lundi,2025-03,A,45,135.0
EAU MINÉRALE 6L,38.0,BTL (1 PC),Eaux et Sodas,mardi,2025-03,A,45,90.0
ESCALOPE DE DINDE FUME EN TRANCHE,15.0,KG (1 KG),Charcuterie,jeudi,2025-03,C,45,70.0
ESCALOPE POULET FRAIS,126.71,KG (1 KG),Volaille Surgelée,mercredi,2025-03,A,45,503.16
ESCALOPE POULET PANE CONGELE,22.49,KG (1 KG),Volaille Surgelée,jeudi,2025-03,A,45,128.91
ESSUIT TOUT JUMBO,68.0,PC (1 KG),Hygiène,lundi,2025-03,A,45,157.0
FANTA PET 30,12.0,PC (1 PC),Eaux et Sodas,lundi,2025-03,C,45,228.0
FARINE EN PAQUET,53.0,PC (1 KG),Epicerie,lundi,2025-03,A,45,252.0
FESTIFE MIX 100 GR,32.0,PC,Fruits Secs,mardi,2025-03,C,45,32.0
FILM ETIRABLE,6.0,PC (1 PC),Consommable,lundi,2025-03,A,45,33.0
FRAISE FRAIS,17.05,KG (1 KG),Fruits & Legumes Frais,lundi,2025-03,A,45,64.35
FRITE SURGELE 9/9 CLASSIC 2.5 KG,70.0,KG (1 KG),Legumes Surgelés,mardi,2025-03,A,45,290.0
FRITE SURGELE WEDGES 2.5 KG,10.0,KG (1 KG),Legumes Surgelés,vendredi,2025-03,B,45,90.0
FROMAGE BLANC FONDU KG,6.6000000000000005,KG,Beurre Oeuf Fromage,lundi,2025-03,C,45,15.4
FROMAGE CHEDDAR EN BLOC,10.57,KG (1 KG),Beurre Oeuf Fromage,mardi,2025-03,A,45,65.0
FROMAGE LAND OR,5.4,PC (1 KG),Beurre Oeuf Fromage,mercredi,2025-03,A,45,25.4
FROMAGE MAASDAM EN BLOC,12.0,KG (1 KG),Beurre Oeuf Fromage,mardi,2025-03,B,45,42.0
FROMAGE MEULE GOUDA,12.152,KG (1 KG),Beurre Oeuf Fromage,mardi,2025-03,C,45,24.502
FROMAGE MOZZARELLA  KG,40.0,KG,Beurre Oeuf Fromage,mardi,2025-03,A,45,176.93
FROMAGE PARMESAN PB,0.4,KG (1 KG),Beurre Oeuf Fromage,mardi,2025-03,A,45,3.8
GARCI GAZ 1L,108.0,PC (1 PC),Eaux et Sodas,lundi,2025-03,A,45,316.0
HARISSA ARBI,18.0,BTE (0.45 KG),Epicerie,lundi,2025-03,A,45,23.0
HARISSA CONCENTRE EN BOITE,10.0,BTE (2 KG),Epicerie,mardi,2025-03,A,45,57.0
HUILE D'OLIVE POMACE,9.5,L (1 L),Epicerie,lundi,2025-03,B,45,28.5
HUILE VEGETALE,24.0,BIDON (5 L),Epicerie,mardi,2025-03,A,45,67.0
JAMBON DE BOEUF FUME,1.6,KG (1 KG),Charcuterie,lundi,2025-03,A,45,18.1
JAMBON DE DINDE,1.2,KG (1 KG),Charcuterie,vendredi,2025-03,A,45,34.15
JEX CARRE,46.0,PC (1 PC),Hygiène,lundi,2025-03,A,45,180.0
KETCHUP,5.0,L (1 L),Epicerie,mardi,2025-03,C,45,40.0
KINDER BUENO,120.0,PC (1 PC),Epicerie,mardi,2025-03,A,45,300.0
LAVETTE COTON,48.0,PC (1 PC),Hygiène,mardi,2025-03,A,45,149.0
LENTILLE VRAC,2.0,PC (1 KG),Legumes Secs,mardi,2025-03,D,45,3.0
LEVURE BOULANGERE NORMALE,10.0,PQT (6 PC),Boulangerie_R,vendredi,2025-03,B,45,34.0
LEVURE CHIMIQUE,1.0,PQT (1000 GR),Pâtisseries,lundi,2025-03,D,45,3.0
LOT CAFE GRAIN ESPRESSO ELITE 3,23.0,PC (1 KG),Cafe,mercredi,2025-03,A,45,128.0
MAIS EN BOITE,22.0,BTE (340 GR),Epicerie,lundi,2025-03,A,45,92.0
MANGUE,8.0,PC,Fruits & Legumes Frais,lundi,2025-03,A,45,39.0
MARGARINE,2.0,SEAU (4.5 KG),Beurre Oeuf Fromage,lundi,2025-03,B,45,13.5
MARINADE EMINCE DE BOEUF,3.0,PC (0.15 KG),Epicerie,mardi,2025-03,C,45,10.0
MARINADE POULET GRILLE,21.0,PC (0.15 KG),Volaille Surgelée,mardi,2025-03,C,45,30.0
MAYONAISE,9.0,SEAU (5 L),Beurre Oeuf Fromage,lundi,2025-03,A,45,44.0
MELANGE TENDER  PB,5.0,KG (1 KG),Epicerie,mardi,2025-03,C,45,11.0
MENTHE SECHE,0.3,KG (1 KG),Epicerie,lundi,2025-03,D,45,2.0
MENTOS ROLLS FRUIT FLAVOUR,40.0,PC (1 PC),Epicerie,mercredi,2025-03,D,45,80.0
MENTOS ROLLS MENTHE,80.0,PC (1 PC),Epicerie,mardi,2025-03,D,45,80.0
MENTOS ROLLS STRAWBERRY,40.0,PC (1 PC),Epicerie,mardi,2025-03,D,45,80.0
MENTOS ROLLS TUTTI FRUTTI,80.0,PC (1 PC),Epicerie,mardi,2025-03,D,45,80.0
MIX A CREPE FRAN,30.0,PC (1 KG),Pâtisseries,vendredi,2025-03,C,45,150.0
MOZARELLA CERISE,5.0,BTE (20 PC),Beurre Oeuf Fromage,mercredi,2025-03,C,45,24.0
NAPPAGE,1.0,PC (1 PC),Pâtisseries,vendredi,2025-03,C,45,14.0
NOIX DE CAJOU GRILLES SALEES 65GR,36.0,PC (1 PC),Fruits Secs,mardi,2025-03,B,45,96.0
NUGGETS PANE PB,50.0,PC (1 PC),Volaille Surgelée,samedi,2025-03,A,45,275.0
OEUFS,31.0,PLT (30 PC),Beurre Oeuf Fromage,lundi,2025-03,A,45,83.0
OIGNONS ROUGE,88.32,KG (1 KG),Legumes Frais,lundi,2025-03,A,45,119.4
OLIVE DENOYETE,7.0,KG (1 KG),Epicerie,mardi,2025-03,B,45,35.0
PACK FOOD BOWL + COUVERCLE 1.2 L,25.0,PC (1 PC),Consommable,vendredi,2025-03,B,45,175.0
PAILLE NOIR,14.0,PQT (250 PC),Consommable,mercredi,2025-03,A,45,39.0
PAIN CHAWARMA *10,25.0,PQT (10 PC),Boulangerie_R,lundi,2025-03,A,45,115.0
PAIN DE MIE NATURE,52.0,PC,Boulangerie_R,mercredi,2025-03,B,45,130.0
PAIN SCHNECK AUX RAISINS SURG PUR BEURRE GF,150.0,PC (1 PC),Viennoiserie,lundi,2025-03,B,45,1200.0
PAIN SHNEK AU RAISIN MARGARINE,50.0,PC (1 KG),Pâtisseries,lundi,2025-03,C,45,700.0
PAPIER ALUM DE 100,1.0,PC (1 PC),Consommable,samedi,2025-03,B,45,9.0
PAPIER SERVIETTE GOURMANDISE,72.0,PC (1 PC),Consommable,dimanche,2025-03,B,45,128.0
PAPRIKA DOUX,1.0,KG (1 KG),Epicerie,mardi,2025-03,C,45,3.0
PATE PAPILLON,10.0,PQT (0.5 KG),Epicerie,mardi,2025-03,D,45,24.0
PATE PIZZA FOCACCIA 12/40,48.0,PC (1 PC),Boulangerie_R,lundi,2025-03,A,45,170.0
PATE PLUME COURTE,10.0,PQT (0.5 KG),Epicerie,lundi,2025-03,B,45,58.0
PATE SPAGHETTI,19.0,PQT (0.5 KG),Epicerie,lundi,2025-03,B,45,74.0
PIECE RONDE BOEUF,12.49,KG (1 KG),Viandes Surgelées,mercredi,2025-03,D,45,24.200000000000003
PIMENT DOUX,24.7,KG (1 KG),Legumes Frais,mardi,2025-03,A,45,97.3
PIMENT FORT,9.2,KG (1 KG),Legumes Frais,vendredi,2025-03,A,45,78.95
POIS CHICHE KG,4.0,PC (1 PC),Legumes Secs,mercredi,2025-03,C,45,8.0
POIVRE NOIR MOULU,1.0,PC (1 KG),Epicerie,mardi,2025-03,B,45,3.0
POMME DE TERRE,42.0,KG (1 KG),Legumes Frais,mardi,2025-03,A,45,292.25
POT NUTELLA,30.0,PC (1 KG),Pâtisseries,mardi,2025-03,D,45,78.0
POULET PAC FRAIS,20.1,KG (1 KG),Volaille Fraiche,mardi,2025-03,C,45,98.48
POULET PANE AMANDE PB,80.0,PC (1 PC),Volaille Surgelée,samedi,2025-03,A,45,350.0
PUNCH CIDRE 50CL,16.0,PC (1 PC),Eaux et Sodas,lundi,2025-03,B,45,164.0
PUNCH ORANGE 30CL,40.0,PC (1 PC),Eaux et Sodas,mardi,2025-03,D,45,198.0
PUNCH ORANGE 50CL,24.0,PC (1 PC),Eaux et Sodas,lundi,2025-03,B,45,161.0
QUATRE EPICES MOULU,1.0,PC (1 KG),Epicerie,jeudi,2025-03,C,45,3.0
RACLETTE,1.0,PC (1 PC),Hygiène,mardi,2025-03,B,45,7.0
RAME PAPIER A4,8.0,PC,Fournitures de Bureau,lundi,2025-03,B,45,23.0
REMANENT HERBE CF,2.0,PC (1 PC),Hygiène,vendredi,2025-03,B,45,10.0
RIZ EN PAQUET,5.0,PC,Epicerie,mardi,2025-03,C,45,35.0
RIZ EN PQT,3.0,PC (1 KG),Epicerie,dimanche,2025-03,D,45,24.0
ROQUETTE SALADE BARQUETTE,0.45,KG,Legumes Frais,lundi,2025-03,A,45,5.9
ROULEAU CAISSE 80*80,35.0,PC (1 PC),Fournitures de Bureau,lundi,2025-03,A,45,205.0
ROULEAU TPE,60.0,PC (1 PC),Fournitures de Bureau,lundi,2025-03,A,45,286.0
SAC EN PAPIER KRAFT 30/30/26,37.0,PC,Consommable,dimanche,2025-03,C,45,150.0
SALADE LAITUE TUN,90.15,KG (1 KG),Legumes Frais,lundi,2025-03,A,45,393.7
SANEX,4.0,PC (1 PC),Hygiène,jeudi,2025-03,A,45,100.0
SANIT SURF,19.0,PC (1 PC),Hygiène,lundi,2025-03,A,45,51.0
SAUCE A L'AIL PB,5.0,KG (1 KG),Epicerie,mardi,2025-03,A,45,11.0
SAUCE AU POIVRE PB,5.0,SCH (0.5 KG),Epicerie,mardi,2025-03,C,45,6.0
SAUCE MAYONNAISE PESTO,5.0,PC (1 L),Epicerie,mardi,2025-03,B,45,10.0
SAUCE PESTO PB,1.0,PC (0.6 KG),Epicerie,mardi,2025-03,A,45,5.0
SAUCE PLAN B,5.0,L (1 L),Epicerie,mardi,2025-03,C,45,20.0
SEL,3.0,PC (1 KG),Epicerie,jeudi,2025-03,B,45,17.0
SERPILLERE,20.0,PC (1 PC),Hygiène,jeudi,2025-03,A,45,122.0
SERVIETTE 30*30 CIGUSTA,48.0,PC,Consommable,mercredi,2025-03,B,45,192.0
SERVIETTE 30*30 MF,66.0,PQT (1 PQT),Consommable,mardi,2025-03,B,45,74.0
STEACK HACHE (PORTION 115GR),24.0,PC (1 KG),Viandes Surgelées,mardi,2025-03,C,45,32.0
SUCRE EN SACHET CI-GUSTA,10.0,PC (1 PC),Cafe,vendredi,2025-03,B,45,120.0
SUCRE EN SACHET DAILY BREAK,30.0,PC (1 KG),Cafe,mardi,2025-03,A,45,230.0
SUCRE GLACE,5.0,PC,Pâtisseries,jeudi,2025-03,D,45,27.0
THON HV EN BOITE,45.0,BTE (2.05 KG),Conserve de Poisson,mercredi,2025-03,B,45,150.0
TOMATE CERISES,5.0,KG (1 KG),Legumes Frais,lundi,2025-03,A,45,24.95
TOMATE CONCENTREE EN BOITE,31.0,BTE (0.8 KG),Epicerie,mardi,2025-03,B,45,60.0
TOMATE FRAICHE,177.4,KG (1 KG),Legumes Frais,lundi,2025-03,A,45,526.85
VIANDE HACHEE SPECIAL MAIGRE CONGELE KG,8.05,KG (1 KG),Viandes Surgelées,mardi,2025-03,B,45,128.74
VIANDE SECHE FUME (BRESAOLA) TRANCHES 300GR,0.8999999999999999,KG (1000 GR),Viandes Fraiches,dimanche,2025-03,A,45,11.0
AIL,1.4,KG (1 KG),Legumes Frais,vendredi,2025-03,B,46,8.3
AJAX VITRE,20.0,PC (1 PC),Hygiène,vendredi,2025-03,A,46,32.0
ALKASURF DDA 5KG,15.0,PC (1 PC),Hygiène,samedi,2025-03,D,46,15.0
AMANDE EFFILEE,2.0,PC (1 KG),Fruits Secs,mercredi,2025-04,B,46,4.0
AMANDES GRILEES SALEES 70GR,12.0,PC (1 PC),Fruits Secs,mardi,2025-04,B,46,84.0
AMSTEL BEER BLLE 33CL,314.0,BTL (1 BTL),Alcools,dimanche,2025-03,B,46,432.0
ASEPCLOR,40.0,PC (1 PC),Hygiène,dimanche,2025-03,A,46,60.0
AUBERGINE,13.3,KG,Legumes Frais,jeudi,2025-03,B,46,17.75
AVOCAT FRUIT PIECE,10.0,PC (1 PC),Fruits & Legumes Frais,vendredi,2025-04,B,46,43.0
BACON BOEUF FUME TRANCHES ( 300GR),2.4,KG (1000 GR),Viandes Fraiches,samedi,2025-03,A,46,6.9
BACTYGEL 703 CF,2.0,BTL (1 BTL),Hygiène,jeudi,2025-04,B,46,4.0
BALAIS SANS MANCHE,3.0,PC (1 PC),Hygiène,lundi,2025-03,C,46,9.0
BANANE,33.0,PC (1 PC),Fruits & Legumes Frais,vendredi,2025-04,A,46,155.0
BASILIC BARQUETTE,3.3,KG,Legumes Frais,lundi,2025-03,A,46,11.05
BOGA LIME PET 30 CL,72.0,PC (1 PC),Eaux et Sodas,mardi,2025-04,C,46,228.0
BOITE D'ARCHIVE,3.0,PC (1 PC),Fournitures de Bureau,mardi,2025-04,D,46,35.0
BOITE FRAPPE CAFE 1.36KG MONIN,2.0,BTE (1360 GR),Pâtisseries,dimanche,2025-03,C,46,6.0
BOITE PIZZA ONDULEE 31/31,50.0,PC,Consommable,mercredi,2025-04,C,46,200.0
BOUTEILLE DE VINAIGRETTE 250ML,2.0,PC (250 GR),Epicerie,samedi,2025-03,A,46,16.0
CACAHUETES GRILLEES SALEES 70GR,24.0,PC (1 PC),Fruits Secs,mardi,2025-04,C,46,60.0
CAKE CHOCOLAT PBC,72.0,PC (1 PC),Viennoiserie,samedi,2025-03,B,46,88.0
CAKE MARBRE MARGARINE,121.0,PC,Pâtisseries,dimanche,2025-03,A,46,561.0
CAKE MARBRE PBC,198.0,PC (1 PC),Viennoiserie,samedi,2025-03,A,46,363.0
CAKE NATURE MARGARINE,88.0,PC,Pâtisseries,dimanche,2025-03,C,46,132.0
CAKE ORANGE PBC,108.0,PC (1 PC),Viennoiserie,samedi,2025-03,B,46,170.0
CAPRE VRAC,2.0,SEAU (2 KG),Legumes Frais,vendredi,2025-03,B,46,9.0
CAPSULE CAFEITALY COLOMBIA,196.0,PC (1 PC),Cafe,mercredi,2025-04,C,46,310.0
CAPSULE CAFFITALY VIGOROSO,48.0,PC,Cafe,samedi,2025-03,D,46,408.0
CAROTTE,28.25,KG (1 KG),Legumes Frais,vendredi,2025-03,A,46,67.1
CELTIA FUT DE 50L,2.0,PC (50 L),Alcools,vendredi,2025-04,B,46,6.0
CHAMPIGNON FRAIS,15.0,KG (1 KG),Legumes Frais,jeudi,2025-04,A,46,39.0
CHAPLUR,1.0,PC (1 KG),Epicerie,mercredi,2025-04,C,46,16.0
CHOCOLAT CHAUD EN POUDRE,3.0,KG (1 KG),Cafe,dimanche,2025-03,B,46,7.0
CHOCOLAT EN POUDRE,18.0,PC (0.2 KG),Cafe,mardi,2025-04,A,46,86.0
CHORBA FRIK,3.0,PQT (0.5 KG),Epicerie,vendredi,2025-03,D,46,23.0
CHOUX ROUGE,8.1,KG (1 KG),Legumes Frais,jeudi,2025-03,A,46,9.6
CHOUX VERT,6.949999999999999,KG,Legumes Frais,jeudi,2025-03,B,46,12.8
CITRON FRAIS,9.4,KG (1 KG),Legumes Frais,jeudi,2025-03,B,46,21.6
CITRON SALLE,2.0,SEAU (7 KG),Legumes Frais,mercredi,2025-04,B,46,28.0
COCA COLA PET 30CL.,132.0,PC (1 PC),Eaux et Sodas,mardi,2025-04,C,46,456.0
COCA ZERO PET 30 CL,24.0,PC (1 PC),Eaux et Sodas,mardi,2025-04,D,46,168.0
COFFRET CHECHIA AV SEP 16/16,50.0,PC (1 PC),Consommable,samedi,2025-04,C,46,125.0
COFFRET PORTRAIT AV SEP 11.5/11.5,75.0,PC (1 PC),Consommable,samedi,2025-04,C,46,175.0
COFFRET PORTRAIT AV SEP 19.5/19.5,50.0,PC (1 PC),Consommable,samedi,2025-04,C,46,200.0
COFFRET PORTRAIT AV SEP24.5/14.5,50.0,PC (1 PC),Consommable,samedi,2025-04,C,46,150.0
CONCOMBRE,101.7,KG (1 KG),Legumes Frais,jeudi,2025-03,A,46,177.692
COOKIES,120.0,PC (1 PC),Viennoiserie,samedi,2025-03,C,46,120.0
CORNICHON FRAIS,1.0,SEAU (2 KG),Legumes Frais,mercredi,2025-04,B,46,12.0
COURGE,19.15,KG (1 KG),Legumes Frais,dimanche,2025-03,B,46,47.65
COURGETTE,12.05,KG,Legumes Frais,jeudi,2025-03,A,46,28.6
COUTEAU A PAIN 21 CM,1.0,PC (1 PC),Accessoire & couvert,mercredi,2025-04,D,46,4.0
CREME A FOUETTER,5.0,PC (1 PC),GLACES,jeudi,2025-03,B,46,16.0
CREME CHANTILLY,1.0,PC (1 PC),Pâtisseries,vendredi,2025-03,D,46,11.0
CREME DE CUISSON,11.0,BTE (0.95 L),Beurre Oeuf Fromage,vendredi,2025-03,B,46,27.0
CREVETTE 26/30 AVEC QUEUE  SURG.,1.0,KG (1 KG),Poisson Surgelé_R,samedi,2025-04,C,46,4.0
CURCUMIN MOULU,1.0,SCH (1 KG),Epicerie,mercredi,2025-04,D,46,2.2
DADDY'S CHIPS CLASSIC SEL DE MER 70G,75.0,PC (1 PC),Epicerie,vendredi,2025-03,A,46,225.0
DADDY'S CHIPS SAVORY TRUFFE PARMESAN 70G,30.0,PC (1 PC),Epicerie,mardi,2025-04,B,46,165.0
DADDY'S CHIPS SPICY PAPRIKA 70G,45.0,PC (1 PC),Epicerie,mardi,2025-04,A,46,165.0
DATTE EN VRAC,6.8,KG (1 KG),Fruits & Legumes Frais,jeudi,2025-03,B,46,18.3
DINOL,17.0,BIDON (4.75 L),Hygiène,vendredi,2025-03,A,46,135.0
EAU MINÉRALE 6L,58.0,BTL (1 PC),Eaux et Sodas,vendredi,2025-03,A,46,90.0
EMINCE DE BOEUF PORT. SURGELE,17.575,KG (1000 GR),Viandes Surgelées,mercredi,2025-04,A,46,79.49000000000001
EPINARD,2.1,KG (1 KG),Legumes Frais,mercredi,2025-04,B,46,12.15
ESCALOPE DE DINDE FUME EN TRANCHE,28.0,KG (1 KG),Charcuterie,dimanche,2025-03,C,46,70.0
ESCALOPE POULET FRAIS,159.23000000000002,KG (1 KG),Volaille Surgelée,samedi,2025-03,A,46,503.16
ESCALOPE POULET PANE CONGELE,73.48,KG (1 KG),Volaille Surgelée,jeudi,2025-03,A,46,128.91
ESSUIT TOUT JUMBO,88.0,PC (1 KG),Hygiène,jeudi,2025-03,A,46,157.0
FANTA PET 30,48.0,PC (1 PC),Eaux et Sodas,jeudi,2025-04,C,46,228.0
FARINE EN PAQUET,131.0,PC (1 KG),Epicerie,samedi,2025-03,A,46,252.0
FESTIFE MIX 100 GR,16.0,PC (1 PC),Fruits Secs,mardi,2025-04,C,46,32.0
FILM ETIRABLE,17.0,PC (1 PC),Consommable,vendredi,2025-03,A,46,33.0
FRAISE FRAIS,38.55,KG (1 KG),Fruits & Legumes Frais,jeudi,2025-03,A,46,64.35
FRITE SURGELE 9/9 CLASSIC 2.5 KG,160.0,KG (1 KG),Legumes Surgelés,vendredi,2025-03,A,46,290.0
FRITE SURGELE WEDGES 2.5 KG,30.0,KG (1 KG),Legumes Surgelés,mardi,2025-04,B,46,90.0
FROMAGE BLANC FONDU KG,6.6000000000000005,KG,Beurre Oeuf Fromage,dimanche,2025-03,C,46,15.4
FROMAGE BUCHE BLANCHE CHEVRE KG,2.0,KG (1 KG),Beurre Oeuf Fromage,mercredi,2025-04,B,46,5.0
FROMAGE CHEDDAR EN BLOC,21.45,KG (1 KG),Beurre Oeuf Fromage,samedi,2025-03,A,46,65.0
FROMAGE EDAM MEULE,3.95,KG (1 KG),Beurre Oeuf Fromage,mardi,2025-04,B,46,35.622
FROMAGE GORGONZELA,3.0,PC (150 GR),Beurre Oeuf Fromage,mercredi,2025-04,A,46,13.0
FROMAGE LAND OR,16.450000000000003,PC (1 KG),Beurre Oeuf Fromage,dimanche,2025-03,A,46,25.4
FROMAGE MAASDAM EN BLOC,34.0,KG (1 KG),Beurre Oeuf Fromage,samedi,2025-03,B,46,42.0
FROMAGE MEULE GOUDA,22.658,KG (1 KG),Beurre Oeuf Fromage,vendredi,2025-03,C,46,24.502
FROMAGE MOZZARELLA  KG,93.0,KG,Beurre Oeuf Fromage,lundi,2025-03,A,46,176.93
FROMAGE PARMESAN PB,1.2000000000000002,KG (1 KG),Beurre Oeuf Fromage,dimanche,2025-03,A,46,3.8
FROMAGE TRIANGLE FONDU STREET &CO,7.0,BTE (48 PC),Beurre Oeuf Fromage,mardi,2025-04,C,46,18.0
FUT HEINEKEIN,5.0,BTL (20 L),Alcools,mercredi,2025-04,B,46,240.0
GARCI GAZ 1L,168.0,PC (1 PC),Eaux et Sodas,jeudi,2025-03,A,46,316.0
GATEAU CHOCOLAT PBC,100.0,PC (1 PC),Viennoiserie,samedi,2025-03,B,46,100.0
HARISSA ARBI,8.0,BTE (0.45 KG),Epicerie,samedi,2025-03,A,46,23.0
HARISSA CONCENTRE EN BOITE,28.0,BTE (2 KG),Epicerie,vendredi,2025-03,A,46,57.0
HUILE D'OLIVE POMACE,14.25,L (1 L),Epicerie,dimanche,2025-03,B,46,28.5
HUILE VEGETALE,43.0,BIDON (5 L),Epicerie,jeudi,2025-03,A,46,67.0
JAMBON DE BOEUF FUME,3.0,KG (1 KG),Charcuterie,mercredi,2025-04,A,46,18.1
JAMBON DE DINDE,24.6,KG (1 KG),Charcuterie,jeudi,2025-03,A,46,34.15
JEX CARRE,46.0,PC (1 PC),Hygiène,vendredi,2025-03,A,46,180.0
JOUR ET NUIT ROSE 1/2,12.0,PC (1 PC),Alcools,mardi,2025-04,B,46,52.0
KETCHUP,30.0,L (1 L),Epicerie,dimanche,2025-03,C,46,40.0
KINDER BUENO,90.0,PC (1 PC),Epicerie,jeudi,2025-03,A,46,300.0
KINDER T4,80.0,PC (1 PC),Epicerie,mardi,2025-04,B,46,180.0
LAVETTE COTON,96.0,PC (1 PC),Hygiène,samedi,2025-03,A,46,149.0
LEVURE BOULANGERE NORMALE,32.0,PQT (6 PC),Boulangerie_R,mardi,2025-04,B,46,34.0
LEVURE CHIMIQUE,1.0,PQT (1000 GR),Pâtisseries,samedi,2025-04,D,46,3.0
LOT CAFE GRAIN ESPRESSO ELITE 3,63.0,PC (1 KG),Cafe,jeudi,2025-03,A,46,128.0
LOT CAFE GRAIN GOURMANDISE,4.0,PC (1 KG),Cafe,jeudi,2025-04,D,46,19.0
LOT CAFE GRAINS  PUR EXPRESS,10.0,KG,Cafe,jeudi,2025-03,A,46,73.0
MAIS EN BOITE,30.0,BTE (340 GR),Epicerie,vendredi,2025-03,A,46,92.0
MANGUE,8.0,PC (1 PC),Fruits & Legumes Frais,vendredi,2025-03,A,46,39.0
MARGARINE,3.0,SEAU (4.5 KG),Beurre Oeuf Fromage,vendredi,2025-03,B,46,13.5
MARINADE EMINCE DE BOEUF,3.0,PC (0.15 KG),Epicerie,samedi,2025-03,C,46,10.0
MARINADE POULET GRILLE,12.0,PC (0.15 KG),Volaille Surgelée,samedi,2025-03,C,46,30.0
MAYONAISE,28.0,SEAU (5 L),Beurre Oeuf Fromage,vendredi,2025-03,A,46,44.0
MELANGE TENDER  PB,4.0,KG (1 KG),Epicerie,samedi,2025-03,C,46,11.0
MIX A CREPE FRAN,50.0,PC (1 KG),Pâtisseries,mardi,2025-04,C,46,150.0
MOELLEUX CHOCOLAT,36.0,PC (1 PC),Viennoiserie,samedi,2025-03,C,46,108.0
MOUSSE CHOCOLAT,1.0,PC,Pâtisseries,dimanche,2025-03,D,46,4.0
MOUTARDE DIJON,8.0,BTE (850 GR),Epicerie,vendredi,2025-03,D,46,12.0
MOZARELLA CERISE,2.0,BTE (20 PC),Beurre Oeuf Fromage,vendredi,2025-03,C,46,24.0
MUFFINS VANILLE,96.0,PC (1 PC),Viennoiserie,samedi,2025-03,B,46,96.0
NOIX DE CAJOU GRILLES SALEES 65GR,24.0,PC (1 PC),Fruits Secs,mardi,2025-04,B,46,96.0
NUGGETS PANE PB,75.0,PC (1 PC),Volaille Surgelée,samedi,2025-03,A,46,275.0
NUTELLA GO 52 GR,96.0,PC (1 PC),Epicerie,mardi,2025-04,C,46,170.0
OEUFS,50.0,PLT (30 PC),Beurre Oeuf Fromage,jeudi,2025-03,A,46,83.0
OIGNION VERT,2.0,KG (1 KG),Legumes Frais,samedi,2025-04,D,46,11.15
OIGNONS ROUGE,62.65,KG,Legumes Frais,vendredi,2025-03,A,46,119.4
OLIVE DENOYETE,7.0,KG (1 KG),Epicerie,samedi,2025-04,B,46,35.0
OLIVE NOIRE SLICE,7.0,KG (1 KG),Epicerie,vendredi,2025-04,B,46,35.0
PACK FOOD BOWL + COUVERCLE 1.2 L,25.0,PC (1 PC),Consommable,mardi,2025-04,B,46,175.0
PAILLE NOIR,7.0,PQT (250 PC),Consommable,vendredi,2025-03,A,46,39.0
PAIN CHAWARMA *10,41.0,PQT (10 PC),Boulangerie_R,vendredi,2025-03,A,46,115.0
PAIN DE MIE CEREALE,26.0,PC,Boulangerie_R,jeudi,2025-04,B,46,130.0
PAIN DE MIE NATURE,78.0,PC (1 PC),Boulangerie_R,vendredi,2025-03,B,46,130.0
PAIN SCHNECK AUX RAISINS SURG PUR BEURRE GF,250.0,PC (1 PC),Viennoiserie,samedi,2025-03,B,46,1200.0
PAIN SHNEK AU RAISIN MARGARINE,150.0,PC (1 KG),Pâtisseries,samedi,2025-03,C,46,700.0
PAPIER ALUM DE 100,1.0,PC (1 PC),Consommable,samedi,2025-04,B,46,9.0
PAPIER CUISSON 40*60,1.0,PQT (500 PC),Consommable,dimanche,2025-03,C,46,4.0
PAPIER SERVIETTE GOURMANDISE,40.0,PC (1 PC),Consommable,samedi,2025-04,B,46,128.0
PAPRIKA FORT,1.0,KG (1 KG),Epicerie,vendredi,2025-04,C,46,3.0
PAQUET 17/4,100.0,PC (1 PC),Consommable,jeudi,2025-04,C,46,300.0
PATE PAPILLON,16.0,PQT (0.5 KG),Epicerie,dimanche,2025-03,D,46,24.0
PATE PLUME COURTE,28.0,PQT (0.5 KG),Epicerie,mercredi,2025-04,B,46,58.0
PATE SPAGHETTI,32.0,PQT (0.5 KG),Epicerie,vendredi,2025-03,B,46,74.0
PEPPERONI,0.6,KG (1 KG),Charcuterie,samedi,2025-04,A,46,4.8
PIMENT DOUX,28.8,KG (1 KG),Legumes Frais,dimanche,2025-03,A,46,97.3
PIMENT FORT,32.5,KG,Legumes Frais,jeudi,2025-03,A,46,78.95
PIMENT ROUGE SALLE,15.0,KG (1 KG),Epicerie,dimanche,2025-03,B,46,20.0
PISTACHE CONCASSEE,1.0,PC (1000 GR),Fruits Secs,vendredi,2025-04,C,46,4.0
POCHETTE CROISSANT 15*7*29,2.0,PC (1000 PC),Consommable,jeudi,2025-04,C,46,4.0
POIVRE NOIR MOULU,1.0,PC (1 KG),Epicerie,lundi,2025-03,B,46,3.0
POMME DE TERRE,111.3,KG,Legumes Frais,jeudi,2025-03,A,46,292.25
POT NUTELLA,30.0,PC (1 KG),Pâtisseries,vendredi,2025-04,D,46,78.0
POUDRE TENDERS PB,11.0,KG (1 KG),Volaille Surgelée,jeudi,2025-04,B,46,42.0
POULET PANE AMANDE PB,185.0,PC (1 PC),Volaille Surgelée,vendredi,2025-03,A,46,350.0
PUNCH CIDRE 50CL,92.0,PC (1 PC),Eaux et Sodas,jeudi,2025-03,B,46,164.0
PUNCH ORANGE 30CL,17.0,PC,Eaux et Sodas,lundi,2025-03,D,46,198.0
PUNCH ORANGE 50CL,36.0,PC (1 PC),Eaux et Sodas,dimanche,2025-03,B,46,161.0
PUREE ANANAS 1 L,1.0,PC (1 L),Epicerie,dimanche,2025-03,D,46,2.0
PUREE DE BANANE 1L,1.0,PC (1 L),Epicerie,dimanche,2025-03,D,46,2.0
PUREE DE KIWI 1.32KG MONIN,1.0,PC (1000 GR),Pâtisseries,dimanche,2025-03,D,46,2.0
PUREE MANGUE 1L,1.0,PC (1 L),Epicerie,dimanche,2025-03,D,46,2.0
QUATRE EPICES MOULU,1.0,PC (1 KG),Epicerie,mercredi,2025-04,C,46,3.0
RACLETTE,3.0,PC,Hygiène,samedi,2025-03,B,46,7.0
RAME PAPIER A4,5.0,PC (1 PC),Fournitures de Bureau,lundi,2025-03,B,46,23.0
REMANENT HERBE CF,5.0,PC (1 PC),Hygiène,vendredi,2025-03,B,46,10.0
RIZ EN PQT,4.0,PC (1 KG),Epicerie,vendredi,2025-03,D,46,24.0
ROQUETTE SALADE BARQUETTE,2.6,KG (1 KG),Legumes Frais,samedi,2025-03,A,46,5.9
ROULEAU CAISSE 80*80,178.0,PC (1 PC),Fournitures de Bureau,jeudi,2025-03,A,46,205.0
ROULEAU TPE,170.0,PC (1 PC),Fournitures de Bureau,dimanche,2025-03,A,46,286.0
SAC BOUTIQUE GDISE HD 50/45 BLANC,500.0,PC (1 PC),Consommable,samedi,2025-04,D,46,1000.0
SAC EN PAPIER KRAFT 30/30/26,68.0,PC (1 PC),Consommable,samedi,2025-04,C,46,150.0
SALADE LAITUE TUN,165.45,KG (1 KG),Legumes Frais,jeudi,2025-03,A,46,393.7
SANEX,8.0,PC (1 PC),Hygiène,vendredi,2025-03,A,46,100.0
SANIT SURF,20.0,PC (1 PC),Hygiène,jeudi,2025-03,A,46,51.0
SAUCE A L'AIL PB,6.0,KG (1 KG),Epicerie,samedi,2025-03,A,46,11.0
SAUCE AU POIVRE PB,4.0,SCH (0.5 KG),Epicerie,samedi,2025-03,C,46,6.0
SAUCE BARBECUE,20.0,L (1 L),Epicerie,mardi,2025-04,C,46,30.0
SAUCE MAYONNAISE PESTO,6.0,PC (1 L),Epicerie,samedi,2025-03,B,46,10.0
SAUCE PESTO PB,3.0,PC (0.6 KG),Epicerie,samedi,2025-03,A,46,5.0
SAUCE PLAN B,10.0,L (1 L),Epicerie,lundi,2025-03,C,46,20.0
SCHWEPPES TONIC 24 CL,9.0,PC (1 PC),Eaux et Sodas,mardi,2025-04,D,46,31.0
SEL,8.0,PC (1 KG),Epicerie,samedi,2025-03,B,46,17.0
SERPILLERE,45.0,PC (1 PC),Hygiène,samedi,2025-03,A,46,122.0
SERVIETTE 30*30 CIGUSTA,48.0,PC (1 PC),Consommable,samedi,2025-04,B,46,192.0
SERVIETTE 30*30 MF,36.0,PQT (1 PQT),Consommable,samedi,2025-03,B,46,74.0
STEACK HACHE (PORTION 115GR),24.0,PC (1 KG),Viandes Surgelées,jeudi,2025-03,C,46,32.0
SUCRE EN SACHET CI-GUSTA,10.0,PC (1 PC),Cafe,vendredi,2025-04,B,46,120.0
SUCRE EN SACHET DAILY BREAK,70.0,PC (1 KG),Cafe,vendredi,2025-03,A,46,230.0
SUCRE GLACE,2.0,PC,Pâtisseries,dimanche,2025-03,D,46,27.0
THE NOIR MENTHE SANS SUCRE,180.0,PC (1 PC),THE,dimanche,2025-03,C,46,720.0
THON HV EN BOITE,97.0,BTE (2.05 KG),Conserve de Poisson,vendredi,2025-03,B,46,150.0
TIC TAC STRAWBERRY MIX,12.0,PC (1 PC),Epicerie,mardi,2025-04,D,46,60.0
TOMATE CERISES,8.8,KG (1 KG),Legumes Frais,jeudi,2025-03,A,46,24.95
TOMATE CONCENTREE EN BOITE,25.0,BTE (0.8 KG),Epicerie,mercredi,2025-04,B,46,60.0
TOMATE FRAICHE,284.5,KG (1 KG),Legumes Frais,jeudi,2025-03,A,46,526.85
VARIANTES,1.0,SEAU (7 KG),Legumes Frais,mercredi,2025-04,D,46,10.0
VIANDE HACHEE SPECIAL MAIGRE CONGELE KG,47.215,KG,Viandes Surgelées,vendredi,2025-03,B,46,128.74
VIANDE SECHE FUME (BRESAOLA) TRANCHES 300GR,4.2,KG (1000 GR),Viandes Fraiches,vendredi,2025-03,A,46,11.0
VINAIGRE CREME DE BALSAMIQUE,6.0,BTL (500 ML),Epicerie,vendredi,2025-03,D,46,9.0
AC-SMOOTHIE EXOTIC,5.0,PC (1 PC),Jus Fruit Lait,samedi,2025-04,D,47,20.0
AC-SMOOTHIE LE CLASSIQUE,5.0,PC (1 PC),Jus Fruit Lait,samedi,2025-04,D,47,20.0
AC-SMOOTHIE PEACH'TINI,5.0,PC (1 PC),Jus Fruit Lait,samedi,2025-04,D,47,20.0
AC-SMOOTHIE TROPIC TRIP,5.0,PC (1 PC),Jus Fruit Lait,samedi,2025-04,D,47,20.0
AGRAFFE,6.0,PC (1 PC),Fournitures de Bureau,dimanche,2025-04,C,47,11.0
AIL,1.2,KG,Legumes Frais,dimanche,2025-04,B,47,8.3
AIL EN POUDRE,2.0,KG (1 KG),Epicerie,dimanche,2025-04,C,47,2.0
AJAX VITRE,19.0,PC (1 PC),Hygiène,dimanche,2025-04,A,47,32.0
ALKASURF DDA 5KG,5.0,PC (1 PC),Hygiène,vendredi,2025-04,D,47,15.0
AMANDE EFFILEE,2.0,PC (1 KG),Fruits Secs,mercredi,2025-04,B,47,4.0
AMANDES GRILEES SALEES 70GR,36.0,PC (1 PC),Fruits Secs,jeudi,2025-04,B,47,84.0
AMSTEL BEER BLLE 33CL,192.0,BTL (1 BTL),Alcools,lundi,2025-04,B,47,432.0
ANANAS GRAND,42.0,PC,Fruits & Legumes Frais,dimanche,2025-04,C,47,51.0
ASEPCLOR,30.0,PC (1 PC),Hygiène,lundi,2025-04,A,47,60.0
AUBERGINE,6.0,KG (1 KG),Legumes Frais,mercredi,2025-04,B,47,17.75
AVOCAT FRUIT PIECE,32.0,PC (1 PC),Fruits & Legumes Frais,dimanche,2025-04,B,47,43.0
BACON BOEUF FUME TRANCHES ( 300GR),3.3,KG (1000 GR),Viandes Fraiches,lundi,2025-04,A,47,6.9
BACTYGEL 703 CF,2.0,BTL,Hygiène,samedi,2025-04,B,47,4.0
BALAIS SANS MANCHE,1.0,PC (1 PC),Hygiène,lundi,2025-04,C,47,9.0
BANANE,74.0,PC (1 PC),Fruits & Legumes Frais,dimanche,2025-04,A,47,155.0
BASILIC BARQUETTE,4.65,KG (1 KG),Legumes Frais,mardi,2025-04,A,47,11.05
BISCUIT TUC,24.0,PC (1 PC),Epicerie,vendredi,2025-04,D,47,120.0
BLOUSE NON TISSEE,11.0,PC (1 KG),Hygiène,mercredi,2025-04,C,47,36.0
BOGA CIDRE PET 30 CL,36.0,PC,Eaux et Sodas,lundi,2025-04,C,47,182.0
BOGA LIME PET 30 CL,100.0,PC,Eaux et Sodas,lundi,2025-04,C,47,228.0
BOITE PIZZA 32 cm,100.0,PC (1 PC),Consommable,lundi,2025-04,C,47,200.0
BORGHELL,5.0,KG (1 KG),Epicerie,samedi,2025-04,C,47,10.0
BOUTEILLE DE VINAIGRETTE 250ML,5.0,PC (250 GR),Epicerie,mardi,2025-04,A,47,16.0
BROCHETTE BAMBOO 20,7.0,SCH (100 PC),Consommable,lundi,2025-04,C,47,14.0
CACAHUETES GRILLEES SALEES 70GR,12.0,PC (1 PC),Fruits Secs,jeudi,2025-04,C,47,60.0
CAKE CHOCOLAT PBC,32.0,PC (1 PC),Viennoiserie,samedi,2025-04,B,47,88.0
CAKE MARBRE MARGARINE,143.0,PC (1 PC),Pâtisseries,lundi,2025-04,A,47,561.0
CAKE MARBRE PBC,110.0,PC (1 PC),Viennoiserie,samedi,2025-04,A,47,363.0
CAKE NATURE MARGARINE,77.0,PC (1 PC),Pâtisseries,lundi,2025-04,C,47,132.0
CAKE ORANGE PBC,72.0,PC (1 PC),Viennoiserie,samedi,2025-04,B,47,170.0
CAPRE VRAC,1.0,SEAU (2 KG),Legumes Frais,vendredi,2025-04,B,47,9.0
CAPSULE CAFEITALY COLOMBIA,84.0,PC (1 PC),Cafe,lundi,2025-04,C,47,310.0
CAPSULE CAFFITALY VIGOROSO,244.0,PC,Cafe,lundi,2025-04,D,47,408.0
CAROTTE,26.8,KG (1 KG),Legumes Frais,lundi,2025-04,A,47,67.1
CELTIA FUT DE 50L,1.0,PC (50 L),Alcools,vendredi,2025-04,B,47,6.0
CHAMPIGNON FRAIS,20.0,KG (1 KG),Legumes Frais,mercredi,2025-04,A,47,39.0
CHAPLUR,10.0,PC (1 KG),Epicerie,lundi,2025-04,C,47,16.0
CHOCOLAT CHAUD EN POUDRE,1.0,KG (1 KG),Cafe,dimanche,2025-04,B,47,7.0
CHOCOLAT EN POUDRE,38.0,PC (0.2 KG),Cafe,dimanche,2025-04,A,47,86.0
CHOUX ROUGE,6.4,KG (1 KG),Legumes Frais,lundi,2025-04,A,47,9.6
CHOUX VERT,9.2,KG (1 KG),Legumes Frais,lundi,2025-04,B,47,12.8
CITRON FRAIS,7.25,KG (1 KG),Legumes Frais,dimanche,2025-04,B,47,21.6
CITRON SALLE,3.0,SEAU (7 KG),Legumes Frais,mercredi,2025-04,B,47,28.0
COCA COLA PET 30CL.,252.0,PC (1 PC),Eaux et Sodas,dimanche,2025-04,C,47,456.0
COCA ZERO PET 30 CL,168.0,PC,Eaux et Sodas,lundi,2025-04,D,47,168.0
COFFRET PORTRAIT AV SEP 11.5/11.5,50.0,PC (1 PC),Consommable,samedi,2025-04,C,47,175.0
CONCOMBRE,115.1,KG (1 KG),Legumes Frais,mardi,2025-04,A,47,177.692
CORNICHON FRAIS,1.0,SEAU (2 KG),Legumes Frais,dimanche,2025-04,B,47,12.0
COURGE,18.1,KG (1 KG),Legumes Frais,mardi,2025-04,B,47,47.65
COURGETTE,8.0,KG (1 KG),Legumes Frais,mercredi,2025-04,A,47,28.6
COUSCOUS,10.0,PQT (1 KG),Epicerie,mercredi,2025-04,D,47,33.0
COUTEAU A PAIN 21 CM,1.0,PC (1 PC),Accessoire & couvert,lundi,2025-04,D,47,4.0
CREME A FOUETTER,5.0,PC (1 PC),GLACES,dimanche,2025-04,B,47,16.0
CREME CHANTILLY,2.0,PC (1 PC),Pâtisseries,dimanche,2025-04,D,47,11.0
CREME DE CUISSON,21.0,BTE (0.95 L),Beurre Oeuf Fromage,dimanche,2025-04,B,47,27.0
CREVETTE 26/30 AVEC QUEUE  SURG.,2.0,KG,Poisson Surgelé_R,mardi,2025-04,C,47,4.0
CURCUMIN MOULU,1.0,SCH (1 KG),Epicerie,lundi,2025-04,D,47,2.2
Cookies  individual Margarine,30.0,PC (1 PC),Pâtisseries,lundi,2025-04,C,47,48.0
DADDY'S CHIPS CLASSIC SEL DE MER 70G,90.0,PC (1 PC),Epicerie,samedi,2025-04,A,47,225.0
DADDY'S CHIPS SAVORY TRUFFE PARMESAN 70G,60.0,PC (1 PC),Epicerie,samedi,2025-04,B,47,165.0
DADDY'S CHIPS SPICY PAPRIKA 70G,75.0,PC (1 PC),Epicerie,samedi,2025-04,A,47,165.0
DATTE EN VRAC,3.2,KG (1 KG),Fruits & Legumes Frais,mardi,2025-04,B,47,18.3
DINOL,15.0,BIDON (4.75 L),Hygiène,dimanche,2025-04,A,47,135.0
EAU MINÉRALE 6L,69.0,BTL (1 PC),Eaux et Sodas,dimanche,2025-04,A,47,90.0
EMINCE DE BOEUF PORT. SURGELE,15.755,KG (1000 GR),Viandes Surgelées,mercredi,2025-04,A,47,79.49000000000001
EPINARD,2.05,KG (1 KG),Legumes Frais,lundi,2025-04,B,47,12.15
ESCALOPE DE DINDE FUME EN TRANCHE,45.0,KG (1 KG),Charcuterie,mardi,2025-04,C,47,70.0
ESCALOPE POULET FRAIS,306.76,KG (1 KG),Volaille Surgelée,lundi,2025-04,A,47,503.16
ESCALOPE POULET PANE CONGELE,100.25,KG,Volaille Surgelée,dimanche,2025-04,A,47,128.91
ESSUIES VERRES,1.0,PC (1 PC),Hygiène,vendredi,2025-04,D,47,4.0
ESSUIT TOUT JUMBO,114.0,PC (1 KG),Hygiène,dimanche,2025-04,A,47,157.0
FANTA PET 30,113.0,PC (1 PC),Eaux et Sodas,lundi,2025-04,C,47,228.0
FARINE EN PAQUET,196.0,PC (1 KG),Epicerie,dimanche,2025-04,A,47,252.0
FESTIFE MIX 100 GR,32.0,PC (1 PC),Fruits Secs,lundi,2025-04,C,47,32.0
FILM ETIRABLE,28.0,PC (1 PC),Consommable,lundi,2025-04,A,47,33.0
FRAISE FRAIS,50.75,KG (1 KG),Fruits & Legumes Frais,dimanche,2025-04,A,47,64.35
FRITE SURGELE 9/9 CLASSIC 2.5 KG,225.0,KG (1 KG),Legumes Surgelés,dimanche,2025-04,A,47,290.0
FRITE SURGELE WEDGES 2.5 KG,40.0,KG (1 KG),Legumes Surgelés,lundi,2025-04,B,47,90.0
FROMAGE BLANC FONDU KG,2.2,KG,Beurre Oeuf Fromage,lundi,2025-04,C,47,15.4
FROMAGE BUCHE BLANCHE CHEVRE KG,1.0,KG (1 KG),Beurre Oeuf Fromage,vendredi,2025-04,B,47,5.0
FROMAGE CHEDDAR EN BLOC,34.8,KG (1 KG),Beurre Oeuf Fromage,lundi,2025-04,A,47,65.0
FROMAGE EDAM MEULE,21.722,KG (1 KG),Beurre Oeuf Fromage,dimanche,2025-04,B,47,35.622
FROMAGE FETA (Nature),0.4,PC (1 KG),Beurre Oeuf Fromage,dimanche,2025-04,D,47,1.6
FROMAGE GORGONZELA,8.0,PC (150 GR),Beurre Oeuf Fromage,lundi,2025-04,A,47,13.0
FROMAGE LAND OR,7.2,PC (1 KG),Beurre Oeuf Fromage,samedi,2025-04,A,47,25.4
FROMAGE MAASDAM EN BLOC,35.0,KG (1 KG),Beurre Oeuf Fromage,mardi,2025-04,B,47,42.0
FROMAGE MEULE GOUDA,13.154,KG (1 KG),Beurre Oeuf Fromage,mercredi,2025-04,C,47,24.502
FROMAGE MOZZARELLA  KG,110.0,KG (1 KG),Beurre Oeuf Fromage,lundi,2025-04,A,47,176.93
FROMAGE PARMESAN PB,1.4,KG (1 KG),Beurre Oeuf Fromage,mardi,2025-04,A,47,3.8
FROMAGE TRIANGLE FONDU STREET &CO,16.0,BTE (48 PC),Beurre Oeuf Fromage,dimanche,2025-04,C,47,18.0
FUT HEINEKEIN,10.0,BTL (20 L),Alcools,lundi,2025-04,B,47,240.0
GARCI GAZ 1L,264.0,PC (1 PC),Eaux et Sodas,lundi,2025-04,A,47,316.0
GATEAU CHOCOLAT PBC,20.0,PC (1 PC),Viennoiserie,samedi,2025-04,B,47,100.0
HARISSA ARBI,19.0,BTE (0.45 KG),Epicerie,dimanche,2025-04,A,47,23.0
HARISSA CONCENTRE EN BOITE,37.0,BTE (2 KG),Epicerie,dimanche,2025-04,A,47,57.0
HUILE D'OLIVE POMACE,14.25,L (1 L),Epicerie,jeudi,2025-04,B,47,28.5
HUILE VEGETALE,48.0,BIDON (5 L),Epicerie,dimanche,2025-04,A,47,67.0
JAMBON DE BOEUF FUME,10.65,KG (1 KG),Charcuterie,lundi,2025-04,A,47,18.1
JAMBON DE DINDE,32.2,KG (1 KG),Charcuterie,dimanche,2025-04,A,47,34.15
JEX CARRE,70.0,PC (1 PC),Hygiène,lundi,2025-04,A,47,180.0
JOUR ET NUIT ROSE 1/2,9.0,PC (1 PC),Alcools,vendredi,2025-04,B,47,52.0
JOUR ET NUIT ROUGE 1/2,16.0,PC (1 PC),Alcools,vendredi,2025-04,C,47,48.0
JOUR ET NUIT3/4 BLANC,16.0,PC (1 PC),Alcools,vendredi,2025-04,C,47,30.0
KETCHUP,5.0,L (1 L),Epicerie,samedi,2025-04,C,47,40.0
KINDER BUENO,180.0,PC (1 PC),Epicerie,dimanche,2025-04,A,47,300.0
KINDER T4,60.0,PC (1 PC),Epicerie,vendredi,2025-04,B,47,180.0
LAVETTE COTON,77.0,PC (1 PC),Hygiène,dimanche,2025-04,A,47,149.0
LENTILLE VRAC,1.0,PC (1 KG),Legumes Secs,samedi,2025-04,D,47,3.0
LEVURE BOULANGERE NORMALE,23.0,PQT (6 PC),Boulangerie_R,dimanche,2025-04,B,47,34.0
LOT CAFE GRAIN ESPRESSO ELITE 3,128.0,PC (1 KG),Cafe,dimanche,2025-04,A,47,128.0
LOT CAFE GRAIN GOURMANDISE,19.0,PC (1 KG),Cafe,dimanche,2025-04,D,47,19.0
LOT CAFE GRAINS  PUR EXPRESS,23.0,KG (1 KG),Cafe,lundi,2025-04,A,47,73.0
MAIS EN BOITE,54.0,BTE (340 GR),Epicerie,dimanche,2025-04,A,47,92.0
MAIS EN VRAC,2.0,PC (1 KG),Legumes Frais,lundi,2025-04,C,47,9.0
MANGUE,10.0,PC (1 PC),Fruits & Legumes Frais,vendredi,2025-04,A,47,39.0
MARGARINE,2.0,SEAU (4.5 KG),Beurre Oeuf Fromage,mardi,2025-04,B,47,13.5
MARINADE EMINCE DE BOEUF,8.0,PC (0.15 KG),Epicerie,mardi,2025-04,C,47,10.0
MARINADE POULET GRILLE,24.0,PC (0.15 KG),Volaille Surgelée,mardi,2025-04,C,47,30.0
MAYONAISE,32.0,SEAU (5 L),Beurre Oeuf Fromage,dimanche,2025-04,A,47,44.0
MELANGE TENDER  PB,8.0,KG (1 KG),Epicerie,mardi,2025-04,C,47,11.0
MENTHE FRAICHE,2.0,PC,Legumes Frais,mercredi,2025-04,B,47,16.0
MENTHE SECHE,0.18,KG (1 KG),Epicerie,dimanche,2025-04,D,47,2.0
MENTOS ROLLS RAINBOW,40.0,PC (1 PC),Epicerie,samedi,2025-04,D,47,120.0
MIEL MILLE FLEURS,4.0,KG (1 KG),Epicerie,jeudi,2025-04,D,47,5.0
MIX A CREPE FRAN,70.0,PC (1 KG),Pâtisseries,dimanche,2025-04,C,47,150.0
MOUTARDE DIJON,12.0,BTE (850 GR),Epicerie,lundi,2025-04,D,47,12.0
MOZARELLA CERISE,18.0,BTE (20 PC),Beurre Oeuf Fromage,dimanche,2025-04,C,47,24.0
MUFFINS VANILLE,24.0,PC (1 PC),Viennoiserie,samedi,2025-04,B,47,96.0
NOIX DE CAJOU GRILLES SALEES 65GR,36.0,PC (1 PC),Fruits Secs,jeudi,2025-04,B,47,96.0
NUGGETS PANE PB,150.0,PC (1 PC),Volaille Surgelée,dimanche,2025-04,A,47,275.0
NUTELLA GO 52 GR,120.0,PC (1 PC),Epicerie,mardi,2025-04,C,47,170.0
OEUFS,70.0,PLT (30 PC),Beurre Oeuf Fromage,dimanche,2025-04,A,47,83.0
OIGNION VERT,4.4,KG,Legumes Frais,lundi,2025-04,D,47,11.15
OIGNONS BLANC,43.9,KG (1 KG),Legumes Frais,jeudi,2025-04,A,47,127.3
OIGNONS ROUGE,44.65,KG,Legumes Frais,lundi,2025-04,A,47,119.4
OLIVE DENOYETE,21.0,KG (1 KG),Epicerie,lundi,2025-04,B,47,35.0
OLIVE NOIRE SLICE,21.0,KG (1 KG),Epicerie,jeudi,2025-04,B,47,35.0
OLIVE VIOLETTE,5.0,KG (1 KG),Epicerie,jeudi,2025-04,C,47,14.0
PACK FOOD BOWL + COUVERCLE 1.2 L,50.0,PC (1 PC),Consommable,dimanche,2025-04,B,47,175.0
PAILLE NOIR,20.0,PQT (250 PC),Consommable,dimanche,2025-04,A,47,39.0
PAIN CHAWARMA *10,70.0,PQT (10 PC),Boulangerie_R,dimanche,2025-04,A,47,115.0
PAIN DE MIE CEREALE,52.0,PC (1 PC),Boulangerie_R,mardi,2025-04,B,47,130.0
PAIN DE MIE NATURE,52.0,PC,Boulangerie_R,mardi,2025-04,B,47,130.0
PAIN SCHNECK AUX RAISINS SURG PUR BEURRE GF,350.0,PC (1 PC),Viennoiserie,lundi,2025-04,B,47,1200.0
PAIN SHNEK AU RAISIN MARGARINE,250.0,PC (1 KG),Pâtisseries,mardi,2025-04,C,47,700.0
PAPIER ALUM DE 100,1.0,PC (1 PC),Consommable,samedi,2025-04,B,47,9.0
PAPIER CUISSON 40*60,2.0,PQT (500 PC),Consommable,mercredi,2025-04,C,47,4.0
PAPIER SERVIETTE GOURMANDISE,40.0,PC (1 PC),Consommable,samedi,2025-04,B,47,128.0
PAPRIKA FORT,1.0,KG (1 KG),Epicerie,vendredi,2025-04,C,47,3.0
PAQUET 17/4,100.0,PC,Consommable,dimanche,2025-04,C,47,300.0
PATE PAPILLON,19.0,PQT (0.5 KG),Epicerie,lundi,2025-04,D,47,24.0
PATE PIZZA FOCACCIA 12/40,11.0,PC (1 PC),Boulangerie_R,lundi,2025-04,A,47,170.0
PATE PLUME COURTE,29.0,PQT (0.5 KG),Epicerie,lundi,2025-04,B,47,58.0
PATE SPAGHETTI,49.0,PQT (0.5 KG),Epicerie,lundi,2025-04,B,47,74.0
PEPPERONI,0.6,KG (1 KG),Charcuterie,lundi,2025-04,A,47,4.8
PIECE RONDE BOEUF,12.65,KG (1 KG),Viandes Surgelées,mardi,2025-04,D,47,24.200000000000003
PIMENT DOUX,39.75,KG (1 KG),Legumes Frais,dimanche,2025-04,A,47,97.3
PIMENT FORT,44.65,KG (1 KG),Legumes Frais,lundi,2025-04,A,47,78.95
PIMENT ROUGE SALLE,16.0,KG (1 KG),Epicerie,mardi,2025-04,B,47,20.0
POCHETTE CROISSANT 15*7*29,2.0,PC (1000 PC),Consommable,lundi,2025-04,C,47,4.0
POIS CHICHE KG,3.0,PC (1 PC),Legumes Secs,dimanche,2025-04,C,47,8.0
POIVRE NOIR MOULU,2.0,SCH (1 KG),Epicerie,lundi,2025-04,B,47,3.0
POMME DE TERRE,138.15,KG (1 KG),Legumes Frais,dimanche,2025-04,A,47,292.25
POT NUTELLA,24.0,PC (1 KG),Pâtisseries,dimanche,2025-04,D,47,78.0
POUDRE TENDERS PB,10.0,KG (1 KG),Volaille Surgelée,dimanche,2025-04,B,47,42.0
POULET PAC FRAIS,37.06,KG (1 KG),Volaille Fraiche,jeudi,2025-04,C,47,98.48
POULET PANE AMANDE PB,285.0,PC (1 PC),Volaille Surgelée,dimanche,2025-04,A,47,350.0
PUNCH CIDRE 50CL,164.0,PC (1 PC),Eaux et Sodas,lundi,2025-04,B,47,164.0
PUNCH ORANGE 50CL,148.0,PC (1 PC),Eaux et Sodas,lundi,2025-04,B,47,161.0
PUREE DE BANANE 1L,1.0,PC (1 L),Epicerie,vendredi,2025-04,D,47,2.0
PUREE DE KIWI 1.32KG MONIN,1.0,PC (1000 GR),Pâtisseries,vendredi,2025-04,D,47,2.0
QUATRE EPICES MOULU,1.0,PC (1 KG),Epicerie,vendredi,2025-04,C,47,3.0
RACLETTE,3.0,PC (1 PC),Hygiène,jeudi,2025-04,B,47,7.0
RAME PAPIER A4,7.0,PC (1 PC),Fournitures de Bureau,lundi,2025-04,B,47,23.0
REMANENT HERBE CF,5.0,PC (1 PC),Hygiène,lundi,2025-04,B,47,10.0
RIZ EN PAQUET,7.0,PC,Epicerie,lundi,2025-04,C,47,35.0
RIZ EN PQT,6.0,PC (1 KG),Epicerie,dimanche,2025-04,D,47,24.0
ROQUETTE SALADE BARQUETTE,1.75,KG,Legumes Frais,mercredi,2025-04,A,47,5.9
ROULEAU CAISSE 80*80,115.0,PC (1 PC),Fournitures de Bureau,mardi,2025-04,A,47,205.0
ROULEAU DE 750 ETIQUETTE BLANC,6.0,PC,Consommable,lundi,2025-04,C,47,16.0
ROULEAU THERMIQUE BALANCE,4.0,PC (1 PC),Fournitures de Bureau,samedi,2025-04,D,47,30.0
ROULEAU TPE,140.0,PC (1 PC),Fournitures de Bureau,dimanche,2025-04,A,47,286.0
SACHET BRETELLES 38X60 MF,50.0,PC (1 PC),Consommable,mardi,2025-04,B,47,225.0
SALADE LAITUE TUN,251.05,KG (1 KG),Legumes Frais,dimanche,2025-04,A,47,393.7
SANEX,7.0,PC (1 PC),Hygiène,dimanche,2025-04,A,47,100.0
SANIT SURF,41.0,PC (1 PC),Hygiène,lundi,2025-04,A,47,51.0
SAUCE A L'AIL,6.0,KG (1 KG),Epicerie,lundi,2025-04,B,47,12.0
SAUCE A L'AIL PB,8.0,KG (1 KG),Epicerie,mardi,2025-04,A,47,11.0
SAUCE AU POIVRE PB,6.0,SCH (0.5 KG),Epicerie,mardi,2025-04,C,47,6.0
SAUCE MAYONNAISE PESTO,8.0,PC (1 L),Epicerie,mardi,2025-04,B,47,10.0
SAUCE PESTO PB,4.0,PC (0.6 KG),Epicerie,mardi,2025-04,A,47,5.0
SAUCE PLAN B,10.0,L (1 L),Epicerie,mardi,2025-04,C,47,20.0
SEL,16.0,PC (1 KG),Epicerie,lundi,2025-04,B,47,17.0
SERPILLERE,61.0,PC (1 PC),Hygiène,dimanche,2025-04,A,47,122.0
SERVIETTE 30*30 CIGUSTA,48.0,PC (1 PC),Consommable,vendredi,2025-04,B,47,192.0
SERVIETTE 30*30 MF,24.0,PQT (1 PQT),Consommable,jeudi,2025-04,B,47,74.0
SIROP DE CARAMEL 1L MONIN,1.0,PC (1000 ML),Pâtisseries,mardi,2025-04,B,47,5.0
SIROP DE NOISETTES GRILLEES 70CL MONIN,1.0,PC (700 ML),Pâtisseries,vendredi,2025-04,D,47,2.0
STEACK HACHE (PORTION 115GR),32.0,PC (1 KG),Viandes Surgelées,lundi,2025-04,C,47,32.0
SUCRE EN SACHET CI-GUSTA,20.0,PC (1 PC),Cafe,vendredi,2025-04,B,47,120.0
SUCRE EN SACHET DAILY BREAK,120.0,PC (1 KG),Cafe,dimanche,2025-04,A,47,230.0
SUCRE GLACE,5.0,PC,Pâtisseries,dimanche,2025-04,D,47,27.0
THON HV EN BOITE,150.0,BTE (2.05 KG),Conserve de Poisson,dimanche,2025-04,B,47,150.0
THYM MOULU,1.0,PC (1 KG),Epicerie,mardi,2025-04,D,47,2.0
TIC TAC STRAWBERRY MIX,12.0,PC (1 PC),Epicerie,lundi,2025-04,D,47,60.0
TOMATE CERISES,10.45,KG (1 KG),Legumes Frais,lundi,2025-04,A,47,24.95
TOMATE CONCENTREE EN BOITE,33.0,BTE (0.8 KG),Epicerie,mercredi,2025-04,B,47,60.0
TOMATE FRAICHE,423.8,KG (1 KG),Legumes Frais,dimanche,2025-04,A,47,526.85
VARIANTES,1.0,SEAU (7 KG),Legumes Frais,mardi,2025-04,D,47,10.0
VIANDE HACHEE SPECIAL MAIGRE CONGELE KG,51.27,KG (1 KG),Viandes Surgelées,mercredi,2025-04,B,47,128.74
VIANDE SECHE FUME (BRESAOLA) TRANCHES 300GR,4.5,KG (1000 GR),Viandes Fraiches,lundi,2025-04,A,47,11.0
VINAIGRE CREME DE BALSAMIQUE,2.0,BTL (500 ML),Epicerie,samedi,2025-04,D,47,9.0
fondant chocolat individual Margarine,37.0,PC (1 PC),Pâtisseries,lundi,2025-04,C,47,71.0
sucre en buchette MF 10kg,1.0,KG (1 KG),Cafe,mardi,2025-04,C,47,10.0
AC-SMOOTHIE DETOX,10.0,PC (1 PC),Jus Fruit Lait,jeudi,2025-04,D,48,20.0
AC-SMOOTHIE EXOTIC,10.0,PC (1 PC),Jus Fruit Lait,jeudi,2025-04,D,48,20.0
AC-SMOOTHIE LE CLASSIQUE,10.0,PC (1 PC),Jus Fruit Lait,jeudi,2025-04,D,48,20.0
AC-SMOOTHIE PEACH'TINI,10.0,PC (1 PC),Jus Fruit Lait,jeudi,2025-04,D,48,20.0
AC-SMOOTHIE TROPIC TRIP,10.0,PC (1 PC),Jus Fruit Lait,jeudi,2025-04,D,48,20.0
AGRAFFE,1.0,PC (1 PC),Fournitures de Bureau,lundi,2025-04,C,48,11.0
AIL,2.95,KG (1 KG),Legumes Frais,jeudi,2025-04,B,48,8.3
AJAX VITRE,22.0,PC (1 PC),Hygiène,mercredi,2025-04,A,48,32.0
ALKASURF DDA 5KG,15.0,PC (1 PC),Hygiène,lundi,2025-04,D,48,15.0
AMANDE EFFILEE,1.0,PC (1 KG),Fruits Secs,lundi,2025-04,B,48,4.0
AMANDES GRILEES SALEES 70GR,84.0,PC (1 PC),Fruits Secs,jeudi,2025-04,B,48,84.0
AMSTEL BEER BLLE 33CL,147.0,BTL (1 BTL),Alcools,jeudi,2025-04,B,48,432.0
ASEPCLOR,40.0,PC (1 PC),Hygiène,jeudi,2025-04,A,48,60.0
AUBERGINE,14.0,KG (1 KG),Legumes Frais,jeudi,2025-04,B,48,17.75
AVOCAT FRUIT PIECE,18.0,PC (1 PC),Fruits & Legumes Frais,dimanche,2025-04,B,48,43.0
BACON BOEUF FUME TRANCHES ( 300GR),4.8,KG (1000 GR),Viandes Fraiches,mercredi,2025-04,A,48,6.9
BACTYGEL 703 CF,2.0,BTL (1 BTL),Hygiène,vendredi,2025-04,B,48,4.0
BALAIS SANS MANCHE,3.0,PC (1 PC),Hygiène,samedi,2025-04,C,48,9.0
BANANE,33.0,PC (1 PC),Fruits & Legumes Frais,jeudi,2025-04,A,48,155.0
BASILIC BARQUETTE,3.8,KG (1 KG),Legumes Frais,samedi,2025-04,A,48,11.05
BISCUIT TUC,96.0,PC (1 PC),Epicerie,vendredi,2025-04,D,48,120.0
BLOUSE NON TISSEE,36.0,PC (1 KG),Hygiène,jeudi,2025-04,C,48,36.0
BOGA CIDRE PET 30 CL,24.0,PC (1 PC),Eaux et Sodas,lundi,2025-04,C,48,182.0
BOITE FRAPPE CAFE 1.36KG MONIN,1.0,BTE (1360 GR),Pâtisseries,vendredi,2025-04,C,48,6.0
BOITE FRAPPE VANILLE 1.36KG MONIN,4.0,BTE (1.36 KG),Pâtisseries,jeudi,2025-04,C,48,6.0
BOITE PIZZA ONDULEE 31/31,50.0,PC (1 PC),Consommable,mercredi,2025-04,C,48,200.0
BOITE PIZZA PM CIG,100.0,PC (1 PC),Consommable,mercredi,2025-04,B,48,500.0
BOUTEILLE DE VINAIGRETTE 250ML,5.0,PC (250 GR),Epicerie,jeudi,2025-04,A,48,16.0
BROCHETTE BAMBOO 20,2.0,SCH (100 PC),Consommable,vendredi,2025-04,C,48,14.0
CACAHUETES GRILLEES SALEES 70GR,48.0,PC (1 PC),Fruits Secs,jeudi,2025-04,C,48,60.0
CACAO EN POUDRE,5.0,PQT (0.25 KG),Cafe,samedi,2025-04,C,48,7.0
CAKE CHOCOLAT PBC,40.0,PC (1 PC),Viennoiserie,mercredi,2025-04,B,48,88.0
CAKE MARBRE MARGARINE,187.0,PC (1 PC),Pâtisseries,mercredi,2025-04,A,48,561.0
CAKE MARBRE PBC,110.0,PC (1 PC),Viennoiserie,mercredi,2025-04,A,48,363.0
CAKE NATURE MARGARINE,99.0,PC (1 PC),Pâtisseries,mercredi,2025-04,C,48,132.0
CAKE ORANGE PBC,108.0,PC (1 PC),Viennoiserie,mercredi,2025-04,B,48,170.0
CAPRE VRAC,1.0,SEAU (2 KG),Legumes Frais,dimanche,2025-04,B,48,9.0
CAPSULE CAFEITALY COLOMBIA,100.0,PC (1 PC),Cafe,jeudi,2025-04,C,48,310.0
CAROTTE,67.1,KG (1 KG),Legumes Frais,mercredi,2025-04,A,48,67.1
CAROTTE CAKE PBC,209.0,PC (1 PC),Viennoiserie,mercredi,2025-04,B,48,330.0
CELTIA FUT DE 50L,4.0,PC (50 L),Alcools,vendredi,2025-04,B,48,6.0
CHAMPIGNON FRAIS,30.0,KG (1 KG),Legumes Frais,jeudi,2025-04,A,48,39.0
CHAPLUR,1.0,PC (1 KG),Epicerie,dimanche,2025-04,C,48,16.0
CHEWING GUM FLORIDENT  EXTRA WHITE 60G,24.0,PC (1 PC),Epicerie,lundi,2025-04,D,48,24.0
CHOCOLAT EN POUDRE,54.0,PC (0.2 KG),Cafe,mercredi,2025-04,A,48,86.0
CHOUX ROUGE,5.45,KG (1 KG),Legumes Frais,mardi,2025-04,A,48,9.6
CHOUX VERT,9.2,KG (1 KG),Legumes Frais,samedi,2025-04,B,48,12.8
CITRON FRAIS,10.75,KG (1 KG),Legumes Frais,jeudi,2025-04,B,48,21.6
CITRON SALLE,2.0,SEAU (7 KG),Legumes Frais,mardi,2025-04,B,48,28.0
COCA ZERO PET 30 CL,34.0,PC,Eaux et Sodas,jeudi,2025-04,D,48,168.0
CONCOMBRE,117.55,KG (1 KG),Legumes Frais,mercredi,2025-04,A,48,177.692
COOKIES,40.0,PC (1 PC),Viennoiserie,mercredi,2025-04,C,48,120.0
CORNICHON FRAIS,1.0,SEAU (2 KG),Legumes Frais,jeudi,2025-04,B,48,12.0
COURGE,16.55,KG (1 KG),Legumes Frais,mercredi,2025-04,B,48,47.65
COURGETTE,13.0,KG (1 KG),Legumes Frais,jeudi,2025-04,A,48,28.6
COUSCOUS,26.0,PQT (1 KG),Epicerie,mercredi,2025-04,D,48,33.0
COUTEAU A PAIN 21 CM,1.0,PC (1 PC),Accessoire & couvert,vendredi,2025-04,D,48,4.0
CREME A FOUETTER,8.0,PC,GLACES,mercredi,2025-04,B,48,16.0
CREME DE CUISSON,27.0,BTE (0.95 L),Beurre Oeuf Fromage,mercredi,2025-04,B,48,27.0
CREVETTE 26/30 AVEC QUEUE  SURG.,2.0,KG,Poisson Surgelé_R,samedi,2025-04,C,48,4.0
CURCUMIN MOULU,1.0,SCH (1 KG),Epicerie,mercredi,2025-04,D,48,2.2
Cookies  individual Margarine,5.0,PC (1 PC),Pâtisseries,mercredi,2025-04,C,48,48.0
DADDY'S CHIPS CLASSIC SEL DE MER 70G,225.0,PC (1 PC),Epicerie,jeudi,2025-04,A,48,225.0
DADDY'S CHIPS SAVORY TRUFFE PARMESAN 70G,120.0,PC (1 PC),Epicerie,jeudi,2025-04,B,48,165.0
DADDY'S CHIPS SPICY PAPRIKA 70G,135.0,PC (1 PC),Epicerie,jeudi,2025-04,A,48,165.0
DATTE EN VRAC,1.4,KG,Fruits & Legumes Frais,jeudi,2025-04,B,48,18.3
DINOL,23.0,BIDON (4.75 L),Hygiène,mercredi,2025-04,A,48,135.0
EAU MINÉRALE 6L,85.0,BTL (1 PC),Eaux et Sodas,mercredi,2025-04,A,48,90.0
EMINCE DE BOEUF PORT. SURGELE,33.495,KG (1000 GR),Viandes Surgelées,mercredi,2025-04,A,48,79.49000000000001
EPINARD,2.2,KG (1 KG),Legumes Frais,jeudi,2025-04,B,48,12.15
ESCALOPE DE DINDE FUME EN TRANCHE,45.0,KG (1 KG),Charcuterie,vendredi,2025-04,C,48,70.0
ESCALOPE POULET FRAIS,334.17,KG (1 KG),Volaille Surgelée,jeudi,2025-04,A,48,503.16
ESCALOPE POULET PANE CONGELE,82.53999999999999,KG (1 KG),Volaille Surgelée,mercredi,2025-04,A,48,128.91
ESSUIT TOUT JUMBO,142.0,PC (1 KG),Hygiène,mercredi,2025-04,A,48,157.0
FARINE EN PAQUET,211.0,PC (1 KG),Epicerie,mercredi,2025-04,A,48,252.0
FILM ETIRABLE,21.0,PC (1 PC),Consommable,jeudi,2025-04,A,48,33.0
FRAISE FRAIS,51.4,KG (1 KG),Fruits & Legumes Frais,jeudi,2025-04,A,48,64.35
FRITE SURGELE 9/9 CLASSIC 2.5 KG,245.0,KG (1 KG),Legumes Surgelés,mercredi,2025-04,A,48,290.0
FRITE SURGELE WEDGES 2.5 KG,35.0,KG (1 KG),Legumes Surgelés,vendredi,2025-04,B,48,90.0
FROMAGE BLANC FONDU KG,4.4,KG,Beurre Oeuf Fromage,vendredi,2025-04,C,48,15.4
FROMAGE BUCHE BLANCHE CHEVRE KG,5.0,KG (1 KG),Beurre Oeuf Fromage,mercredi,2025-04,B,48,5.0
FROMAGE CHEDDAR EN BLOC,26.24,KG (1 KG),Beurre Oeuf Fromage,vendredi,2025-04,A,48,65.0
FROMAGE EDAM MEULE,12.35,KG (1 KG),Beurre Oeuf Fromage,dimanche,2025-04,B,48,35.622
FROMAGE FETA (Nature),0.5,PC (1 KG),Beurre Oeuf Fromage,jeudi,2025-04,D,48,1.6
FROMAGE GORGONZELA,2.0,PC (150 GR),Beurre Oeuf Fromage,mercredi,2025-04,A,48,13.0
FROMAGE LAND OR,7.2,PC (1 KG),Beurre Oeuf Fromage,jeudi,2025-04,A,48,25.4
FROMAGE MAASDAM EN BLOC,42.0,KG (1 KG),Beurre Oeuf Fromage,vendredi,2025-04,B,48,42.0
FROMAGE MEULE GOUDA,20.1,KG (1 KG),Beurre Oeuf Fromage,mercredi,2025-04,C,48,24.502
FROMAGE MOZZARELLA  KG,130.0,KG (1 KG),Beurre Oeuf Fromage,jeudi,2025-04,A,48,176.93
FROMAGE PARMESAN PB,1.2000000000000002,KG (1 KG),Beurre Oeuf Fromage,samedi,2025-04,A,48,3.8
FROMAGE TRIANGLE FONDU STREET &CO,14.0,BTE (48 PC),Beurre Oeuf Fromage,mercredi,2025-04,C,48,18.0
FUT HEINEKEIN,7.0,BTL (20 L),Alcools,jeudi,2025-04,B,48,240.0
GARCI GAZ 1L,44.0,PC (1 PC),Eaux et Sodas,jeudi,2025-04,A,48,316.0
GATEAU CHOCOLAT PBC,60.0,PC (1 PC),Viennoiserie,mercredi,2025-04,B,48,100.0
HARISSA ARBI,16.0,BTE (0.45 KG),Epicerie,jeudi,2025-04,A,48,23.0
HARISSA CONCENTRE EN BOITE,31.0,BTE (2 KG),Epicerie,mercredi,2025-04,A,48,57.0
HUILE D'OLIVE POMACE,14.25,L (1 L),Epicerie,jeudi,2025-04,B,48,28.5
HUILE VEGETALE,49.0,BIDON (5 L),Epicerie,mercredi,2025-04,A,48,67.0
JAMBON DE BOEUF FUME,11.85,KG (1 KG),Charcuterie,vendredi,2025-04,A,48,18.1
JAMBON DE DINDE,12.0,KG (1 KG),Charcuterie,dimanche,2025-04,A,48,34.15
JEX CARRE,104.0,PC (1 PC),Hygiène,mercredi,2025-04,A,48,180.0
JOUR ET NUIT ROUGE 1/2,12.0,PC (1 PC),Alcools,vendredi,2025-04,C,48,48.0
JOUR ET NUIT3/4 BLANC,6.0,PC (1 PC),Alcools,vendredi,2025-04,C,48,30.0
KETCHUP,30.0,L (1 L),Epicerie,vendredi,2025-04,C,48,40.0
KINDER BUENO,240.0,PC (1 PC),Epicerie,jeudi,2025-04,A,48,300.0
KINDER T4,180.0,PC (1 PC),Epicerie,jeudi,2025-04,B,48,180.0
LAVETTE COTON,135.0,PC (1 PC),Hygiène,mercredi,2025-04,A,48,149.0
LEVURE BOULANGERE NORMALE,21.0,PQT (6 PC),Boulangerie_R,mercredi,2025-04,B,48,34.0
LEVURE CHIMIQUE,2.0,PQT (1000 GR),Pâtisseries,jeudi,2025-04,D,48,3.0
LOT CAFE GRAIN CLASSICO CLASSIC ROAST,8.0,PC (1 KG),Cafe,vendredi,2025-04,C,48,113.0
LOT CAFE GRAIN ESPERTO MOYEN GRAIN,11.0,KG,Cafe,jeudi,2025-04,D,48,53.0
LOT CAFE GRAIN ESPRESSO ELITE 3,59.0,PC (1 KG),Cafe,jeudi,2025-04,A,48,128.0
LOT CAFE GRAIN GOURMANDISE,18.0,PC (1 KG),Cafe,vendredi,2025-04,D,48,19.0
LOT CAFE GRAINS  PUR EXPRESS,19.0,KG (1 KG),Cafe,jeudi,2025-04,A,48,73.0
MAIS EN BOITE,66.4,BTE (340 GR),Epicerie,mercredi,2025-04,A,48,92.0
MANGUE,22.0,PC,Fruits & Legumes Frais,jeudi,2025-04,A,48,39.0
MARGARINE,3.0,SEAU (4.5 KG),Beurre Oeuf Fromage,samedi,2025-04,B,48,13.5
MARINADE EMINCE DE BOEUF,8.0,PC (0.15 KG),Epicerie,jeudi,2025-04,C,48,10.0
MARINADE POULET GRILLE,24.0,PC (0.15 KG),Volaille Surgelée,jeudi,2025-04,C,48,30.0
MAYONAISE,31.0,SEAU (5 L),Beurre Oeuf Fromage,mercredi,2025-04,A,48,44.0
MELANGE TENDER  PB,8.0,KG (1 KG),Epicerie,jeudi,2025-04,C,48,11.0
MENTHE FRAICHE,2.0,PC,Legumes Frais,mardi,2025-04,B,48,16.0
MENTHE SECHE,1.0,KG,Epicerie,mercredi,2025-04,D,48,2.0
MENTOS ROLLS FRUIT FLAVOUR,40.0,PC (1 PC),Epicerie,vendredi,2025-04,D,48,80.0
MENTOS ROLLS MENTHE,40.0,PC (1 PC),Epicerie,vendredi,2025-04,D,48,80.0
MENTOS ROLLS RAINBOW,40.0,PC (1 PC),Epicerie,vendredi,2025-04,D,48,120.0
MENTOS ROLLS STRAWBERRY,80.0,PC (1 PC),Epicerie,vendredi,2025-04,D,48,80.0
MIX A CREPE FRAN,150.0,PC (1 KG),Pâtisseries,mercredi,2025-04,C,48,150.0
MOELLEUX CHOCOLAT,72.0,PC (1 PC),Viennoiserie,mercredi,2025-04,C,48,108.0
MOUTARDE DIJON,1.0,BTE (850 GR),Epicerie,dimanche,2025-04,D,48,12.0
MOZARELLA CERISE,10.0,BTE (20 PC),Beurre Oeuf Fromage,samedi,2025-04,C,48,24.0
MUFFINS VANILLE,72.0,PC (1 PC),Viennoiserie,mercredi,2025-04,B,48,96.0
NOISETTE GRILLEE CONCASSEE,3.0,PC (1 KG),Fruits Secs,mercredi,2025-04,D,48,3.0
NOIX DE CAJOU GRILLES SALEES 65GR,72.0,PC (1 PC),Fruits Secs,lundi,2025-04,B,48,96.0
NUGGETS PANE PB,150.0,PC (1 PC),Volaille Surgelée,vendredi,2025-04,A,48,275.0
NUTELLA GO 52 GR,72.0,PC (1 PC),Epicerie,vendredi,2025-04,C,48,170.0
OEUFS,77.0,PLT (30 PC),Beurre Oeuf Fromage,mercredi,2025-04,A,48,83.0
OIGNION VERT,3.75,KG,Legumes Frais,samedi,2025-04,D,48,11.15
OIGNONS BLANC,82.95,KG (1 KG),Legumes Frais,jeudi,2025-04,A,48,127.3
OIGNONS ROUGE,68.5,KG,Legumes Frais,mercredi,2025-04,A,48,119.4
OLIVE DENOYETE,14.0,KG (1 KG),Epicerie,samedi,2025-04,B,48,35.0
OLIVE NOIRE SLICE,7.0,KG (1 KG),Epicerie,mercredi,2025-04,B,48,35.0
OLIVE VIOLETTE,5.0,KG (1 KG),Epicerie,mercredi,2025-04,C,48,14.0
PACK FOOD BOWL + COUVERCLE 1.2 L,50.0,PC,Consommable,vendredi,2025-04,B,48,175.0
PAILLE NOIR,10.0,PQT (250 PC),Consommable,vendredi,2025-04,A,48,39.0
PAIN CHAWARMA *10,87.0,PQT (10 PC),Boulangerie_R,mercredi,2025-04,A,48,115.0
PAIN DE MIE CEREALE,78.0,PC,Boulangerie_R,samedi,2025-04,B,48,130.0
PAIN DE MIE NATURE,104.0,PC,Boulangerie_R,jeudi,2025-04,B,48,130.0
PAIN SCHNECK AUX RAISINS SURG PUR BEURRE GF,300.0,PC (1 PC),Viennoiserie,jeudi,2025-04,B,48,1200.0
PAIN SHNEK AU RAISIN MARGARINE,100.0,PC (1 KG),Pâtisseries,jeudi,2025-04,C,48,700.0
PAPIER CUISSON 40*60,1.0,PQT (500 PC),Consommable,mardi,2025-04,C,48,4.0
PAPIER SERVIETTE GOURMANDISE,40.0,PC (1 PC),Consommable,samedi,2025-04,B,48,128.0
PATE PIZZA FOCACCIA 12/40,32.0,PC (1 PC),Boulangerie_R,vendredi,2025-04,A,48,170.0
PATE PLUME COURTE,29.0,PQT (0.5 KG),Epicerie,vendredi,2025-04,B,48,58.0
PATE SPAGHETTI,16.0,PQT (0.5 KG),Epicerie,dimanche,2025-04,B,48,74.0
PEPPERONI,2.7,KG (1 KG),Charcuterie,mercredi,2025-04,A,48,4.8
PIECE RONDE BOEUF,24.200000000000003,KG (1 KG),Viandes Surgelées,mercredi,2025-04,D,48,24.200000000000003
PIMENT DOUX,62.05,KG,Legumes Frais,mercredi,2025-04,A,48,97.3
PIMENT FORT,32.6,KG (1 KG),Legumes Frais,mercredi,2025-04,A,48,78.95
PIMENT ROUGE SALLE,10.0,KG (1 KG),Epicerie,samedi,2025-04,B,48,20.0
PISTACHE CONCASSEE,2.0,PC (1000 GR),Fruits Secs,mardi,2025-04,C,48,4.0
POIS CHICHE KG,5.0,PC (1 PC),Legumes Secs,mercredi,2025-04,C,48,8.0
POMME DE TERRE,176.85,KG (1 KG),Legumes Frais,mercredi,2025-04,A,48,292.25
POT NUTELLA,78.0,PC (1 KG),Pâtisseries,mercredi,2025-04,D,48,78.0
POUDRE TENDERS PB,10.0,KG (1 KG),Volaille Surgelée,mercredi,2025-04,B,48,42.0
POULET PAC FRAIS,64.32,KG (1 KG),Volaille Fraiche,mercredi,2025-04,C,48,98.48
POULET PANE AMANDE PB,350.0,PC (1 PC),Volaille Surgelée,mercredi,2025-04,A,48,350.0
PUNCH CIDRE 50CL,6.0,PC (1 PC),Eaux et Sodas,jeudi,2025-04,B,48,164.0
PUNCH ORANGE 50CL,47.0,PC (1 PC),Eaux et Sodas,jeudi,2025-04,B,48,161.0
PUREE ANANAS 1 L,1.0,PC (1 L),Epicerie,jeudi,2025-04,D,48,2.0
PUREE DE BANANE 1L,1.0,PC (1 L),Epicerie,jeudi,2025-04,D,48,2.0
PUREE DE KIWI 1.32KG MONIN,1.0,PC (1000 GR),Pâtisseries,jeudi,2025-04,D,48,2.0
PUREE FRAISE 1.32KG MONIN,1.0,KG (1320 GR),Pâtisseries,jeudi,2025-04,D,48,2.0
PUREE MANGUE 1L,1.0,PC (1 L),Epicerie,jeudi,2025-04,D,48,2.0
QUATRE EPICES MOULU,1.0,PC (1 KG),Epicerie,mercredi,2025-04,C,48,3.0
RACLETTE,2.0,PC (1 PC),Hygiène,lundi,2025-04,B,48,7.0
REMANENT HERBE CF,5.0,PC (1 PC),Hygiène,vendredi,2025-04,B,48,10.0
ROQUETTE SALADE BARQUETTE,1.3,KG,Legumes Frais,mercredi,2025-04,A,48,5.9
ROULEAU CAISSE 80*80,200.0,PC (1 PC),Fournitures de Bureau,mercredi,2025-04,A,48,205.0
ROULEAU TPE,250.0,PC (1 PC),Fournitures de Bureau,mercredi,2025-04,A,48,286.0
SAC BOUTIQUE GDISE HD 50/45 BLANC,250.0,PC (1 PC),Consommable,samedi,2025-04,D,48,1000.0
SACHET BRETELLES 38X60 MF,150.0,PC (1 PC),Consommable,mercredi,2025-04,B,48,225.0
SALADE LAITUE TUN,270.3,KG (1 KG),Legumes Frais,mercredi,2025-04,A,48,393.7
SANEX,8.0,PC (1 PC),Hygiène,vendredi,2025-04,A,48,100.0
SANIT SURF,40.0,PC (1 PC),Hygiène,mercredi,2025-04,A,48,51.0
SAUCE A L'AIL PB,8.0,KG (1 KG),Epicerie,jeudi,2025-04,A,48,11.0
SAUCE AU POIVRE PB,4.0,SCH (0.5 KG),Epicerie,jeudi,2025-04,C,48,6.0
SAUCE BARBECUE,30.0,L (1 L),Epicerie,vendredi,2025-04,C,48,30.0
SAUCE MAYONNAISE PESTO,8.0,PC (1 L),Epicerie,jeudi,2025-04,B,48,10.0
SAUCE PESTO PB,4.0,PC (0.6 KG),Epicerie,jeudi,2025-04,A,48,5.0
SAUCE PLAN B,10.0,L (1 L),Epicerie,jeudi,2025-04,C,48,20.0
SCHWEPPES TONIC 24 CL,31.0,PC (1 PC),Eaux et Sodas,jeudi,2025-04,D,48,31.0
SEL,9.0,PC (1 KG),Epicerie,jeudi,2025-04,B,48,17.0
SERPILLERE,70.0,PC (1 PC),Hygiène,mercredi,2025-04,A,48,122.0
SERVIETTE 30*30 CIGUSTA,48.0,PC (1 PC),Consommable,jeudi,2025-04,B,48,192.0
SERVIETTE 30*30 MF,74.0,PQT (1 PQT),Consommable,mercredi,2025-04,B,48,74.0
SIROP DE CARAMEL 1L MONIN,1.0,PC (1000 ML),Pâtisseries,jeudi,2025-04,B,48,5.0
SIROP DE NOISETTES GRILLEES 70CL MONIN,1.0,PC (700 ML),Pâtisseries,jeudi,2025-04,D,48,2.0
SIROP DE VANILLE 1L MONIN,1.0,PC (700 ML),Pâtisseries,jeudi,2025-04,C,48,3.0
STEACK HACHE (PORTION 115GR),25.0,PC (1 KG),Viandes Surgelées,lundi,2025-04,C,48,32.0
SUCRE EN SACHET CI-GUSTA,10.0,PC (1 PC),Cafe,jeudi,2025-04,B,48,120.0
SUCRE EN SACHET DAILY BREAK,140.0,PC (1 KG),Cafe,mercredi,2025-04,A,48,230.0
SUCRE GLACE,12.0,PC (1 PC),Pâtisseries,lundi,2025-04,D,48,27.0
THE NOIR MENTHE SANS SUCRE,180.0,PC (1 PC),THE,vendredi,2025-04,C,48,720.0
THON HV EN BOITE,115.0,BTE (2.05 KG),Conserve de Poisson,jeudi,2025-04,B,48,150.0
TIC TAC STRAWBERRY MIX,24.0,PC (1 PC),Epicerie,jeudi,2025-04,D,48,60.0
TOMATE CERISES,12.2,KG (1 KG),Legumes Frais,jeudi,2025-04,A,48,24.95
TOMATE CONCENTREE EN BOITE,32.0,BTE (0.8 KG),Epicerie,mercredi,2025-04,B,48,60.0
TOMATE FRAICHE,419.55,KG (1 KG),Legumes Frais,mercredi,2025-04,A,48,526.85
VIANDE HACHEE SPECIAL MAIGRE CONGELE KG,82.1,KG (1 KG),Viandes Surgelées,mercredi,2025-04,B,48,128.74
VIANDE SECHE FUME (BRESAOLA) TRANCHES 300GR,7.8,KG (1000 GR),Viandes Fraiches,mercredi,2025-04,A,48,11.0
VINAIGRE CREME DE BALSAMIQUE,7.0,BTL (500 ML),Epicerie,vendredi,2025-04,D,48,9.0
fondant chocolat individual Margarine,29.0,PC (1 PC),Pâtisseries,vendredi,2025-04,C,48,71.0
sucre en buchette MF 10kg,3.0,KG (1 KG),Cafe,mercredi,2025-04,C,48,10.0
AIL,1.0,KG (1 KG),Legumes Frais,vendredi,2025-05,B,49,8.3
AJAX VITRE,25.0,PC (1 PC),Hygiène,samedi,2025-04,A,49,32.0
ALKASURF DDA 5KG,5.0,PC (1 PC),Hygiène,mercredi,2025-04,D,49,15.0
AMANDE EFFILEE,3.0,PC (1 KG),Fruits Secs,samedi,2025-04,B,49,4.0
AMANDES GRILEES SALEES 70GR,60.0,PC (1 PC),Fruits Secs,vendredi,2025-05,B,49,84.0
AMSTEL BEER BLLE 33CL,291.0,BTL (1 BTL),Alcools,lundi,2025-04,B,49,432.0
ANANAS GRAND,7.0,PC (1 PC),Fruits & Legumes Frais,lundi,2025-05,C,49,51.0
ASEPCLOR,10.0,PC (1 PC),Hygiène,lundi,2025-04,A,49,60.0
AUBERGINE,12.9,KG (1 KG),Legumes Frais,samedi,2025-04,B,49,17.75
AVOCAT FRUIT PIECE,28.0,PC (1 PC),Fruits & Legumes Frais,samedi,2025-04,B,49,43.0
BACON BOEUF FUME TRANCHES ( 300GR),2.7,KG (1000 GR),Viandes Fraiches,samedi,2025-04,A,49,6.9
BALAIS SANS MANCHE,2.0,PC (1 PC),Hygiène,samedi,2025-04,C,49,9.0
BANANE,27.0,PC (1 PC),Fruits & Legumes Frais,jeudi,2025-05,A,49,155.0
BASILIC BARQUETTE,4.1,KG (1 KG),Legumes Frais,samedi,2025-04,A,49,11.05
BISCUIT TUC,24.0,PC (1 PC),Epicerie,vendredi,2025-05,D,49,120.0
BOGA LIME PET 30 CL,192.0,PC,Eaux et Sodas,lundi,2025-04,C,49,228.0
BOITE D'ARCHIVE,35.0,PC (1 PC),Fournitures de Bureau,mercredi,2025-04,D,49,35.0
BOITE PIZZA PM CIG,100.0,PC (1 PC),Consommable,jeudi,2025-05,B,49,500.0
BORGHELL,3.0,KG (1 KG),Epicerie,samedi,2025-04,C,49,10.0
BOUTEILLE DE VINAIGRETTE 250ML,5.0,PC (250 GR),Epicerie,samedi,2025-04,A,49,16.0
BROCHETTE BAMBOO 20,5.0,SCH (100 PC),Consommable,mercredi,2025-04,C,49,14.0
CACAHUETES GRILLEES SALEES 70GR,24.0,PC (1 PC),Fruits Secs,lundi,2025-05,C,49,60.0
CACAO EN POUDRE,2.0,PQT (0.25 KG),Cafe,vendredi,2025-05,C,49,7.0
CAKE CHOCOLAT PBC,48.0,PC (1 PC),Viennoiserie,mercredi,2025-04,B,49,88.0
CAKE MARBRE MARGARINE,308.0,PC (1 PC),Pâtisseries,samedi,2025-04,A,49,561.0
CAKE MARBRE PBC,110.0,PC (1 PC),Viennoiserie,mercredi,2025-04,A,49,363.0
CAKE NATURE MARGARINE,121.0,PC (1 PC),Pâtisseries,dimanche,2025-04,C,49,132.0
CAKE ORANGE PBC,72.0,PC (1 PC),Viennoiserie,mercredi,2025-04,B,49,170.0
CAPRE VRAC,2.0,SEAU (2 KG),Legumes Frais,mardi,2025-04,B,49,9.0
CAPSULE CAFEITALY COLOMBIA,100.0,PC (1 PC),Cafe,lundi,2025-04,C,49,310.0
CAPSULE CAFFITALY VIGOROSO,100.0,PC,Cafe,lundi,2025-05,D,49,408.0
CAROTTE,49.55,KG (1 KG),Legumes Frais,samedi,2025-04,A,49,67.1
CAROTTE CAKE PBC,110.0,PC (1 PC),Viennoiserie,mercredi,2025-04,B,49,330.0
CELTIA FUT DE 50L,2.0,PC (50 L),Alcools,mardi,2025-04,B,49,6.0
CHAMPIGNON FRAIS,15.0,KG (1 KG),Legumes Frais,mardi,2025-04,A,49,39.0
CHAPLUR,5.0,PC (1 KG),Epicerie,samedi,2025-04,C,49,16.0
CHOCOLAT EN POUDRE,59.0,PC (0.2 KG),Cafe,samedi,2025-04,A,49,86.0
CHOUX ROUGE,9.5,KG (1 KG),Legumes Frais,samedi,2025-04,A,49,9.6
CHOUX VERT,5.15,KG (1 KG),Legumes Frais,samedi,2025-04,B,49,12.8
CITRON FRAIS,15.25,KG (1 KG),Legumes Frais,dimanche,2025-04,B,49,21.6
CITRON SALLE,1.0,SEAU (7 KG),Legumes Frais,mardi,2025-04,B,49,28.0
COCA COLA PET 30CL.,456.0,PC,Eaux et Sodas,lundi,2025-04,C,49,456.0
COCA ZERO PET 30 CL,6.0,PC (1 PC),Eaux et Sodas,jeudi,2025-05,D,49,168.0
CONCOMBRE,115.4,KG (1 KG),Legumes Frais,samedi,2025-04,A,49,177.692
COOKIES,80.0,PC (1 PC),Viennoiserie,mercredi,2025-04,C,49,120.0
CORNICHON FRAIS,5.0,SEAU (2 KG),Legumes Frais,lundi,2025-05,B,49,12.0
COURGE,19.4,KG (1 KG),Legumes Frais,lundi,2025-04,B,49,47.65
COURGETTE,14.3,KG (1 KG),Legumes Frais,samedi,2025-04,A,49,28.6
COUSCOUS,14.0,PQT (1 KG),Epicerie,mercredi,2025-04,D,49,33.0
COUTEAU A PAIN 21 CM,3.0,PC (1 PC),Accessoire & couvert,lundi,2025-04,D,49,4.0
CREME A FOUETTER,3.0,PC (1 PC),GLACES,dimanche,2025-04,B,49,16.0
CREME DE CUISSON,24.0,BTE (0.95 L),Beurre Oeuf Fromage,lundi,2025-04,B,49,27.0
CREVETTE 26/30 AVEC QUEUE  SURG.,1.0,KG,Poisson Surgelé_R,jeudi,2025-05,C,49,4.0
DADDY'S CHIPS CLASSIC SEL DE MER 70G,150.0,PC (1 PC),Epicerie,dimanche,2025-04,A,49,225.0
DADDY'S CHIPS SAVORY TRUFFE PARMESAN 70G,60.0,PC (1 PC),Epicerie,dimanche,2025-04,B,49,165.0
DADDY'S CHIPS SPICY PAPRIKA 70G,90.0,PC (1 PC),Epicerie,dimanche,2025-04,A,49,165.0
DINOL,24.0,BIDON (4.75 L),Hygiène,samedi,2025-04,A,49,135.0
EAU MINÉRALE 6L,90.0,BTL (1 PC),Eaux et Sodas,samedi,2025-04,A,49,90.0
EMINCE DE BOEUF PORT. SURGELE,16.59,KG (1000 GR),Viandes Surgelées,mardi,2025-04,A,49,79.49000000000001
EPINARD,5.7,KG (1 KG),Legumes Frais,mardi,2025-04,B,49,12.15
ESCALOPE DE DINDE FUME EN TRANCHE,70.0,KG (1 KG),Charcuterie,dimanche,2025-04,C,49,70.0
ESCALOPE POULET FRAIS,320.14,KG (1 KG),Volaille Surgelée,samedi,2025-04,A,49,503.16
ESCALOPE POULET PANE CONGELE,118.89,KG (1 KG),Volaille Surgelée,samedi,2025-04,A,49,128.91
ESSUIT TOUT JUMBO,134.0,PC (1 KG),Hygiène,samedi,2025-04,A,49,157.0
FARINE EN PAQUET,160.0,PC (1 KG),Epicerie,samedi,2025-04,A,49,252.0
FESTIFE MIX 100 GR,24.0,PC (1 PC),Fruits Secs,vendredi,2025-05,C,49,32.0
FILM ETIRABLE,25.0,PC (1 PC),Consommable,samedi,2025-04,A,49,33.0
FRAISE FRAIS,45.45,KG (1 KG),Fruits & Legumes Frais,samedi,2025-04,A,49,64.35
FRITE SURGELE 9/9 CLASSIC 2.5 KG,290.0,KG (1 KG),Legumes Surgelés,samedi,2025-04,A,49,290.0
FRITE SURGELE WEDGES 2.5 KG,45.0,KG (1 KG),Legumes Surgelés,lundi,2025-04,B,49,90.0
FROMAGE BLANC FONDU KG,6.6000000000000005,KG,Beurre Oeuf Fromage,samedi,2025-04,C,49,15.4
FROMAGE BUCHE BLANCHE CHEVRE KG,5.0,KG (1 KG),Beurre Oeuf Fromage,mercredi,2025-04,B,49,5.0
FROMAGE CHEDDAR EN BLOC,29.69,KG (1 KG),Beurre Oeuf Fromage,samedi,2025-04,A,49,65.0
FROMAGE EDAM MEULE,19.3,KG (1 KG),Beurre Oeuf Fromage,samedi,2025-04,B,49,35.622
FROMAGE GORGONZELA,8.0,PC (150 GR),Beurre Oeuf Fromage,mardi,2025-04,A,49,13.0
FROMAGE LAND OR,9.0,PC (1 KG),Beurre Oeuf Fromage,samedi,2025-05,A,49,25.4
FROMAGE MAASDAM EN BLOC,33.0,KG (1 KG),Beurre Oeuf Fromage,samedi,2025-04,B,49,42.0
FROMAGE MEULE GOUDA,19.668,KG (1 KG),Beurre Oeuf Fromage,samedi,2025-04,C,49,24.502
FROMAGE MOZZARELLA  KG,120.0,KG (1 KG),Beurre Oeuf Fromage,samedi,2025-04,A,49,176.93
FROMAGE PARMESAN PB,1.4,KG (1 KG),Beurre Oeuf Fromage,samedi,2025-04,A,49,3.8
FROMAGE TRIANGLE FONDU STREET &CO,18.0,BTE (48 PC),Beurre Oeuf Fromage,samedi,2025-04,C,49,18.0
FUT HEINEKEIN,9.0,BTL (20 L),Alcools,lundi,2025-04,B,49,240.0
GARCI GAZ 1L,316.0,PC (1 PC),Eaux et Sodas,dimanche,2025-04,A,49,316.0
GATEAU CHOCOLAT PBC,20.0,PC (1 PC),Viennoiserie,mercredi,2025-04,B,49,100.0
HARISSA ARBI,20.0,BTE (0.45 KG),Epicerie,samedi,2025-04,A,49,23.0
HARISSA CONCENTRE EN BOITE,32.0,BTE (2 KG),Epicerie,samedi,2025-04,A,49,57.0
HUILE D'OLIVE POMACE,14.25,L (1 L),Epicerie,dimanche,2025-04,B,49,28.5
HUILE VEGETALE,55.0,BIDON (5 L),Epicerie,samedi,2025-04,A,49,67.0
JAMBON DE BOEUF FUME,10.6,KG (1 KG),Charcuterie,dimanche,2025-04,A,49,18.1
JAMBON DE DINDE,28.9,KG,Charcuterie,lundi,2025-04,A,49,34.15
JEX CARRE,141.0,PC (1 PC),Hygiène,samedi,2025-04,A,49,180.0
JOUR ET NUIT ROUGE 1/2,5.0,PC (1 PC),Alcools,vendredi,2025-05,C,49,48.0
JOUR ET NUIT3/4 BLANC,2.0,PC (1 PC),Alcools,vendredi,2025-05,C,49,30.0
KETCHUP,25.0,L (1 L),Epicerie,lundi,2025-04,C,49,40.0
KINDER BUENO,180.0,PC (1 PC),Epicerie,samedi,2025-04,A,49,300.0
KINDER T4,60.0,PC (1 PC),Epicerie,jeudi,2025-05,B,49,180.0
LAVETTE COTON,145.0,PC (1 PC),Hygiène,samedi,2025-04,A,49,149.0
LENTILLE VRAC,1.0,PC (1 KG),Legumes Secs,samedi,2025-04,D,49,3.0
LEVURE BOULANGERE NORMALE,11.0,PQT (6 PC),Boulangerie_R,mercredi,2025-04,B,49,34.0
LOT CAFE GRAIN CLASSICO CLASSIC ROAST,113.0,PC (1 KG),Cafe,dimanche,2025-04,C,49,113.0
LOT CAFE GRAIN ESPERTO MOYEN GRAIN,14.0,KG (1 KG),Cafe,lundi,2025-04,D,49,53.0
LOT CAFE GRAIN GOURMANDISE,18.0,PC (1 KG),Cafe,samedi,2025-04,D,49,19.0
MAIS EN BOITE,78.05,BTE (340 GR),Epicerie,lundi,2025-04,A,49,92.0
MAIS EN VRAC,1.0,PC (1 KG),Legumes Frais,samedi,2025-04,C,49,9.0
MANGUE,16.0,PC (1 PC),Fruits & Legumes Frais,mardi,2025-04,A,49,39.0
MARGARINE,1.0,SEAU (4.5 KG),Beurre Oeuf Fromage,samedi,2025-04,B,49,13.5
MARINADE EMINCE DE BOEUF,8.0,PC (0.15 KG),Epicerie,samedi,2025-04,C,49,10.0
MARINADE POULET GRILLE,24.0,PC (0.15 KG),Volaille Surgelée,samedi,2025-04,C,49,30.0
MARS CHOCOLAT,120.0,PC,Epicerie,vendredi,2025-05,C,49,160.0
MAYONAISE,44.0,SEAU (5 L),Beurre Oeuf Fromage,samedi,2025-04,A,49,44.0
MELANGE TENDER  PB,8.0,KG (1 KG),Epicerie,samedi,2025-04,C,49,11.0
MELON,6.8,KG (1 KG),Fruits & Legumes Frais,samedi,2025-05,B,49,60.8
MENTOS ROLLS FRUIT FLAVOUR,40.0,PC (1 PC),Epicerie,vendredi,2025-05,D,49,80.0
MENTOS ROLLS MENTHE,80.0,PC (1 PC),Epicerie,jeudi,2025-05,D,49,80.0
MENTOS ROLLS STRAWBERRY,80.0,PC (1 PC),Epicerie,dimanche,2025-04,D,49,80.0
MENTOS ROLLS TUTTI FRUTTI,40.0,PC (1 PC),Epicerie,jeudi,2025-05,D,49,80.0
MIX A CREPE FRAN,80.0,PC (1 KG),Pâtisseries,lundi,2025-04,C,49,150.0
MOELLEUX CHOCOLAT,72.0,PC (1 PC),Viennoiserie,mercredi,2025-04,C,49,108.0
MOUTARDE DIJON,2.0,BTE (850 GR),Epicerie,lundi,2025-04,D,49,12.0
MOZARELLA CERISE,21.0,BTE (20 PC),Beurre Oeuf Fromage,samedi,2025-04,C,49,24.0
MUFFINS VANILLE,48.0,PC (1 PC),Viennoiserie,mercredi,2025-04,B,49,96.0
NOIX DE CAJOU GRILLES SALEES 65GR,48.0,PC (1 PC),Fruits Secs,jeudi,2025-05,B,49,96.0
NUGGETS PANE PB,200.0,PC (1 PC),Volaille Surgelée,samedi,2025-04,A,49,275.0
NUTELLA GO 52 GR,72.0,PC (1 PC),Epicerie,lundi,2025-04,C,49,170.0
OEUFS,66.0,PLT (30 PC),Beurre Oeuf Fromage,samedi,2025-04,A,49,83.0
OIGNONS BLANC,62.85,KG (1 KG),Legumes Frais,samedi,2025-04,A,49,127.3
OIGNONS ROUGE,62.85,KG (1 KG),Legumes Frais,samedi,2025-04,A,49,119.4
OLIVE DENOYETE,14.0,KG (1 KG),Epicerie,mardi,2025-04,B,49,35.0
OLIVE NOIRE SLICE,14.0,KG,Epicerie,lundi,2025-04,B,49,35.0
OLIVE VIOLETTE,5.0,KG,Epicerie,lundi,2025-04,C,49,14.0
PACK FOOD BOWL + COUVERCLE 1.2 L,50.0,PC (1 PC),Consommable,mardi,2025-04,B,49,175.0
PAILLE NOIR,25.0,PQT (250 PC),Consommable,samedi,2025-04,A,49,39.0
PAIN CHAWARMA *10,88.0,PQT (10 PC),Boulangerie_R,samedi,2025-04,A,49,115.0
PAIN DE MIE CEREALE,78.0,PC,Boulangerie_R,samedi,2025-04,B,49,130.0
PAIN DE MIE NATURE,78.0,PC,Boulangerie_R,samedi,2025-04,B,49,130.0
PAIN SCHNECK AUX RAISINS SURG PUR BEURRE GF,300.0,PC (1 PC),Viennoiserie,vendredi,2025-05,B,49,1200.0
PAPIER ALUM DE 100,2.0,PC (1 PC),Consommable,samedi,2025-04,B,49,9.0
PAPIER CUISSON 40*60,2.0,PQT (500 PC),Consommable,mardi,2025-04,C,49,4.0
PAPIER SERVIETTE GOURMANDISE,128.0,PC (1 PC),Consommable,samedi,2025-04,B,49,128.0
PASTEQUE,19.25,KG (1 KG),Fruits & Legumes Frais,samedi,2025-05,B,49,129.85
PATE PAPILLON,5.0,PQT (0.5 KG),Epicerie,dimanche,2025-04,D,49,24.0
PATE PIZZA FOCACCIA 12/40,102.0,PC (1 PC),Boulangerie_R,vendredi,2025-05,A,49,170.0
PATE PLUME COURTE,25.0,PQT (0.5 KG),Epicerie,dimanche,2025-04,B,49,58.0
PATE SPAGHETTI,49.0,PQT (0.5 KG),Epicerie,samedi,2025-04,B,49,74.0
PEPPERONI,2.7,KG (1 KG),Charcuterie,samedi,2025-04,A,49,4.8
PIECE RONDE BOEUF,10.55,KG (1 KG),Viandes Surgelées,mardi,2025-04,D,49,24.200000000000003
PILLE AA,14.0,PC (1 GR),Fournitures de Bureau,samedi,2025-04,D,49,20.0
PIMENT DOUX,33.75,KG (1 KG),Legumes Frais,dimanche,2025-04,A,49,97.3
PIMENT FORT,41.35,KG (1 KG),Legumes Frais,samedi,2025-04,A,49,78.95
PIMENT ROUGE SALLE,10.0,KG (1 KG),Epicerie,mardi,2025-04,B,49,20.0
POCHETTE CROISSANT 15*7*29,1.0,PC (1000 PC),Consommable,samedi,2025-04,C,49,4.0
POIS CHICHE KG,5.0,PC (1 PC),Legumes Secs,mardi,2025-04,C,49,8.0
POIVRE NOIR MOULU,2.0,SCH (1 KG),Epicerie,vendredi,2025-05,B,49,3.0
POMME DE TERRE,164.0,KG (1 KG),Legumes Frais,samedi,2025-04,A,49,292.25
POT NUTELLA,24.0,PC (1 KG),Pâtisseries,lundi,2025-04,D,49,78.0
POUDRE TENDERS PB,20.0,KG (1 KG),Volaille Surgelée,dimanche,2025-04,B,49,42.0
POULET PAC FRAIS,94.41,KG (1 KG),Volaille Fraiche,mardi,2025-04,C,49,98.48
POULET PANE AMANDE PB,245.0,PC (1 PC),Volaille Surgelée,samedi,2025-04,A,49,350.0
PUNCH CIDRE 50CL,24.0,PC (1 PC),Eaux et Sodas,jeudi,2025-05,B,49,164.0
PUNCH ORANGE 50CL,48.0,PC (1 PC),Eaux et Sodas,jeudi,2025-05,B,49,161.0
QUATRE EPICES MOULU,2.0,PC (1 KG),Epicerie,jeudi,2025-05,C,49,3.0
RACLETTE,5.0,PC (1 PC),Hygiène,samedi,2025-04,B,49,7.0
RAME PAPIER A4,16.0,PC (1 PC),Fournitures de Bureau,lundi,2025-04,B,49,23.0
REMANENT HERBE CF,7.0,PC (1 PC),Hygiène,samedi,2025-04,B,49,10.0
RIZ EN PQT,14.0,PC (1 KG),Epicerie,jeudi,2025-05,D,49,24.0
ROQUETTE SALADE BARQUETTE,5.15,KG (1 KG),Legumes Frais,samedi,2025-04,A,49,5.9
ROULEAU CAISSE 80*80,180.0,PC (1 PC),Fournitures de Bureau,samedi,2025-04,A,49,205.0
ROULEAU DE 750 ETIQUETTE BLANC,3.0,PC,Consommable,samedi,2025-05,C,49,16.0
ROULEAU TPE,230.0,PC (1 PC),Fournitures de Bureau,samedi,2025-04,A,49,286.0
SAC BOUTIQUE GDISE HD 50/45 BLANC,250.0,PC (1 PC),Consommable,samedi,2025-05,D,49,1000.0
SALADE LAITUE TUN,258.75,KG (1 KG),Legumes Frais,samedi,2025-04,A,49,393.7
SANEX,7.0,PC (1 PC),Hygiène,samedi,2025-04,A,49,100.0
SANIT SURF,45.0,PC (1 PC),Hygiène,samedi,2025-04,A,49,51.0
SAUCE A L'AIL,9.0,KG (1 KG),Epicerie,samedi,2025-04,B,49,12.0
SAUCE A L'AIL PB,8.0,KG (1 KG),Epicerie,samedi,2025-04,A,49,11.0
SAUCE AU POIVRE PB,4.0,SCH (0.5 KG),Epicerie,samedi,2025-04,C,49,6.0
SAUCE BARBECUE,5.0,L (1 L),Epicerie,lundi,2025-04,C,49,30.0
SAUCE MAYONNAISE PESTO,8.0,PC (1 L),Epicerie,samedi,2025-04,B,49,10.0
SAUCE PESTO PB,4.0,PC (0.6 KG),Epicerie,samedi,2025-04,A,49,5.0
SAUCE PLAN B,20.0,L (1 L),Epicerie,samedi,2025-04,C,49,20.0
SCHWEPPES TONIC 24 CL,17.0,PC (1 PC),Eaux et Sodas,lundi,2025-04,D,49,31.0
SEL,12.0,PC (1 KG),Epicerie,samedi,2025-04,B,49,17.0
SERPILLERE,93.0,PC (1 PC),Hygiène,samedi,2025-04,A,49,122.0
SERVIETTE 30*30 CIGUSTA,48.0,PC (1 PC),Consommable,dimanche,2025-04,B,49,192.0
SERVIETTE 30*30 MF,6.0,PQT (1 PQT),Consommable,vendredi,2025-05,B,49,74.0
SIROP DE VANILLE 1L MONIN,1.0,PC (700 ML),Pâtisseries,vendredi,2025-05,C,49,3.0
STEACK HACHE (PORTION 115GR),27.0,PC (1 KG),Viandes Surgelées,dimanche,2025-04,C,49,32.0
SUCRE EN SACHET CI-GUSTA,20.0,PC (1 PC),Cafe,samedi,2025-04,B,49,120.0
SUCRE EN SACHET DAILY BREAK,130.0,PC (1 KG),Cafe,samedi,2025-04,A,49,230.0
SUCRE GLACE,3.0,PC (1 PC),Pâtisseries,jeudi,2025-05,D,49,27.0
THON HV EN BOITE,107.0,BTE (2.05 KG),Conserve de Poisson,samedi,2025-04,B,49,150.0
TIC TAC STRAWBERRY MIX,12.0,PC (1 PC),Epicerie,dimanche,2025-04,D,49,60.0
TOMATE CERISES,12.65,KG (1 KG),Legumes Frais,samedi,2025-04,A,49,24.95
TOMATE CONCENTREE EN BOITE,36.0,BTE (0.8 KG),Epicerie,dimanche,2025-04,B,49,60.0
TOMATE FRAICHE,407.09,KG (1 KG),Legumes Frais,samedi,2025-04,A,49,526.85
TOMATES SECHEES,0.6,PC (1000 GR),Epicerie,lundi,2025-04,B,49,5.0
VIANDE HACHEE SPECIAL MAIGRE CONGELE KG,73.795,KG (1 KG),Viandes Surgelées,dimanche,2025-04,B,49,128.74
VIANDE SECHE FUME (BRESAOLA) TRANCHES 300GR,7.2,KG (1000 GR),Viandes Fraiches,samedi,2025-04,A,49,11.0
VINAIGRE CREME DE BALSAMIQUE,6.0,BTL (500 ML),Epicerie,samedi,2025-05,D,49,9.0
fondant chocolat individual Margarine,71.0,PC (1 PC),Pâtisseries,samedi,2025-04,C,49,71.0
AC-SMOOTHIE DETOX,10.0,PC (1 PC),Jus Fruit Lait,mercredi,2025-05,D,50,20.0
AC-SMOOTHIE EXOTIC,10.0,PC (1 PC),Jus Fruit Lait,mercredi,2025-05,D,50,20.0
AC-SMOOTHIE LE CLASSIQUE,10.0,PC (1 PC),Jus Fruit Lait,mercredi,2025-05,D,50,20.0
AC-SMOOTHIE PEACH'TINI,10.0,PC (1 PC),Jus Fruit Lait,mercredi,2025-05,D,50,20.0
AC-SMOOTHIE TROPIC TRIP,10.0,PC (1 PC),Jus Fruit Lait,mercredi,2025-05,D,50,20.0
AIL,3.0,KG (1 KG),Legumes Frais,dimanche,2025-05,B,50,8.3
AIL EN POUDRE,1.0,KG (1 KG),Epicerie,jeudi,2025-05,C,50,2.0
AJAX VITRE,31.0,PC (1 PC),Hygiène,mardi,2025-05,A,50,32.0
ALKASURF DDA 5KG,15.0,PC (1 PC),Hygiène,dimanche,2025-05,D,50,15.0
AMANDE EFFILEE,2.0,PC (1 KG),Fruits Secs,mardi,2025-05,B,50,4.0
AMANDES GRILEES SALEES 70GR,24.0,PC (1 PC),Fruits Secs,mardi,2025-05,B,50,84.0
AMSTEL BEER BLLE 33CL,230.0,BTL (1 BTL),Alcools,jeudi,2025-05,B,50,432.0
ANANAS GRAND,30.0,PC,Fruits & Legumes Frais,jeudi,2025-05,C,50,51.0
ASEPCLOR,50.0,PC (1 PC),Hygiène,mercredi,2025-05,A,50,60.0
AUBERGINE,15.35,KG (1 KG),Legumes Frais,mardi,2025-05,B,50,17.75
AVOCAT FRUIT PIECE,20.0,PC (1 PC),Fruits & Legumes Frais,mardi,2025-05,B,50,43.0
BACON BOEUF FUME TRANCHES ( 300GR),4.5,KG (1000 GR),Viandes Fraiches,mardi,2025-05,A,50,6.9
BALAIS SANS MANCHE,9.0,PC (1 PC),Hygiène,mardi,2025-05,C,50,9.0
BANANE,12.0,PC (1 PC),Fruits & Legumes Frais,jeudi,2025-05,A,50,155.0
BASILIC BARQUETTE,11.05,KG (1 KG),Legumes Frais,mardi,2025-05,A,50,11.05
BISCUIT TUC,24.0,PC (1 PC),Epicerie,mardi,2025-05,D,50,120.0
BLOUSE NON TISSEE,26.0,PC (1 KG),Hygiène,mardi,2025-05,C,50,36.0
BOGA LIME PET 30 CL,48.0,PC (1 PC),Eaux et Sodas,jeudi,2025-05,C,50,228.0
BOUTEILLE DE VINAIGRETTE 250ML,5.0,PC (250 GR),Epicerie,mardi,2025-05,A,50,16.0
BROCHETTE BAMBOO 20,7.0,SCH (100 PC),Consommable,dimanche,2025-05,C,50,14.0
CAKE CHOCOLAT PBC,72.0,PC (1 PC),Viennoiserie,jeudi,2025-05,B,50,88.0
CAKE MARBRE MARGARINE,220.0,PC (1 PC),Pâtisseries,lundi,2025-05,A,50,561.0
CAKE MARBRE PBC,176.0,PC (1 PC),Viennoiserie,jeudi,2025-05,A,50,363.0
CAKE NATURE MARGARINE,110.0,PC (1 PC),Pâtisseries,lundi,2025-05,C,50,132.0
CAKE ORANGE PBC,72.0,PC (1 PC),Viennoiserie,jeudi,2025-05,B,50,170.0
CAPSULE CAFEITALY COLOMBIA,80.0,PC (1 PC),Cafe,mardi,2025-05,C,50,310.0
CAPSULE CAFFITALY VIGOROSO,212.0,PC,Cafe,mardi,2025-05,D,50,408.0
CAROTTE,59.5,KG (1 KG),Legumes Frais,mardi,2025-05,A,50,67.1
CELTIA FUT DE 50L,2.0,PC (50 L),Alcools,vendredi,2025-05,B,50,6.0
CHAMPIGNON FRAIS,30.0,KG (1 KG),Legumes Frais,mercredi,2025-05,A,50,39.0
CHAPLUR,3.0,PC (1 KG),Epicerie,lundi,2025-05,C,50,16.0
CHOCOLAT EN POUDRE,61.0,PC (0.2 KG),Cafe,mardi,2025-05,A,50,86.0
CHOUX ROUGE,8.0,KG (1 KG),Legumes Frais,mardi,2025-05,A,50,9.6
CHOUX VERT,8.4,KG (1 KG),Legumes Frais,mardi,2025-05,B,50,12.8
CITRON FRAIS,12.9,KG (1 KG),Legumes Frais,mercredi,2025-05,B,50,21.6
CITRON SALLE,2.0,SEAU (7 KG),Legumes Frais,mercredi,2025-05,B,50,28.0
COCA COLA PET 30CL.,24.0,PC (1 PC),Eaux et Sodas,jeudi,2025-05,C,50,456.0
COFFRET CHECHIA AV SEP 16/16,50.0,PC (1 PC),Consommable,vendredi,2025-05,C,50,125.0
COFFRET PORTRAIT AV SEP 11.5/11.5,50.0,PC (1 PC),Consommable,vendredi,2025-05,C,50,175.0
COFFRET PORTRAIT AV SEP 19.5/19.5,50.0,PC (1 PC),Consommable,vendredi,2025-05,C,50,200.0
COFFRET PORTRAIT AV SEP24.5/14.5,50.0,PC (1 PC),Consommable,vendredi,2025-05,C,50,150.0
CONCOMBRE,129.05,KG (1 KG),Legumes Frais,mardi,2025-05,A,50,177.692
COOKIES,120.0,PC (1 PC),Viennoiserie,jeudi,2025-05,C,50,120.0
COURGE,9.55,KG (1 KG),Legumes Frais,dimanche,2025-05,B,50,47.65
COURGETTE,15.9,KG (1 KG),Legumes Frais,mardi,2025-05,A,50,28.6
COUSCOUS,26.0,PQT (1 KG),Epicerie,mercredi,2025-05,D,50,33.0
CREME DE CUISSON,14.0,BTE (0.95 L),Beurre Oeuf Fromage,dimanche,2025-05,B,50,27.0
CREVETTE 26/30 AVEC QUEUE  SURG.,2.0,KG (1 KG),Poisson Surgelé_R,mercredi,2025-05,C,50,4.0
CURCUMIN MOULU,1.0,SCH (1 KG),Epicerie,lundi,2025-05,D,50,2.2
DADDY'S CHIPS CLASSIC SEL DE MER 70G,180.0,PC (1 PC),Epicerie,mercredi,2025-05,A,50,225.0
DADDY'S CHIPS SAVORY TRUFFE PARMESAN 70G,75.0,PC (1 PC),Epicerie,mercredi,2025-05,B,50,165.0
DADDY'S CHIPS SPICY PAPRIKA 70G,120.0,PC (1 PC),Epicerie,mercredi,2025-05,A,50,165.0
DATTE EN VRAC,3.3,KG (1 KG),Fruits & Legumes Frais,mardi,2025-05,B,50,18.3
DINOL,29.0,BIDON (4.75 L),Hygiène,mardi,2025-05,A,50,135.0
EAU MINÉRALE 6L,84.0,BTL (1 PC),Eaux et Sodas,mardi,2025-05,A,50,90.0
EMINCE DE BOEUF PORT. SURGELE,32.7,KG (1000 GR),Viandes Surgelées,mardi,2025-05,A,50,79.49000000000001
EPINARD,3.1,KG,Legumes Frais,mercredi,2025-05,B,50,12.15
ESCALOPE DE DINDE FUME EN TRANCHE,45.0,KG (1 KG),Charcuterie,mercredi,2025-05,C,50,70.0
ESCALOPE POULET FRAIS,64.9,KG (1 KG),Volaille Surgelée,mercredi,2025-05,A,50,503.16
ESCALOPE POULET PANE CONGELE,105.63,KG (1 KG),Volaille Surgelée,mardi,2025-05,A,50,128.91
ESSUIT TOUT JUMBO,124.0,PC (1 KG),Hygiène,mardi,2025-05,A,50,157.0
FANTA PET 30,72.0,PC (1 PC),Eaux et Sodas,jeudi,2025-05,C,50,228.0
FARINE EN PAQUET,170.0,PC (1 KG),Epicerie,mercredi,2025-05,A,50,252.0
FESTIFE MIX 100 GR,24.0,PC (1 PC),Fruits Secs,dimanche,2025-05,C,50,32.0
FILM ETIRABLE,22.0,PC (1 PC),Consommable,mercredi,2025-05,A,50,33.0
FRAISE FRAIS,47.45,KG (1 KG),Fruits & Legumes Frais,mardi,2025-05,A,50,64.35
FRITE SURGELE 9/9 CLASSIC 2.5 KG,210.0,KG (1 KG),Legumes Surgelés,mardi,2025-05,A,50,290.0
FRITE SURGELE WEDGES 2.5 KG,30.0,KG (1 KG),Legumes Surgelés,mardi,2025-05,B,50,90.0
FROMAGE BLANC FONDU KG,4.4,KG,Beurre Oeuf Fromage,lundi,2025-05,C,50,15.4
FROMAGE BUCHE BLANCHE CHEVRE KG,3.0,KG (1 KG),Beurre Oeuf Fromage,vendredi,2025-05,B,50,5.0
FROMAGE CHEDDAR EN BLOC,36.43,KG (1 KG),Beurre Oeuf Fromage,mardi,2025-05,A,50,65.0
FROMAGE EDAM MEULE,14.38,KG (1 KG),Beurre Oeuf Fromage,mardi,2025-05,B,50,35.622
FROMAGE GORGONZELA,2.0,PC (150 GR),Beurre Oeuf Fromage,dimanche,2025-05,A,50,13.0
FROMAGE LAND OR,3.6,PC (1 KG),Beurre Oeuf Fromage,lundi,2025-05,A,50,25.4
FROMAGE MAASDAM EN BLOC,37.0,KG (1 KG),Beurre Oeuf Fromage,mardi,2025-05,B,50,42.0
FROMAGE MEULE GOUDA,19.76,KG (1 KG),Beurre Oeuf Fromage,mardi,2025-05,C,50,24.502
FROMAGE MOZZARELLA  KG,100.0,KG (1 KG),Beurre Oeuf Fromage,mardi,2025-05,A,50,176.93
FROMAGE PARMESAN PB,1.2000000000000002,KG (1 KG),Beurre Oeuf Fromage,mardi,2025-05,A,50,3.8
FROMAGE TRIANGLE FONDU STREET &CO,18.0,BTE (48 PC),Beurre Oeuf Fromage,jeudi,2025-05,C,50,18.0
FUT HEINEKEIN,9.0,BTL (20 L),Alcools,jeudi,2025-05,B,50,240.0
GARCI GAZ 1L,194.0,PC (1 PC),Eaux et Sodas,mardi,2025-05,A,50,316.0
GATEAU CHOCOLAT PBC,60.0,PC (1 PC),Viennoiserie,jeudi,2025-05,B,50,100.0
HARISSA ARBI,7.0,BTE (0.45 KG),Epicerie,dimanche,2025-05,A,50,23.0
HARISSA CONCENTRE EN BOITE,31.0,BTE (2 KG),Epicerie,mardi,2025-05,A,50,57.0
HUILE D'OLIVE POMACE,23.75,L (1 L),Epicerie,mardi,2025-05,B,50,28.5
HUILE VEGETALE,49.0,BIDON (5 L),Epicerie,mardi,2025-05,A,50,67.0
JAMBON DE BOEUF FUME,9.7,KG (1 KG),Charcuterie,vendredi,2025-05,A,50,18.1
JAMBON DE DINDE,9.65,KG (1 KG),Charcuterie,lundi,2025-05,A,50,34.15
JEX CARRE,180.0,PC (1 PC),Hygiène,mardi,2025-05,A,50,180.0
JOUR ET NUIT BLANC 1/2,29.0,PC (1 PC),Alcools,vendredi,2025-05,C,50,52.0
JOUR ET NUIT ROSE 1/2,29.0,PC (1 PC),Alcools,vendredi,2025-05,B,50,52.0
JOUR ET NUIT ROUGE 1/2,26.0,PC (1 PC),Alcools,mardi,2025-05,C,50,48.0
JOUR ET NUIT3/4 BLANC,12.0,PC (1 PC),Alcools,dimanche,2025-05,C,50,30.0
KETCHUP,5.0,L (1 L),Epicerie,jeudi,2025-05,C,50,40.0
KINDER BUENO,150.0,PC (1 PC),Epicerie,vendredi,2025-05,A,50,300.0
KINDER T4,80.0,PC (1 PC),Epicerie,vendredi,2025-05,B,50,180.0
LAVETTE COTON,147.0,PC (1 PC),Hygiène,mardi,2025-05,A,50,149.0
LENTILLE VRAC,2.0,PC (1 KG),Legumes Secs,jeudi,2025-05,D,50,3.0
LEVURE BOULANGERE NORMALE,21.0,PQT (6 PC),Boulangerie_R,mercredi,2025-05,B,50,34.0
LEVURE CHIMIQUE,2.0,PQT (1000 GR),Pâtisseries,mardi,2025-05,D,50,3.0
LOT CAFE GRAIN CLASSICO CLASSIC ROAST,103.0,PC (1 KG),Cafe,mardi,2025-05,C,50,113.0
LOT CAFE GRAIN ESPERTO MOYEN GRAIN,53.0,KG,Cafe,mardi,2025-05,D,50,53.0
LOT CAFE GRAIN GOURMANDISE,9.0,PC (1 KG),Cafe,mardi,2025-05,D,50,19.0
MAIS EN BOITE,36.0,BTE (340 GR),Epicerie,mardi,2025-05,A,50,92.0
MANGUE,30.0,PC (1 PC),Fruits & Legumes Frais,jeudi,2025-05,A,50,39.0
MARINADE EMINCE DE BOEUF,10.0,PC (0.15 KG),Epicerie,mardi,2025-05,C,50,10.0
MARINADE POULET GRILLE,30.0,PC (0.15 KG),Volaille Surgelée,mardi,2025-05,C,50,30.0
MARS CHOCOLAT,80.0,PC (1 PC),Epicerie,mardi,2025-05,C,50,160.0
MAYONAISE,25.0,SEAU (5 L),Beurre Oeuf Fromage,mercredi,2025-05,A,50,44.0
MELANGE EPICES VIANDE 500GR PB,1.0,SAC (0.5 KG),Epicerie,mardi,2025-05,D,50,2.0
MELANGE TENDER  PB,9.0,KG (1 KG),Epicerie,mardi,2025-05,C,50,11.0
MELON,17.75,KG (1 KG),Fruits & Legumes Frais,mercredi,2025-05,B,50,60.8
MENTHE FRAICHE,8.0,PC (1 PC),Legumes Frais,mercredi,2025-05,B,50,16.0
MIEL MILLE FLEURS,3.0,KG (1 KG),Epicerie,jeudi,2025-05,D,50,5.0
MIX A CREPE FRAN,100.0,PC (1 KG),Pâtisseries,mardi,2025-05,C,50,150.0
MOELLEUX CHOCOLAT,72.0,PC (1 PC),Viennoiserie,jeudi,2025-05,C,50,108.0
MOUSSE CHOCOLAT,2.0,PC,Pâtisseries,samedi,2025-05,D,50,4.0
MOUTARDE DIJON,6.0,BTE (850 GR),Epicerie,vendredi,2025-05,D,50,12.0
MOZARELLA CERISE,12.0,BTE (20 PC),Beurre Oeuf Fromage,samedi,2025-05,C,50,24.0
MUFFINS VANILLE,72.0,PC (1 PC),Viennoiserie,jeudi,2025-05,B,50,96.0
NOISETTE GRILLEE CONCASSEE,1.0,PC (1 KG),Fruits Secs,mardi,2025-05,D,50,3.0
NOIX DE CAJOU GRILLES SALEES 65GR,36.0,PC (1 PC),Fruits Secs,dimanche,2025-05,B,50,96.0
NUGGETS PANE PB,100.0,PC (1 PC),Volaille Surgelée,mardi,2025-05,A,50,275.0
NUTELLA GO 52 GR,170.0,PC (1 PC),Epicerie,mercredi,2025-05,C,50,170.0
OEUFS,83.0,PLT (30 PC),Beurre Oeuf Fromage,mardi,2025-05,A,50,83.0
OIGNONS BLANC,69.35,KG (1 KG),Legumes Frais,mardi,2025-05,A,50,127.3
OIGNONS ROUGE,80.0,KG (1 KG),Legumes Frais,mardi,2025-05,A,50,119.4
OLIVE DENOYETE,14.0,KG (1 KG),Epicerie,vendredi,2025-05,B,50,35.0
OLIVE NOIRE SLICE,14.0,KG (1 KG),Epicerie,vendredi,2025-05,B,50,35.0
OLIVE VIOLETTE,5.0,KG (1 KG),Epicerie,mardi,2025-05,C,50,14.0
PACK FOOD BOWL + COUVERCLE 1.2 L,100.0,PC (1 PC),Consommable,jeudi,2025-05,B,50,175.0
PAILLE NOIR,10.0,PQT (250 PC),Consommable,mercredi,2025-05,A,50,39.0
PAIN CHAWARMA *10,81.0,PQT (10 PC),Boulangerie_R,mardi,2025-05,A,50,115.0
PAIN DE MIE CEREALE,78.0,PC (1 PC),Boulangerie_R,mardi,2025-05,B,50,130.0
PAIN DE MIE NATURE,78.0,PC,Boulangerie_R,mardi,2025-05,B,50,130.0
PAIN SCHNECK AUX RAISINS SURG PUR BEURRE GF,300.0,PC (1 PC),Viennoiserie,vendredi,2025-05,B,50,1200.0
PAIN SHNEK AU RAISIN MARGARINE,150.0,PC (1 KG),Pâtisseries,vendredi,2025-05,C,50,700.0
PAPIER CUISSON 40*60,1.0,PQT (500 PC),Consommable,mardi,2025-05,C,50,4.0
PAPIER SERVIETTE GOURMANDISE,40.0,PC (1 PC),Consommable,jeudi,2025-05,B,50,128.0
PAQUET 17/4,200.0,PC (1 PC),Consommable,mardi,2025-05,C,50,300.0
PASTEQUE,39.75,KG (1 KG),Fruits & Legumes Frais,mercredi,2025-05,B,50,129.85
PATE PAPILLON,23.0,PQT (0.5 KG),Epicerie,mardi,2025-05,D,50,24.0
PATE PIZZA FOCACCIA 12/40,170.0,PC (1 PC),Boulangerie_R,mercredi,2025-05,A,50,170.0
PATE PLUME COURTE,34.0,PQT (0.5 KG),Epicerie,samedi,2025-05,B,50,58.0
PATE SPAGHETTI,67.0,PQT (0.5 KG),Epicerie,samedi,2025-05,B,50,74.0
PEPPERONI,0.8999999999999999,KG (1 KG),Charcuterie,vendredi,2025-05,A,50,4.8
PIECE RONDE BOEUF,20.75,KG (1 KG),Viandes Surgelées,mardi,2025-05,D,50,24.200000000000003
PIMENT DOUX,45.0,KG (1 KG),Legumes Frais,mardi,2025-05,A,50,97.3
PIMENT FORT,21.2,KG (1 KG),Legumes Frais,mercredi,2025-05,A,50,78.95
PIMENT ROUGE SALLE,5.0,KG (1 KG),Epicerie,vendredi,2025-05,B,50,20.0
PISTACHE CONCASSEE,2.0,PC (1000 GR),Fruits Secs,mardi,2025-05,C,50,4.0
POCHETTE CROISSANT 15*7*29,1.0,PC (1000 PC),Consommable,jeudi,2025-05,C,50,4.0
POIS CHICHE KG,4.0,PC (1 PC),Legumes Secs,mercredi,2025-05,C,50,8.0
POIVRE NOIR MOULU,2.0,SCH (1 KG),Epicerie,lundi,2025-05,B,50,3.0
POMME DE TERRE,178.3,KG (1 KG),Legumes Frais,mardi,2025-05,A,50,292.25
POT NUTELLA,33.0,PC (1 KG),Pâtisseries,mardi,2025-05,D,50,78.0
POUDRE TENDERS PB,10.0,KG (1 KG),Volaille Surgelée,samedi,2025-05,B,50,42.0
POULET PAC FRAIS,41.97,KG (1 KG),Volaille Fraiche,mercredi,2025-05,C,50,98.48
POULET PANE AMANDE PB,210.0,PC (1 PC),Volaille Surgelée,mardi,2025-05,A,50,350.0
PUNCH ORANGE 50CL,47.0,PC (1 PC),Eaux et Sodas,jeudi,2025-05,B,50,161.0
PUREE ANANAS 1 L,1.0,PC (1 L),Epicerie,mercredi,2025-05,D,50,2.0
PUREE DE BANANE 1L,1.0,PC (1 L),Epicerie,mercredi,2025-05,D,50,2.0
PUREE DE KIWI 1.32KG MONIN,1.0,PC (1000 GR),Pâtisseries,mardi,2025-05,D,50,2.0
PUREE FRAISE 1.32KG MONIN,1.0,KG (1320 GR),Pâtisseries,mercredi,2025-05,D,50,2.0
PUREE MANGUE 1L,1.0,PC (1 L),Epicerie,mercredi,2025-05,D,50,2.0
QUATRE EPICES MOULU,1.0,PC (1 KG),Epicerie,lundi,2025-05,C,50,3.0
RACLETTE,5.0,PC (1 PC),Hygiène,mercredi,2025-05,B,50,7.0
RIZ EN PQT,14.0,PC (1 KG),Epicerie,jeudi,2025-05,D,50,24.0
ROQUETTE SALADE BARQUETTE,5.05,KG (1 KG),Legumes Frais,mercredi,2025-05,A,50,5.9
ROULEAU CAISSE 80*80,65.0,PC (1 PC),Fournitures de Bureau,mardi,2025-05,A,50,205.0
ROULEAU DE 750 ETIQUETTE BLANC,5.0,PC,Consommable,dimanche,2025-05,C,50,16.0
ROULEAU TPE,210.0,PC (1 PC),Fournitures de Bureau,mardi,2025-05,A,50,286.0
SAC EN PAPIER KRAFT 30/30/26,150.0,PC (1 PC),Consommable,jeudi,2025-05,C,50,150.0
SACHET BRETELLES 38X60 MF,200.0,PC (1 PC),Consommable,mardi,2025-05,B,50,225.0
SALADE LAITUE TUN,279.25,KG (1 KG),Legumes Frais,mardi,2025-05,A,50,393.7
SANEX,13.0,PC (1 PC),Hygiène,mardi,2025-05,A,50,100.0
SANIT SURF,32.0,PC (1 PC),Hygiène,mardi,2025-05,A,50,51.0
SAUCE A L'AIL,6.0,KG (1 KG),Epicerie,jeudi,2025-05,B,50,12.0
SAUCE A L'AIL PB,10.0,KG (1 KG),Epicerie,mardi,2025-05,A,50,11.0
SAUCE AU POIVRE PB,5.0,SCH (0.5 KG),Epicerie,mardi,2025-05,C,50,6.0
SAUCE BARBECUE,5.0,L (1 L),Epicerie,jeudi,2025-05,C,50,30.0
SAUCE MAYONNAISE PESTO,10.0,PC (1 L),Epicerie,mardi,2025-05,B,50,10.0
SAUCE PESTO PB,5.0,PC (0.6 KG),Epicerie,mardi,2025-05,A,50,5.0
SAUCE PLAN B,10.0,L (1 L),Epicerie,vendredi,2025-05,C,50,20.0
SEL,11.0,PC (1 KG),Epicerie,vendredi,2025-05,B,50,17.0
SERPILLERE,73.0,PC (1 PC),Hygiène,jeudi,2025-05,A,50,122.0
SERVIETTE 30*30 CIGUSTA,96.0,PC (1 PC),Consommable,mardi,2025-05,B,50,192.0
SERVIETTE 30*30 MF,44.0,PQT (1 PQT),Consommable,mardi,2025-05,B,50,74.0
SIROP DE CARAMEL 1L MONIN,1.0,PC (1000 ML),Pâtisseries,mardi,2025-05,B,50,5.0
SUCRE EN SACHET CI-GUSTA,20.0,PC (1 PC),Cafe,vendredi,2025-05,B,50,120.0
SUCRE EN SACHET DAILY BREAK,140.0,PC (1 KG),Cafe,mardi,2025-05,A,50,230.0
SUCRE GLACE,23.0,PC,Pâtisseries,mercredi,2025-05,D,50,27.0
TENDER DE POULET 1KG,30.0,KG (1 KG),Volaille Surgelée,jeudi,2025-05,D,50,225.0
THON HV EN BOITE,120.0,BTE (2.05 KG),Conserve de Poisson,mardi,2025-05,B,50,150.0
THYM MOULU,1.0,PC (1 KG),Epicerie,jeudi,2025-05,D,50,2.0
TOMATE CERISES,13.3,KG (1 KG),Legumes Frais,mardi,2025-05,A,50,24.95
TOMATE CONCENTREE EN BOITE,60.0,BTE (0.8 KG),Epicerie,mercredi,2025-05,B,50,60.0
TOMATE FRAICHE,436.1,KG (1 KG),Legumes Frais,mardi,2025-05,A,50,526.85
TOMATES SECHEES,0.5,PC (1000 GR),Epicerie,jeudi,2025-05,B,50,5.0
TOQUE CHEF,1.0,PC (1 PC),Hygiène,jeudi,2025-05,C,50,6.0
VARIANTES,1.0,SEAU (7 KG),Legumes Frais,dimanche,2025-05,D,50,10.0
VIANDE HACHEE SPECIAL MAIGRE CONGELE KG,61.77,KG (1 KG),Viandes Surgelées,mercredi,2025-05,B,50,128.74
VIANDE SECHE FUME (BRESAOLA) TRANCHES 300GR,7.5,KG (1000 GR),Viandes Fraiches,mardi,2025-05,A,50,11.0
VINAIGRE CREME DE BALSAMIQUE,9.0,BTL (500 ML),Epicerie,lundi,2025-05,D,50,9.0
fondant chocolat individual Margarine,27.0,PC (1 PC),Pâtisseries,lundi,2025-05,C,50,71.0
AC-SMOOTHIE DETOX,20.0,PC (1 PC),Jus Fruit Lait,dimanche,2025-05,D,51,20.0
AC-SMOOTHIE EXOTIC,20.0,PC (1 PC),Jus Fruit Lait,dimanche,2025-05,D,51,20.0
AC-SMOOTHIE LE CLASSIQUE,20.0,PC (1 PC),Jus Fruit Lait,dimanche,2025-05,D,51,20.0
AC-SMOOTHIE PEACH'TINI,20.0,PC (1 PC),Jus Fruit Lait,dimanche,2025-05,D,51,20.0
AC-SMOOTHIE TROPIC TRIP,20.0,PC (1 PC),Jus Fruit Lait,dimanche,2025-05,D,51,20.0
AIL,2.2,KG (1 KG),Legumes Frais,mercredi,2025-05,B,51,8.3
AJAX VITRE,13.0,PC (1 PC),Hygiène,vendredi,2025-05,A,51,32.0
ALKASURF DDA 5KG,10.0,PC (1 PC),Hygiène,mardi,2025-05,D,51,15.0
AMANDE EFFILEE,4.0,PC (1 KG),Fruits Secs,vendredi,2025-05,B,51,4.0
AMANDES GRILEES SALEES 70GR,36.0,PC (1 PC),Fruits Secs,mercredi,2025-05,B,51,84.0
AMSTEL BEER BLLE 33CL,113.0,BTL (1 BTL),Alcools,lundi,2025-05,B,51,432.0
ANANAS GRAND,51.0,PC,Fruits & Legumes Frais,vendredi,2025-05,C,51,51.0
ASEPCLOR,20.0,PC (1 PC),Hygiène,mardi,2025-05,A,51,60.0
AUBERGINE,17.75,KG (1 KG),Legumes Frais,vendredi,2025-05,B,51,17.75
AVOCAT FRUIT PIECE,16.0,PC (1 PC),Fruits & Legumes Frais,dimanche,2025-05,B,51,43.0
BACON BOEUF FUME TRANCHES ( 300GR),3.6,KG (1000 GR),Viandes Fraiches,samedi,2025-05,A,51,6.9
BACTYGEL 703 CF,4.0,BTL (1 BTL),Hygiène,mardi,2025-05,B,51,4.0
BANANE,67.0,PC (1 PC),Fruits & Legumes Frais,vendredi,2025-05,A,51,155.0
BASILIC BARQUETTE,6.55,KG,Legumes Frais,dimanche,2025-05,A,51,11.05
BLOUSE NON TISSEE,17.0,PC (1 KG),Hygiène,dimanche,2025-05,C,51,36.0
BOITE FRAPPE CAFE 1.36KG MONIN,1.0,BTE (1360 GR),Pâtisseries,vendredi,2025-05,C,51,6.0
BOITE FRAPPE VANILLE 1.36KG MONIN,1.0,BTE (1.36 KG),Pâtisseries,vendredi,2025-05,C,51,6.0
BOITE PIZZA ONDULEE 31/31,50.0,PC,Consommable,mercredi,2025-05,C,51,200.0
BOUTEILLE DE VINAIGRETTE 250ML,4.0,PC (250 GR),Epicerie,samedi,2025-05,A,51,16.0
CACAHUETES GRILLEES SALEES 70GR,36.0,PC (1 PC),Fruits Secs,mercredi,2025-05,C,51,60.0
CACAO EN POUDRE,4.0,PQT (0.25 KG),Cafe,vendredi,2025-05,C,51,7.0
CAKE CHOCOLAT PBC,40.0,PC (1 PC),Viennoiserie,mercredi,2025-05,B,51,88.0
CAKE MARBRE MARGARINE,209.0,PC (1 PC),Pâtisseries,mercredi,2025-05,A,51,561.0
CAKE MARBRE PBC,110.0,PC (1 PC),Viennoiserie,samedi,2025-05,A,51,363.0
CAKE NATURE MARGARINE,110.0,PC (1 PC),Pâtisseries,mercredi,2025-05,C,51,132.0
CAPRE VRAC,2.0,SEAU (2 KG),Legumes Frais,mardi,2025-05,B,51,9.0
CAPSULE CAFEITALY COLOMBIA,130.0,PC (1 PC),Cafe,jeudi,2025-05,C,51,310.0
CAPSULE CAFFITALY VIGOROSO,110.0,PC,Cafe,lundi,2025-05,D,51,408.0
CAROTTE,30.1,KG (1 KG),Legumes Frais,vendredi,2025-05,A,51,67.1
CELTIA FUT DE 50L,4.0,PC (50 L),Alcools,vendredi,2025-05,B,51,6.0
CHAMPIGNON FRAIS,15.0,KG (1 KG),Legumes Frais,samedi,2025-05,A,51,39.0
CHAPLUR,5.0,PC (1 KG),Epicerie,samedi,2025-05,C,51,16.0
CHOCOLAT EN POUDRE,37.0,PC (0.2 KG),Cafe,dimanche,2025-05,A,51,86.0
CHOUX ROUGE,9.6,KG (1 KG),Legumes Frais,vendredi,2025-05,A,51,9.6
CHOUX VERT,10.95,KG (1 KG),Legumes Frais,vendredi,2025-05,B,51,12.8
CITRON FRAIS,21.6,KG (1 KG),Legumes Frais,vendredi,2025-05,B,51,21.6
CITRON SALLE,1.0,SEAU (7 KG),Legumes Frais,dimanche,2025-05,B,51,28.0
COFFRET CHECHIA AV SEP 16/16,50.0,PC (1 PC),Consommable,vendredi,2025-05,C,51,125.0
COFFRET PORTRAIT AV SEP 11.5/11.5,75.0,PC (1 PC),Consommable,vendredi,2025-05,C,51,175.0
COFFRET PORTRAIT AV SEP 19.5/19.5,50.0,PC (1 PC),Consommable,vendredi,2025-05,C,51,200.0
COFFRET PORTRAIT AV SEP24.5/14.5,50.0,PC (1 PC),Consommable,vendredi,2025-05,C,51,150.0
CONCOMBRE,84.3,KG (1 KG),Legumes Frais,vendredi,2025-05,A,51,177.692
CORNICHON FRAIS,2.0,SEAU (2 KG),Legumes Frais,mardi,2025-05,B,51,12.0
COURGE,15.1,KG (1 KG),Legumes Frais,dimanche,2025-05,B,51,47.65
COURGETTE,19.55,KG (1 KG),Legumes Frais,vendredi,2025-05,A,51,28.6
COUSCOUS,12.0,PQT (1 KG),Epicerie,jeudi,2025-05,D,51,33.0
CREME A FOUETTER,14.0,PC,GLACES,vendredi,2025-05,B,51,16.0
CREME CHANTILLY,10.0,PC,Pâtisseries,vendredi,2025-05,D,51,11.0
CREME DE CUISSON,15.0,BTE (0.95 L),Beurre Oeuf Fromage,samedi,2025-05,B,51,27.0
CURCUMIN MOULU,1.0,SCH (1 KG),Epicerie,vendredi,2025-05,D,51,2.2
DADDY'S CHIPS CLASSIC SEL DE MER 70G,15.0,PC (1 PC),Epicerie,mercredi,2025-05,A,51,225.0
DADDY'S CHIPS SAVORY TRUFFE PARMESAN 70G,45.0,PC (1 PC),Epicerie,dimanche,2025-05,B,51,165.0
DADDY'S CHIPS SPICY PAPRIKA 70G,15.0,PC (1 PC),Epicerie,dimanche,2025-05,A,51,165.0
DATTE EN VRAC,2.8,KG,Fruits & Legumes Frais,dimanche,2025-05,B,51,18.3
DINOL,19.0,BIDON (4.75 L),Hygiène,samedi,2025-05,A,51,135.0
EAU MINÉRALE 6L,72.0,BTL (1 PC),Eaux et Sodas,vendredi,2025-05,A,51,90.0
EMINCE DE BOEUF PORT. SURGELE,23.07,KG (1000 GR),Viandes Surgelées,mardi,2025-05,A,51,79.49000000000001
EPINARD,5.35,KG (1 KG),Legumes Frais,dimanche,2025-05,B,51,12.15
ESCALOPE DE DINDE FUME EN TRANCHE,35.0,KG (1 KG),Charcuterie,vendredi,2025-05,C,51,70.0
ESCALOPE POULET PANE CONGELE,17.45,KG (1 KG),Volaille Surgelée,vendredi,2025-05,A,51,128.91
ESSUIES VERRES,2.0,PC (1 PC),Hygiène,dimanche,2025-05,D,51,4.0
ESSUIT TOUT JUMBO,140.0,PC (1 KG),Hygiène,vendredi,2025-05,A,51,157.0
FARINE EN PAQUET,139.0,PC (1 KG),Epicerie,dimanche,2025-05,A,51,252.0
FESTIFE MIX 100 GR,32.0,PC (1 PC),Fruits Secs,dimanche,2025-05,C,51,32.0
FILM ETIRABLE,27.0,PC (1 PC),Consommable,vendredi,2025-05,A,51,33.0
FRAISE FRAIS,52.35,KG (1 KG),Fruits & Legumes Frais,vendredi,2025-05,A,51,64.35
FRITE SURGELE 9/9 CLASSIC 2.5 KG,130.0,KG (1 KG),Legumes Surgelés,samedi,2025-05,A,51,290.0
FRITE SURGELE WEDGES 2.5 KG,30.0,KG (1 KG),Legumes Surgelés,samedi,2025-05,B,51,90.0
FROMAGE BLANC FONDU KG,4.4,KG (1 KG),Beurre Oeuf Fromage,lundi,2025-05,C,51,15.4
FROMAGE BUCHE BLANCHE CHEVRE KG,5.0,KG (1 KG),Beurre Oeuf Fromage,mardi,2025-05,B,51,5.0
FROMAGE CHEDDAR EN BLOC,12.09,KG (1 KG),Beurre Oeuf Fromage,jeudi,2025-05,A,51,65.0
FROMAGE EDAM MEULE,7.338,KG (1 KG),Beurre Oeuf Fromage,dimanche,2025-05,B,51,35.622
FROMAGE FETA (Nature),0.45,PC (1 KG),Beurre Oeuf Fromage,vendredi,2025-05,D,51,1.6
FROMAGE LAND OR,9.0,PC (1 KG),Beurre Oeuf Fromage,samedi,2025-05,A,51,25.4
FROMAGE MAASDAM EN BLOC,27.0,KG (1 KG),Beurre Oeuf Fromage,vendredi,2025-05,B,51,42.0
FROMAGE MEULE GOUDA,13.792,KG (1 KG),Beurre Oeuf Fromage,samedi,2025-05,C,51,24.502
FROMAGE MOZZARELLA  KG,100.0,KG (1 KG),Beurre Oeuf Fromage,vendredi,2025-05,A,51,176.93
FROMAGE PARMESAN PB,1.4,KG (1 KG),Beurre Oeuf Fromage,vendredi,2025-05,A,51,3.8
FROMAGE TRIANGLE FONDU STREET &CO,15.0,BTE (48 PC),Beurre Oeuf Fromage,samedi,2025-05,C,51,18.0
FUT HEINEKEIN,6.0,BTL (20 L),Alcools,lundi,2025-05,B,51,240.0
GARCI GAZ 1L,297.0,PC (1 PC),Eaux et Sodas,vendredi,2025-05,A,51,316.0
HARISSA ARBI,15.0,BTE (0.45 KG),Epicerie,vendredi,2025-05,A,51,23.0
HARISSA CONCENTRE EN BOITE,22.0,BTE (2 KG),Epicerie,vendredi,2025-05,A,51,57.0
HUILE D'OLIVE POMACE,19.0,L (1 L),Epicerie,samedi,2025-05,B,51,28.5
HUILE VEGETALE,41.0,BIDON (5 L),Epicerie,vendredi,2025-05,A,51,67.0
JAMBON DE BOEUF FUME,7.449999999999999,KG (1 KG),Charcuterie,mardi,2025-05,A,51,18.1
JAMBON DE DINDE,3.55,KG (1 KG),Charcuterie,lundi,2025-05,A,51,34.15
JEX CARRE,100.0,PC (1 PC),Hygiène,dimanche,2025-05,A,51,180.0
JOUR ET NUIT BLANC 1/2,12.0,PC (1 PC),Alcools,mercredi,2025-05,C,51,52.0
JOUR ET NUIT ROSE 1/2,12.0,PC (1 PC),Alcools,mercredi,2025-05,B,51,52.0
JOUR ET NUIT ROUGE 1/2,12.0,PC (1 PC),Alcools,mercredi,2025-05,C,51,48.0
JOUR ET NUIT3/4 BLANC,6.0,PC (1 PC),Alcools,mercredi,2025-05,C,51,30.0
KETCHUP,20.0,L (1 L),Epicerie,vendredi,2025-05,C,51,40.0
KINDER BUENO,60.0,PC (1 PC),Epicerie,mercredi,2025-05,A,51,300.0
KINDER T4,40.0,PC (1 PC),Epicerie,dimanche,2025-05,B,51,180.0
LAVETTE COTON,141.0,PC (1 PC),Hygiène,samedi,2025-05,A,51,149.0
LEVURE BOULANGERE NORMALE,11.0,PQT (6 PC),Boulangerie_R,dimanche,2025-05,B,51,34.0
LOT CAFE GRAIN CLASSICO CLASSIC ROAST,85.0,PC (1 KG),Cafe,vendredi,2025-05,C,51,113.0
LOT CAFE GRAIN ESPERTO MOYEN GRAIN,29.0,KG,Cafe,lundi,2025-05,D,51,53.0
MAIS EN BOITE,30.0,BTE (340 GR),Epicerie,vendredi,2025-05,A,51,92.0
MAIS EN VRAC,2.0,PC (1 KG),Legumes Frais,vendredi,2025-05,C,51,9.0
MANGUE,2.0,PC (1 PC),Fruits & Legumes Frais,samedi,2025-05,A,51,39.0
MARGARINE,3.0,SEAU (4.5 KG),Beurre Oeuf Fromage,vendredi,2025-05,B,51,13.5
MARINADE EMINCE DE BOEUF,7.0,PC (0.15 KG),Epicerie,samedi,2025-05,C,51,10.0
MARINADE POULET GRILLE,24.0,PC (0.15 KG),Volaille Surgelée,samedi,2025-05,C,51,30.0
MARS CHOCOLAT,40.0,PC (1 PC),Epicerie,mercredi,2025-05,C,51,160.0
MAYONAISE,25.0,SEAU (5 L),Beurre Oeuf Fromage,vendredi,2025-05,A,51,44.0
MELANGE EPICES VIANDE 500GR PB,2.0,SAC (0.5 KG),Epicerie,vendredi,2025-05,D,51,2.0
MELANGE TENDER  PB,8.0,KG (1 KG),Epicerie,samedi,2025-05,C,51,11.0
MELON,10.45,KG (1 KG),Fruits & Legumes Frais,vendredi,2025-05,B,51,60.8
MENTHE FRAICHE,16.0,PC,Legumes Frais,mardi,2025-05,B,51,16.0
MIEL MILLE FLEURS,5.0,KG (1 KG),Epicerie,vendredi,2025-05,D,51,5.0
MIX A CREPE FRAN,40.0,PC (1 KG),Pâtisseries,mardi,2025-05,C,51,150.0
MOZARELLA CERISE,24.0,BTE (20 PC),Beurre Oeuf Fromage,samedi,2025-05,C,51,24.0
NOIX DE CAJOU GRILLES SALEES 65GR,36.0,PC (1 PC),Fruits Secs,mercredi,2025-05,B,51,96.0
NUGGETS PANE PB,75.0,PC (1 PC),Volaille Surgelée,mercredi,2025-05,A,51,275.0
NUTELLA GO 52 GR,48.0,PC (1 PC),Epicerie,dimanche,2025-05,C,51,170.0
OEUFS,72.0,PLT (30 PC),Beurre Oeuf Fromage,vendredi,2025-05,A,51,83.0
OIGNONS BLANC,67.4,KG (1 KG),Legumes Frais,vendredi,2025-05,A,51,127.3
OIGNONS ROUGE,62.25,KG (1 KG),Legumes Frais,vendredi,2025-05,A,51,119.4
OLIVE DENOYETE,14.0,KG (1 KG),Epicerie,dimanche,2025-05,B,51,35.0
OLIVE NOIRE SLICE,14.0,KG (1 KG),Epicerie,vendredi,2025-05,B,51,35.0
OLIVE VIOLETTE,10.0,KG (1 KG),Epicerie,vendredi,2025-05,C,51,14.0
PAILLE NOIR,20.0,PQT (250 PC),Consommable,samedi,2025-05,A,51,39.0
PAIN CHAWARMA *10,53.0,PQT (10 PC),Boulangerie_R,vendredi,2025-05,A,51,115.0
PAIN DE MIE CEREALE,52.0,PC (1 PC),Boulangerie_R,vendredi,2025-05,B,51,130.0
PAIN DE MIE NATURE,78.0,PC,Boulangerie_R,vendredi,2025-05,B,51,130.0
PAIN SHNEK AU RAISIN MARGARINE,150.0,PC (1 KG),Pâtisseries,samedi,2025-05,C,51,700.0
PAPIER ALUM DE 100,2.0,PC (1 PC),Consommable,samedi,2025-05,B,51,9.0
PAPIER CUISSON 40*60,2.0,PQT (500 PC),Consommable,samedi,2025-05,C,51,4.0
PAPIER SERVIETTE GOURMANDISE,120.0,PC (1 PC),Consommable,dimanche,2025-05,B,51,128.0
PASTEQUE,16.75,KG (1 KG),Fruits & Legumes Frais,vendredi,2025-05,B,51,129.85
PATE PAPILLON,18.0,PQT (0.5 KG),Epicerie,mardi,2025-05,D,51,24.0
PATE PIZZA FOCACCIA 12/40,108.0,PC (1 PC),Boulangerie_R,vendredi,2025-05,A,51,170.0
PATE PLUME COURTE,33.0,PQT (0.5 KG),Epicerie,mercredi,2025-05,B,51,58.0
PATE SPAGHETTI,33.0,PQT (0.5 KG),Epicerie,mercredi,2025-05,B,51,74.0
PEPPERONI,2.1,KG (1 KG),Charcuterie,samedi,2025-05,A,51,4.8
PIECE RONDE BOEUF,9.7,KG (1 KG),Viandes Surgelées,mardi,2025-05,D,51,24.200000000000003
PILLE AA,6.0,PC (1 GR),Fournitures de Bureau,lundi,2025-05,D,51,20.0
PIMENT DOUX,35.8,KG (1 KG),Legumes Frais,samedi,2025-05,A,51,97.3
PIMENT FORT,25.35,KG (1 KG),Legumes Frais,vendredi,2025-05,A,51,78.95
PIMENT ROUGE SALLE,5.0,KG (1 KG),Epicerie,dimanche,2025-05,B,51,20.0
PISTACHE CONCASSEE,1.0,PC (1000 GR),Fruits Secs,lundi,2025-05,C,51,4.0
POIS CHICHE KG,3.0,PC (1 PC),Legumes Secs,lundi,2025-05,C,51,8.0
POIVRE NOIR MOULU,2.0,SCH (1 KG),Epicerie,jeudi,2025-05,B,51,3.0
POMME DE TERRE,143.0,KG (1 KG),Legumes Frais,vendredi,2025-05,A,51,292.25
POUDRE TENDERS PB,6.0,KG (1 KG),Volaille Surgelée,dimanche,2025-05,B,51,42.0
POULET PANE AMANDE PB,140.0,PC (1 PC),Volaille Surgelée,samedi,2025-05,A,51,350.0
PUNCH ORANGE 50CL,74.0,PC,Eaux et Sodas,lundi,2025-05,B,51,161.0
PUREE DE BANANE 1L,1.0,PC (1 L),Epicerie,vendredi,2025-05,D,51,2.0
PUREE FRAISE 1.32KG MONIN,1.0,KG (1320 GR),Pâtisseries,vendredi,2025-05,D,51,2.0
PUREE MANGUE 1L,1.0,PC (1 L),Epicerie,vendredi,2025-05,D,51,2.0
QUATRE EPICES MOULU,1.0,PC (1 KG),Epicerie,jeudi,2025-05,C,51,3.0
RACLETTE,2.0,PC (1 PC),Hygiène,jeudi,2025-05,B,51,7.0
RAME PAPIER A4,3.0,PC,Fournitures de Bureau,lundi,2025-05,B,51,23.0
REMANENT HERBE CF,10.0,PC (1 PC),Hygiène,dimanche,2025-05,B,51,10.0
RIZ EN PQT,10.0,PC (1 KG),Epicerie,dimanche,2025-05,D,51,24.0
ROQUETTE SALADE BARQUETTE,5.9,KG,Legumes Frais,samedi,2025-05,A,51,5.9
ROULEAU CAISSE 80*80,135.0,PC (1 PC),Fournitures de Bureau,vendredi,2025-05,A,51,205.0
ROULEAU TPE,195.0,PC (1 PC),Fournitures de Bureau,vendredi,2025-05,A,51,286.0
SALADE LAITUE TUN,259.7,KG (1 KG),Legumes Frais,vendredi,2025-05,A,51,393.7
SANEX,12.0,PC (1 PC),Hygiène,samedi,2025-05,A,51,100.0
SANIT SURF,51.0,PC (1 PC),Hygiène,vendredi,2025-05,A,51,51.0
SAUCE A L'AIL,6.0,KG (1 KG),Epicerie,jeudi,2025-05,B,51,12.0
SAUCE A L'AIL PB,6.0,KG (1 KG),Epicerie,samedi,2025-05,A,51,11.0
SAUCE AU POIVRE PB,3.0,SCH (0.5 KG),Epicerie,samedi,2025-05,C,51,6.0
SAUCE MAYONNAISE PESTO,6.0,PC (1 L),Epicerie,samedi,2025-05,B,51,10.0
SAUCE PESTO PB,4.0,PC (0.6 KG),Epicerie,samedi,2025-05,A,51,5.0
SAUCE PLAN B,5.0,L,Epicerie,mardi,2025-05,C,51,20.0
SEL,11.0,PC (1 KG),Epicerie,dimanche,2025-05,B,51,17.0
SERPILLERE,117.0,PC (1 PC),Hygiène,samedi,2025-05,A,51,122.0
SERVIETTE 30*30 CIGUSTA,48.0,PC (1 PC),Consommable,lundi,2025-05,B,51,192.0
SERVIETTE 30*30 MF,36.0,PQT (1 PQT),Consommable,vendredi,2025-05,B,51,74.0
SIROP DE CARAMEL 1L MONIN,1.0,PC (1000 ML),Pâtisseries,vendredi,2025-05,B,51,5.0
SIROP DE VANILLE 1L MONIN,1.0,PC (700 ML),Pâtisseries,vendredi,2025-05,C,51,3.0
STEACK HACHE (PORTION 115GR),27.0,PC (1 KG),Viandes Surgelées,vendredi,2025-05,C,51,32.0
SUCRE EN SACHET CI-GUSTA,20.0,PC (1 PC),Cafe,jeudi,2025-05,B,51,120.0
SUCRE EN SACHET DAILY BREAK,100.0,PC (1 KG),Cafe,vendredi,2025-05,A,51,230.0
SUCRE GLACE,10.0,PC (1 PC),Pâtisseries,jeudi,2025-05,D,51,27.0
TENDER DE POULET 1KG,225.0,KG (1 KG),Volaille Surgelée,vendredi,2025-05,D,51,225.0
THON HV EN BOITE,81.0,BTE (2.05 KG),Conserve de Poisson,vendredi,2025-05,B,51,150.0
THYM MOULU,1.0,PC (1 KG),Epicerie,mercredi,2025-05,D,51,2.0
TOMATE CERISES,11.25,KG (1 KG),Legumes Frais,vendredi,2025-05,A,51,24.95
TOMATE CONCENTREE EN BOITE,28.0,BTE (0.8 KG),Epicerie,lundi,2025-05,B,51,60.0
TOMATE FRAICHE,378.05,KG (1 KG),Legumes Frais,vendredi,2025-05,A,51,526.85
TOMATES SECHEES,0.5,PC (1000 GR),Epicerie,samedi,2025-05,B,51,5.0
VIANDE HACHEE SPECIAL MAIGRE CONGELE KG,62.585,KG (1 KG),Viandes Surgelées,vendredi,2025-05,B,51,128.74
VIANDE SECHE FUME (BRESAOLA) TRANCHES 300GR,6.0,KG (1000 GR),Viandes Fraiches,samedi,2025-05,A,51,11.0
fondant chocolat individual Margarine,54.0,PC (1 PC),Pâtisseries,mercredi,2025-05,C,51,71.0
sucre en buchette MF 10kg,1.0,KG (1 KG),Cafe,samedi,2025-05,C,51,10.0
AGRAFFE,8.0,PC,Fournitures de Bureau,samedi,2025-05,C,52,11.0
AIL,1.75,KG (1 KG),Legumes Frais,mardi,2025-05,B,52,8.3
AJAX VITRE,16.0,PC (1 PC),Hygiène,lundi,2025-05,A,52,32.0
ALKASURF DDA 5KG,5.0,PC (1 PC),Hygiène,samedi,2025-05,D,52,15.0
AMANDE EFFILEE,1.0,PC (1 KG),Fruits Secs,jeudi,2025-05,B,52,4.0
AMSTEL BEER BLLE 33CL,90.0,BTL (1 BTL),Alcools,lundi,2025-05,B,52,432.0
ANANAS GRAND,27.0,PC,Fruits & Legumes Frais,mardi,2025-05,C,52,51.0
ASEPCLOR,10.0,PC (1 PC),Hygiène,mercredi,2025-05,A,52,60.0
AUBERGINE,6.25,KG (1 KG),Legumes Frais,mardi,2025-05,B,52,17.75
AVOCAT FRUIT PIECE,43.0,PC (1 PC),Fruits & Legumes Frais,mardi,2025-05,B,52,43.0
BACON BOEUF FUME TRANCHES ( 300GR),0.6,KG (1000 GR),Viandes Fraiches,lundi,2025-05,A,52,6.9
BACTYGEL 703 CF,1.0,BTL,Hygiène,samedi,2025-05,B,52,4.0
BANANE,123.0,PC (1 PC),Fruits & Legumes Frais,mardi,2025-05,A,52,155.0
BASILIC BARQUETTE,2.9,KG (1 KG),Legumes Frais,mardi,2025-05,A,52,11.05
BOITE FRAPPE VANILLE 1.36KG MONIN,2.0,BTE (1.36 KG),Pâtisseries,mardi,2025-05,C,52,6.0
BOITE PIZZA ONDULEE 31/31,100.0,PC,Consommable,mercredi,2025-05,C,52,200.0
BORGHELL,5.0,KG (1 KG),Epicerie,jeudi,2025-05,C,52,10.0
BOUTEILLE DE VINAIGRETTE 250ML,3.0,PC (250 GR),Epicerie,mardi,2025-05,A,52,16.0
BROCHETTE BAMBOO 20,6.0,SCH (100 PC),Consommable,lundi,2025-05,C,52,14.0
CAKE CHOCOLAT PBC,32.0,PC (1 PC),Viennoiserie,mardi,2025-05,B,52,88.0
CAKE MARBRE MARGARINE,220.0,PC (1 PC),Pâtisseries,mardi,2025-05,A,52,561.0
CAKE MARBRE PBC,220.0,PC (1 PC),Viennoiserie,mardi,2025-05,A,52,363.0
CAKE NATURE MARGARINE,110.0,PC (1 PC),Pâtisseries,mardi,2025-05,C,52,132.0
CAKE ORANGE PBC,36.0,PC (1 PC),Viennoiserie,mardi,2025-05,B,52,170.0
CAPRE VRAC,2.0,SEAU (2 KG),Legumes Frais,lundi,2025-05,B,52,9.0
CAPSULE CAFEITALY COLOMBIA,300.0,PC (1 PC),Cafe,lundi,2025-05,C,52,310.0
CAPSULE CAFFITALY VIGOROSO,390.0,PC,Cafe,mercredi,2025-05,D,52,408.0
CAROTTE,22.05,KG (1 KG),Legumes Frais,mardi,2025-05,A,52,67.1
CAROTTE CAKE PBC,220.0,PC (1 PC),Viennoiserie,mardi,2025-05,B,52,330.0
CELTIA FUT DE 50L,1.0,PC (50 L),Alcools,mardi,2025-05,B,52,6.0
CHAMPIGNON FRAIS,10.0,KG (1 KG),Legumes Frais,mercredi,2025-05,A,52,39.0
CHEMISE CRAFT,40.0,PC,Fournitures de Bureau,samedi,2025-05,D,52,90.0
CHOCOLAT EN POUDRE,21.0,PC (0.2 KG),Cafe,lundi,2025-05,A,52,86.0
CHOUX ROUGE,2.15,KG (1 KG),Legumes Frais,jeudi,2025-05,A,52,9.6
CHOUX VERT,4.65,KG (1 KG),Legumes Frais,jeudi,2025-05,B,52,12.8
CITRON FRAIS,17.7,KG (1 KG),Legumes Frais,mardi,2025-05,B,52,21.6
CITRON SALLE,1.0,SEAU (7 KG),Legumes Frais,samedi,2025-05,B,52,28.0
COFFRET PORTRAIT AV SEP 11.5/11.5,100.0,PC (1 PC),Consommable,mercredi,2025-05,C,52,175.0
CONCOMBRE,70.6,KG (1 KG),Legumes Frais,lundi,2025-05,A,52,177.692
COOKIES,80.0,PC (1 PC),Viennoiserie,mardi,2025-05,C,52,120.0
COURGE,14.25,KG (1 KG),Legumes Frais,lundi,2025-05,B,52,47.65
COURGETTE,4.0,KG (1 KG),Legumes Frais,jeudi,2025-05,A,52,28.6
COUSCOUS,14.0,PQT (1 KG),Epicerie,mercredi,2025-05,D,52,33.0
CREME A FOUETTER,6.0,PC,GLACES,jeudi,2025-05,B,52,16.0
CREME DE CUISSON,27.0,BTE (0.95 L),Beurre Oeuf Fromage,jeudi,2025-05,B,52,27.0
CREVETTE 26/30 AVEC QUEUE  SURG.,3.0,KG (1 KG),Poisson Surgelé_R,lundi,2025-05,C,52,4.0
DADDY'S CHIPS CLASSIC SEL DE MER 70G,45.0,PC (1 PC),Epicerie,mardi,2025-05,A,52,225.0
DADDY'S CHIPS SPICY PAPRIKA 70G,15.0,PC (1 PC),Epicerie,jeudi,2025-05,A,52,165.0
DATTE EN VRAC,4.0,KG (1 KG),Fruits & Legumes Frais,mercredi,2025-05,B,52,18.3
DINOL,15.0,BIDON (4.75 L),Hygiène,mardi,2025-05,A,52,135.0
EAU MINÉRALE 6L,51.0,BTL (1 PC),Eaux et Sodas,lundi,2025-05,A,52,90.0
EMINCE DE BOEUF PORT. SURGELE,11.585,KG (1000 GR),Viandes Surgelées,samedi,2025-05,A,52,79.49000000000001
EPINARD,6.0,KG (1 KG),Legumes Frais,mardi,2025-05,B,52,12.15
ESCALOPE DE DINDE FUME EN TRANCHE,20.0,KG (1 KG),Charcuterie,lundi,2025-05,C,52,70.0
ESSUIES VERRES,4.0,PC,Hygiène,samedi,2025-05,D,52,4.0
ESSUIT TOUT JUMBO,79.0,PC (1 KG),Hygiène,mardi,2025-05,A,52,157.0
FANTA PET 30,24.0,PC,Eaux et Sodas,lundi,2025-05,C,52,228.0
FARINE EN PAQUET,124.0,PC (1 KG),Epicerie,mardi,2025-05,A,52,252.0
FILM ETIRABLE,9.0,PC (1 PC),Consommable,lundi,2025-05,A,52,33.0
FRAISE FRAIS,19.1,KG (1 KG),Fruits & Legumes Frais,mardi,2025-05,A,52,64.35
FRITE SURGELE 9/9 CLASSIC 2.5 KG,80.0,KG (1 KG),Legumes Surgelés,lundi,2025-05,A,52,290.0
FRITE SURGELE WEDGES 2.5 KG,40.0,KG,Legumes Surgelés,lundi,2025-05,B,52,90.0
FROMAGE BLANC FONDU KG,2.2,KG,Beurre Oeuf Fromage,vendredi,2025-05,C,52,15.4
FROMAGE BUCHE BLANCHE CHEVRE KG,1.0,KG (1 KG),Beurre Oeuf Fromage,mardi,2025-05,B,52,5.0
FROMAGE CHEDDAR EN BLOC,16.73,KG,Beurre Oeuf Fromage,lundi,2025-05,A,52,65.0
FROMAGE EDAM MEULE,8.905999999999999,KG (1 KG),Beurre Oeuf Fromage,mardi,2025-05,B,52,35.622
FROMAGE LAND OR,24.6,PC (1 KG),Beurre Oeuf Fromage,lundi,2025-05,A,52,25.4
FROMAGE MAASDAM EN BLOC,19.0,KG (1 KG),Beurre Oeuf Fromage,mardi,2025-05,B,52,42.0
FROMAGE MEULE GOUDA,9.936,KG (1 KG),Beurre Oeuf Fromage,mardi,2025-05,C,52,24.502
FROMAGE MOZZARELLA  KG,40.0,KG (1 KG),Beurre Oeuf Fromage,mardi,2025-05,A,52,176.93
FROMAGE PARMESAN PB,1.0,KG (1 KG),Beurre Oeuf Fromage,mardi,2025-05,A,52,3.8
FROMAGE TRIANGLE FONDU STREET &CO,13.0,BTE (48 PC),Beurre Oeuf Fromage,mercredi,2025-05,C,52,18.0
FUT HEINEKEIN,6.0,BTL (20 L),Alcools,lundi,2025-05,B,52,240.0
GARCI GAZ 1L,231.0,PC (1 PC),Eaux et Sodas,lundi,2025-05,A,52,316.0
GATEAU CHOCOLAT PBC,40.0,PC (1 PC),Viennoiserie,mardi,2025-05,B,52,100.0
HARISSA ARBI,2.0,BTE (0.45 KG),Epicerie,jeudi,2025-05,A,52,23.0
HARISSA CONCENTRE EN BOITE,16.0,BTE (2 KG),Epicerie,lundi,2025-05,A,52,57.0
HUILE D'OLIVE POMACE,19.0,L (1 L),Epicerie,lundi,2025-05,B,52,28.5
HUILE VEGETALE,27.0,BIDON (5 L),Epicerie,lundi,2025-05,A,52,67.0
JAMBON DE BOEUF FUME,4.6,KG (1 KG),Charcuterie,mardi,2025-05,A,52,18.1
JEX CARRE,65.0,PC (1 PC),Hygiène,jeudi,2025-05,A,52,180.0
JOUR ET NUIT BLANC 1/2,5.0,PC (1 PC),Alcools,lundi,2025-05,C,52,52.0
JOUR ET NUIT ROUGE 1/2,5.0,PC (1 PC),Alcools,lundi,2025-05,C,52,48.0
KETCHUP,5.0,L (1 L),Epicerie,lundi,2025-05,C,52,40.0
KINDER BUENO,60.0,PC (1 PC),Epicerie,mardi,2025-05,A,52,300.0
KINDER T4,20.0,PC,Epicerie,jeudi,2025-05,B,52,180.0
LAVETTE COTON,84.0,PC (1 PC),Hygiène,mardi,2025-05,A,52,149.0
LENTILLE VRAC,2.0,PC (1 KG),Legumes Secs,vendredi,2025-05,D,52,3.0
LEVURE BOULANGERE NORMALE,16.0,PQT (6 PC),Boulangerie_R,mardi,2025-05,B,52,34.0
LOT CAFE GRAIN CLASSICO CLASSIC ROAST,51.0,PC (1 KG),Cafe,lundi,2025-05,C,52,113.0
LOT CAFE GRAIN ESPERTO MOYEN GRAIN,26.0,KG (1 KG),Cafe,lundi,2025-05,D,52,53.0
MAIS EN BOITE,51.0,BTE (340 GR),Epicerie,lundi,2025-05,A,52,92.0
MANGUE,9.0,PC (1 PC),Fruits & Legumes Frais,jeudi,2025-05,A,52,39.0
MARGARINE,1.0,SEAU (4.5 KG),Beurre Oeuf Fromage,jeudi,2025-05,B,52,13.5
MARINADE EMINCE DE BOEUF,4.0,PC (0.15 KG),Epicerie,mardi,2025-05,C,52,10.0
MARINADE POULET GRILLE,18.0,PC (0.15 KG),Volaille Surgelée,mardi,2025-05,C,52,30.0
MAYONAISE,17.0,SEAU (5 L),Beurre Oeuf Fromage,lundi,2025-05,A,52,44.0
MELANGE TENDER  PB,5.0,KG (1 KG),Epicerie,mardi,2025-05,C,52,11.0
MELON,10.3,KG (1 KG),Fruits & Legumes Frais,mardi,2025-05,B,52,60.8
MENTHE FRAICHE,6.0,PC (1 PC),Legumes Frais,mardi,2025-05,B,52,16.0
MIX A CREPE FRAN,20.0,PC (1 KG),Pâtisseries,vendredi,2025-05,C,52,150.0
MOUTARDE DIJON,6.0,BTE (850 GR),Epicerie,jeudi,2025-05,D,52,12.0
MOZARELLA CERISE,20.0,BTE (20 PC),Beurre Oeuf Fromage,mardi,2025-05,C,52,24.0
MUFFINS VANILLE,48.0,PC (1 PC),Viennoiserie,mardi,2025-05,B,52,96.0
NOISETTE GRILLEE CONCASSEE,1.0,PC (1 KG),Fruits Secs,lundi,2025-05,D,52,3.0
NUGGETS PANE PB,50.0,PC (1 PC),Volaille Surgelée,mardi,2025-05,A,52,275.0
NUTELLA GO 52 GR,48.0,PC (1 PC),Epicerie,lundi,2025-05,C,52,170.0
OEUFS,50.0,PLT (30 PC),Beurre Oeuf Fromage,lundi,2025-05,A,52,83.0
OIGNION VERT,2.5,KG,Legumes Frais,lundi,2025-05,D,52,11.15
OIGNONS BLANC,32.2,KG (1 KG),Legumes Frais,mardi,2025-05,A,52,127.3
OIGNONS ROUGE,30.05,KG (1 KG),Legumes Frais,mardi,2025-05,A,52,119.4
OLIVE DENOYETE,7.0,KG (1 KG),Epicerie,vendredi,2025-05,B,52,35.0
PACK FOOD BOWL + COUVERCLE 1.2 L,50.0,PC (1 PC),Consommable,lundi,2025-05,B,52,175.0
PAILLE NOIR,9.0,PQT (250 PC),Consommable,jeudi,2025-05,A,52,39.0
PAIN CHAWARMA *10,43.0,PQT (10 PC),Boulangerie_R,lundi,2025-05,A,52,115.0
PAIN DE MIE CEREALE,26.0,PC,Boulangerie_R,jeudi,2025-05,B,52,130.0
PAIN DE MIE NATURE,52.0,PC,Boulangerie_R,lundi,2025-05,B,52,130.0
PAIN SCHNECK AUX RAISINS SURG PUR BEURRE GF,200.0,PC (1 PC),Viennoiserie,lundi,2025-05,B,52,1200.0
PAIN SHNEK AU RAISIN MARGARINE,100.0,PC (1 KG),Pâtisseries,lundi,2025-05,C,52,700.0
PAPIER CUISSON 40*60,1.0,PQT (500 PC),Consommable,vendredi,2025-05,C,52,4.0
PAQUET 17/4,100.0,PC,Consommable,samedi,2025-05,C,52,300.0
PASTEQUE,23.0,KG (1 KG),Fruits & Legumes Frais,mardi,2025-05,B,52,129.85
PATE PAPILLON,12.0,PQT (0.5 KG),Epicerie,lundi,2025-05,D,52,24.0
PATE PIZZA FOCACCIA 12/40,72.0,PC (1 PC),Boulangerie_R,jeudi,2025-05,A,52,170.0
PATE PIZZA PANCROCCHINO 32cm,19.0,PC (1 PC),Boulangerie_R,jeudi,2025-05,D,52,51.0
PIECE RONDE BOEUF,10.9,KG (1 KG),Viandes Surgelées,lundi,2025-05,D,52,24.200000000000003
PIMENT DOUX,31.2,KG (1 KG),Legumes Frais,lundi,2025-05,A,52,97.3
PIMENT FORT,15.0,KG (1 KG),Legumes Frais,lundi,2025-05,A,52,78.95
PIMENT ROUGE SALLE,5.0,KG (1 KG),Epicerie,samedi,2025-05,B,52,20.0
POCHETTE CROISSANT 15*7*29,1.0,PC (1000 PC),Consommable,samedi,2025-05,C,52,4.0
POIS CHICHE KG,3.0,PC (1 PC),Legumes Secs,mardi,2025-05,C,52,8.0
POMME DE TERRE,77.2,KG (1 KG),Legumes Frais,lundi,2025-05,A,52,292.25
POULET PANE AMANDE PB,70.0,PC (1 PC),Volaille Surgelée,mardi,2025-05,A,52,350.0
PUNCH CIDRE 50CL,24.0,PC (1 PC),Eaux et Sodas,jeudi,2025-05,B,52,164.0
PUNCH ORANGE 50CL,53.0,PC (1 PC),Eaux et Sodas,lundi,2025-05,B,52,161.0
PUREE ANANAS 1 L,1.0,PC (1 L),Epicerie,mardi,2025-05,D,52,2.0
RAME PAPIER A4,19.0,PC (1 PC),Fournitures de Bureau,mercredi,2025-05,B,52,23.0
ROQUETTE SALADE BARQUETTE,3.3,KG (1 KG),Legumes Frais,mardi,2025-05,A,52,5.9
ROULEAU CAISSE 80*80,90.0,PC (1 PC),Fournitures de Bureau,lundi,2025-05,A,52,205.0
ROULEAU TPE,150.0,PC (1 PC),Fournitures de Bureau,lundi,2025-05,A,52,286.0
SAC BOUTIQUE GDISE HD 50/45 BLANC,50.0,PC (1 PC),Consommable,mardi,2025-05,D,52,1000.0
SALADE LAITUE TUN,125.15,KG (1 KG),Legumes Frais,mardi,2025-05,A,52,393.7
SANEX,3.0,PC (1 PC),Hygiène,jeudi,2025-05,A,52,100.0
SANIT SURF,17.0,PC (1 PC),Hygiène,lundi,2025-05,A,52,51.0
SAUCE A L'AIL PB,4.0,KG (1 KG),Epicerie,mardi,2025-05,A,52,11.0
SAUCE AU POIVRE PB,4.0,SCH (0.5 KG),Epicerie,mardi,2025-05,C,52,6.0
SAUCE MAYONNAISE PESTO,4.0,PC (1 L),Epicerie,mardi,2025-05,B,52,10.0
SAUCE PESTO PB,4.0,PC (0.6 KG),Epicerie,mardi,2025-05,A,52,5.0
SEL,12.0,PC (1 KG),Epicerie,lundi,2025-05,B,52,17.0
SERPILLERE,58.0,PC (1 PC),Hygiène,jeudi,2025-05,A,52,122.0
SERVIETTE 30*30 CIGUSTA,48.0,PC (1 PC),Consommable,mardi,2025-05,B,52,192.0
SIROP DE VANILLE 1L MONIN,1.0,PC (700 ML),Pâtisseries,mardi,2025-05,C,52,3.0
STEACK HACHE (PORTION 115GR),9.0,PC (1 KG),Viandes Surgelées,samedi,2025-05,C,52,32.0
SUCRE EN SACHET DAILY BREAK,50.0,PC (1 KG),Cafe,lundi,2025-05,A,52,230.0
SUCRE GLACE,5.0,PC,Pâtisseries,jeudi,2025-05,D,52,27.0
TENDER DE POULET 1KG,185.0,KG,Volaille Surgelée,lundi,2025-05,D,52,225.0
THON HV EN BOITE,68.0,BTE (2.05 KG),Conserve de Poisson,lundi,2025-05,B,52,150.0
TOMATE CERISES,10.8,KG (1 KG),Legumes Frais,lundi,2025-05,A,52,24.95
TOMATE CONCENTREE EN BOITE,28.0,BTE (0.8 KG),Epicerie,lundi,2025-05,B,52,60.0
TOMATE FRAICHE,239.45,KG (1 KG),Legumes Frais,lundi,2025-05,A,52,526.85
VIANDE HACHEE SPECIAL MAIGRE CONGELE KG,39.94,KG (1 KG),Viandes Surgelées,lundi,2025-05,B,52,128.74
VIANDE SECHE FUME (BRESAOLA) TRANCHES 300GR,3.3,KG (1000 GR),Viandes Fraiches,jeudi,2025-05,A,52,11.0
VINAIGRE CREME DE BALSAMIQUE,2.0,BTL (500 ML),Epicerie,vendredi,2025-05,D,52,9.0
fondant chocolat individual Margarine,54.0,PC (1 PC),Pâtisseries,mardi,2025-05,C,52,71.0
