Name,Physical Storage Quantity,Storage Unit,GroupName,Date_week,Month,Stock_Class,Cycle,Max_Stock
ANANAS PCES,3.0,PC (1 PC),Jus Fruit Lait,lundi,2024-01,A,0,172.0
AUBERGINE LEGUME,2.1,KG,Legumes Frais,lundi,2024-01,A,0,17.85
CELTIA FUT DE 50L,2.0,PC (50 L),Alcools,lundi,2024-01,B,0,6.0
CITRON SALLE,7.0,KG,Legumes Frais,lundi,2024-01,B,0,28.0
CORNICHON FRAIS,6.0,KG,Legumes Frais,lundi,2024-01,B,0,12.0
COURGETTE,2.0,KG,Legumes Frais,lundi,2024-01,A,0,28.6
FOURCHETTE NOIRE EMBALEE EJEM,1000.0,PC (1 PC),Consommable,lundi,2024-01,A,0,10000.0
FROMAGE BUCHE BLANCHE CHEVRE KG,0.11,KG (1 KG),Beurre Oeuf Fromage,lundi,2024-01,B,0,5.0
JAMBON DE BOEUF FUME,5.95,KG,Charcuterie,lundi,2024-01,A,0,18.1
NUTELLA 600GR,18.0,PC (1 PC),Pâtisseries,lundi,2024-01,B,0,114.0
PAILLE ENVELOPPE 7.5MM COLORE,5.0,SCH (50 PC),Consommable,lundi,2024-01,B,0,47.0
PAPIER ALUM DE 100,1.0,PC (1 PC),Consommable,lundi,2024-01,B,0,9.0
PAPIER CUISSON 40*60,1.0,PC (500 PC),Consommable,lundi,2024-01,C,0,4.0
PAPRIKA DOUX,2.0,KG (1 KG),Fruits & Legumes Frais,lundi,2024-01,C,0,3.0
PAPRIKA FORT,1.0,KG,Epicerie,lundi,2024-01,C,0,3.0
PIMENT ROUGE SALLE,5.0,KG,Legumes Frais,lundi,2024-01,B,0,20.0
POIVRE NOIR MOULU,1.0,PC (1 KG),Epicerie,lundi,2024-01,B,0,3.0
RISTRETTO NSPRS,50.0,PC (1 PC),Cafe,lundi,2024-01,A,0,6800.0
TOQUE CHEF,2.0,PC (1 PC),Hygiène,lundi,2024-01,C,0,6.0
VIANDE SECHE FUME (BRESAOLA) TRANCHES 300GR,0.6,KG (1000 GR),Viandes Fraiches,lundi,2024-01,A,0,11.0
AIL,5.3,KG (1 KG),Legumes Frais,mardi,2024-01,B,1,8.3
AMANDE EFFILEE,1.0,PC (1 KG),Fruits Secs,mercredi,2024-01,B,1,4.0
ANANAS PCES,91.0,PC (1 PC),Jus Fruit Lait,mardi,2024-01,A,1,172.0
AUBERGINE LEGUME,5.65,KG (1 KG),Legumes Frais,dimanche,2024-01,A,1,17.85
BACON BOEUF FUME TRANCHES ( 300GR),3.9,KG (1000 GR),Viandes Fraiches,vendredi,2024-01,A,1,6.9
BACTYGEL 703 CF,3.0,BTL (1 BTL),Hygiène,mardi,2024-01,B,1,4.0
BASILIC BARQUETTE,2.6,KG (1 KG),Legumes Frais,mardi,2024-01,A,1,11.05
CAPRE VRAC,2.0,KG (1 KG),Legumes Frais,vendredi,2024-01,B,1,9.0
CELTIA FUT DE 50L,2.0,PC (50 L),Alcools,dimanche,2024-01,B,1,6.0
CHAPLUR,2.0,PC (1 KG),Epicerie,mardi,2024-01,C,1,16.0
CHOUX ROUGE,3.1,PC (1 PC),Legumes Frais,mardi,2024-01,A,1,9.6
CITRON,2.0,KG (1 KG),Legumes Frais,jeudi,2024-01,A,1,16.75
CITRON SALLE,7.0,KG (1 KG),Legumes Frais,vendredi,2024-01,B,1,28.0
CORNICHON FRAIS,8.0,KG (1 KG),Legumes Frais,vendredi,2024-01,B,1,12.0
COURGETTE,8.95,KG (1 KG),Legumes Frais,dimanche,2024-01,A,1,28.6
COUVERCLE AVEC TROU BOMBE 95KY,3300.0,PC,Consommable,mardi,2024-01,B,1,3300.0
CREME DE BALSAMIQUE,1.0,BTL (1 ML),Epicerie,mercredi,2024-01,D,1,10.0
CUILLIERE NOIRE EJEM,1600.0,PC,Consommable,mercredi,2024-01,A,1,4900.0
EPINARD,2.4,KG (1 KG),Legumes Frais,mardi,2024-01,B,1,12.15
FOURCHETTE NOIRE EMBALEE EJEM,3000.0,PC (1 PC),Consommable,mercredi,2024-01,A,1,10000.0
FROMAGE GORGONZELA,0.15,PC (1 KG),Beurre Oeuf Fromage,mercredi,2024-01,A,1,13.0
FROMAGE MAASDAM EN BLOC PB,30.0,KG,Beurre Oeuf Fromage,mardi,2024-01,A,1,65.5
FROMAGE SICILIEN,1.866,KG (1 KG),Beurre Oeuf Fromage,mercredi,2024-01,D,1,5.946
FUT HEINEKEIN,120.0,PC (1 L),Alcools,mardi,2024-01,B,1,240.0
HARISSA 450G,10.0,BTE (1 BTE),Epicerie,jeudi,2024-01,C,1,17.0
JAMBON DE BOEUF FUME,5.95,KG (1 KG),Charcuterie,mercredi,2024-01,A,1,18.1
JAMBON DE DINDE,10.95,PC (1 KG),Charcuterie,jeudi,2024-01,A,1,34.15
JOUR ET NUIT ROUGE 1/2,8.0,PC (1 PC),Alcools,jeudi,2024-01,C,1,48.0
LOT CAFE GRAIN BARISTA,16.0,PC (1 KG),Cafe,mardi,2024-01,A,1,121.0
MAIS EN VRAC,1.0,PC (1 KG),Legumes Frais,lundi,2024-01,C,1,9.0
MANCHE A BALAIS,6.0,PC (1 PC),Hygiène,mercredi,2024-01,B,1,20.0
MENTHE SECHE,0.12,KG (1 KG),Epicerie,mardi,2024-01,D,1,2.0
MIEL DOUX & FRAIS,1.0,PC (1 PC),Epicerie,mardi,2024-01,C,1,11.0
NUTELLA 600GR,93.0,PC (1 PC),Pâtisseries,mardi,2024-01,B,1,114.0
PAILLE ENVELOPPE 7.5MM COLORE,24.0,SCH (50 PC),Consommable,vendredi,2024-01,B,1,47.0
PAPIER ALUM DE 100,2.0,PC (1 PC),Consommable,vendredi,2024-01,B,1,9.0
PAPRIKA FORT,1.0,KG (1 KG),Epicerie,mardi,2024-01,C,1,3.0
PERSIL,2.2,KG (1 KG),Legumes Frais,mardi,2024-01,A,1,7.32999
PIMENT ROUGE SALLE,5.0,KG,Legumes Frais,vendredi,2024-01,B,1,20.0
PISTACHE CONCASSEE,1.0,PC (1000 GR),Fruits Secs,vendredi,2024-01,C,1,4.0
POIVRE NOIR MOULU,1.0,PC (1 KG),Epicerie,mardi,2024-01,B,1,3.0
QUATRE EPICES MOULU,1.0,PC (1 KG),Epicerie,mercredi,2024-01,C,1,3.0
RACLETTE,2.0,PC (1 PC),Hygiène,jeudi,2024-01,B,1,7.0
RISTRETTO NSPRS,1300.0,PC (1 PC),Cafe,mardi,2024-01,A,1,6800.0
SAC SOUS VIDE LISSE 20*30,800.0,PC (1 PC),Consommable,mercredi,2024-01,A,1,1800.0
SAC SOUS VIDE LISSE 40*40,100.0,PC (1 PC),Consommable,mardi,2024-01,B,1,900.0
SANEX,48.0,PC (1 PC),Hygiène,mercredi,2024-01,A,1,100.0
SAUCE A L'AIL PB,11.0,L (1 KG),Epicerie,mardi,2024-01,A,1,11.0
SAUCE MAYONNAISE PESTO PB,10.0,L (1 L),Epicerie,mardi,2024-01,A,1,11.0
SAUCE PESTO PB,5.0,KG (1 KG),Epicerie,mardi,2024-01,A,1,5.0
THE SANS SUCRE 0.9g,360.0,PC (1 PC),THE,jeudi,2024-01,B,1,1080.0
TOMATES SECHEES,0.3,PC (1000 GR),Epicerie,mardi,2024-01,B,1,5.0
TOQUE CHEF,1.0,PC (1 PC),Hygiène,mardi,2024-01,C,1,6.0
VARIANTES,3.0,KG (1 KG),Legumes Frais,mardi,2024-01,D,1,10.0
VIANDE SECHE FUME (BRESAOLA) TRANCHES 300GR,3.6,KG (1000 GR),Viandes Fraiches,vendredi,2024-01,A,1,11.0
AIL,2.0,KG (1 KG),Legumes Frais,samedi,2024-01,B,2,8.3
AIL EN POUDRE,0.04,KG (1 KG),Fruits & Legumes Frais,vendredi,2024-01,C,2,2.0
AMANDE EFFILEE,2.0,PC (1 KG),Fruits Secs,jeudi,2024-01,B,2,4.0
ANANAS PCES,116.0,PC (1 PC),Jus Fruit Lait,vendredi,2024-01,A,2,172.0
AUBERGINE LEGUME,3.8,KG,Legumes Frais,dimanche,2024-01,A,2,17.85
BACON BOEUF FUME TRANCHES ( 300GR),4.2,KG (1000 GR),Viandes Fraiches,vendredi,2024-01,A,2,6.9
BASILIC BARQUETTE,2.9,KG (1 KG),Legumes Frais,vendredi,2024-01,A,2,11.05
BEURRE MARGARINE  KG,4.5,PC (1 KG),Beurre Oeuf Fromage,samedi,2024-01,C,2,40.5
CAPRE VRAC,1.0,KG (1 KG),Legumes Frais,samedi,2024-01,B,2,9.0
CELTIA FUT DE 50L,1.0,PC (50 L),Alcools,mercredi,2024-01,B,2,6.0
CHAPLUR,2.0,PC (1 KG),Epicerie,vendredi,2024-01,C,2,16.0
CHOUX ROUGE,4.15,PC (1 PC),Legumes Frais,lundi,2024-01,A,2,9.6
CITRON,3.9,KG (1 KG),Legumes Frais,lundi,2024-01,A,2,16.75
CITRON SALLE,7.0,KG (1 KG),Legumes Frais,mardi,2024-01,B,2,28.0
COIFFE EN PAPIER,100.0,PC (1 PC),Hygiène,mardi,2024-01,B,2,1100.0
COURGETTE,4.25,KG,Legumes Frais,dimanche,2024-01,A,2,28.6
COUTEAU A PAIN 20CM,2.0,PC (1 PC),Accessoire & couvert,vendredi,2024-01,C,2,5.0
COUVERCLE AVEC TROU BOMBE 95KY,1700.0,PC,Consommable,samedi,2024-01,B,2,3300.0
CREME DE BALSAMIQUE,4.0,BTL (1 ML),Epicerie,jeudi,2024-01,D,2,10.0
CUILLIERE NOIRE EJEM,900.0,PC,Consommable,vendredi,2024-01,A,2,4900.0
FOURCHETTE NOIRE EMBALEE EJEM,5000.0,PC (1 PC),Consommable,vendredi,2024-01,A,2,10000.0
FROMAGE MAASDAM EN BLOC PB,26.0,KG,Beurre Oeuf Fromage,samedi,2024-01,A,2,65.5
FROMAGE SICILIEN,1.949,KG (1 KG),Beurre Oeuf Fromage,samedi,2024-01,D,2,5.946
FUT HEINEKEIN,100.0,PC (1 L),Alcools,dimanche,2024-01,B,2,240.0
GOBLET 9 0Z MF,450.0,PC (1 PC),Consommable,mardi,2024-01,A,2,1600.0
JAMBON DE BOEUF FUME,3.2,KG (1 KG),Charcuterie,samedi,2024-01,A,2,18.1
JAMBON DE DINDE,4.9,PC (1 KG),Charcuterie,vendredi,2024-01,A,2,34.15
JOUR ET NUIT ROUGE 1/2,16.0,PC (1 PC),Alcools,dimanche,2024-01,C,2,48.0
MAIS EN VRAC,2.0,PC (1 KG),Legumes Frais,samedi,2024-01,C,2,9.0
MANCHE A BALAIS,3.0,PC (1 PC),Hygiène,dimanche,2024-01,B,2,20.0
MIEL DOUX & FRAIS,5.0,PC (1 PC),Epicerie,vendredi,2024-01,C,2,11.0
NAPPAGE,1.0,PC,Pâtisseries,dimanche,2024-01,C,2,14.0
NOISETTE GRILLEE CONCASSEE,1.0,PC (1 KG),Fruits Secs,jeudi,2024-01,D,2,3.0
NUTELLA 600GR,63.0,PC (1 PC),Pâtisseries,vendredi,2024-01,B,2,114.0
PAILLE ENVELOPPE 7.5MM COLORE,11.0,SCH (50 PC),Consommable,dimanche,2024-01,B,2,47.0
PAPIER ALUM DE 100,2.0,PC (1 PC),Consommable,jeudi,2024-01,B,2,9.0
PAPIER CUISSON 40*60,1.0,PC (500 PC),Consommable,dimanche,2024-01,C,2,4.0
PAPRIKA FORT,1.0,KG (1 KG),Epicerie,dimanche,2024-01,C,2,3.0
PEPPERONI,2.0,KG (1 KG),Charcuterie,mercredi,2024-01,A,2,4.8
PERSIL,2.1,KG (1 KG),Legumes Frais,mercredi,2024-01,A,2,7.32999
PIMENT ROUGE SALLE,5.0,KG,Legumes Frais,samedi,2024-01,B,2,20.0
PUREE DE KIWI 1.32KG MONIN,1.0,PC (1320 GR),Pâtisseries,dimanche,2024-01,D,2,2.0
PUREE FRAISE 1.32KG MONIN,2.0,KG (1320 GR),Pâtisseries,dimanche,2024-01,D,2,2.0
QUATRE EPICES MOULU,1.0,PC (1 KG),Epicerie,dimanche,2024-01,C,2,3.0
RACLETTE,1.0,PC (1 PC),Hygiène,mardi,2024-01,B,2,7.0
RISTRETTO NSPRS,1500.0,PC (1 PC),Cafe,vendredi,2024-01,A,2,6800.0
ROULEAU DE 750 ETIQUETTE BLANC,4.0,PC,Consommable,vendredi,2024-01,C,2,16.0
SAC SOUS VIDE LISSE 20*30,100.0,PC (1 PC),Consommable,lundi,2024-01,A,2,1800.0
SAC SOUS VIDE LISSE 40*40,300.0,PC (1 PC),Consommable,mardi,2024-01,B,2,900.0
SANEX,32.0,PC (1 PC),Hygiène,samedi,2024-01,A,2,100.0
SAUCE A L'AIL PB,8.0,L (1 KG),Epicerie,samedi,2024-01,A,2,11.0
SAUCE MAYONNAISE PESTO PB,8.0,L,Epicerie,samedi,2024-01,A,2,11.0
SAUCE PESTO PB,4.0,KG (1 KG),Epicerie,samedi,2024-01,A,2,5.0
SIROP DE CARAMEL 1L MONIN,1.0,PC (1000 ML),Pâtisseries,dimanche,2024-01,B,2,5.0
THE SANS SUCRE 0.9g,180.0,PC (1 PC),THE,samedi,2024-01,B,2,1080.0
TOMATES SECHEES,0.2,PC (1000 GR),Epicerie,vendredi,2024-01,B,2,5.0
VIANDE SECHE FUME (BRESAOLA) TRANCHES 300GR,3.6,KG (1000 GR),Viandes Fraiches,vendredi,2024-01,A,2,11.0
VINAIGRE 1L,12.0,L (1000 GR),Epicerie,samedi,2024-01,D,2,12.0
AIL,2.0,KG,Legumes Frais,mercredi,2024-01,B,3,8.3
AMANDE EFFILEE,1.0,PC (1 KG),Fruits Secs,vendredi,2024-01,B,3,4.0
ANANAS PCES,91.0,PC,Jus Fruit Lait,mercredi,2024-01,A,3,172.0
AUBERGINE LEGUME,7.0,KG (1 KG),Legumes Frais,mercredi,2024-01,A,3,17.85
BACON BOEUF FUME TRANCHES ( 300GR),3.9,KG (1000 GR),Viandes Fraiches,mercredi,2024-01,A,3,6.9
BACTYGEL 703 CF,2.0,BTL (1 BTL),Hygiène,mercredi,2024-01,B,3,4.0
BASILIC BARQUETTE,2.05,KG (1 KG),Legumes Frais,lundi,2024-01,A,3,11.05
BOUTEILLE DE VINAIGRETTE 250ML,6.0,PC (250 GR),Epicerie,mercredi,2024-01,A,3,16.0
CAPRE VRAC,2.0,KG (1 KG),Legumes Frais,lundi,2024-01,B,3,9.0
CELTIA FUT DE 50L,1.0,PC (50 L),Alcools,lundi,2024-01,B,3,6.0
CHOUX ROUGE,2.0,PC (1 PC),Legumes Frais,samedi,2024-01,A,3,9.6
CITRON,2.0,KG (1 KG),Legumes Frais,mercredi,2024-01,A,3,16.75
CITRON SALLE,7.0,KG (1 KG),Legumes Frais,mercredi,2024-01,B,3,28.0
COIFFE EN PAPIER,500.0,PC (1 PC),Hygiène,jeudi,2024-01,B,3,1100.0
CORNICHON FRAIS,2.0,KG (1 KG),Legumes Frais,lundi,2024-01,B,3,12.0
COURGETTE,8.85,KG (1 KG),Legumes Frais,mercredi,2024-01,A,3,28.6
COUVERCLE AVEC TROU BOMBE 95KY,800.0,PC,Consommable,lundi,2024-01,B,3,3300.0
CUILLIERE NOIRE EJEM,1400.0,PC,Consommable,mercredi,2024-01,A,3,4900.0
EPINARD,3.0,KG (1 KG),Legumes Frais,lundi,2024-01,B,3,12.15
FOURCHETTE NOIRE EMBALEE EJEM,3500.0,PC,Consommable,jeudi,2024-01,A,3,10000.0
FROMAGE MAASDAM EN BLOC PB,10.0,KG (1 KG),Beurre Oeuf Fromage,samedi,2024-01,A,3,65.5
FROMAGE SICILIEN,1.924,KG (1 KG),Beurre Oeuf Fromage,samedi,2024-01,D,3,5.946
FUT HEINEKEIN,40.0,PC (1 L),Alcools,lundi,2024-01,B,3,240.0
JAMBON DE BOEUF FUME,4.800000000000001,KG,Charcuterie,jeudi,2024-01,A,3,18.1
JAMBON DE DINDE,8.5,PC (1 KG),Charcuterie,mardi,2024-01,A,3,34.15
MANCHE A BALAIS,3.0,PC (1 PC),Hygiène,samedi,2024-01,B,3,20.0
MENTHE SECHE,0.24,KG,Epicerie,lundi,2024-01,D,3,2.0
NOISETTE GRILLEE CONCASSEE,1.0,PC (1 KG),Fruits Secs,vendredi,2024-01,D,3,3.0
NUTELLA 600GR,36.0,PC (1 PC),Pâtisseries,mercredi,2024-01,B,3,114.0
PAILLE ENVELOPPE 7.5MM COLORE,20.0,SCH (50 PC),Consommable,lundi,2024-01,B,3,47.0
PAPIER ALUM DE 100,9.0,PC (1 PC),Consommable,lundi,2024-01,B,3,9.0
PERSIL,2.55,KG (1 KG),Legumes Frais,lundi,2024-01,A,3,7.32999
PIMENT ROUGE SALLE,5.0,KG,Legumes Frais,mercredi,2024-01,B,3,20.0
PISTACHE CONCASSEE,2.0,PC (1000 GR),Fruits Secs,vendredi,2024-01,C,3,4.0
PUREE DE KIWI 1.32KG MONIN,1.0,PC (1000 GR),Pâtisseries,samedi,2024-01,D,3,2.0
QUATRE EPICES MOULU,1.0,PC (1 KG),Epicerie,mercredi,2024-01,C,3,3.0
RACLETTE,3.0,PC (1 PC),Hygiène,samedi,2024-01,B,3,7.0
RISTRETTO NSPRS,2050.0,PC (1 PC),Cafe,lundi,2024-01,A,3,6800.0
SAC SOUS VIDE LISSE 20*30,500.0,PC (1 PC),Consommable,mardi,2024-01,A,3,1800.0
SAC SOUS VIDE LISSE 30*30,400.0,PC (1 PC),Consommable,mardi,2024-01,A,3,1100.0
SANEX,44.0,PC (1 PC),Hygiène,mercredi,2024-01,A,3,100.0
SAUCE A L'AIL PB,8.0,L (1 KG),Epicerie,mardi,2024-01,A,3,11.0
SAUCE MAYONNAISE PESTO PB,8.0,L (1 L),Epicerie,mardi,2024-01,A,3,11.0
SAUCE PESTO PB,4.0,KG (1 KG),Epicerie,mardi,2024-01,A,3,5.0
SIROP DE CARAMEL 1L MONIN,1.0,PC (1000 ML),Pâtisseries,samedi,2024-01,B,3,5.0
SIROP DE NOISETTES GRILLEES 70CL MONIN,1.0,PC (700 ML),Pâtisseries,samedi,2024-01,D,3,2.0
THE SANS SUCRE 0.9g,180.0,PC (1 PC),THE,jeudi,2024-01,B,3,1080.0
TOMATES SECHEES,1.0,PC (1000 GR),Epicerie,lundi,2024-01,B,3,5.0
VIANDE SECHE FUME (BRESAOLA) TRANCHES 300GR,5.7,KG (1000 GR),Viandes Fraiches,vendredi,2024-01,A,3,11.0
AIL,2.7,KG,Legumes Frais,jeudi,2024-02,B,4,8.3
AMANDE EFFILEE,2.0,PC (1 KG),Fruits Secs,dimanche,2024-02,B,4,4.0
ANANAS PCES,121.0,PC,Jus Fruit Lait,jeudi,2024-02,A,4,172.0
AUBERGINE LEGUME,6.15,KG (1 KG),Legumes Frais,dimanche,2024-02,A,4,17.85
BACON BOEUF FUME TRANCHES ( 300GR),3.6,KG (1000 GR),Viandes Fraiches,vendredi,2024-02,A,4,6.9
BACTYGEL 703 CF,3.0,BTL (1 BTL),Hygiène,vendredi,2024-02,B,4,4.0
BASILIC BARQUETTE,1.1,KG (1 KG),Legumes Frais,vendredi,2024-02,A,4,11.05
BEURRE MARGARINE  KG,4.5,PC (1 KG),Beurre Oeuf Fromage,lundi,2024-02,C,4,40.5
BOUTEILLE DE VINAIGRETTE 250ML,5.0,PC (250 GR),Epicerie,jeudi,2024-02,A,4,16.0
CELTIA FUT DE 50L,2.0,PC (50 L),Alcools,vendredi,2024-02,B,4,6.0
CHAPLUR,1.0,PC (1 KG),Epicerie,samedi,2024-02,C,4,16.0
CHOCOLAT CHAUD EN POUDRE,2.0,KG (1 KG),Cafe,vendredi,2024-02,B,4,7.0
CHOUX ROUGE,3.65,PC (1 PC),Legumes Frais,vendredi,2024-02,A,4,9.6
CITRON,3.9,KG (1 KG),Legumes Frais,dimanche,2024-02,A,4,16.75
CITRON SALLE,7.0,KG (1 KG),Legumes Frais,vendredi,2024-02,B,4,28.0
COIFFE EN PAPIER,400.0,PC (1 PC),Hygiène,samedi,2024-02,B,4,1100.0
CORNICHON FRAIS,3.0,KG (1 KG),Legumes Frais,vendredi,2024-02,B,4,12.0
COURGETTE,6.55,KG (1 KG),Legumes Frais,vendredi,2024-02,A,4,28.6
COUTEAU A PAIN 20CM,1.0,PC (1 PC),Accessoire & couvert,mardi,2024-02,C,4,5.0
CREME DE BALSAMIQUE,1.0,BTL (1 ML),Epicerie,mardi,2024-02,D,4,10.0
CUILLIERE NOIRE EJEM,800.0,PC,Consommable,mardi,2024-02,A,4,4900.0
EPINARD,7.2,KG (1 KG),Legumes Frais,dimanche,2024-02,B,4,12.15
FOURCHETTE NOIRE EMBALEE EJEM,2000.0,PC (1 PC),Consommable,vendredi,2024-02,A,4,10000.0
FROMAGE MAASDAM EN BLOC PB,14.0,KG,Beurre Oeuf Fromage,vendredi,2024-02,A,4,65.5
FROMAGE SICILIEN,3.622,KG (1 KG),Beurre Oeuf Fromage,vendredi,2024-02,D,4,5.946
FUT HEINEKEIN,100.0,PC (1 L),Alcools,jeudi,2024-02,B,4,240.0
HARISSA 450G,10.0,BTE,Epicerie,mardi,2024-02,C,4,17.0
JAMBON DE BOEUF FUME,7.55,KG (1 KG),Charcuterie,jeudi,2024-02,A,4,18.1
JAMBON DE DINDE,6.0,PC (1 KG),Charcuterie,samedi,2024-02,A,4,34.15
JOUR ET NUIT ROUGE 1/2,6.0,PC (1 PC),Alcools,mercredi,2024-02,C,4,48.0
MIEL DOUX & FRAIS,2.0,PC (1 PC),Epicerie,jeudi,2024-02,C,4,11.0
NAPPAGE,1.0,PC (1 PC),Pâtisseries,vendredi,2024-02,C,4,14.0
NOISETTE GRILLEE CONCASSEE,2.0,PC (1 KG),Fruits Secs,dimanche,2024-02,D,4,3.0
NUTELLA 600GR,54.0,PC (1 PC),Pâtisseries,vendredi,2024-02,B,4,114.0
PAILLE ENVELOPPE 7.5MM COLORE,17.0,SCH (50 PC),Consommable,jeudi,2024-02,B,4,47.0
PAPIER ALUM DE 100,2.0,PC (1 PC),Consommable,jeudi,2024-02,B,4,9.0
PERSIL,1.9,KG (1 KG),Legumes Frais,jeudi,2024-02,A,4,7.32999
PIMENT ROUGE SALLE,5.0,KG,Legumes Frais,vendredi,2024-02,B,4,20.0
POIVRE NOIR MOULU,1.0,PC (1 KG),Epicerie,dimanche,2024-02,B,4,3.0
PUREE DE KIWI 1.32KG MONIN,1.0,PC (1000 GR),Pâtisseries,dimanche,2024-02,D,4,2.0
RISTRETTO NSPRS,1700.0,PC (1 PC),Cafe,jeudi,2024-02,A,4,6800.0
ROULEAU THERMIQUE BALANCE,30.0,PC (1 PC),Fournitures de Bureau,samedi,2024-02,D,4,30.0
SAC SOUS VIDE LISSE 20*30,600.0,PC (1 PC),Consommable,samedi,2024-02,A,4,1800.0
SAC SOUS VIDE LISSE 30*30,300.0,PC (1 PC),Consommable,samedi,2024-02,A,4,1100.0
SAC SOUS VIDE LISSE 40*40,200.0,PC (1 PC),Consommable,mercredi,2024-02,B,4,900.0
SANEX,32.0,PC (1 PC),Hygiène,vendredi,2024-02,A,4,100.0
SAUCE A L'AIL PB,9.0,L (1 KG),Epicerie,jeudi,2024-02,A,4,11.0
SAUCE MAYONNAISE PESTO PB,8.0,L (1 L),Epicerie,jeudi,2024-02,A,4,11.0
SAUCE PESTO PB,3.0,KG (1 KG),Epicerie,jeudi,2024-02,A,4,5.0
SIROP DE CARAMEL 1L MONIN,1.0,PC (1000 ML),Pâtisseries,dimanche,2024-02,B,4,5.0
THE SANS SUCRE 0.9g,360.0,PC (1 PC),THE,jeudi,2024-02,B,4,1080.0
TOMATES SECHEES,0.6,PC (1000 GR),Epicerie,jeudi,2024-02,B,4,5.0
TOQUE CHEF,3.0,PC (1 PC),Hygiène,mercredi,2024-02,C,4,6.0
VIANDE SECHE FUME (BRESAOLA) TRANCHES 300GR,1.7999999999999998,KG (1000 GR),Viandes Fraiches,lundi,2024-02,A,4,11.0
AIL,1.2,KG (1 KG),Legumes Frais,dimanche,2024-02,B,5,8.3
AMANDE EFFILEE,1.0,PC (1 KG),Fruits Secs,dimanche,2024-02,B,5,4.0
ANANAS PCES,163.0,PC (1 PC),Jus Fruit Lait,dimanche,2024-02,A,5,172.0
AUBERGINE LEGUME,6.45,KG (1 KG),Legumes Frais,lundi,2024-02,A,5,17.85
BACON BOEUF FUME TRANCHES ( 300GR),2.3,KG (1000 GR),Viandes Fraiches,dimanche,2024-02,A,5,6.9
BACTYGEL 703 CF,2.0,BTL (1 BTL),Hygiène,lundi,2024-02,B,5,4.0
BASILIC BARQUETTE,2.9,KG (1 KG),Legumes Frais,dimanche,2024-02,A,5,11.05
BOITE FRAPPE CAFE 1.36KG MONIN,1.0,BTE (1360 GR),Pâtisseries,dimanche,2024-02,C,5,6.0
BOITE FRAPPE VANILLE 1.36KG MONIN,1.0,KG,Pâtisseries,jeudi,2024-02,C,5,6.0
BOUTEILLE DE VINAIGRETTE 250ML,10.0,PC (250 GR),Epicerie,dimanche,2024-02,A,5,16.0
CAPRE VRAC,2.0,KG (1 KG),Legumes Frais,mardi,2024-02,B,5,9.0
CELTIA FUT DE 50L,1.0,PC (50 L),Alcools,lundi,2024-02,B,5,6.0
CHOCOLAT CHAUD EN POUDRE,1.0,KG (1 KG),Cafe,dimanche,2024-02,B,5,7.0
CHOUX ROUGE,4.1,PC (1 PC),Legumes Frais,samedi,2024-02,A,5,9.6
CITRON,4.85,KG (1 KG),Legumes Frais,lundi,2024-02,A,5,16.75
CITRON SALLE,7.0,KG (1 KG),Legumes Frais,mardi,2024-02,B,5,28.0
COIFFE EN PAPIER,100.0,PC (1 PC),Hygiène,lundi,2024-02,B,5,1100.0
CORNICHON FRAIS,5.0,KG (1 KG),Legumes Frais,mardi,2024-02,B,5,12.0
COURGETTE,6.75,KG (1 KG),Legumes Frais,lundi,2024-02,A,5,28.6
COUVERCLE AVEC TROU BOMBE 95KY,900.0,PC,Consommable,dimanche,2024-02,B,5,3300.0
CREME DE BALSAMIQUE,2.0,BTL (1 ML),Epicerie,dimanche,2024-02,D,5,10.0
CUILLIERE NOIRE EJEM,1000.0,PC,Consommable,dimanche,2024-02,A,5,4900.0
FOURCHETTE NOIRE EMBALEE EJEM,3500.0,PC (1 PC),Consommable,dimanche,2024-02,A,5,10000.0
FROMAGE BUCHE BLANCHE CHEVRE KG,0.22,KG (1 KG),Beurre Oeuf Fromage,vendredi,2024-02,B,5,5.0
FROMAGE MAASDAM EN BLOC PB,21.0,KG (1 KG),Beurre Oeuf Fromage,dimanche,2024-02,A,5,65.5
FUT HEINEKEIN,120.0,PC (1 L),Alcools,lundi,2024-02,B,5,240.0
GOBLET 9 0Z MF,1000.0,PC (1 PC),Consommable,dimanche,2024-02,A,5,1600.0
JAMBON DE BOEUF FUME,7.9,KG (1 KG),Charcuterie,dimanche,2024-02,A,5,18.1
JAMBON DE DINDE,4.95,PC (1 KG),Charcuterie,lundi,2024-02,A,5,34.15
JOUR ET NUIT ROUGE 1/2,5.0,PC (1 PC),Alcools,dimanche,2024-02,C,5,48.0
MAIS EN VRAC,2.0,PC (1 KG),Legumes Frais,vendredi,2024-02,C,5,9.0
MANCHE A BALAIS,7.0,PC,Hygiène,dimanche,2024-02,B,5,20.0
MIEL DOUX & FRAIS,4.0,PC (1 PC),Epicerie,jeudi,2024-02,C,5,11.0
NUTELLA 600GR,42.0,PC (1 PC),Pâtisseries,dimanche,2024-02,B,5,114.0
PAILLE ENVELOPPE 7.5MM COLORE,22.0,SCH (50 PC),Consommable,dimanche,2024-02,B,5,47.0
PAPIER ALUM DE 100,2.0,PC (1 PC),Consommable,dimanche,2024-02,B,5,9.0
PAPIER CUISSON 40*60,1.0,PC (500 PC),Consommable,mercredi,2024-02,C,5,4.0
PEPPERONI,1.0,KG (1 KG),Charcuterie,jeudi,2024-02,A,5,4.8
PERSIL,1.7000000000000002,KG (1 KG),Legumes Frais,dimanche,2024-02,A,5,7.32999
PIMENT ROUGE SALLE,5.0,KG (1 KG),Legumes Frais,vendredi,2024-02,B,5,20.0
PISTACHE CONCASSEE,1.0,PC (1000 GR),Fruits Secs,dimanche,2024-02,C,5,4.0
PUREE DE BANANE 1L,1.0,PC (1 L),Epicerie,jeudi,2024-02,D,5,2.0
PUREE DE KIWI 1.32KG MONIN,1.0,PC (1000 GR),Pâtisseries,samedi,2024-02,D,5,2.0
QUATRE EPICES MOULU,1.0,PC (1 KG),Epicerie,mardi,2024-02,C,5,3.0
RACLETTE,2.0,PC (1 PC),Hygiène,dimanche,2024-02,B,5,7.0
RISTRETTO NSPRS,6450.0,PC (1 PC),Cafe,dimanche,2024-02,A,5,6800.0
ROULEAU DE 750 ETIQUETTE BLANC,3.0,PC (1 PC),Consommable,dimanche,2024-02,C,5,16.0
SAC SOUS VIDE LISSE 20*30,700.0,PC (1 PC),Consommable,lundi,2024-02,A,5,1800.0
SAC SOUS VIDE LISSE 30*30,500.0,PC,Consommable,mercredi,2024-02,A,5,1100.0
SANEX,48.0,PC (1 PC),Hygiène,dimanche,2024-02,A,5,100.0
SAUCE A L'AIL PB,10.0,L (1 KG),Epicerie,dimanche,2024-02,A,5,11.0
SAUCE MAYONNAISE PESTO PB,10.0,L,Epicerie,dimanche,2024-02,A,5,11.0
SAUCE PESTO PB,5.0,KG,Epicerie,dimanche,2024-02,A,5,5.0
SIROP DE CARAMEL 1L MONIN,1.0,PC (1000 ML),Pâtisseries,jeudi,2024-02,B,5,5.0
SIROP DE VANILLE 1L MONIN,1.0,PC (700 ML),Pâtisseries,samedi,2024-02,C,5,3.0
THE SANS SUCRE 0.9g,180.0,PC,THE,jeudi,2024-02,B,5,1080.0
TOMATES SECHEES,0.6,PC (1000 GR),Epicerie,jeudi,2024-02,B,5,5.0
TOQUE CHEF,4.0,PC (1 PC),Hygiène,dimanche,2024-02,C,5,6.0
VIANDE SECHE FUME (BRESAOLA) TRANCHES 300GR,3.3,KG (1000 GR),Viandes Fraiches,dimanche,2024-02,A,5,11.0
VINAIGRE 1L,4.0,L (1000 GR),Epicerie,lundi,2024-02,D,5,12.0
sucre en buchette MF 10kg,1.0,KG (1 KG),Epicerie,dimanche,2024-02,C,5,10.0
AIL,0.8,KG,Legumes Frais,jeudi,2024-02,B,6,8.3
AMANDE EFFILEE,1.0,PC (1 KG),Fruits Secs,mardi,2024-02,B,6,4.0
ANANAS PCES,172.0,PC,Jus Fruit Lait,jeudi,2024-02,A,6,172.0
AUBERGINE LEGUME,12.95,KG (1 KG),Legumes Frais,mercredi,2024-02,A,6,17.85
BACON BOEUF FUME TRANCHES ( 300GR),3.6,KG (1000 GR),Viandes Fraiches,jeudi,2024-02,A,6,6.9
BASILIC BARQUETTE,3.2,KG (1 KG),Legumes Frais,mercredi,2024-02,A,6,11.05
BOUTEILLE DE VINAIGRETTE 250ML,8.0,PC (250 GR),Epicerie,jeudi,2024-02,A,6,16.0
CELTIA FUT DE 50L,1.0,PC (50 L),Alcools,mardi,2024-02,B,6,6.0
CHAPLUR,2.0,PC (1 KG),Epicerie,mercredi,2024-02,C,6,16.0
CHOUX ROUGE,5.5,PC (1 PC),Legumes Frais,mercredi,2024-02,A,6,9.6
CITRON,6.0,KG (1 KG),Legumes Frais,mercredi,2024-02,A,6,16.75
CITRON SALLE,7.0,KG (1 KG),Legumes Frais,lundi,2024-02,B,6,28.0
COIFFE EN PAPIER,600.0,PC (1 PC),Hygiène,samedi,2024-02,B,6,1100.0
COURGETTE,12.5,KG (1 KG),Legumes Frais,mercredi,2024-02,A,6,28.6
COUVERCLE AVEC TROU BOMBE 95KY,2900.0,PC (1 PC),Consommable,jeudi,2024-02,B,6,3300.0
CREME DE BALSAMIQUE,2.0,BTL (1 ML),Epicerie,dimanche,2024-02,D,6,10.0
CUILLIERE NOIRE EJEM,1000.0,PC,Consommable,jeudi,2024-02,A,6,4900.0
FOURCHETTE NOIRE EMBALEE EJEM,4000.0,PC (1 PC),Consommable,jeudi,2024-02,A,6,10000.0
FROMAGE BUCHE BLANCHE CHEVRE KG,0.22,KG (1 KG),Beurre Oeuf Fromage,dimanche,2024-02,B,6,5.0
FROMAGE MAASDAM EN BLOC PB,15.0,KG (1 KG),Beurre Oeuf Fromage,mercredi,2024-02,A,6,65.5
FROMAGE SICILIEN,3.756,KG (1 KG),Beurre Oeuf Fromage,vendredi,2024-02,D,6,5.946
FUT HEINEKEIN,80.0,PC (1 L),Alcools,jeudi,2024-02,B,6,240.0
HARISSA 450G,10.0,BTE,Epicerie,jeudi,2024-02,C,6,17.0
JAMBON DE BOEUF FUME,11.9,KG (1 KG),Charcuterie,mercredi,2024-02,A,6,18.1
JAMBON DE DINDE,8.9,PC (1 KG),Charcuterie,dimanche,2024-02,A,6,34.15
JOUR ET NUIT ROUGE 1/2,10.0,PC (1 PC),Alcools,lundi,2024-02,C,6,48.0
MAIS EN VRAC,3.0,PC (1 KG),Legumes Frais,samedi,2024-02,C,6,9.0
MANCHE A BALAIS,5.0,PC,Hygiène,vendredi,2024-02,B,6,20.0
MENTHE SECHE,0.24,KG (1 KG),Epicerie,lundi,2024-02,D,6,2.0
MIEL DOUX & FRAIS,2.0,PC (1 PC),Epicerie,jeudi,2024-02,C,6,11.0
NAPPAGE,1.0,PC,Pâtisseries,jeudi,2024-02,C,6,14.0
NUTELLA 600GR,60.0,PC (1 PC),Pâtisseries,jeudi,2024-02,B,6,114.0
PAILLE ENVELOPPE 7.5MM COLORE,10.0,SCH (50 PC),Consommable,jeudi,2024-02,B,6,47.0
PAPIER ALUM DE 100,4.0,PC (1 PC),Consommable,jeudi,2024-02,B,6,9.0
PEPPERONI,0.6,KG (1 KG),Charcuterie,mardi,2024-02,A,6,4.8
PIMENT ROUGE SALLE,10.0,KG (1 KG),Legumes Frais,vendredi,2024-02,B,6,20.0
POIVRE NOIR MOULU,1.0,PC (1 KG),Epicerie,vendredi,2024-03,B,6,3.0
QUATRE EPICES MOULU,1.0,PC (1 KG),Epicerie,dimanche,2024-02,C,6,3.0
RACLETTE,5.0,PC,Hygiène,lundi,2024-02,B,6,7.0
RISTRETTO NSPRS,4800.0,PC (1 PC),Cafe,mercredi,2024-02,A,6,6800.0
ROULEAU DE 750 ETIQUETTE BLANC,2.0,PC,Consommable,lundi,2024-02,C,6,16.0
SAC SOUS VIDE LISSE 20*30,200.0,PC (1 PC),Consommable,mercredi,2024-02,A,6,1800.0
SAC SOUS VIDE LISSE 30*30,800.0,PC (1 PC),Consommable,mercredi,2024-02,A,6,1100.0
SANEX,32.0,PC (1 PC),Hygiène,vendredi,2024-02,A,6,100.0
SAUCE A L'AIL PB,8.0,L (1 KG),Epicerie,jeudi,2024-02,A,6,11.0
SAUCE MAYONNAISE PESTO PB,8.0,L (1 L),Epicerie,jeudi,2024-02,A,6,11.0
SAUCE PESTO PB,4.0,KG (1 KG),Epicerie,jeudi,2024-02,A,6,5.0
SIROP DE CARAMEL 1L MONIN,2.0,PC (1000 ML),Pâtisseries,jeudi,2024-02,B,6,5.0
THE SANS SUCRE 0.9g,540.0,PC (1 PC),THE,jeudi,2024-02,B,6,1080.0
THYM MOULU,0.05,KG,Epicerie,jeudi,2024-02,D,6,2.0
TOQUE CHEF,3.0,PC (1 PC),Hygiène,vendredi,2024-02,C,6,6.0
VIANDE SECHE FUME (BRESAOLA) TRANCHES 300GR,3.9,KG (1000 GR),Viandes Fraiches,jeudi,2024-02,A,6,11.0
AIL,1.65,KG (1 KG),Legumes Frais,mardi,2024-03,B,7,8.3
ANANAS PCES,133.0,PC,Jus Fruit Lait,dimanche,2024-03,A,7,172.0
AUBERGINE LEGUME,11.35,KG,Legumes Frais,samedi,2024-03,A,7,17.85
BACON BOEUF FUME TRANCHES ( 300GR),4.5,KG (1000 GR),Viandes Fraiches,dimanche,2024-03,A,7,6.9
BACTYGEL 703 CF,1.0,BTL (1 BTL),Hygiène,dimanche,2024-03,B,7,4.0
BASILIC BARQUETTE,3.15,KG,Legumes Frais,samedi,2024-03,A,7,11.05
BEURRE MARGARINE  KG,4.5,PC (1 KG),Beurre Oeuf Fromage,dimanche,2024-03,C,7,40.5
BOUTEILLE DE VINAIGRETTE 250ML,8.0,PC (250 GR),Epicerie,dimanche,2024-03,A,7,16.0
CELTIA FUT DE 50L,2.0,PC (50 L),Alcools,lundi,2024-03,B,7,6.0
CHAPLUR,1.0,PC (1 KG),Epicerie,lundi,2024-03,C,7,16.0
CHOCOLAT CHAUD EN POUDRE,2.0,KG (1 KG),Cafe,dimanche,2024-03,B,7,7.0
CHORBA FRIK,5.0,PC (1 KG),Epicerie,lundi,2024-03,D,7,23.0
CHOUX ROUGE,1.6,PC (1 PC),Legumes Frais,dimanche,2024-03,A,7,9.6
CITRON,15.3,KG,Legumes Frais,samedi,2024-03,A,7,16.75
CITRON SALLE,14.0,KG,Legumes Frais,samedi,2024-03,B,7,28.0
COIFFE EN PAPIER,200.0,PC (1 PC),Hygiène,samedi,2024-03,B,7,1100.0
CORNICHON FRAIS,7.0,KG,Legumes Frais,samedi,2024-03,B,7,12.0
COURGETTE,15.5,KG,Legumes Frais,samedi,2024-03,A,7,28.6
COUVERCLE AVEC TROU BOMBE 95KY,2000.0,PC,Consommable,samedi,2024-03,B,7,3300.0
CREME DE BALSAMIQUE,1.0,BTL (1 ML),Epicerie,jeudi,2024-03,D,7,10.0
CUILLIERE NOIRE EJEM,1600.0,PC,Consommable,samedi,2024-03,A,7,4900.0
DATTE EN VRAC,1.0,KG (1 KG),Fruits & Legumes Frais,lundi,2024-03,B,7,18.3
FANTA PET 0.5 L,458.0,PC,Eaux et Sodas,lundi,2024-03,A,7,699.0
FOURCHETTE NOIRE EMBALEE EJEM,4500.0,PC (1 PC),Consommable,samedi,2024-03,A,7,10000.0
FROMAGE BUCHE BLANCHE CHEVRE KG,0.8800000000000001,KG (1 KG),Beurre Oeuf Fromage,vendredi,2024-03,B,7,5.0
FROMAGE MAASDAM EN BLOC PB,25.0,KG (1 KG),Beurre Oeuf Fromage,dimanche,2024-03,A,7,65.5
FROMAGE SICILIEN,1.95,KG (1 KG),Beurre Oeuf Fromage,dimanche,2024-03,D,7,5.946
FUT HEINEKEIN,40.0,PC (1 L),Alcools,mardi,2024-03,B,7,240.0
JAMBON DE BOEUF FUME,6.25,KG,Charcuterie,samedi,2024-03,A,7,18.1
JAMBON DE DINDE,18.0,PC (1 KG),Charcuterie,dimanche,2024-03,A,7,34.15
JOUR ET NUIT ROUGE 1/2,17.0,PC (1 PC),Alcools,dimanche,2024-03,C,7,48.0
LOT CAFE GRAIN BARISTA,2.0,PC (1 KG),Cafe,lundi,2024-03,A,7,121.0
MANCHE A BALAIS,1.0,PC (1 PC),Hygiène,lundi,2024-03,B,7,20.0
MENTHE SECHE,0.42,KG (1 KG),Epicerie,samedi,2024-03,D,7,2.0
NAPPAGE,1.0,PC (1 PC),Pâtisseries,samedi,2024-03,C,7,14.0
NOISETTE GRILLEE CONCASSEE,1.0,PC (1 KG),Fruits Secs,dimanche,2024-03,D,7,3.0
NUTELLA 600GR,66.0,PC (1 PC),Pâtisseries,dimanche,2024-03,B,7,114.0
PAILLE ENVELOPPE 7.5MM COLORE,36.0,SCH (50 PC),Consommable,samedi,2024-03,B,7,47.0
PAPIER ALUM DE 100,1.0,PC (1 PC),Consommable,samedi,2024-03,B,7,9.0
PAPIER CUISSON 40*60,1.0,PC (500 PC),Consommable,samedi,2024-03,C,7,4.0
PAPRIKA DOUX,2.0,KG (1 KG),Fruits & Legumes Frais,lundi,2024-03,C,7,3.0
PAPRIKA FORT,1.0,KG (1 KG),Epicerie,lundi,2024-03,C,7,3.0
PEPPERONI,2.4,KG (1 KG),Charcuterie,dimanche,2024-03,A,7,4.8
PERSIL,0.45,KG (1 KG),Legumes Frais,lundi,2024-03,A,7,7.32999
PIMENT ROUGE SALLE,5.0,KG,Legumes Frais,samedi,2024-03,B,7,20.0
POIVRE NOIR MOULU,2.0,PC (1 KG),Epicerie,lundi,2024-03,B,7,3.0
PUREE DE BANANE 1L,1.0,PC (1 L),Epicerie,samedi,2024-03,D,7,2.0
QUATRE EPICES MOULU,1.0,PC (1 KG),Epicerie,lundi,2024-03,C,7,3.0
RISTRETTO NSPRS,2150.0,PC (1 PC),Cafe,lundi,2024-03,A,7,6800.0
ROQUETTE FRAIS EN KG,1.3,KG,Legumes Frais,vendredi,2024-03,B,7,9.9
ROULEAU DE 750 ETIQUETTE BLANC,2.0,PC,Consommable,jeudi,2024-03,C,7,16.0
SAC SOUS VIDE LISSE 40*40,900.0,PC (1 PC),Consommable,lundi,2024-03,B,7,900.0
SANEX,37.0,PC (1 PC),Hygiène,samedi,2024-03,A,7,100.0
SAUCE A L'AIL PB,8.0,L (1 KG),Epicerie,dimanche,2024-03,A,7,11.0
SAUCE MAYONNAISE PESTO PB,8.0,L (1 L),Epicerie,dimanche,2024-03,A,7,11.0
SAUCE PESTO PB,4.0,KG (1 KG),Epicerie,dimanche,2024-03,A,7,5.0
SIROP DE CARAMEL 1L MONIN,2.0,PC (1000 ML),Pâtisseries,samedi,2024-03,B,7,5.0
THE SANS SUCRE 0.9g,180.0,PC (1 PC),THE,samedi,2024-03,B,7,1080.0
TOMATES SECHEES,0.8,PC (1000 GR),Epicerie,vendredi,2024-03,B,7,5.0
TOQUE CHEF,1.0,PC (1 PC),Hygiène,samedi,2024-03,C,7,6.0
VIANDE SECHE FUME (BRESAOLA) TRANCHES 300GR,5.4,KG (1000 GR),Viandes Fraiches,dimanche,2024-03,A,7,11.0
AIL,4.0,KG (1 KG),Legumes Frais,jeudi,2024-03,B,8,8.3
AMANDE EFFILEE,1.0,PC (1 KG),Fruits Secs,mercredi,2024-03,B,8,4.0
ANANAS PCES,39.0,PC (1 PC),Jus Fruit Lait,mardi,2024-03,A,8,172.0
AUBERGINE LEGUME,3.6,KG (1 KG),Legumes Frais,mardi,2024-03,A,8,17.85
BACON BOEUF FUME TRANCHES ( 300GR),1.5,KG (1000 GR),Viandes Fraiches,dimanche,2024-03,A,8,6.9
BACTYGEL 703 CF,2.0,BTL,Hygiène,mercredi,2024-03,B,8,4.0
BASILIC BARQUETTE,0.7,KG (1 KG),Legumes Frais,mercredi,2024-03,A,8,11.05
BASILIC LA BOTTE,0.7,KG,Legumes Frais,mercredi,2024-03,C,8,3.2999
BOUTEILLE DE VINAIGRETTE 250ML,1.0,PC (250 GR),Epicerie,mercredi,2024-03,A,8,16.0
CAPRE VRAC,6.0,KG (1 KG),Legumes Frais,samedi,2024-03,B,8,9.0
CHORBA FRIK,2.0,PC (1 KG),Epicerie,mardi,2024-03,D,8,23.0
CITRON,9.7,KG (1 KG),Legumes Frais,mercredi,2024-03,A,8,16.75
COIFFE EN PAPIER,100.0,PC (1 PC),Hygiène,mercredi,2024-03,B,8,1100.0
COURGETTE,4.3,KG (1 KG),Legumes Frais,mardi,2024-03,A,8,28.6
CUILLIERE NOIRE EJEM,300.0,PC,Consommable,jeudi,2024-03,A,8,4900.0
DATTE EN VRAC,8.0,KG (1 KG),Fruits & Legumes Frais,mardi,2024-03,B,8,18.3
EPINARD,1.12,KG (1 KG),Legumes Frais,samedi,2024-03,B,8,12.15
FANTA PET 0.5 L,194.0,PC (1 PC),Eaux et Sodas,mardi,2024-03,A,8,699.0
FOURCHETTE NOIRE EMBALEE EJEM,1000.0,PC,Consommable,mardi,2024-03,A,8,10000.0
FROMAGE MAASDAM EN BLOC PB,13.0,KG (1 KG),Beurre Oeuf Fromage,mercredi,2024-03,A,8,65.5
GOBLET 9 0Z MF,300.0,PC,Consommable,mardi,2024-03,A,8,1600.0
JAMBON DE DINDE,5.0,PC (1 KG),Charcuterie,samedi,2024-03,A,8,34.15
LOT CAFE GRAIN BARISTA,18.0,PC (1 KG),Cafe,mercredi,2024-03,A,8,121.0
MANCHE A BALAIS,4.0,PC (1 PC),Hygiène,samedi,2024-03,B,8,20.0
NAPPAGE,1.0,PC,Pâtisseries,mercredi,2024-03,C,8,14.0
NUTELLA 600GR,6.0,PC (1 PC),Pâtisseries,vendredi,2024-03,B,8,114.0
PAILLE ENVELOPPE 7.5MM COLORE,5.0,SCH (50 PC),Consommable,dimanche,2024-03,B,8,47.0
PAPIER ALUM DE 100,1.0,PC (1 PC),Consommable,samedi,2024-03,B,8,9.0
PERSIL,4.85,KG (1 KG),Legumes Frais,mardi,2024-03,A,8,7.32999
POCHETTE CROISSANT 15*7*29,1.0,PC (1000 PC),Consommable,mardi,2024-03,C,8,4.0
RACLETTE,3.0,PC (1 PC),Hygiène,samedi,2024-03,B,8,7.0
RISTRETTO NSPRS,350.0,PC (1 PC),Cafe,mercredi,2024-03,A,8,6800.0
ROQUETTE FRAIS EN KG,0.9,KG (1 KG),Legumes Frais,mardi,2024-03,B,8,9.9
SAC SOUS VIDE LISSE 20*30,100.0,PC (1 PC),Consommable,lundi,2024-03,A,8,1800.0
SAC SOUS VIDE LISSE 30*30,100.0,PC (1 PC),Consommable,lundi,2024-03,A,8,1100.0
SAC SOUS VIDE LISSE 40*40,400.0,PC (1 PC),Consommable,mercredi,2024-03,B,8,900.0
SANEX,24.0,PC (1 PC),Hygiène,vendredi,2024-03,A,8,100.0
SAUCE A L'AIL PB,3.0,L (1 KG),Epicerie,mercredi,2024-03,A,8,11.0
SAUCE MAYONNAISE PESTO PB,3.0,L (1 L),Epicerie,mercredi,2024-03,A,8,11.0
SAUCE PESTO PB,1.0,KG (1 KG),Epicerie,mercredi,2024-03,A,8,5.0
TOMATES SECHEES,1.0,PC (1000 GR),Epicerie,samedi,2024-03,B,8,5.0
TOQUE CHEF,1.0,PC (1 PC),Hygiène,mardi,2024-03,C,8,6.0
VARIANTES,3.0,KG (1 KG),Legumes Frais,dimanche,2024-03,D,8,10.0
VIANDE SECHE FUME (BRESAOLA) TRANCHES 300GR,1.8,KG (1000 GR),Viandes Fraiches,dimanche,2024-03,A,8,11.0
VINAIGRE 1L,2.0,L (1000 GR),Epicerie,lundi,2024-03,D,8,12.0
AIL,3.0,KG (1 KG),Legumes Frais,mardi,2024-03,B,9,8.3
AIL EN POUDRE,1.0,KG (1 KG),Fruits & Legumes Frais,lundi,2024-03,C,9,2.0
ANANAS PCES,53.0,PC (1 PC),Jus Fruit Lait,vendredi,2024-03,A,9,172.0
AUBERGINE LEGUME,6.75,KG (1 KG),Legumes Frais,vendredi,2024-03,A,9,17.85
BACON BOEUF FUME TRANCHES ( 300GR),2.1,KG (1000 GR),Viandes Fraiches,samedi,2024-03,A,9,6.9
BACTYGEL 703 CF,1.0,BTL (1 BTL),Hygiène,lundi,2024-03,B,9,4.0
BASILIC BARQUETTE,0.9,KG (1 KG),Legumes Frais,samedi,2024-03,A,9,11.05
BOITE FRAPPE VANILLE 1.36KG MONIN,1.0,KG (1 KG),Pâtisseries,mercredi,2024-03,C,9,6.0
CAPRE VRAC,2.0,KG,Legumes Frais,mercredi,2024-03,B,9,9.0
CHORBA FRIK,5.0,PC (1 KG),Epicerie,mardi,2024-03,D,9,23.0
CHOUX ROUGE,4.95,PC (1 PC),Legumes Frais,vendredi,2024-03,A,9,9.6
CITRON,11.4,KG (1 KG),Legumes Frais,dimanche,2024-03,A,9,16.75
COIFFE EN PAPIER,200.0,PC,Hygiène,jeudi,2024-03,B,9,1100.0
COURGETTE,2.0,KG (1 KG),Legumes Frais,jeudi,2024-03,A,9,28.6
COUTEAU A PAIN 20CM,2.0,PC (1 PC),Accessoire & couvert,vendredi,2024-03,C,9,5.0
COUVERCLE AVEC TROU BOMBE 95KY,600.0,PC,Consommable,mercredi,2024-03,B,9,3300.0
CUILLIERE NOIRE EJEM,400.0,PC (1 PC),Consommable,vendredi,2024-03,A,9,4900.0
DATTE EN VRAC,8.0,KG (1 KG),Fruits & Legumes Frais,samedi,2024-03,B,9,18.3
FANTA PET 0.5 L,182.0,PC (1 PC),Eaux et Sodas,dimanche,2024-03,A,9,699.0
FOURCHETTE NOIRE EMBALEE EJEM,2000.0,PC (1 PC),Consommable,samedi,2024-03,A,9,10000.0
FROMAGE MAASDAM EN BLOC PB,12.0,KG (1 KG),Beurre Oeuf Fromage,dimanche,2024-03,A,9,65.5
HARISSA 450G,1.0,BTE,Epicerie,jeudi,2024-03,C,9,17.0
JAMBON DE BOEUF FUME,3.2,KG (1 KG),Charcuterie,dimanche,2024-03,A,9,18.1
JAMBON DE DINDE,9.4,PC (1 KG),Charcuterie,mercredi,2024-03,A,9,34.15
LOT CAFE GRAIN BARISTA,20.0,PC (1 KG),Cafe,samedi,2024-03,A,9,121.0
MOUSSE CHOCOLAT,2.0,PC,Pâtisseries,mercredi,2024-03,D,9,4.0
NOISETTE GRILLEE CONCASSEE,1.0,PC (1 KG),Fruits Secs,lundi,2024-03,D,9,3.0
PAILLE BUBBLE TEA 12MM COLORE,400.0,PC (1 PC),Consommable,vendredi,2024-03,C,9,1800.0
PAPIER ALUM DE 100,1.0,PC (1 PC),Consommable,mercredi,2024-03,B,9,9.0
PAPIER CUISSON 40*60,1.0,PC (500 PC),Consommable,lundi,2024-03,C,9,4.0
PAPRIKA DOUX,1.0,KG (1 KG),Fruits & Legumes Frais,lundi,2024-03,C,9,3.0
PAPRIKA FORT,1.0,KG (1 KG),Epicerie,mardi,2024-03,C,9,3.0
PEPPERONI,0.3,KG (1 KG),Charcuterie,lundi,2024-03,A,9,4.8
PERSIL,7.32999,KG (1 KG),Legumes Frais,samedi,2024-03,A,9,7.32999
PIMENT ROUGE SALLE,5.0,KG (1 KG),Legumes Frais,dimanche,2024-03,B,9,20.0
QUATRE EPICES MOULU,1.0,PC (1 KG),Epicerie,mercredi,2024-03,C,9,3.0
RISTRETTO NSPRS,250.0,PC (1 PC),Cafe,dimanche,2024-03,A,9,6800.0
ROQUETTE FRAIS EN KG,1.2,KG (1 KG),Legumes Frais,mercredi,2024-03,B,9,9.9
ROULEAU THERMIQUE BALANCE,2.0,PC (1 PC),Fournitures de Bureau,lundi,2024-03,D,9,30.0
SAC SOUS VIDE LISSE 20*30,200.0,PC (1 PC),Consommable,vendredi,2024-03,A,9,1800.0
SAC SOUS VIDE LISSE 30*30,200.0,PC (1 PC),Consommable,vendredi,2024-03,A,9,1100.0
SAC SOUS VIDE LISSE 40*40,300.0,PC (1 PC),Consommable,vendredi,2024-03,B,9,900.0
SANEX,43.0,PC (1 PC),Hygiène,lundi,2024-03,A,9,100.0
SAUCE A L'AIL PB,3.0,L (1 KG),Epicerie,dimanche,2024-03,A,9,11.0
SAUCE MAYONNAISE PESTO PB,3.0,L (1 L),Epicerie,dimanche,2024-03,A,9,11.0
SAUCE PESTO PB,3.0,KG (1 KG),Epicerie,dimanche,2024-03,A,9,5.0
TOMATES SECHEES,0.2,PC (1000 GR),Epicerie,lundi,2024-03,B,9,5.0
TOQUE CHEF,3.0,PC (1 PC),Hygiène,lundi,2024-03,C,9,6.0
VIANDE SECHE FUME (BRESAOLA) TRANCHES 300GR,3.2,KG (1000 GR),Viandes Fraiches,samedi,2024-03,A,9,11.0
VINAIGRE 1L,2.0,L (1000 GR),Epicerie,jeudi,2024-03,D,9,12.0
AIL,1.0,KG (1 KG),Legumes Frais,mardi,2024-04,B,10,8.3
ANANAS PCES,70.0,PC (1 PC),Jus Fruit Lait,mercredi,2024-04,A,10,172.0
AUBERGINE LEGUME,3.75,KG (1 KG),Legumes Frais,samedi,2024-04,A,10,17.85
BACON BOEUF FUME TRANCHES ( 300GR),2.1,KG (1000 GR),Viandes Fraiches,jeudi,2024-04,A,10,6.9
BASILIC BARQUETTE,1.05,KG,Legumes Frais,jeudi,2024-04,A,10,11.05
BASILIC LA BOTTE,0.7,KG (1 KG),Legumes Frais,mercredi,2024-04,C,10,3.2999
BOITE FRAPPE VANILLE 1.36KG MONIN,1.0,KG (1 KG),Pâtisseries,mardi,2024-04,C,10,6.0
BOUTEILLE DE VINAIGRETTE 250ML,2.0,PC (250 GR),Epicerie,mercredi,2024-04,A,10,16.0
CAPRE VRAC,2.0,KG (1 KG),Legumes Frais,vendredi,2024-04,B,10,9.0
CELTIA FUT DE 50L,1.0,PC (50 L),Alcools,mercredi,2024-04,B,10,6.0
CHORBA FRIK,3.0,PC (1 KG),Epicerie,jeudi,2024-04,D,10,23.0
CHOUX ROUGE,0.95,PC (1 PC),Legumes Frais,mardi,2024-04,A,10,9.6
CITRON,9.4,KG (1 KG),Legumes Frais,mercredi,2024-04,A,10,16.75
CITRON SALLE,10.0,KG (1 KG),Legumes Frais,mercredi,2024-04,B,10,28.0
COIFFE EN PAPIER,200.0,PC (1 PC),Hygiène,jeudi,2024-04,B,10,1100.0
CORNICHON FRAIS,2.0,KG (1 KG),Legumes Frais,vendredi,2024-04,B,10,12.0
COURGETTE,5.8500000000000005,KG (1 KG),Legumes Frais,vendredi,2024-04,A,10,28.6
CUILLIERE NOIRE EJEM,800.0,PC,Consommable,mercredi,2024-04,A,10,4900.0
DATTE EN VRAC,5.0,KG,Fruits & Legumes Frais,mercredi,2024-04,B,10,18.3
FANTA PET 0.5 L,388.0,PC (1 PC),Eaux et Sodas,mercredi,2024-04,A,10,699.0
FOURCHETTE NOIRE EMBALEE EJEM,2500.0,PC (1 PC),Consommable,mercredi,2024-04,A,10,10000.0
FROMAGE MAASDAM EN BLOC PB,13.0,KG (1 KG),Beurre Oeuf Fromage,jeudi,2024-04,A,10,65.5
FROMAGE SICILIEN,1.8,KG (1 KG),Beurre Oeuf Fromage,lundi,2024-04,D,10,5.946
GOBLET 9 0Z MF,100.0,PC (1 PC),Consommable,lundi,2024-04,A,10,1600.0
HARISSA 450G,3.0,BTE (1 BTE),Epicerie,samedi,2024-04,C,10,17.0
JAMBON DE BOEUF FUME,5.0,KG (1 KG),Charcuterie,lundi,2024-04,A,10,18.1
JAMBON DE DINDE,6.25,PC (1 KG),Charcuterie,dimanche,2024-04,A,10,34.15
LOT CAFE GRAIN BARISTA,27.0,PC (1 KG),Cafe,mercredi,2024-04,A,10,121.0
MANCHE A BALAIS,1.0,PC (1 PC),Hygiène,mercredi,2024-04,B,10,20.0
MOUSSE CHOCOLAT,2.0,PC,Pâtisseries,lundi,2024-04,D,10,4.0
NAPPAGE,1.0,PC (1 PC),Pâtisseries,dimanche,2024-04,C,10,14.0
NUTELLA 600GR,44.0,PC (1 PC),Pâtisseries,samedi,2024-04,B,10,114.0
PAILLE ENVELOPPE 7.5MM COLORE,2.0,SCH (50 PC),Consommable,jeudi,2024-04,B,10,47.0
PAPIER ALUM DE 100,1.0,PC (1 PC),Consommable,vendredi,2024-04,B,10,9.0
PEPPERONI,0.3,KG (1 KG),Charcuterie,lundi,2024-04,A,10,4.8
PISTACHE CONCASSEE,1.0,PC (1000 GR),Fruits Secs,jeudi,2024-04,C,10,4.0
RACLETTE,1.0,PC (1 PC),Hygiène,mercredi,2024-04,B,10,7.0
RISTRETTO NSPRS,550.0,PC (1 PC),Cafe,mercredi,2024-04,A,10,6800.0
ROQUETTE FRAIS EN KG,1.45,KG,Legumes Frais,samedi,2024-04,B,10,9.9
ROULEAU THERMIQUE BALANCE,1.0,PC (1 PC),Fournitures de Bureau,vendredi,2024-04,D,10,30.0
SAC SOUS VIDE LISSE 20*30,300.0,PC (1 PC),Consommable,vendredi,2024-04,A,10,1800.0
SAC SOUS VIDE LISSE 30*30,300.0,PC (1 PC),Consommable,vendredi,2024-04,A,10,1100.0
SAC SOUS VIDE LISSE 40*40,200.0,PC (1 PC),Consommable,vendredi,2024-04,B,10,900.0
SANEX,29.0,PC (1 PC),Hygiène,jeudi,2024-04,A,10,100.0
SAUCE A L'AIL PB,4.0,L (1 KG),Epicerie,mercredi,2024-04,A,10,11.0
SAUCE MAYONNAISE PESTO PB,2.0,L (1 L),Epicerie,mercredi,2024-04,A,10,11.0
SAUCE PESTO PB,2.0,KG (1 KG),Epicerie,mercredi,2024-04,A,10,5.0
TOMATES SECHEES,1.0,PC (1000 GR),Epicerie,jeudi,2024-04,B,10,5.0
VIANDE SECHE FUME (BRESAOLA) TRANCHES 300GR,2.7,KG (1000 GR),Viandes Fraiches,samedi,2024-04,A,10,11.0
AMANDE EFFILEE,3.0,PC (1 KG),Fruits Secs,jeudi,2024-04,B,11,4.0
ANANAS PCES,144.0,PC (1 PC),Jus Fruit Lait,jeudi,2024-04,A,11,172.0
AUBERGINE LEGUME,11.05,KG (1 KG),Legumes Frais,vendredi,2024-04,A,11,17.85
BACON BOEUF FUME TRANCHES ( 300GR),3.9,KG (1000 GR),Viandes Fraiches,samedi,2024-04,A,11,6.9
BACTYGEL 703 CF,1.0,BTL,Hygiène,samedi,2024-04,B,11,4.0
BASILIC BARQUETTE,1.65,KG (1 KG),Legumes Frais,jeudi,2024-04,A,11,11.05
BOUTEILLE DE VINAIGRETTE 250ML,6.0,PC (250 GR),Epicerie,vendredi,2024-04,A,11,16.0
CAPRE VRAC,2.0,KG (1 KG),Legumes Frais,lundi,2024-04,B,11,9.0
CELTIA FUT DE 50L,1.0,PC (50 L),Alcools,mardi,2024-04,B,11,6.0
CHAPLUR,1.0,PC (1 KG),Epicerie,samedi,2024-04,C,11,16.0
CHOUX ROUGE,5.3,PC (1 PC),Legumes Frais,vendredi,2024-04,A,11,9.6
CITRON,11.6,KG (1 KG),Legumes Frais,vendredi,2024-04,A,11,16.75
CITRON SALLE,14.0,KG (1 KG),Legumes Frais,vendredi,2024-04,B,11,28.0
COIFFE EN PAPIER,100.0,PC (1 PC),Hygiène,mardi,2024-04,B,11,1100.0
CORNICHON FRAIS,8.0,KG (1 KG),Legumes Frais,vendredi,2024-04,B,11,12.0
COURGETTE,12.75,KG (1 KG),Legumes Frais,vendredi,2024-04,A,11,28.6
COUTEAU A PAIN 20CM,1.0,PC (1 PC),Accessoire & couvert,jeudi,2024-04,C,11,5.0
COUVERCLE AVEC TROU BOMBE 95KY,500.0,PC (1 PC),Consommable,samedi,2024-04,B,11,3300.0
CUILLIERE NOIRE EJEM,700.0,PC (1 PC),Consommable,samedi,2024-04,A,11,4900.0
FANTA PET 0.5 L,38.0,PC (1 PC),Eaux et Sodas,lundi,2024-04,A,11,699.0
FOURCHETTE NOIRE EMBALEE EJEM,4000.0,PC (1 PC),Consommable,samedi,2024-04,A,11,10000.0
FROMAGE BUCHE BLANCHE CHEVRE KG,0.77,KG (1 KG),Beurre Oeuf Fromage,lundi,2024-04,B,11,5.0
FROMAGE MAASDAM EN BLOC PB,26.0,KG (1 KG),Beurre Oeuf Fromage,samedi,2024-04,A,11,65.5
FROMAGE SICILIEN,5.946,KG (1 KG),Beurre Oeuf Fromage,vendredi,2024-04,D,11,5.946
FUT HEINEKEIN,60.0,PC (1 L),Alcools,jeudi,2024-04,B,11,240.0
GOBLET 9 0Z MF,700.0,PC (1 PC),Consommable,samedi,2024-04,A,11,1600.0
HARISSA 450G,6.0,BTE (1 BTE),Epicerie,jeudi,2024-04,C,11,17.0
JAMBON DE BOEUF FUME,9.15,KG (1 KG),Charcuterie,vendredi,2024-04,A,11,18.1
JAMBON DE DINDE,24.15,PC (1 KG),Charcuterie,vendredi,2024-04,A,11,34.15
JOUR ET NUIT ROUGE 1/2,12.0,PC (1 PC),Alcools,mardi,2024-04,C,11,48.0
LOT CAFE GRAIN BARISTA,53.0,PC (1 KG),Cafe,jeudi,2024-04,A,11,121.0
LOT DE CAFE TURC,3.0,PC (1 KG),Cafe,jeudi,2024-04,D,11,3.0
NOISETTE GRILLEE CONCASSEE,2.0,PC (1 KG),Fruits Secs,lundi,2024-04,D,11,3.0
NUTELLA 600GR,66.0,PC (1 PC),Pâtisseries,dimanche,2024-04,B,11,114.0
PAILLE ENVELOPPE 7.5MM COLORE,45.0,SCH (50 PC),Consommable,vendredi,2024-04,B,11,47.0
PAPIER ALUM DE 100,6.0,PC (1 PC),Consommable,jeudi,2024-04,B,11,9.0
PAPIER CUISSON 40*60,1.0,PC (500 PC),Consommable,vendredi,2024-04,C,11,4.0
PEPPERONI,4.8,KG (1 KG),Charcuterie,jeudi,2024-04,A,11,4.8
PIMENT ROUGE SALLE,19.0,KG (1 KG),Legumes Frais,vendredi,2024-04,B,11,20.0
PISTACHE CONCASSEE,1.0,PC (1000 GR),Fruits Secs,jeudi,2024-04,C,11,4.0
POCHETTE CROISSANT 15*7*29,3.0,PC (1000 PC),Consommable,samedi,2024-04,C,11,4.0
POIVRE NOIR MOULU,1.0,PC (1 KG),Epicerie,samedi,2024-04,B,11,3.0
RACLETTE,2.0,PC (1 PC),Hygiène,mardi,2024-04,B,11,7.0
RISTRETTO NSPRS,150.0,PC (1 PC),Cafe,mardi,2024-04,A,11,6800.0
ROQUETTE FRAIS EN KG,0.05,KG (1 KG),Legumes Frais,vendredi,2024-04,B,11,9.9
ROQUETTE SALADE BARQUETTE,1.9,KG,Legumes Frais,jeudi,2024-04,A,11,5.9
ROULEAU DE 750 ETIQUETTE BLANC,5.0,PC (1 PC),Consommable,samedi,2024-04,C,11,16.0
ROULEAU THERMIQUE BALANCE,2.0,PC (1 PC),Fournitures de Bureau,mercredi,2024-04,D,11,30.0
SAC SOUS VIDE LISSE 20*30,500.0,PC (1 PC),Consommable,samedi,2024-04,A,11,1800.0
SAC SOUS VIDE LISSE 30*30,900.0,PC (1 PC),Consommable,samedi,2024-04,A,11,1100.0
SAC SOUS VIDE LISSE 40*40,200.0,PC (1 PC),Consommable,samedi,2024-04,B,11,900.0
SANEX,43.0,PC (1 PC),Hygiène,vendredi,2024-04,A,11,100.0
SAUCE A L'AIL PB,7.0,L (1 KG),Epicerie,vendredi,2024-04,A,11,11.0
SAUCE MAYONNAISE PESTO PB,9.0,L (1 L),Epicerie,vendredi,2024-04,A,11,11.0
SAUCE PESTO PB,3.0,KG (1 KG),Epicerie,vendredi,2024-04,A,11,5.0
SIROP DE NOISETTES GRILLEES 70CL MONIN,1.0,PC (700 ML),Pâtisseries,lundi,2024-04,D,11,2.0
TOQUE CHEF,4.0,PC (1 PC),Hygiène,jeudi,2024-04,C,11,6.0
VIANDE SECHE FUME (BRESAOLA) TRANCHES 300GR,6.6,KG (1000 GR),Viandes Fraiches,jeudi,2024-04,A,11,11.0
VINAIGRE 1L,5.0,L (1000 GR),Epicerie,lundi,2024-04,D,11,12.0
AIL,3.0,KG (1 KG),Legumes Frais,dimanche,2024-04,B,12,8.3
ANANAS PCES,159.0,PC (1 PC),Jus Fruit Lait,lundi,2024-04,A,12,172.0
AUBERGINE LEGUME,13.4,KG (1 KG),Legumes Frais,mercredi,2024-04,A,12,17.85
BACON BOEUF FUME TRANCHES ( 300GR),5.4,KG (1000 GR),Viandes Fraiches,dimanche,2024-04,A,12,6.9
BASILIC BARQUETTE,2.8,KG (1 KG),Legumes Frais,mardi,2024-04,A,12,11.05
BASILIC LA BOTTE,0.8,KG (1 KG),Legumes Frais,lundi,2024-04,C,12,3.2999
BEURRE MARGARINE  KG,13.5,PC (1 KG),Beurre Oeuf Fromage,vendredi,2024-04,C,12,40.5
BOITE FRAPPE VANILLE 1.36KG MONIN,1.0,KG (1 KG),Pâtisseries,lundi,2024-04,C,12,6.0
BOUTEILLE DE VINAIGRETTE 250ML,8.0,PC (250 GR),Epicerie,dimanche,2024-04,A,12,16.0
CAPRE VRAC,3.0,KG (1 KG),Legumes Frais,lundi,2024-04,B,12,9.0
CELTIA FUT DE 50L,1.0,PC (50 L),Alcools,mercredi,2024-04,B,12,6.0
CHAPLUR,2.0,PC (1 KG),Epicerie,mardi,2024-04,C,12,16.0
CHOCOLAT CHAUD EN POUDRE,4.0,KG (1 KG),Cafe,lundi,2024-04,B,12,7.0
CHOUX ROUGE,2.8,PC (1 PC),Legumes Frais,samedi,2024-04,A,12,9.6
CITRON,8.1,KG (1 KG),Legumes Frais,mercredi,2024-04,A,12,16.75
CITRON SALLE,17.0,KG (1 KG),Legumes Frais,mercredi,2024-04,B,12,28.0
COIFFE EN PAPIER,500.0,PC (1 PC),Hygiène,lundi,2024-04,B,12,1100.0
CORNICHON FRAIS,4.0,KG (1 KG),Legumes Frais,lundi,2024-04,B,12,12.0
COURGETTE,16.25,KG (1 KG),Legumes Frais,mardi,2024-04,A,12,28.6
COUTEAU A PAIN 20CM,1.0,PC (1 PC),Accessoire & couvert,dimanche,2024-04,C,12,5.0
COUVERCLE AVEC TROU BOMBE 95KY,850.0,PC,Consommable,vendredi,2024-04,B,12,3300.0
CREME DE BALSAMIQUE,3.0,BTL (1 ML),Epicerie,mardi,2024-04,D,12,10.0
CUILLIERE NOIRE EJEM,1500.0,PC,Consommable,mardi,2024-04,A,12,4900.0
DATTE EN VRAC,1.0,KG,Fruits & Legumes Frais,mardi,2024-04,B,12,18.3
FANTA PET 0.5 L,502.0,PC (1 PC),Eaux et Sodas,lundi,2024-04,A,12,699.0
FOURCHETTE NOIRE EMBALEE EJEM,4000.0,PC (1 PC),Consommable,dimanche,2024-04,A,12,10000.0
FROMAGE MAASDAM EN BLOC PB,35.0,KG (1 KG),Beurre Oeuf Fromage,mardi,2024-04,A,12,65.5
FROMAGE SICILIEN,1.894,KG (1 KG),Beurre Oeuf Fromage,lundi,2024-04,D,12,5.946
FUT HEINEKEIN,100.0,PC (1 L),Alcools,dimanche,2024-04,B,12,240.0
GOBLET 9 0Z MF,200.0,PC (1 PC),Consommable,mercredi,2024-04,A,12,1600.0
JAMBON DE BOEUF FUME,7.85,KG (1 KG),Charcuterie,mardi,2024-04,A,12,18.1
JAMBON DE DINDE,32.5,PC (1 KG),Charcuterie,lundi,2024-04,A,12,34.15
JOUR ET NUIT ROUGE 1/2,17.0,PC (1 PC),Alcools,jeudi,2024-04,C,12,48.0
LOT CAFE GRAIN BARISTA,40.0,PC (1 KG),Cafe,lundi,2024-04,A,12,121.0
MANCHE A BALAIS,4.0,PC,Hygiène,lundi,2024-04,B,12,20.0
MENTHE SECHE,0.3,KG,Epicerie,vendredi,2024-04,D,12,2.0
MIEL DOUX & FRAIS,7.0,PC (1 PC),Epicerie,jeudi,2024-04,C,12,11.0
MOUSSE CHOCOLAT,1.0,PC,Pâtisseries,mardi,2024-04,D,12,4.0
NAPPAGE,1.0,PC,Pâtisseries,mardi,2024-04,C,12,14.0
NOISETTE GRILLEE CONCASSEE,1.0,PC (1 KG),Fruits Secs,mardi,2024-04,D,12,3.0
NUTELLA 600GR,62.0,PC (1 PC),Pâtisseries,lundi,2024-04,B,12,114.0
PAILLE ENVELOPPE 7.5MM COLORE,47.0,SCH (50 PC),Consommable,dimanche,2024-04,B,12,47.0
PAPIER ALUM DE 100,2.0,PC (1 PC),Consommable,mercredi,2024-04,B,12,9.0
PAPRIKA DOUX,1.0,KG (1 KG),Fruits & Legumes Frais,dimanche,2024-04,C,12,3.0
PAPRIKA FORT,1.0,KG (1 KG),Epicerie,dimanche,2024-04,C,12,3.0
PEPPERONI,1.8,KG (1 KG),Charcuterie,dimanche,2024-04,A,12,4.8
PERSIL,0.58,KG (1 KG),Legumes Frais,mardi,2024-04,A,12,7.32999
PIMENT ROUGE SALLE,1.0,KG (1 KG),Legumes Frais,mercredi,2024-04,B,12,20.0
POCHETTE CROISSANT 15*7*29,2.0,PC (1000 PC),Consommable,samedi,2024-04,C,12,4.0
POIVRE NOIR MOULU,1.0,PC (1 KG),Epicerie,dimanche,2024-04,B,12,3.0
QUATRE EPICES MOULU,1.0,PC (1 KG),Epicerie,dimanche,2024-04,C,12,3.0
RACLETTE,2.0,PC (1 PC),Hygiène,samedi,2024-04,B,12,7.0
RISTRETTO NSPRS,350.0,PC (1 PC),Cafe,dimanche,2024-04,A,12,6800.0
ROQUETTE FRAIS EN KG,0.9,KG (1 KG),Legumes Frais,vendredi,2024-04,B,12,9.9
ROQUETTE SALADE BARQUETTE,1.9,KG (1 KG),Legumes Frais,mardi,2024-04,A,12,5.9
SAC SOUS VIDE LISSE 20*30,900.0,PC (1 PC),Consommable,lundi,2024-04,A,12,1800.0
SAC SOUS VIDE LISSE 30*30,700.0,PC (1 PC),Consommable,lundi,2024-04,A,12,1100.0
SAC SOUS VIDE LISSE 40*40,300.0,PC (1 PC),Consommable,vendredi,2024-04,B,12,900.0
SANEX,52.0,PC (1 PC),Hygiène,lundi,2024-04,A,12,100.0
SAUCE A L'AIL PB,10.0,L (1 KG),Epicerie,dimanche,2024-04,A,12,11.0
SAUCE MAYONNAISE PESTO PB,10.0,L (1 L),Epicerie,dimanche,2024-04,A,12,11.0
SAUCE PESTO PB,4.0,KG (1 KG),Epicerie,dimanche,2024-04,A,12,5.0
TOMATES SECHEES,2.6,PC (1000 GR),Epicerie,dimanche,2024-04,B,12,5.0
TOQUE CHEF,5.0,PC (1 PC),Hygiène,vendredi,2024-04,C,12,6.0
VARIANTES,3.0,KG (1 KG),Legumes Frais,dimanche,2024-04,D,12,10.0
VIANDE SECHE FUME (BRESAOLA) TRANCHES 300GR,9.3,KG (1000 GR),Viandes Fraiches,dimanche,2024-04,A,12,11.0
VINAIGRE 1L,1.0,L (1000 GR),Epicerie,dimanche,2024-04,D,12,12.0
AIL,6.0,KG,Legumes Frais,vendredi,2024-05,B,13,8.3
AIL EN POUDRE,1.0,KG (1 KG),Fruits & Legumes Frais,samedi,2024-05,C,13,2.0
AMANDE EFFILEE,2.0,PC (1 KG),Fruits Secs,dimanche,2024-05,B,13,4.0
ANANAS PCES,115.0,PC (1 PC),Fruits & Legumes Frais,mercredi,2024-05,A,13,172.0
AUBERGINE LEGUME,13.0,KG (1 KG),Legumes Frais,vendredi,2024-05,A,13,17.85
BACON BOEUF FUME TRANCHES ( 300GR),5.4,KG (1000 GR),Viandes Fraiches,jeudi,2024-05,A,13,6.9
BACTYGEL 703 CF,1.0,BTL (1 BTL),Hygiène,samedi,2024-05,B,13,4.0
BASILIC BARQUETTE,3.0,KG,Legumes Frais,mercredi,2024-05,A,13,11.05
BOITE FRAPPE CAFE 1.36KG MONIN,1.0,BTE (1360 GR),Pâtisseries,vendredi,2024-05,C,13,6.0
BOITE FRAPPE VANILLE 1.36KG MONIN,1.0,KG (1 KG),Pâtisseries,mercredi,2024-05,C,13,6.0
BOUTEILLE DE VINAIGRETTE 250ML,8.0,PC (250 GR),Epicerie,mercredi,2024-05,A,13,16.0
CELTIA FUT DE 50L,2.0,PC (50 L),Alcools,mercredi,2024-05,B,13,6.0
CHAPLUR,1.0,PC (1 KG),Epicerie,jeudi,2024-05,C,13,16.0
CHOCOLAT CHAUD EN POUDRE,5.0,KG (1 KG),Cafe,vendredi,2024-05,B,13,7.0
CHOUX ROUGE,4.75,PC (1 PC),Legumes Frais,vendredi,2024-05,A,13,9.6
CITRON,10.85,KG (1 KG),Legumes Frais,lundi,2024-05,A,13,16.75
CITRON SALLE,7.0,KG (1 KG),Legumes Frais,lundi,2024-05,B,13,28.0
COIFFE EN PAPIER,200.0,PC (1 PC),Hygiène,lundi,2024-05,B,13,1100.0
CORNICHON FRAIS,6.0,KG (1 KG),Legumes Frais,mercredi,2024-05,B,13,12.0
COURGETTE,16.25,KG (1 KG),Legumes Frais,samedi,2024-05,A,13,28.6
COUTEAU A PAIN 20CM,1.0,PC (1 PC),Accessoire & couvert,vendredi,2024-05,C,13,5.0
COUVERCLE AVEC TROU BOMBE 95KY,1700.0,PC (1 PC),Consommable,vendredi,2024-05,B,13,3300.0
CUILLIERE NOIRE EJEM,1500.0,PC,Consommable,vendredi,2024-05,A,13,4900.0
FANTA PET 0.5 L,699.0,PC (1 PC),Eaux et Sodas,mercredi,2024-05,A,13,699.0
FOURCHETTE NOIRE EMBALEE EJEM,6200.0,PC (1 PC),Consommable,mercredi,2024-05,A,13,10000.0
FROMAGE MAASDAM EN BLOC PB,40.0,KG (1 KG),Beurre Oeuf Fromage,mercredi,2024-05,A,13,65.5
FROMAGE PARMESAN PB,1.0,KG (0.2 KG),Beurre Oeuf Fromage,vendredi,2024-05,A,13,3.8
FROMAGE SICILIEN,2.89,KG (1 KG),Beurre Oeuf Fromage,dimanche,2024-05,D,13,5.946
FUT HEINEKEIN,60.0,PC (1 L),Alcools,samedi,2024-05,B,13,240.0
GOBLET 9 0Z MF,450.0,PC (1 PC),Consommable,vendredi,2024-05,A,13,1600.0
HARISSA 450G,9.0,BTE (1 BTE),Epicerie,jeudi,2024-05,C,13,17.0
JAMBON DE BOEUF FUME,7.0,KG (1 KG),Charcuterie,vendredi,2024-05,A,13,18.1
JAMBON DE DINDE,16.65,PC (1 KG),Charcuterie,jeudi,2024-05,A,13,34.15
JOUR ET NUIT ROUGE 1/2,5.0,PC (1 PC),Alcools,samedi,2024-05,C,13,48.0
LOT CAFE GRAIN BARISTA,121.0,PC (1 KG),Cafe,mercredi,2024-05,A,13,121.0
MANCHE A BALAIS,4.0,PC (1 PC),Hygiène,samedi,2024-05,B,13,20.0
MOUSSE CHOCOLAT,1.0,PC,Pâtisseries,vendredi,2024-05,D,13,4.0
NAPPAGE,1.0,PC (1 PC),Pâtisseries,dimanche,2024-05,C,13,14.0
NUTELLA 600GR,97.0,PC (1 PC),Pâtisseries,jeudi,2024-05,B,13,114.0
PAILLE BUBBLE TEA 12MM COLORE,5.0,PC,Consommable,dimanche,2024-05,C,13,1800.0
PAILLE ENVELOPPE 7.5MM COLORE,43.0,SCH (50 PC),Consommable,jeudi,2024-05,B,13,47.0
PAPIER ALUM DE 100,5.0,PC (1 PC),Consommable,mercredi,2024-05,B,13,9.0
PEPPERONI,2.7,KG (1 KG),Charcuterie,jeudi,2024-05,A,13,4.8
PERSIL,3.25,KG (1 KG),Legumes Frais,vendredi,2024-05,A,13,7.32999
PIMENT ROUGE SALLE,10.0,KG (1 KG),Legumes Frais,lundi,2024-05,B,13,20.0
POCHETTE CROISSANT 15*7*29,1.0,PC (1000 PC),Consommable,jeudi,2024-05,C,13,4.0
POIVRE NOIR MOULU,1.0,PC (1 KG),Epicerie,mercredi,2024-05,B,13,3.0
PUREE ANANAS 1 L,1.0,PC (1 L),Epicerie,vendredi,2024-05,D,13,2.0
PUREE DE BANANE 1L,1.0,PC (1 L),Epicerie,vendredi,2024-05,D,13,2.0
PUREE FRAISE 1.32KG MONIN,1.0,KG (1320 GR),Pâtisseries,dimanche,2024-05,D,13,2.0
QUATRE EPICES MOULU,1.0,PC (1 KG),Epicerie,mercredi,2024-05,C,13,3.0
RISTRETTO NSPRS,1750.0,PC (1 PC),Cafe,mercredi,2024-05,A,13,6800.0
ROQUETTE FRAIS EN KG,1.5,KG (1 KG),Legumes Frais,vendredi,2024-05,B,13,9.9
ROQUETTE SALADE BARQUETTE,0.7999999999999999,KG,Legumes Frais,jeudi,2024-05,A,13,5.9
ROULEAU DE 750 ETIQUETTE BLANC,2.0,PC,Consommable,samedi,2024-05,C,13,16.0
SAC SOUS VIDE LISSE 20*30,100.0,PC (1 PC),Consommable,jeudi,2024-05,A,13,1800.0
SAC SOUS VIDE LISSE 30*30,500.0,PC (1 PC),Consommable,vendredi,2024-05,A,13,1100.0
SAC SOUS VIDE LISSE 40*40,300.0,PC (1 PC),Consommable,mardi,2024-05,B,13,900.0
SANEX,65.0,PC (1 PC),Hygiène,mercredi,2024-05,A,13,100.0
SAUCE A L'AIL PB,11.0,L (1 KG),Epicerie,mercredi,2024-05,A,13,11.0
SAUCE MAYONNAISE PESTO PB,11.0,L (1 L),Epicerie,mercredi,2024-05,A,13,11.0
SAUCE PESTO PB,5.0,KG (1 KG),Epicerie,mercredi,2024-05,A,13,5.0
SIROP DE VANILLE 1L MONIN,1.0,PC (700 ML),Pâtisseries,vendredi,2024-05,C,13,3.0
TOMATES SECHEES,0.5,PC (1000 GR),Epicerie,mercredi,2024-05,B,13,5.0
TOQUE CHEF,2.0,PC (1 PC),Hygiène,dimanche,2024-05,C,13,6.0
VIANDE SECHE FUME (BRESAOLA) TRANCHES 300GR,8.1,KG (1000 GR),Viandes Fraiches,jeudi,2024-05,A,13,11.0
VINAIGRE 1L,6.0,L (1000 GR),Epicerie,vendredi,2024-05,D,13,12.0
AMANDE EFFILEE,1.0,PC (1 KG),Fruits Secs,lundi,2024-05,B,14,4.0
ANANAS PCES,114.0,PC (1 PC),Fruits & Legumes Frais,samedi,2024-05,A,14,172.0
AUBERGINE LEGUME,5.5,KG (1 KG),Legumes Frais,mercredi,2024-05,A,14,17.85
BACON BOEUF FUME TRANCHES ( 300GR),6.3,KG (1000 GR),Viandes Fraiches,samedi,2024-05,A,14,6.9
BACTYGEL 703 CF,3.0,BTL (1 BTL),Hygiène,jeudi,2024-05,B,14,4.0
BASILIC BARQUETTE,3.0,KG (1 KG),Legumes Frais,mercredi,2024-05,A,14,11.05
BASILIC LA BOTTE,0.45,KG,Legumes Frais,lundi,2024-05,C,14,3.2999
BOITE FRAPPE VANILLE 1.36KG MONIN,2.0,KG (1 KG),Pâtisseries,mardi,2024-05,C,14,6.0
BOUTEILLE DE VINAIGRETTE 250ML,10.0,PC (250 GR),Epicerie,dimanche,2024-05,A,14,16.0
CELTIA FUT DE 50L,2.0,PC (50 L),Alcools,samedi,2024-05,B,14,6.0
CHAPLUR,5.0,PC (1 KG),Epicerie,lundi,2024-05,C,14,16.0
CHOCOLAT CHAUD EN POUDRE,1.0,KG (1 KG),Cafe,vendredi,2024-05,B,14,7.0
CHOUX ROUGE,7.029999999999999,PC (1 PC),Legumes Frais,samedi,2024-05,A,14,9.6
CITRON,3.9,KG (1 KG),Legumes Frais,vendredi,2024-05,A,14,16.75
CITRON SALLE,14.0,KG (1 KG),Legumes Frais,samedi,2024-05,B,14,28.0
COIFFE EN PAPIER,500.0,PC (1 PC),Hygiène,lundi,2024-05,B,14,1100.0
CORNICHON FRAIS,7.5,KG (1 KG),Legumes Frais,dimanche,2024-05,B,14,12.0
COURGETTE,2.85,KG (1 KG),Legumes Frais,jeudi,2024-05,A,14,28.6
COUTEAU A PAIN 20CM,2.0,PC (1 PC),Accessoire & couvert,samedi,2024-05,C,14,5.0
COUVERCLE AVEC TROU BOMBE 95KY,700.0,PC (1 PC),Consommable,samedi,2024-05,B,14,3300.0
CREME DE BALSAMIQUE,3.0,BTL (1 ML),Epicerie,samedi,2024-05,D,14,10.0
CUILLIERE NOIRE EJEM,2100.0,PC,Consommable,lundi,2024-05,A,14,4900.0
FANTA PET 0.5 L,602.0,PC (1 PC),Eaux et Sodas,samedi,2024-05,A,14,699.0
FOURCHETTE NOIRE EMBALEE EJEM,5500.0,PC (1 PC),Consommable,samedi,2024-05,A,14,10000.0
FROMAGE GORGONZELA,2.25,PC (1 KG),Beurre Oeuf Fromage,samedi,2024-05,A,14,13.0
FROMAGE MAASDAM EN BLOC PB,40.0,KG (1 KG),Beurre Oeuf Fromage,samedi,2024-05,A,14,65.5
FROMAGE PARMESAN PB,1.6,KG (0.2 KG),Beurre Oeuf Fromage,lundi,2024-05,A,14,3.8
FROMAGE SICILIEN,1.822,KG (1 KG),Beurre Oeuf Fromage,lundi,2024-05,D,14,5.946
FUT HEINEKEIN,140.0,PC (1 L),Alcools,dimanche,2024-05,B,14,240.0
GOBLET 9 0Z MF,400.0,PC (1 PC),Consommable,samedi,2024-05,A,14,1600.0
HARISSA 450G,4.0,BTE,Epicerie,lundi,2024-05,C,14,17.0
JAMBON DE BOEUF FUME,9.2,KG (1 KG),Charcuterie,samedi,2024-05,A,14,18.1
JAMBON DE DINDE,12.0,PC (1 KG),Charcuterie,mercredi,2024-05,A,14,34.15
LOT CAFE GRAIN BARISTA,9.0,PC (1 KG),Cafe,samedi,2024-05,A,14,121.0
LOT DE CAFE TURC,2.0,PC (1 KG),Cafe,dimanche,2024-05,D,14,3.0
MAIS EN VRAC,1.0,PC (1 KG),Legumes Frais,lundi,2024-05,C,14,9.0
MENTHE SECHE,0.36,KG (1 KG),Epicerie,samedi,2024-05,D,14,2.0
MIEL DOUX & FRAIS,11.0,PC (1 PC),Epicerie,mardi,2024-05,C,14,11.0
MOUSSE CHOCOLAT,1.0,PC,Pâtisseries,mercredi,2024-05,D,14,4.0
NAPPAGE,2.0,PC (1 PC),Pâtisseries,dimanche,2024-05,C,14,14.0
NOISETTE GRILLEE CONCASSEE,1.0,PC (1 KG),Fruits Secs,lundi,2024-05,D,14,3.0
NUTELLA 600GR,54.0,PC (1 PC),Pâtisseries,lundi,2024-05,B,14,114.0
PAILLE BUBBLE TEA 12MM COLORE,100.0,PC,Consommable,samedi,2024-05,C,14,1800.0
PAILLE ENVELOPPE 7.5MM COLORE,22.0,SCH (50 PC),Consommable,dimanche,2024-05,B,14,47.0
PAPIER ALUM DE 100,4.0,PC (1 PC),Consommable,dimanche,2024-05,B,14,9.0
PAPIER CUISSON 40*60,2.0,PC (500 PC),Consommable,lundi,2024-05,C,14,4.0
PAPRIKA FORT,2.0,KG (1 KG),Epicerie,jeudi,2024-05,C,14,3.0
PEPPERONI,2.4,KG (1 KG),Charcuterie,samedi,2024-05,A,14,4.8
PERSIL,2.3,KG (1 KG),Legumes Frais,samedi,2024-05,A,14,7.32999
PISTACHE CONCASSEE,2.0,PC (1000 GR),Fruits Secs,dimanche,2024-05,C,14,4.0
POCHETTE CROISSANT 15*7*29,3.0,PC (1000 PC),Consommable,mercredi,2024-05,C,14,4.0
POIVRE NOIR MOULU,1.0,PC (1 KG),Epicerie,mercredi,2024-05,B,14,3.0
PUREE ANANAS 1 L,1.0,PC (1 L),Epicerie,mardi,2024-05,D,14,2.0
PUREE DE BANANE 1L,1.0,PC (1 L),Epicerie,mardi,2024-05,D,14,2.0
PUREE FRAISE 1.32KG MONIN,1.0,KG (1320 GR),Pâtisseries,mardi,2024-05,D,14,2.0
PUREE MANGUE 1L,2.0,PC (1 L),Epicerie,samedi,2024-05,D,14,2.0
RISTRETTO NSPRS,4350.0,PC (1 PC),Cafe,samedi,2024-05,A,14,6800.0
ROQUETTE FRAIS EN KG,1.8,KG (1 KG),Legumes Frais,vendredi,2024-05,B,14,9.9
ROQUETTE SALADE BARQUETTE,1.0,KG (1 KG),Legumes Frais,mardi,2024-05,A,14,5.9
ROULEAU DE 750 ETIQUETTE BLANC,5.0,PC (1 PC),Consommable,lundi,2024-05,C,14,16.0
SAC SOUS VIDE LISSE 20*30,600.0,PC (1 PC),Consommable,samedi,2024-05,A,14,1800.0
SAC SOUS VIDE LISSE 30*30,600.0,PC (1 PC),Consommable,samedi,2024-05,A,14,1100.0
SAC SOUS VIDE LISSE 40*40,300.0,PC (1 PC),Consommable,samedi,2024-05,B,14,900.0
SANEX,63.0,PC (1 PC),Hygiène,samedi,2024-05,A,14,100.0
SAUCE A L'AIL PB,10.0,L (1 KG),Epicerie,dimanche,2024-05,A,14,11.0
SAUCE MAYONNAISE PESTO PB,10.0,L (1 L),Epicerie,dimanche,2024-05,A,14,11.0
SAUCE PESTO PB,4.0,KG (1 KG),Epicerie,dimanche,2024-05,A,14,5.0
SIROP DE NOISETTES GRILLEES 70CL MONIN,1.0,PC (700 ML),Pâtisseries,lundi,2024-05,D,14,2.0
SIROP DE VANILLE 1L MONIN,2.0,PC (700 ML),Pâtisseries,mardi,2024-05,C,14,3.0
THE SANS SUCRE 0.9g,180.0,PC (1 PC),THE,lundi,2024-05,B,14,1080.0
THYM MOULU,0.08,KG,Epicerie,lundi,2024-05,D,14,2.0
TOMATES SECHEES,1.2,PC (1000 GR),Epicerie,samedi,2024-05,B,14,5.0
TOQUE CHEF,6.0,PC (1 PC),Hygiène,samedi,2024-05,C,14,6.0
VARIANTES,3.0,KG (1 KG),Legumes Frais,mardi,2024-05,D,14,10.0
VIANDE SECHE FUME (BRESAOLA) TRANCHES 300GR,8.7,KG (1000 GR),Viandes Fraiches,samedi,2024-05,A,14,11.0
VINAIGRE 1L,5.0,L (1000 GR),Epicerie,lundi,2024-05,D,14,12.0
AIL,4.0,KG (1 KG),Legumes Frais,mardi,2024-05,B,15,8.3
AIL EN POUDRE,1.0,KG (1 KG),Fruits & Legumes Frais,samedi,2024-05,C,15,2.0
AMANDE EFFILEE,1.0,PC (1 KG),Fruits Secs,mercredi,2024-05,B,15,4.0
ANANAS PCES,98.0,PC (1 PC),Fruits & Legumes Frais,mardi,2024-05,A,15,172.0
AUBERGINE LEGUME,8.0,KG (1 KG),Legumes Frais,mercredi,2024-05,A,15,17.85
BACON BOEUF FUME TRANCHES ( 300GR),3.6,KG (1000 GR),Viandes Fraiches,mardi,2024-05,A,15,6.9
BACTYGEL 703 CF,2.0,BTL (1 BTL),Hygiène,lundi,2024-05,B,15,4.0
BASILIC BARQUETTE,2.8,KG (1 KG),Legumes Frais,mercredi,2024-05,A,15,11.05
BEURRE MARGARINE  KG,27.0,PC (1 KG),Beurre Oeuf Fromage,mercredi,2024-05,C,15,40.5
BOITE FRAPPE VANILLE 1.36KG MONIN,1.0,KG (1 KG),Pâtisseries,lundi,2024-05,C,15,6.0
BOUTEILLE DE VINAIGRETTE 250ML,10.0,PC (250 GR),Epicerie,mardi,2024-05,A,15,16.0
CAPRE VRAC,4.0,KG (1 KG),Legumes Frais,vendredi,2024-05,B,15,9.0
CELTIA FUT DE 50L,3.0,PC (50 L),Alcools,mardi,2024-05,B,15,6.0
CHAPLUR,7.0,PC (1 KG),Epicerie,mardi,2024-05,C,15,16.0
CHOUX ROUGE,7.7,PC (1 PC),Legumes Frais,mardi,2024-05,A,15,9.6
CITRON,6.9,KG (1 KG),Legumes Frais,mercredi,2024-05,A,15,16.75
CITRON SALLE,7.0,KG (1 KG),Legumes Frais,vendredi,2024-05,B,15,28.0
COIFFE EN PAPIER,200.0,PC (1 PC),Hygiène,jeudi,2024-05,B,15,1100.0
CORNICHON FRAIS,8.0,KG (1 KG),Legumes Frais,mardi,2024-05,B,15,12.0
COURGETTE,13.25,KG (1 KG),Legumes Frais,mercredi,2024-05,A,15,28.6
COUTEAU A PAIN 20CM,2.0,PC (1 PC),Accessoire & couvert,mardi,2024-05,C,15,5.0
CREME DE BALSAMIQUE,3.0,BTL (1 ML),Epicerie,lundi,2024-05,D,15,10.0
CUILLIERE NOIRE EJEM,1700.0,PC,Consommable,mardi,2024-05,A,15,4900.0
FANTA PET 0.5 L,94.0,PC (1 PC),Eaux et Sodas,mardi,2024-05,A,15,699.0
FOURCHETTE NOIRE EMBALEE EJEM,4800.0,PC,Consommable,vendredi,2024-05,A,15,10000.0
FROMAGE GORGONZELA,0.45,PC (1 KG),Beurre Oeuf Fromage,mercredi,2024-05,A,15,13.0
FROMAGE MAASDAM EN BLOC PB,30.0,KG (1 KG),Beurre Oeuf Fromage,mardi,2024-05,A,15,65.5
FROMAGE PARMESAN PB,0.6000000000000001,KG (0.2 KG),Beurre Oeuf Fromage,jeudi,2024-05,A,15,3.8
FROMAGE SICILIEN,2.938,KG (1 KG),Beurre Oeuf Fromage,dimanche,2024-05,D,15,5.946
FUT HEINEKEIN,180.0,PC (1 L),Alcools,mercredi,2024-05,B,15,240.0
GOBLET 9 0Z MF,650.0,PC (1 PC),Consommable,mardi,2024-05,A,15,1600.0
HARISSA 450G,10.0,BTE (1 BTE),Epicerie,mardi,2024-05,C,15,17.0
JAMBON DE BOEUF FUME,10.5,KG (1 KG),Charcuterie,mardi,2024-05,A,15,18.1
JAMBON DE DINDE,16.0,PC (1 KG),Charcuterie,dimanche,2024-05,A,15,34.15
LEVURE CHIMIQUE,1.0,PC,Pâtisseries,mardi,2024-05,D,15,3.0
LOT CAFE GRAIN BARISTA,7.0,PC (1 KG),Cafe,vendredi,2024-05,A,15,121.0
MAIS EN VRAC,3.0,PC (1 KG),Legumes Frais,mardi,2024-05,C,15,9.0
MANCHE A BALAIS,8.0,PC (1 PC),Hygiène,mercredi,2024-05,B,15,20.0
MOUSSE CHOCOLAT,2.0,PC,Pâtisseries,vendredi,2024-05,D,15,4.0
NAPPAGE,2.0,PC (1 PC),Pâtisseries,dimanche,2024-05,C,15,14.0
NOISETTE GRILLEE CONCASSEE,1.0,PC (1 KG),Fruits Secs,mardi,2024-05,D,15,3.0
NUTELLA 600GR,36.0,PC (1 PC),Pâtisseries,mardi,2024-05,B,15,114.0
PAILLE BUBBLE TEA 12MM COLORE,200.0,PC (1 PC),Consommable,samedi,2024-05,C,15,1800.0
PAILLE ENVELOPPE 7.5MM COLORE,21.0,SCH (50 PC),Consommable,mercredi,2024-05,B,15,47.0
PAPIER ALUM DE 100,3.0,PC (1 PC),Consommable,samedi,2024-05,B,15,9.0
PAPIER CUISSON 40*60,1.0,PC (500 PC),Consommable,dimanche,2024-05,C,15,4.0
PAPRIKA DOUX,1.0,KG (1 KG),Fruits & Legumes Frais,samedi,2024-05,C,15,3.0
PEPPERONI,1.2,KG (1 KG),Charcuterie,samedi,2024-05,A,15,4.8
PERSIL,0.6,KG (1 KG),Legumes Frais,mercredi,2024-05,A,15,7.32999
PIMENT ROUGE SALLE,5.0,KG (1 KG),Legumes Frais,vendredi,2024-05,B,15,20.0
PISTACHE CONCASSEE,1.0,PC (1000 GR),Fruits Secs,mardi,2024-05,C,15,4.0
POIVRE NOIR MOULU,1.0,PC (1 KG),Epicerie,mercredi,2024-05,B,15,3.0
QUATRE EPICES MOULU,1.0,PC (1 KG),Epicerie,mardi,2024-05,C,15,3.0
RACLETTE,5.0,PC,Hygiène,jeudi,2024-05,B,15,7.0
ROQUETTE FRAIS EN KG,4.1,KG,Legumes Frais,mercredi,2024-05,B,15,9.9
ROQUETTE SALADE BARQUETTE,0.5,KG (1 KG),Legumes Frais,mercredi,2024-05,A,15,5.9
ROULEAU DE 750 ETIQUETTE BLANC,2.0,PC,Consommable,lundi,2024-05,C,15,16.0
SAC SOUS VIDE LISSE 20*30,600.0,PC (1 PC),Consommable,vendredi,2024-05,A,15,1800.0
SAC SOUS VIDE LISSE 30*30,600.0,PC (1 PC),Consommable,vendredi,2024-05,A,15,1100.0
SAC SOUS VIDE LISSE 40*40,100.0,PC (1 PC),Consommable,vendredi,2024-05,B,15,900.0
SANEX,64.0,PC (1 PC),Hygiène,mardi,2024-05,A,15,100.0
SAUCE A L'AIL PB,10.0,L (1 KG),Epicerie,mardi,2024-05,A,15,11.0
SAUCE MAYONNAISE PESTO PB,10.0,L (1 L),Epicerie,mardi,2024-05,A,15,11.0
SAUCE PESTO PB,4.0,KG (1 KG),Epicerie,mardi,2024-05,A,15,5.0
SIROP DE CARAMEL 1L MONIN,1.0,PC (1000 ML),Pâtisseries,mardi,2024-05,B,15,5.0
THE SANS SUCRE 0.9g,180.0,PC,THE,mardi,2024-05,B,15,1080.0
THYM MOULU,1.0,PC (1 KG),Epicerie,lundi,2024-05,D,15,2.0
TOMATES SECHEES,0.4,PC (1000 GR),Epicerie,dimanche,2024-05,B,15,5.0
TOQUE CHEF,2.0,PC (1 PC),Hygiène,mardi,2024-05,C,15,6.0
VIANDE SECHE FUME (BRESAOLA) TRANCHES 300GR,4.8,KG (1000 GR),Viandes Fraiches,mardi,2024-05,A,15,11.0
VINAIGRE 1L,7.0,L (1000 GR),Epicerie,lundi,2024-05,D,15,12.0
sucre en buchette MF 10kg,10.0,KG,Epicerie,mardi,2024-05,C,15,10.0
AIL,1.0,KG (1 KG),Legumes Frais,jeudi,2024-06,B,16,8.3
ANANAS PCES,102.0,PC (1 PC),Fruits & Legumes Frais,vendredi,2024-05,A,16,172.0
AUBERGINE LEGUME,15.0,KG (1 KG),Legumes Frais,samedi,2024-06,A,16,17.85
BACON BOEUF FUME TRANCHES ( 300GR),2.1,KG (1000 GR),Viandes Fraiches,samedi,2024-06,A,16,6.9
BASILIC BARQUETTE,4.5,KG (1 KG),Legumes Frais,vendredi,2024-05,A,16,11.05
BEURRE MARGARINE  KG,31.5,PC (1 KG),Beurre Oeuf Fromage,samedi,2024-06,C,16,40.5
BOITE FRAPPE CAFE 1.36KG MONIN,1.0,BTE (1360 GR),Pâtisseries,dimanche,2024-06,C,16,6.0
BOITE FRAPPE VANILLE 1.36KG MONIN,1.0,KG (1 KG),Pâtisseries,samedi,2024-06,C,16,6.0
BOUTEILLE DE VINAIGRETTE 250ML,4.0,PC (250 GR),Epicerie,dimanche,2024-06,A,16,16.0
CELTIA FUT DE 50L,1.0,PC (50 L),Alcools,mardi,2024-06,B,16,6.0
CHAPLUR,5.0,PC (1 KG),Epicerie,jeudi,2024-06,C,16,16.0
CHOCOLAT CHAUD EN POUDRE,1.0,KG (1 KG),Cafe,mardi,2024-06,B,16,7.0
CHOUX ROUGE,3.2,PC (1 PC),Legumes Frais,mardi,2024-06,A,16,9.6
CITRON,9.4,KG (1 KG),Legumes Frais,dimanche,2024-06,A,16,16.75
CITRON SALLE,15.0,KG (1 KG),Legumes Frais,mercredi,2024-06,B,16,28.0
COIFFE EN PAPIER,500.0,PC (1 PC),Hygiène,samedi,2024-06,B,16,1100.0
CORNICHON FRAIS,10.0,KG (1 KG),Legumes Frais,samedi,2024-06,B,16,12.0
COURGETTE,22.7,KG,Legumes Frais,vendredi,2024-05,A,16,28.6
COUVERCLE AVEC TROU BOMBE 95KY,100.0,PC,Consommable,jeudi,2024-06,B,16,3300.0
CREME DE BALSAMIQUE,1.0,BTL (1 ML),Epicerie,mardi,2024-06,D,16,10.0
CUILLIERE NOIRE EJEM,1000.0,PC,Consommable,jeudi,2024-06,A,16,4900.0
FANTA PET 0.5 L,1.0,PC,Eaux et Sodas,vendredi,2024-05,A,16,699.0
FOURCHETTE NOIRE EMBALEE EJEM,3500.0,PC,Consommable,samedi,2024-06,A,16,10000.0
FROMAGE GORGONZELA,1.05,PC (1 KG),Beurre Oeuf Fromage,dimanche,2024-06,A,16,13.0
FROMAGE MAASDAM EN BLOC PB,35.0,KG (1 KG),Beurre Oeuf Fromage,dimanche,2024-06,A,16,65.5
FROMAGE PARMESAN PB,1.2000000000000002,KG (0.2 KG),Beurre Oeuf Fromage,dimanche,2024-06,A,16,3.8
FUT HEINEKEIN,140.0,PC (1 L),Alcools,samedi,2024-06,B,16,240.0
HARISSA 450G,8.0,BTE (1 BTE),Epicerie,vendredi,2024-05,C,16,17.0
JAMBON DE BOEUF FUME,10.6,KG (1 KG),Charcuterie,samedi,2024-06,A,16,18.1
JAMBON DE DINDE,29.05,PC (1 KG),Charcuterie,samedi,2024-06,A,16,34.15
LEVURE CHIMIQUE,1.0,PC,Pâtisseries,lundi,2024-06,D,16,3.0
LOT CAFE GRAIN BARISTA,16.0,PC (1 KG),Cafe,lundi,2024-06,A,16,121.0
MAIS EN VRAC,1.0,PC (1 KG),Legumes Frais,lundi,2024-06,C,16,9.0
MANCHE A BALAIS,1.0,PC (1 PC),Hygiène,vendredi,2024-06,B,16,20.0
MARINADE EMINCE DE BOEUF 2KG,2.0,KG (1 KG),Epicerie,vendredi,2024-05,B,16,10.0
MELANGE EPICES VIANDE 500GR PB,0.5,KG (1 KG),Epicerie,vendredi,2024-05,D,16,2.0
MELANGE TENDER 2KG PB,1.0,KG (1 KG),Epicerie,vendredi,2024-05,B,16,13.0
MENTHE SECHE,0.18,KG (1 KG),Epicerie,dimanche,2024-06,D,16,2.0
MOUSSE CHOCOLAT,4.0,PC (1 PC),Pâtisseries,vendredi,2024-05,D,16,4.0
NAPPAGE,1.0,PC (1 PC),Pâtisseries,lundi,2024-06,C,16,14.0
NUTELLA 600GR,48.0,PC (1 PC),Pâtisseries,vendredi,2024-06,B,16,114.0
PAILLE BUBBLE TEA 12MM COLORE,3.0,PC,Consommable,jeudi,2024-06,C,16,1800.0
PAILLE ENVELOPPE 7.5MM COLORE,4.0,SCH (50 PC),Consommable,mardi,2024-06,B,16,47.0
PAILLE NOIR,10.0,PQT (1000 PC),Consommable,samedi,2024-06,A,16,39.0
PAPIER ALUM DE 100,1.0,PC (1 PC),Consommable,dimanche,2024-06,B,16,9.0
PAPIER CUISSON 40*60,1.0,PC (500 PC),Consommable,vendredi,2024-06,C,16,4.0
PEPPERONI,1.5,KG (1 KG),Charcuterie,samedi,2024-06,A,16,4.8
PERSIL,2.65,KG,Legumes Frais,vendredi,2024-05,A,16,7.32999
PIMENT ROUGE SALLE,10.0,KG (1 KG),Legumes Frais,samedi,2024-06,B,16,20.0
POIVRE NOIR MOULU,2.0,PC (1 KG),Epicerie,samedi,2024-06,B,16,3.0
RACLETTE,1.0,PC (1 PC),Hygiène,vendredi,2024-06,B,16,7.0
RISTRETTO NSPRS,2700.0,PC (1 PC),Cafe,samedi,2024-06,A,16,6800.0
ROQUETTE FRAIS EN KG,1.3,KG,Legumes Frais,jeudi,2024-06,B,16,9.9
ROQUETTE SALADE BARQUETTE,3.6,KG,Legumes Frais,vendredi,2024-05,A,16,5.9
ROULEAU DE 750 ETIQUETTE BLANC,2.0,PC (1 PC),Consommable,samedi,2024-06,C,16,16.0
SAC SOUS VIDE LISSE 20*30,800.0,PC (1 PC),Consommable,mardi,2024-06,A,16,1800.0
SAC SOUS VIDE LISSE 30*30,300.0,PC (1 PC),Consommable,mardi,2024-06,A,16,1100.0
SAC SOUS VIDE LISSE 40*40,500.0,PC (1 PC),Consommable,mardi,2024-06,B,16,900.0
SANEX,68.0,PC (1 PC),Hygiène,samedi,2024-06,A,16,100.0
SAUCE A L'AIL PB,8.0,L (1 KG),Epicerie,dimanche,2024-06,A,16,11.0
SAUCE AU POIVRE SAC 500GR PB,0.5,KG (1 SAC),Epicerie,vendredi,2024-05,B,16,5.0
SAUCE MAYONNAISE PESTO PB,4.0,L (1 L),Epicerie,mardi,2024-06,A,16,11.0
SAUCE PESTO PB,3.0,KG (1 KG),Epicerie,mardi,2024-06,A,16,5.0
SIROP DE CARAMEL 1L MONIN,1.0,PC (1000 ML),Pâtisseries,dimanche,2024-06,B,16,5.0
THE SANS SUCRE 0.9g,900.0,PC (1 PC),THE,samedi,2024-06,B,16,1080.0
TOMATES SECHEES,0.4,PC (1000 GR),Epicerie,dimanche,2024-06,B,16,5.0
VIANDE SECHE FUME (BRESAOLA) TRANCHES 300GR,6.3,KG (1000 GR),Viandes Fraiches,samedi,2024-06,A,16,11.0
VINAIGRE 1L,9.0,L (1000 GR),Epicerie,samedi,2024-06,D,16,12.0
sucre en buchette MF 10kg,1.0,KG,Epicerie,vendredi,2024-05,C,16,10.0
AIL,2.05,KG (1 KG),Legumes Frais,mardi,2024-06,B,17,8.3
AIL EN POUDRE,1.0,KG (1 KG),Fruits & Legumes Frais,mardi,2024-06,C,17,2.0
AMANDE EFFILEE,1.0,PC (1 KG),Fruits Secs,dimanche,2024-06,B,17,4.0
ANANAS PCES,87.0,PC (1 PC),Fruits & Legumes Frais,lundi,2024-06,A,17,172.0
AUBERGINE LEGUME,8.6,KG (1 KG),Legumes Frais,mercredi,2024-06,A,17,17.85
BACON BOEUF FUME TRANCHES ( 300GR),4.2,KG (1000 GR),Viandes Fraiches,mercredi,2024-06,A,17,6.9
BACTYGEL 703 CF,3.0,BTL (1 BTL),Hygiène,mercredi,2024-06,B,17,4.0
BASILIC BARQUETTE,1.6,KG (1 KG),Legumes Frais,lundi,2024-06,A,17,11.05
BASILIC LA BOTTE,1.2,KG,Legumes Frais,mercredi,2024-06,C,17,3.2999
BEURRE MARGARINE  KG,13.5,PC (1 KG),Beurre Oeuf Fromage,lundi,2024-06,C,17,40.5
BOUTEILLE DE VINAIGRETTE 250ML,6.0,PC (250 GR),Epicerie,mardi,2024-06,A,17,16.0
CELTIA FUT DE 50L,3.0,PC (50 L),Alcools,lundi,2024-06,B,17,6.0
CHAPLUR,5.0,PC (1 KG),Epicerie,vendredi,2024-06,C,17,16.0
CHOCOLAT CHAUD EN POUDRE,5.0,KG (1 KG),Cafe,mardi,2024-06,B,17,7.0
CHOUX ROUGE,4.65,PC (1 PC),Legumes Frais,mardi,2024-06,A,17,9.6
CITRON,7.3,KG (1 KG),Legumes Frais,vendredi,2024-06,A,17,16.75
CITRON SALLE,14.0,KG (1 KG),Legumes Frais,mercredi,2024-06,B,17,28.0
COIFFE EN PAPIER,100.0,PC (1 PC),Hygiène,jeudi,2024-06,B,17,1100.0
CORNICHON FRAIS,2.0,KG (1 KG),Legumes Frais,lundi,2024-06,B,17,12.0
COURGETTE,11.65,KG (1 KG),Legumes Frais,mardi,2024-06,A,17,28.6
COUTEAU A PAIN 20CM,2.0,PC (1 PC),Accessoire & couvert,lundi,2024-06,C,17,5.0
COUVERCLE AVEC TROU BOMBE 95KY,250.0,PC,Consommable,mardi,2024-06,B,17,3300.0
CREME DE BALSAMIQUE,2.0,BTL (1 ML),Epicerie,samedi,2024-06,D,17,10.0
CUILLIERE NOIRE EJEM,800.0,PC (1 PC),Consommable,lundi,2024-06,A,17,4900.0
FOURCHETTE NOIRE EMBALEE EJEM,3000.0,PC (1 PC),Consommable,lundi,2024-06,A,17,10000.0
FROMAGE GORGONZELA,0.9,PC (1 KG),Beurre Oeuf Fromage,mercredi,2024-06,A,17,13.0
FROMAGE MAASDAM EN BLOC PB,35.0,KG (1 KG),Beurre Oeuf Fromage,mercredi,2024-06,A,17,65.5
FROMAGE PARMESAN PB,1.6,KG (0.2 KG),Beurre Oeuf Fromage,mercredi,2024-06,A,17,3.8
FUT HEINEKEIN,180.0,PC (1 L),Alcools,mardi,2024-06,B,17,240.0
GOBLET 9 0Z MF,1200.0,PC (1 PC),Consommable,lundi,2024-06,A,17,1600.0
HARISSA 450G,16.0,BTE (1 BTE),Epicerie,mardi,2024-06,C,17,17.0
JAMBON DE BOEUF FUME,8.05,KG (1 KG),Charcuterie,vendredi,2024-06,A,17,18.1
JAMBON DE DINDE,16.95,PC (1 KG),Charcuterie,mardi,2024-06,A,17,34.15
LOT CAFE GRAIN BARISTA,3.0,PC (1 KG),Cafe,mercredi,2024-06,A,17,121.0
MAIS EN VRAC,2.0,PC (1 KG),Legumes Frais,mardi,2024-06,C,17,9.0
MANCHE A BALAIS,2.0,PC (1 PC),Hygiène,mardi,2024-06,B,17,20.0
MENTHE SECHE,0.3,KG (1 KG),Epicerie,mardi,2024-06,D,17,2.0
MOUSSE CHOCOLAT,3.0,PC (1 PC),Pâtisseries,mardi,2024-06,D,17,4.0
NAPPAGE,1.0,PC,Pâtisseries,dimanche,2024-06,C,17,14.0
NUTELLA 600GR,25.0,PC (1 PC),Pâtisseries,vendredi,2024-06,B,17,114.0
PAILLE BUBBLE TEA 12MM COLORE,200.0,PC,Consommable,samedi,2024-06,C,17,1800.0
PAILLE NOIR,1.0,PQT (1000 PC),Consommable,lundi,2024-06,A,17,39.0
PAPIER ALUM DE 100,5.0,PC (1 PC),Consommable,lundi,2024-06,B,17,9.0
PAPRIKA FORT,1.0,KG (1 KG),Epicerie,jeudi,2024-06,C,17,3.0
PEPPERONI,1.7999999999999998,KG (1 KG),Charcuterie,lundi,2024-06,A,17,4.8
PERSIL,1.2,KG (1 KG),Legumes Frais,lundi,2024-06,A,17,7.32999
POCHETTE CROISSANT 15*7*29,2.0,PC (1000 PC),Consommable,jeudi,2024-06,C,17,4.0
RISTRETTO NSPRS,2750.0,PC (1 PC),Cafe,lundi,2024-06,A,17,6800.0
ROQUETTE FRAIS EN KG,1.0,KG,Legumes Frais,mercredi,2024-06,B,17,9.9
ROQUETTE SALADE BARQUETTE,0.95,KG (1 KG),Legumes Frais,lundi,2024-06,A,17,5.9
ROULEAU DE 750 ETIQUETTE BLANC,2.0,PC (1 PC),Consommable,jeudi,2024-06,C,17,16.0
SAC SOUS VIDE LISSE 20*30,700.0,PC (1 PC),Consommable,mardi,2024-06,A,17,1800.0
SAC SOUS VIDE LISSE 30*30,700.0,PC (1 PC),Consommable,mardi,2024-06,A,17,1100.0
SAC SOUS VIDE LISSE 40*40,100.0,PC (1 PC),Consommable,mardi,2024-06,B,17,900.0
SANEX,24.0,PC (1 PC),Hygiène,vendredi,2024-06,A,17,100.0
SAUCE A L'AIL PB,8.0,L (1 KG),Epicerie,mardi,2024-06,A,17,11.0
SAUCE MAYONNAISE PESTO PB,7.0,L (1 L),Epicerie,mardi,2024-06,A,17,11.0
SAUCE PESTO PB,4.0,KG (1 KG),Epicerie,mardi,2024-06,A,17,5.0
THE SANS SUCRE 0.9g,180.0,PC,THE,mercredi,2024-06,B,17,1080.0
THYM MOULU,1.0,PC (1 KG),Epicerie,mardi,2024-06,D,17,2.0
TOQUE CHEF,3.0,PC (1 PC),Hygiène,mardi,2024-06,C,17,6.0
VARIANTES,3.0,KG (1 KG),Legumes Frais,mardi,2024-06,D,17,10.0
VIANDE SECHE FUME (BRESAOLA) TRANCHES 300GR,3.9,KG (1000 GR),Viandes Fraiches,mercredi,2024-06,A,17,11.0
VINAIGRE 1L,5.0,L (1000 GR),Epicerie,mercredi,2024-06,D,17,12.0
sucre en buchette MF 10kg,1.0,KG,Epicerie,samedi,2024-06,C,17,10.0
AIL,0.95,KG (1 KG),Legumes Frais,mercredi,2024-06,B,18,8.3
AMANDE EFFILEE,3.0,PC (1 KG),Fruits Secs,jeudi,2024-06,B,18,4.0
ANANAS PCES,57.0,PC (1 PC),Fruits & Legumes Frais,jeudi,2024-06,A,18,172.0
AUBERGINE LEGUME,5.15,KG (1 KG),Legumes Frais,lundi,2024-06,A,18,17.85
BACON BOEUF FUME TRANCHES ( 300GR),3.3,KG (1000 GR),Viandes Fraiches,dimanche,2024-06,A,18,6.9
BACTYGEL 703 CF,1.0,BTL (1 BTL),Hygiène,lundi,2024-06,B,18,4.0
BASILIC BARQUETTE,1.9,KG (1 KG),Legumes Frais,lundi,2024-06,A,18,11.05
BASILIC LA BOTTE,2.15,KG (1 KG),Legumes Frais,vendredi,2024-06,C,18,3.2999
BEURRE MARGARINE  KG,36.0,PC (1 KG),Beurre Oeuf Fromage,vendredi,2024-06,C,18,40.5
BOITE FRAPPE VANILLE 1.36KG MONIN,2.0,KG (1 KG),Pâtisseries,vendredi,2024-06,C,18,6.0
BOUTEILLE DE VINAIGRETTE 250ML,16.0,PC (250 GR),Epicerie,jeudi,2024-06,A,18,16.0
CAPRE VRAC,5.0,KG (1 KG),Legumes Frais,vendredi,2024-06,B,18,9.0
CELTIA FUT DE 50L,1.0,PC (50 L),Alcools,vendredi,2024-06,B,18,6.0
CHAPLUR,5.0,PC (1 KG),Epicerie,samedi,2024-06,C,18,16.0
CHOCOLAT CHAUD EN POUDRE,2.0,KG (1 KG),Cafe,vendredi,2024-06,B,18,7.0
CHOUX ROUGE,4.8,PC (1 PC),Legumes Frais,vendredi,2024-06,A,18,9.6
CITRON,7.6,KG (1 KG),Legumes Frais,vendredi,2024-06,A,18,16.75
CITRON SALLE,12.0,KG (1 KG),Legumes Frais,jeudi,2024-06,B,18,28.0
COIFFE EN PAPIER,300.0,PC (1 PC),Hygiène,mercredi,2024-06,B,18,1100.0
CORNICHON FRAIS,12.0,KG,Legumes Frais,jeudi,2024-06,B,18,12.0
COURGETTE,9.2,KG (1 KG),Legumes Frais,lundi,2024-06,A,18,28.6
COUTEAU A PAIN 20CM,2.0,PC,Accessoire & couvert,mercredi,2024-06,C,18,5.0
CREME DE BALSAMIQUE,1.0,BTL (1 ML),Epicerie,vendredi,2024-06,D,18,10.0
CUILLIERE NOIRE EJEM,2000.0,PC (1 PC),Consommable,vendredi,2024-06,A,18,4900.0
DATTE EN VRAC,2.0,KG (1 KG),Fruits & Legumes Frais,dimanche,2024-06,B,18,18.3
FOURCHETTE NOIRE EMBALEE EJEM,7500.0,PC (1 PC),Consommable,jeudi,2024-06,A,18,10000.0
FROMAGE GORGONZELA,0.8999999999999999,PC (1 KG),Beurre Oeuf Fromage,dimanche,2024-06,A,18,13.0
FROMAGE MAASDAM EN BLOC PB,40.0,KG (1 KG),Beurre Oeuf Fromage,vendredi,2024-06,A,18,65.5
FROMAGE PARMESAN PB,1.6,KG (0.2 KG),Beurre Oeuf Fromage,vendredi,2024-06,A,18,3.8
FUT HEINEKEIN,100.0,PC (1 L),Alcools,dimanche,2024-06,B,18,240.0
GOBLET 9 0Z MF,1300.0,PC (1 PC),Consommable,mercredi,2024-06,A,18,1600.0
HARISSA 450G,15.0,BTE,Epicerie,mercredi,2024-06,C,18,17.0
JAMBON DE BOEUF FUME,8.55,KG (1 KG),Charcuterie,vendredi,2024-06,A,18,18.1
JAMBON DE DINDE,34.15,PC (1 KG),Charcuterie,vendredi,2024-06,A,18,34.15
JOUR ET NUIT ROUGE 1/2,48.0,PC (1 PC),Alcools,mercredi,2024-06,C,18,48.0
MAIS EN VRAC,1.0,PC (1 KG),Legumes Frais,jeudi,2024-06,C,18,9.0
MARINADE EMINCE DE BOEUF 2KG,8.0,KG (1 KG),Epicerie,jeudi,2024-06,B,18,10.0
MELANGE EPICES VIANDE 500GR PB,0.5,KG (1 KG),Epicerie,jeudi,2024-06,D,18,2.0
MELANGE TENDER 2KG PB,12.0,KG (1 KG),Epicerie,jeudi,2024-06,B,18,13.0
MIEL DOUX & FRAIS,5.0,PC (1 PC),Epicerie,mardi,2024-06,C,18,11.0
MOUSSE CHOCOLAT,2.0,PC (1 PC),Pâtisseries,vendredi,2024-06,D,18,4.0
NAPPAGE,3.0,PC,Pâtisseries,dimanche,2024-06,C,18,14.0
NOISETTE GRILLEE CONCASSEE,3.0,PC (1 KG),Fruits Secs,vendredi,2024-06,D,18,3.0
NUTELLA 600GR,30.0,PC (1 PC),Pâtisseries,vendredi,2024-06,B,18,114.0
PAILLE NOIR,6.0,PQT (1000 PC),Consommable,vendredi,2024-06,A,18,39.0
PAPIER ALUM DE 100,3.0,PC (1 PC),Consommable,samedi,2024-06,B,18,9.0
PAPRIKA DOUX,3.0,KG (1 KG),Fruits & Legumes Frais,mardi,2024-06,C,18,3.0
PEPPERONI,1.2,KG (1 KG),Charcuterie,jeudi,2024-06,A,18,4.8
PERSIL,2.8,KG (1 KG),Legumes Frais,dimanche,2024-06,A,18,7.32999
PIMENT ROUGE SALLE,10.0,KG,Legumes Frais,samedi,2024-06,B,18,20.0
PISTACHE CONCASSEE,1.0,PC (1000 GR),Fruits Secs,vendredi,2024-06,C,18,4.0
POCHETTE CROISSANT 15*7*29,2.0,PC (1000 PC),Consommable,jeudi,2024-06,C,18,4.0
POIVRE NOIR MOULU,2.0,PC (1 KG),Epicerie,vendredi,2024-06,B,18,3.0
QUATRE EPICES MOULU,3.0,PC (1 KG),Epicerie,jeudi,2024-06,C,18,3.0
RISTRETTO NSPRS,550.0,PC (1 PC),Cafe,jeudi,2024-06,A,18,6800.0
ROQUETTE FRAIS EN KG,4.65,KG,Legumes Frais,jeudi,2024-06,B,18,9.9
ROULEAU DE 750 ETIQUETTE BLANC,2.0,PC (1 PC),Consommable,mercredi,2024-06,C,18,16.0
ROULEAU THERMIQUE BALANCE,10.0,PC (1 PC),Fournitures de Bureau,jeudi,2024-06,D,18,30.0
SAC SOUS VIDE LISSE 20*30,700.0,PC (1 PC),Consommable,vendredi,2024-06,A,18,1800.0
SAC SOUS VIDE LISSE 30*30,700.0,PC (1 PC),Consommable,vendredi,2024-06,A,18,1100.0
SAC SOUS VIDE LISSE 40*40,500.0,PC (1 PC),Consommable,lundi,2024-06,B,18,900.0
SANEX,40.0,PC (1 PC),Hygiène,vendredi,2024-06,A,18,100.0
SAUCE A L'AIL PB,10.0,L (1 KG),Epicerie,jeudi,2024-06,A,18,11.0
SAUCE AU POIVRE SAC 500GR PB,4.5,KG (1 SAC),Epicerie,jeudi,2024-06,B,18,5.0
SAUCE MAYONNAISE PESTO PB,10.0,L (1 L),Epicerie,jeudi,2024-06,A,18,11.0
SAUCE PESTO PB,5.0,KG (1 KG),Epicerie,jeudi,2024-06,A,18,5.0
THE SANS SUCRE 0.9g,180.0,PC (1 PC),THE,samedi,2024-06,B,18,1080.0
TOMATES SECHEES,0.8,PC (1000 GR),Epicerie,mercredi,2024-06,B,18,5.0
VIANDE SECHE FUME (BRESAOLA) TRANCHES 300GR,3.9,KG (1000 GR),Viandes Fraiches,vendredi,2024-06,A,18,11.0
VINAIGRE 1L,10.0,L (1000 GR),Epicerie,vendredi,2024-06,D,18,12.0
sucre en buchette MF 10kg,1.0,KG,Epicerie,vendredi,2024-06,C,18,10.0
AIL,2.6,KG (1 KG),Legumes Frais,mardi,2024-07,B,19,8.3
AMANDE EFFILEE,2.0,PC (1 KG),Fruits Secs,jeudi,2024-07,B,19,4.0
ANANAS PCES,117.0,PC (1 PC),Fruits & Legumes Frais,dimanche,2024-06,A,19,172.0
AUBERGINE LEGUME,17.6,KG,Legumes Frais,dimanche,2024-06,A,19,17.85
BACON BOEUF FUME TRANCHES ( 300GR),3.6,KG (1000 GR),Viandes Fraiches,dimanche,2024-06,A,19,6.9
BACTYGEL 703 CF,2.0,BTL (1 BTL),Hygiène,mardi,2024-07,B,19,4.0
BASILIC BARQUETTE,5.05,KG (1 KG),Legumes Frais,lundi,2024-07,A,19,11.05
BEURRE MARGARINE  KG,9.0,PC (1 KG),Beurre Oeuf Fromage,mardi,2024-07,C,19,40.5
BOITE FRAPPE CAFE 1.36KG MONIN,1.0,BTE (1360 GR),Pâtisseries,dimanche,2024-07,C,19,6.0
BOITE FRAPPE VANILLE 1.36KG MONIN,6.0,KG (1 KG),Pâtisseries,lundi,2024-07,C,19,6.0
BOUTEILLE DE VINAIGRETTE 250ML,11.0,PC (250 GR),Epicerie,mardi,2024-07,A,19,16.0
CAPRE VRAC,1.0,KG,Legumes Frais,dimanche,2024-06,B,19,9.0
CELTIA FUT DE 50L,4.0,PC (50 L),Alcools,mardi,2024-07,B,19,6.0
CHAPLUR,5.0,PC (1 KG),Epicerie,mardi,2024-07,C,19,16.0
CHOUX ROUGE,3.3,PC (1 PC),Legumes Frais,dimanche,2024-06,A,19,9.6
CITRON,7.85,KG (1 KG),Legumes Frais,lundi,2024-07,A,19,16.75
CITRON SALLE,21.0,KG (1 KG),Legumes Frais,mardi,2024-07,B,19,28.0
COIFFE EN PAPIER,700.0,PC,Hygiène,dimanche,2024-06,B,19,1100.0
COURGETTE,14.55,KG (1 KG),Legumes Frais,dimanche,2024-06,A,19,28.6
COUTEAU A PAIN 20CM,1.0,PC (1 PC),Accessoire & couvert,vendredi,2024-07,C,19,5.0
CREME DE BALSAMIQUE,4.0,BTL (1 ML),Epicerie,mardi,2024-07,D,19,10.0
CUILLIERE NOIRE EJEM,1300.0,PC,Consommable,lundi,2024-07,A,19,4900.0
DATTE EN VRAC,2.0,KG (1 KG),Fruits & Legumes Frais,dimanche,2024-06,B,19,18.3
EPINARD,2.0,KG (1 KG),Legumes Frais,samedi,2024-07,B,19,12.15
FOURCHETTE NOIRE EMBALEE EJEM,3000.0,PC (1 PC),Consommable,mardi,2024-07,A,19,10000.0
FROMAGE GORGONZELA,1.35,PC (1 KG),Beurre Oeuf Fromage,lundi,2024-07,A,19,13.0
FROMAGE MAASDAM EN BLOC PB,35.0,KG (1 KG),Beurre Oeuf Fromage,mercredi,2024-07,A,19,65.5
FROMAGE PARMESAN PB,1.4,KG (0.2 KG),Beurre Oeuf Fromage,mardi,2024-07,A,19,3.8
FUT HEINEKEIN,120.0,PC (1 L),Alcools,mercredi,2024-07,B,19,240.0
GOBLET 9 0Z MF,400.0,PC (1 PC),Consommable,lundi,2024-07,A,19,1600.0
JAMBON DE BOEUF FUME,12.5,KG (1 KG),Charcuterie,lundi,2024-07,A,19,18.1
JAMBON DE DINDE,25.65,PC (1 KG),Charcuterie,dimanche,2024-06,A,19,34.15
LEVURE CHIMIQUE,1.0,PC,Pâtisseries,vendredi,2024-07,D,19,3.0
MAIS EN VRAC,3.0,PC (1 KG),Legumes Frais,jeudi,2024-07,C,19,9.0
MANCHE A BALAIS,4.0,PC,Hygiène,dimanche,2024-06,B,19,20.0
MARINADE EMINCE DE BOEUF 2KG,8.0,KG (1 KG),Epicerie,mardi,2024-07,B,19,10.0
MELANGE EPICES VIANDE 500GR PB,2.0,KG,Epicerie,mardi,2024-07,D,19,2.0
MELANGE TENDER 2KG PB,13.0,KG (1 KG),Epicerie,mardi,2024-07,B,19,13.0
MENTHE SECHE,1.0,KG (1 KG),Epicerie,mardi,2024-07,D,19,2.0
MOUSSE CHOCOLAT,2.0,PC (1 PC),Pâtisseries,lundi,2024-07,D,19,4.0
NAPPAGE,2.0,PC (1 PC),Pâtisseries,jeudi,2024-07,C,19,14.0
NOISETTE GRILLEE CONCASSEE,1.0,PC (1 KG),Fruits Secs,mardi,2024-07,D,19,3.0
NUTELLA 600GR,27.0,PC (1 PC),Pâtisseries,lundi,2024-07,B,19,114.0
PAILLE BUBBLE TEA 12MM COLORE,797.0,PC,Consommable,dimanche,2024-06,C,19,1800.0
PAILLE NOIR,7.0,PQT (1000 PC),Consommable,dimanche,2024-06,A,19,39.0
PAPIER ALUM DE 100,3.0,PC (1 PC),Consommable,lundi,2024-07,B,19,9.0
PAPIER CUISSON 40*60,4.0,PC (500 PC),Consommable,dimanche,2024-06,C,19,4.0
PEPPERONI,2.0,KG (1 KG),Charcuterie,samedi,2024-07,A,19,4.8
PERSIL,1.5,KG (1 KG),Legumes Frais,mercredi,2024-07,A,19,7.32999
PIMENT ROUGE SALLE,8.0,KG (1 KG),Legumes Frais,mercredi,2024-07,B,19,20.0
PISTACHE CONCASSEE,2.0,PC (1000 GR),Fruits Secs,mardi,2024-07,C,19,4.0
POCHETTE CROISSANT 15*7*29,2.0,PC (1000 PC),Consommable,mardi,2024-07,C,19,4.0
PUREE ANANAS 1 L,1.0,PC (1 L),Epicerie,dimanche,2024-06,D,19,2.0
PUREE DE BANANE 1L,1.0,PC (1 L),Epicerie,dimanche,2024-06,D,19,2.0
PUREE DE KIWI 1.32KG MONIN,1.0,PC (1000 GR),Pâtisseries,dimanche,2024-06,D,19,2.0
PUREE FRAISE 1.32KG MONIN,1.0,KG (1320 GR),Pâtisseries,dimanche,2024-06,D,19,2.0
PUREE MANGUE 1L,1.0,PC (1 L),Epicerie,dimanche,2024-06,D,19,2.0
RACLETTE,4.0,PC,Hygiène,dimanche,2024-06,B,19,7.0
RAISIN NOIR,8.5,KG (1 KG),Fruits & Legumes Frais,vendredi,2024-07,A,19,38.1
RISTRETTO NSPRS,1750.0,PC (1 PC),Cafe,mardi,2024-07,A,19,6800.0
ROQUETTE FRAIS EN KG,1.6,KG,Legumes Frais,vendredi,2024-07,B,19,9.9
ROQUETTE SALADE BARQUETTE,2.1,KG (1 KG),Legumes Frais,lundi,2024-07,A,19,5.9
ROULEAU DE 750 ETIQUETTE BLANC,1.0,PC (1 PC),Consommable,vendredi,2024-07,C,19,16.0
SAC SOUS VIDE LISSE 20*30,400.0,PC (1 PC),Consommable,vendredi,2024-07,A,19,1800.0
SAC SOUS VIDE LISSE 30*30,900.0,PC (1 PC),Consommable,mercredi,2024-07,A,19,1100.0
SAC SOUS VIDE LISSE 40*40,300.0,PC (1 PC),Consommable,vendredi,2024-07,B,19,900.0
SANEX,100.0,PC,Hygiène,dimanche,2024-06,A,19,100.0
SAUCE A L'AIL PB,10.0,L (1 KG),Epicerie,mardi,2024-07,A,19,11.0
SAUCE AU POIVRE SAC 500GR PB,2.0,KG (1 SAC),Epicerie,mardi,2024-07,B,19,5.0
SAUCE MAYONNAISE PESTO PB,9.0,L (1 L),Epicerie,mardi,2024-07,A,19,11.0
SAUCE PESTO PB,2.0,KG (1 KG),Epicerie,mardi,2024-07,A,19,5.0
SIROP DE CARAMEL 1L MONIN,4.0,PC (1000 ML),Pâtisseries,dimanche,2024-06,B,19,5.0
SIROP DE NOISETTES GRILLEES 70CL MONIN,1.0,PC (700 ML),Pâtisseries,dimanche,2024-06,D,19,2.0
SIROP DE VANILLE 1L MONIN,3.0,PC (700 ML),Pâtisseries,dimanche,2024-07,C,19,3.0
THE SANS SUCRE 0.9g,1080.0,PC (1 PC),THE,mardi,2024-07,B,19,1080.0
TOQUE CHEF,5.0,PC,Hygiène,dimanche,2024-06,C,19,6.0
VIANDE SECHE FUME (BRESAOLA) TRANCHES 300GR,2.7,KG (1000 GR),Viandes Fraiches,dimanche,2024-06,A,19,11.0
VINAIGRE 1L,1.0,L (1000 GR),Epicerie,vendredi,2024-07,D,19,12.0
AIL,2.0,KG (1 KG),Legumes Frais,mercredi,2024-07,B,20,8.3
AIL EN POUDRE,1.0,KG (1 KG),Fruits & Legumes Frais,mercredi,2024-07,C,20,2.0
ANANAS PCES,59.0,PC (1 PC),Fruits & Legumes Frais,jeudi,2024-07,A,20,172.0
AUBERGINE LEGUME,9.35,KG (1 KG),Legumes Frais,vendredi,2024-07,A,20,17.85
BACON BOEUF FUME TRANCHES ( 300GR),3.0,KG (1000 GR),Viandes Fraiches,mercredi,2024-07,A,20,6.9
BACTYGEL 703 CF,2.0,BTL,Hygiène,lundi,2024-07,B,20,4.0
BASILIC BARQUETTE,4.8,KG (1 KG),Legumes Frais,vendredi,2024-07,A,20,11.05
BEURRE MARGARINE  KG,13.5,PC (1 KG),Beurre Oeuf Fromage,vendredi,2024-07,C,20,40.5
BOITE FRAPPE VANILLE 1.36KG MONIN,6.0,KG (1 KG),Pâtisseries,dimanche,2024-07,C,20,6.0
BOUTEILLE DE VINAIGRETTE 250ML,11.0,PC (250 GR),Epicerie,jeudi,2024-07,A,20,16.0
CAPRE VRAC,4.0,KG (1 KG),Legumes Frais,jeudi,2024-07,B,20,9.0
CELTIA FUT DE 50L,4.0,PC (50 L),Alcools,jeudi,2024-07,B,20,6.0
CHAPLUR,5.0,PC (1 KG),Epicerie,mercredi,2024-07,C,20,16.0
CHOCOLAT CHAUD EN POUDRE,3.0,KG (1 KG),Cafe,vendredi,2024-07,B,20,7.0
CHOUX ROUGE,7.050000000000001,PC (1 PC),Legumes Frais,vendredi,2024-07,A,20,9.6
CITRON,9.65,KG (1 KG),Legumes Frais,mercredi,2024-07,A,20,16.75
CITRON SALLE,14.0,KG (1 KG),Legumes Frais,mardi,2024-07,B,20,28.0
COIFFE EN PAPIER,301.0,PC (1 PC),Hygiène,mercredi,2024-07,B,20,1100.0
CORNICHON FRAIS,6.0,KG,Legumes Frais,samedi,2024-07,B,20,12.0
COURGETTE,8.7,KG (1 KG),Legumes Frais,vendredi,2024-07,A,20,28.6
COUTEAU A PAIN 20CM,3.0,PC,Accessoire & couvert,dimanche,2024-07,C,20,5.0
CREME DE BALSAMIQUE,2.0,BTL (1 ML),Epicerie,vendredi,2024-07,D,20,10.0
CUILLIERE NOIRE EJEM,1800.0,PC,Consommable,vendredi,2024-07,A,20,4900.0
DATTE EN VRAC,1.0,KG,Fruits & Legumes Frais,mercredi,2024-07,B,20,18.3
EPINARD,3.55,KG (1 KG),Legumes Frais,vendredi,2024-07,B,20,12.15
FOURCHETTE NOIRE EMBALEE EJEM,5000.0,PC,Consommable,samedi,2024-07,A,20,10000.0
FROMAGE GORGONZELA,1.35,PC (1 KG),Beurre Oeuf Fromage,lundi,2024-07,A,20,13.0
FROMAGE MAASDAM EN BLOC PB,30.0,KG (1 KG),Beurre Oeuf Fromage,jeudi,2024-07,A,20,65.5
FROMAGE PARMESAN PB,2.4,KG (0.2 KG),Beurre Oeuf Fromage,mercredi,2024-07,A,20,3.8
FUT HEINEKEIN,80.0,PC (1 L),Alcools,jeudi,2024-07,B,20,240.0
GOBLET 9 0Z MF,400.0,PC (1 PC),Consommable,dimanche,2024-07,A,20,1600.0
HARISSA 450G,6.0,BTE,Epicerie,lundi,2024-07,C,20,17.0
JAMBON DE BOEUF FUME,12.05,KG (1 KG),Charcuterie,mercredi,2024-07,A,20,18.1
JAMBON DE DINDE,15.95,PC (1 KG),Charcuterie,vendredi,2024-07,A,20,34.15
LENTILLE VRAC,2.0,PC (1 PC),Legumes Secs,vendredi,2024-07,D,20,3.0
LOT CAFE GRAIN BARISTA,5.0,PC (1 KG),Cafe,mercredi,2024-07,A,20,121.0
LOT DE CAFE TURC,2.0,PC (1 KG),Cafe,mercredi,2024-07,D,20,3.0
MAIS EN VRAC,1.0,PC (1 KG),Legumes Frais,lundi,2024-07,C,20,9.0
MANCHE A BALAIS,1.0,PC (1 PC),Hygiène,mardi,2024-07,B,20,20.0
MARINADE EMINCE DE BOEUF 2KG,7.0,KG (1 KG),Epicerie,jeudi,2024-07,B,20,10.0
MELANGE TENDER 2KG PB,13.0,KG (1 KG),Epicerie,jeudi,2024-07,B,20,13.0
MENTHE SECHE,1.0,KG (1 KG),Epicerie,dimanche,2024-07,D,20,2.0
MIEL DOUX & FRAIS,4.0,PC (1 PC),Epicerie,vendredi,2024-07,C,20,11.0
NAPPAGE,1.0,PC (1 PC),Pâtisseries,mercredi,2024-07,C,20,14.0
NOISETTE GRILLEE CONCASSEE,1.0,PC (1 KG),Fruits Secs,lundi,2024-07,D,20,3.0
NUTELLA 600GR,84.0,PC (1 PC),Pâtisseries,mercredi,2024-07,B,20,114.0
PAILLE NOIR,2.0,PQT (1000 PC),Consommable,dimanche,2024-07,A,20,39.0
PAPIER ALUM DE 100,1.0,PC,Consommable,lundi,2024-07,B,20,9.0
PERSIL,1.45,KG (1 KG),Legumes Frais,jeudi,2024-07,A,20,7.32999
PIMENT ROUGE SALLE,6.0,KG,Legumes Frais,mardi,2024-07,B,20,20.0
POIVRE NOIR MOULU,1.0,PC (1 KG),Epicerie,mercredi,2024-07,B,20,3.0
PUREE DE KIWI 1.32KG MONIN,2.0,PC (1000 GR),Pâtisseries,vendredi,2024-07,D,20,2.0
RACLETTE,1.0,PC (1 PC),Hygiène,mardi,2024-07,B,20,7.0
RAISIN NOIR,19.35,KG (1 KG),Fruits & Legumes Frais,mercredi,2024-07,A,20,38.1
RAISINS JAUNE,16.4,KG (1 KG),Fruits & Legumes Frais,mercredi,2024-07,B,20,23.0
RISTRETTO NSPRS,1550.0,PC (1 PC),Cafe,mercredi,2024-07,A,20,6800.0
ROQUETTE FRAIS EN KG,2.9000000000000004,KG,Legumes Frais,mardi,2024-07,B,20,9.9
ROQUETTE SALADE BARQUETTE,2.3,KG (1 KG),Legumes Frais,mercredi,2024-07,A,20,5.9
ROULEAU DE 750 ETIQUETTE BLANC,4.0,PC (1 PC),Consommable,mercredi,2024-07,C,20,16.0
SAC SOUS VIDE LISSE 20*30,500.0,PC (1 PC),Consommable,vendredi,2024-07,A,20,1800.0
SAC SOUS VIDE LISSE 30*30,500.0,PC (1 PC),Consommable,vendredi,2024-07,A,20,1100.0
SAC SOUS VIDE LISSE 40*40,200.0,PC (1 PC),Consommable,vendredi,2024-07,B,20,900.0
SANEX,48.0,PC (1 PC),Hygiène,mercredi,2024-07,A,20,100.0
SAUCE A L'AIL PB,8.0,L (1 KG),Epicerie,jeudi,2024-07,A,20,11.0
SAUCE AU POIVRE SAC 500GR PB,2.0,KG (1 SAC),Epicerie,samedi,2024-07,B,20,5.0
SAUCE MAYONNAISE PESTO PB,8.0,L (1 L),Epicerie,jeudi,2024-07,A,20,11.0
SAUCE PESTO PB,2.0,KG (1 KG),Epicerie,mardi,2024-07,A,20,5.0
TOQUE CHEF,1.0,PC (1 PC),Hygiène,vendredi,2024-07,C,20,6.0
VARIANTES,10.0,KG (1 KG),Legumes Frais,mercredi,2024-07,D,20,10.0
VIANDE SECHE FUME (BRESAOLA) TRANCHES 300GR,4.5,KG (1000 GR),Viandes Fraiches,mercredi,2024-07,A,20,11.0
AIL,2.05,KG (1 KG),Legumes Frais,jeudi,2024-07,B,21,8.3
AMANDE EFFILEE,2.0,PC (1 KG),Fruits Secs,lundi,2024-07,B,21,4.0
ANANAS PCES,68.0,PC (1 PC),Fruits & Legumes Frais,samedi,2024-07,A,21,172.0
AUBERGINE LEGUME,7.0,KG (1 KG),Legumes Frais,lundi,2024-07,A,21,17.85
BACON BOEUF FUME TRANCHES ( 300GR),3.9,KG (1000 GR),Viandes Fraiches,lundi,2024-07,A,21,6.9
BASILIC BARQUETTE,2.8,KG (1 KG),Legumes Frais,dimanche,2024-07,A,21,11.05
BEURRE MARGARINE  KG,40.5,PC (1 KG),Beurre Oeuf Fromage,dimanche,2024-07,C,21,40.5
BOITE FRAPPE VANILLE 1.36KG MONIN,1.0,KG (1 KG),Pâtisseries,dimanche,2024-07,C,21,6.0
BOUTEILLE DE VINAIGRETTE 250ML,11.0,PC (250 GR),Epicerie,dimanche,2024-07,A,21,16.0
CAPRE VRAC,6.0,KG (1 KG),Legumes Frais,samedi,2024-07,B,21,9.0
CELTIA FUT DE 50L,3.0,PC (50 L),Alcools,lundi,2024-07,B,21,6.0
CHOUX ROUGE,4.7,PC (1 PC),Legumes Frais,lundi,2024-07,A,21,9.6
CITRON,7.050000000000001,KG (1 KG),Legumes Frais,lundi,2024-07,A,21,16.75
CITRON SALLE,14.0,KG (1 KG),Legumes Frais,mercredi,2024-07,B,21,28.0
COIFFE EN PAPIER,200.0,PC (1 PC),Hygiène,dimanche,2024-07,B,21,1100.0
CORNICHON FRAIS,2.0,KG (1 KG),Legumes Frais,vendredi,2024-07,B,21,12.0
COURGETTE,8.1,KG (1 KG),Legumes Frais,lundi,2024-07,A,21,28.6
CREVETTE 26/30 AVEC QUEUE  SURG.,2.0,KG (1 KG),Poisson Surgelé_R,mercredi,2024-07,C,21,4.0
CUILLIERE NOIRE EJEM,1200.0,PC,Consommable,lundi,2024-07,A,21,4900.0
EPINARD,4.95,KG (1 KG),Legumes Frais,samedi,2024-07,B,21,12.15
FOURCHETTE NOIRE EMBALEE EJEM,4000.0,PC (1 PC),Consommable,samedi,2024-07,A,21,10000.0
FROMAGE MAASDAM EN BLOC PB,43.0,KG (1 KG),Beurre Oeuf Fromage,dimanche,2024-07,A,21,65.5
FROMAGE PARMESAN PB,1.8,KG (0.2 KG),Beurre Oeuf Fromage,mardi,2024-07,A,21,3.8
FUT HEINEKEIN,170.0,PC (1 L),Alcools,dimanche,2024-07,B,21,240.0
HARISSA 450G,14.0,BTE,Epicerie,samedi,2024-07,C,21,17.0
JAMBON DE BOEUF FUME,13.1,KG (1 KG),Charcuterie,dimanche,2024-07,A,21,18.1
JAMBON DE DINDE,24.5,PC (1 KG),Charcuterie,dimanche,2024-07,A,21,34.15
LEVURE CHIMIQUE,1.0,PC,Pâtisseries,vendredi,2024-07,D,21,3.0
LIPTON ICE TEA FRAMBOISE 33 CL,480.0,PC (1 PC),THE,vendredi,2024-07,A,21,637.0
MAIS EN VRAC,1.0,PC (1 KG),Legumes Frais,jeudi,2024-07,C,21,9.0
MANCHE A BALAIS,3.0,PC (1 PC),Hygiène,lundi,2024-07,B,21,20.0
MARINADE EMINCE DE BOEUF 2KG,8.0,KG (1 KG),Epicerie,dimanche,2024-07,B,21,10.0
MELANGE TENDER 2KG PB,8.0,KG (1 KG),Epicerie,dimanche,2024-07,B,21,13.0
MIEL DOUX & FRAIS,4.0,PC (1 PC),Epicerie,mercredi,2024-07,C,21,11.0
NAPPAGE,1.0,PC (1 PC),Pâtisseries,lundi,2024-07,C,21,14.0
NOISETTE GRILLEE CONCASSEE,1.0,PC (1 KG),Fruits Secs,mercredi,2024-07,D,21,3.0
NUTELLA 600GR,3.0,PC (1 PC),Pâtisseries,samedi,2024-07,B,21,114.0
PAILLE BUBBLE TEA 12MM COLORE,1100.0,PC,Consommable,dimanche,2024-07,C,21,1800.0
PAILLE NOIR,5.0,PQT (1000 PC),Consommable,samedi,2024-07,A,21,39.0
PAPIER ALUM DE 100,3.0,PC (1 PC),Consommable,lundi,2024-07,B,21,9.0
PAPIER CUISSON 40*60,2.0,PC (500 PC),Consommable,samedi,2024-07,C,21,4.0
PAPRIKA DOUX,1.0,KG (1 KG),Fruits & Legumes Frais,samedi,2024-07,C,21,3.0
PEPPERONI,2.1,KG (1 KG),Charcuterie,dimanche,2024-07,A,21,4.8
PERSIL,4.05,KG (1 KG),Legumes Frais,lundi,2024-07,A,21,7.32999
PIMENT ROUGE SALLE,12.0,KG,Legumes Frais,dimanche,2024-07,B,21,20.0
PISTACHE CONCASSEE,4.0,PC (1000 GR),Fruits Secs,lundi,2024-07,C,21,4.0
PUREE FRAISE 1.32KG MONIN,1.0,KG (1320 GR),Pâtisseries,dimanche,2024-07,D,21,2.0
RACLETTE,1.0,PC (1 PC),Hygiène,jeudi,2024-07,B,21,7.0
RAISIN NOIR,21.9,KG (1 KG),Fruits & Legumes Frais,samedi,2024-07,A,21,38.1
RAISINS JAUNE,16.45,KG,Fruits & Legumes Frais,dimanche,2024-07,B,21,23.0
RISTRETTO NSPRS,2050.0,PC (1 PC),Cafe,samedi,2024-07,A,21,6800.0
ROQUETTE FRAIS EN KG,5.05,KG,Legumes Frais,mardi,2024-07,B,21,9.9
SAC SOUS VIDE LISSE 20*30,1100.0,PC (1 PC),Consommable,samedi,2024-07,A,21,1800.0
SAC SOUS VIDE LISSE 30*30,1100.0,PC (1 PC),Consommable,samedi,2024-07,A,21,1100.0
SAC SOUS VIDE LISSE 40*40,100.0,PC (1 PC),Consommable,samedi,2024-07,B,21,900.0
SANEX,44.0,PC (1 PC),Hygiène,samedi,2024-07,A,21,100.0
SAUCE A L'AIL PB,8.0,L (1 KG),Epicerie,dimanche,2024-07,A,21,11.0
SAUCE AU POIVRE SAC 500GR PB,2.0,KG (1 SAC),Epicerie,dimanche,2024-07,B,21,5.0
SAUCE MAYONNAISE PESTO PB,8.0,L (1 L),Epicerie,dimanche,2024-07,A,21,11.0
SAUCE PESTO PB,4.0,KG (1 KG),Epicerie,dimanche,2024-07,A,21,5.0
SIROP DE VANILLE 1L MONIN,1.0,PC (700 ML),Pâtisseries,samedi,2024-07,C,21,3.0
TOMATES SECHEES,1.1,PC (1000 GR),Epicerie,mardi,2024-07,B,21,5.0
TOQUE CHEF,2.0,PC (1 PC),Hygiène,jeudi,2024-07,C,21,6.0
VIANDE SECHE FUME (BRESAOLA) TRANCHES 300GR,4.8,KG (1000 GR),Viandes Fraiches,dimanche,2024-07,A,21,11.0
VINAIGRE 1L,5.0,L (1000 GR),Epicerie,mercredi,2024-07,D,21,12.0
AIL,4.3,KG,Legumes Frais,mardi,2024-07,B,22,8.3
AIL EN POUDRE,1.0,KG (1 KG),Fruits & Legumes Frais,vendredi,2024-08,C,22,2.0
AMANDE EFFILEE,2.0,PC (1 KG),Fruits Secs,samedi,2024-08,B,22,4.0
ANANAS PCES,73.0,PC (1 PC),Fruits & Legumes Frais,mardi,2024-07,A,22,172.0
AUBERGINE LEGUME,5.65,KG,Legumes Frais,mardi,2024-07,A,22,17.85
BACON BOEUF FUME TRANCHES ( 300GR),2.7,KG (1000 GR),Viandes Fraiches,mardi,2024-07,A,22,6.9
BACTYGEL 703 CF,1.0,BTL (1 BTL),Hygiène,mardi,2024-08,B,22,4.0
BASILIC BARQUETTE,4.6,KG,Legumes Frais,mercredi,2024-07,A,22,11.05
BEURRE MARGARINE  KG,22.75,PC (1 KG),Beurre Oeuf Fromage,vendredi,2024-08,C,22,40.5
BOITE FRAPPE CAFE 1.36KG MONIN,6.0,BTE (1360 GR),Pâtisseries,mardi,2024-07,C,22,6.0
BOITE FRAPPE VANILLE 1.36KG MONIN,4.0,KG (1 KG),Pâtisseries,mardi,2024-07,C,22,6.0
BOUTEILLE DE VINAIGRETTE 250ML,5.0,PC (250 GR),Epicerie,mardi,2024-08,A,22,16.0
CELTIA FUT DE 50L,1.0,PC (50 L),Alcools,mercredi,2024-07,B,22,6.0
CHAPLUR,16.0,PC (1 KG),Epicerie,mercredi,2024-07,C,22,16.0
CHOUX ROUGE,2.85,PC (1 PC),Legumes Frais,mercredi,2024-07,A,22,9.6
CITRON,9.4,KG,Legumes Frais,mardi,2024-07,A,22,16.75
CITRON SALLE,9.8,KG (1 KG),Legumes Frais,mercredi,2024-07,B,22,28.0
COIFFE EN PAPIER,1099.0,PC (1 PC),Hygiène,mardi,2024-07,B,22,1100.0
CORNICHON FRAIS,2.0,KG (1 KG),Legumes Frais,lundi,2024-08,B,22,12.0
COURGETTE,8.9,KG (1 KG),Legumes Frais,mercredi,2024-07,A,22,28.6
CREVETTE 26/30 AVEC QUEUE  SURG.,1.0,KG,Poisson Surgelé_R,lundi,2024-08,C,22,4.0
CUILLIERE NOIRE EJEM,4900.0,PC (1 PC),Consommable,mardi,2024-07,A,22,4900.0
EPINARD,9.1,KG (1 KG),Legumes Frais,mardi,2024-07,B,22,12.15
FOURCHETTE NOIRE EMBALEE EJEM,5000.0,PC (1 PC),Consommable,mardi,2024-07,A,22,10000.0
FROMAGE BUCHE BLANCHE CHEVRE KG,1.5,KG (1 KG),Beurre Oeuf Fromage,samedi,2024-08,B,22,5.0
FROMAGE GORGONZELA,2.7,PC (1 KG),Beurre Oeuf Fromage,mercredi,2024-07,A,22,13.0
FROMAGE MAASDAM EN BLOC PB,45.0,KG (1 KG),Beurre Oeuf Fromage,mardi,2024-07,A,22,65.5
FROMAGE PARMESAN PB,3.0,KG (0.2 KG),Beurre Oeuf Fromage,mercredi,2024-07,A,22,3.8
FUT HEINEKEIN,120.0,PC (1 L),Alcools,mercredi,2024-07,B,22,240.0
GOBLET 9 0Z MF,1600.0,PC (1 PC),Consommable,mardi,2024-07,A,22,1600.0
HARISSA 450G,15.0,BTE,Epicerie,mardi,2024-07,C,22,17.0
JAMBON DE BOEUF FUME,15.45,KG (1 KG),Charcuterie,mercredi,2024-07,A,22,18.1
JAMBON DE DINDE,10.85,PC (1 KG),Charcuterie,jeudi,2024-08,A,22,34.15
LIPTON ICE TEA FRAMBOISE 33 CL,411.0,PC (1 PC),THE,mardi,2024-07,A,22,637.0
MAIS EN VRAC,2.0,PC (1 KG),Legumes Frais,mercredi,2024-07,C,22,9.0
MANCHE A BALAIS,5.0,PC,Hygiène,mercredi,2024-07,B,22,20.0
MARINADE EMINCE DE BOEUF 2KG,10.0,KG (1 KG),Epicerie,mardi,2024-07,B,22,10.0
MELANGE EPICES VIANDE 500GR PB,1.5,KG (1 KG),Epicerie,jeudi,2024-08,D,22,2.0
MELANGE TENDER 2KG PB,9.0,KG (1 KG),Epicerie,mardi,2024-07,B,22,13.0
MOZARELLA BOCCONCINI,10.0,PC (200 GR),Beurre Oeuf Fromage,samedi,2024-08,D,22,23.0
NAPPAGE,2.0,PC,Pâtisseries,mardi,2024-07,C,22,14.0
NOISETTE GRILLEE CONCASSEE,2.0,PC (1 KG),Fruits Secs,dimanche,2024-08,D,22,3.0
PAILLE BUBBLE TEA 12MM COLORE,800.0,PC,Consommable,mercredi,2024-07,C,22,1800.0
PAILLE NOIR,39.0,PQT (250 PC),Consommable,mardi,2024-07,A,22,39.0
PAPIER ALUM DE 100,5.0,PC,Consommable,mercredi,2024-07,B,22,9.0
PAPIER CUISSON 40*60,2.0,PC (250 PC),Consommable,mercredi,2024-07,C,22,4.0
PEPPERONI,2.1,KG (1 KG),Charcuterie,mardi,2024-07,A,22,4.8
PERSIL,1.65,KG (1 KG),Legumes Frais,vendredi,2024-08,A,22,7.32999
PIMENT ROUGE SALLE,9.0,KG,Legumes Frais,mercredi,2024-07,B,22,20.0
PISTACHE CONCASSEE,1.0,PC (1000 GR),Fruits Secs,dimanche,2024-08,C,22,4.0
POCHETTE CROISSANT 15*7*29,4.0,PC (1000 PC),Consommable,jeudi,2024-08,C,22,4.0
POIVRE NOIR MOULU,1.0,PC (1 KG),Epicerie,jeudi,2024-08,B,22,3.0
PUREE ANANAS 1 L,1.0,PC (1 L),Epicerie,vendredi,2024-08,D,22,2.0
PUREE DE BANANE 1L,1.0,PC (1 L),Epicerie,vendredi,2024-08,D,22,2.0
PUREE MANGUE 1L,1.0,PC (1 L),Epicerie,vendredi,2024-08,D,22,2.0
RACLETTE,3.0,PC,Hygiène,mercredi,2024-07,B,22,7.0
RAISIN NOIR,30.9,KG (1 KG),Fruits & Legumes Frais,mardi,2024-07,A,22,38.1
RAISINS JAUNE,17.75,KG (1 KG),Fruits & Legumes Frais,mardi,2024-07,B,22,23.0
RISTRETTO NSPRS,6800.0,PC,Cafe,mardi,2024-07,A,22,6800.0
ROQUETTE FRAIS EN KG,4.9,KG,Legumes Frais,mercredi,2024-07,B,22,9.9
ROULEAU DE 750 ETIQUETTE BLANC,5.0,PC,Consommable,mardi,2024-07,C,22,16.0
SAC SOUS VIDE LISSE 20*30,600.0,PC (1 PC),Consommable,samedi,2024-08,A,22,1800.0
SAC SOUS VIDE LISSE 30*30,800.0,PC,Consommable,mardi,2024-07,A,22,1100.0
SAC SOUS VIDE LISSE 40*40,300.0,PC,Consommable,mardi,2024-07,B,22,900.0
SANEX,48.0,PC (1 PC),Hygiène,mardi,2024-07,A,22,100.0
SAUCE A L'AIL PB,10.0,L (1 KG),Epicerie,mardi,2024-07,A,22,11.0
SAUCE AU POIVRE SAC 500GR PB,2.5,KG (1 SAC),Epicerie,mardi,2024-07,B,22,5.0
SAUCE MAYONNAISE PESTO PB,10.0,L (1 L),Epicerie,mardi,2024-07,A,22,11.0
SAUCE PESTO PB,5.0,KG (1 KG),Epicerie,mardi,2024-07,A,22,5.0
SIROP DE CARAMEL 1L MONIN,5.0,PC (1000 ML),Pâtisseries,mardi,2024-07,B,22,5.0
SIROP DE VANILLE 1L MONIN,3.0,PC (700 ML),Pâtisseries,samedi,2024-08,C,22,3.0
THE SANS SUCRE 0.9g,180.0,PC,THE,samedi,2024-08,B,22,1080.0
TOQUE CHEF,6.0,PC,Hygiène,mercredi,2024-07,C,22,6.0
VIANDE SECHE FUME (BRESAOLA) TRANCHES 300GR,4.2,KG (1000 GR),Viandes Fraiches,mardi,2024-07,A,22,11.0
VINAIGRE 1L,2.0,L (1000 GR),Epicerie,vendredi,2024-08,D,22,12.0
AIL,2.45,KG (1 KG),Legumes Frais,vendredi,2024-08,B,23,8.3
AIL EN POUDRE,2.0,KG (1 KG),Fruits & Legumes Frais,vendredi,2024-08,C,23,2.0
AMANDE EFFILEE,1.0,PC (1 KG),Fruits Secs,vendredi,2024-08,B,23,4.0
ANANAS PCES,80.0,PC (1 PC),Fruits & Legumes Frais,vendredi,2024-08,A,23,172.0
AUBERGINE LEGUME,15.55,KG (1 KG),Legumes Frais,vendredi,2024-08,A,23,17.85
BACON BOEUF FUME TRANCHES ( 300GR),5.4,KG (1000 GR),Viandes Fraiches,vendredi,2024-08,A,23,6.9
BACTYGEL 703 CF,3.0,BTL,Hygiène,lundi,2024-08,B,23,4.0
BASILIC BARQUETTE,4.4,KG,Legumes Frais,samedi,2024-08,A,23,11.05
BEURRE MARGARINE  KG,4.5,PC (1 KG),Beurre Oeuf Fromage,vendredi,2024-08,C,23,40.5
BOITE FRAPPE CAFE 1.36KG MONIN,3.0,BTE (1360 GR),Pâtisseries,lundi,2024-08,C,23,6.0
BOITE FRAPPE VANILLE 1.36KG MONIN,5.0,KG (1 KG),Pâtisseries,dimanche,2024-08,C,23,6.0
CAPRE VRAC,4.0,KG (1 KG),Legumes Frais,lundi,2024-08,B,23,9.0
CELTIA FUT DE 50L,6.0,PC (50 L),Alcools,vendredi,2024-08,B,23,6.0
CHOUX ROUGE,8.75,PC (1 PC),Legumes Frais,vendredi,2024-08,A,23,9.6
CITRON,16.75,KG (1 KG),Legumes Frais,vendredi,2024-08,A,23,16.75
CITRON SALLE,21.2,KG,Legumes Frais,vendredi,2024-08,B,23,28.0
COIFFE EN PAPIER,700.0,PC (1 PC),Hygiène,lundi,2024-08,B,23,1100.0
CORNICHON FRAIS,2.0,KG (1 KG),Legumes Frais,vendredi,2024-08,B,23,12.0
COURGETTE,14.3,KG (1 KG),Legumes Frais,vendredi,2024-08,A,23,28.6
COUTEAU A PAIN 20CM,5.0,PC (1 PC),Accessoire & couvert,mardi,2024-08,C,23,5.0
CREME DE BALSAMIQUE,1.0,BTL (1 ML),Epicerie,jeudi,2024-08,D,23,10.0
CREVETTE 26/30 AVEC QUEUE  SURG.,3.0,KG,Poisson Surgelé_R,samedi,2024-08,C,23,4.0
CUILLIERE NOIRE EJEM,2500.0,PC,Consommable,vendredi,2024-08,A,23,4900.0
EPINARD,6.800000000000001,KG (1 KG),Legumes Frais,lundi,2024-08,B,23,12.15
FOURCHETTE NOIRE EMBALEE EJEM,4000.0,PC (1 PC),Consommable,vendredi,2024-08,A,23,10000.0
FROMAGE BUCHE BLANCHE CHEVRE KG,3.3,KG (1 KG),Beurre Oeuf Fromage,vendredi,2024-08,B,23,5.0
FROMAGE GORGONZELA,0.9,PC (1 KG),Beurre Oeuf Fromage,samedi,2024-08,A,23,13.0
FROMAGE MAASDAM EN BLOC PB,60.0,KG (1 KG),Beurre Oeuf Fromage,vendredi,2024-08,A,23,65.5
FROMAGE PARMESAN PB,2.4,KG (0.2 KG),Beurre Oeuf Fromage,samedi,2024-08,A,23,3.8
FUT HEINEKEIN,240.0,PC (1 L),Alcools,samedi,2024-08,B,23,240.0
GOBLET 9 0Z MF,600.0,PC (1 PC),Consommable,samedi,2024-08,A,23,1600.0
HARISSA 450G,11.0,BTE,Epicerie,samedi,2024-08,C,23,17.0
JAMBON DE BOEUF FUME,14.4,KG (1 KG),Charcuterie,vendredi,2024-08,A,23,18.1
JAMBON DE DINDE,17.05,PC (1 KG),Charcuterie,vendredi,2024-08,A,23,34.15
LIPTON ICE TEA FRAMBOISE 33 CL,592.0,PC (1 PC),THE,vendredi,2024-08,A,23,637.0
LOT CAFE GRAIN BARISTA,38.0,PC (1 KG),Cafe,vendredi,2024-08,A,23,121.0
MAIS EN VRAC,1.0,PC (1 KG),Legumes Frais,jeudi,2024-08,C,23,9.0
MANCHE A BALAIS,5.0,PC (1 PC),Hygiène,vendredi,2024-08,B,23,20.0
MARINADE EMINCE DE BOEUF 2KG,10.0,KG (1 KG),Epicerie,samedi,2024-08,B,23,10.0
MELANGE TENDER 2KG PB,13.0,KG (1 KG),Epicerie,samedi,2024-08,B,23,13.0
MIEL DOUX & FRAIS,8.0,PC (1 PC),Epicerie,vendredi,2024-08,C,23,11.0
NOISETTE GRILLEE CONCASSEE,3.0,PC (1 KG),Fruits Secs,lundi,2024-08,D,23,3.0
PAILLE BUBBLE TEA 12MM COLORE,400.0,PC,Consommable,samedi,2024-08,C,23,1800.0
PAILLE NOIR,28.0,PQT (250 PC),Consommable,vendredi,2024-08,A,23,39.0
PAPIER ALUM DE 100,2.0,PC (1 PC),Consommable,samedi,2024-08,B,23,9.0
PAPIER CUISSON 40*60,2.0,PC (500 PC),Consommable,lundi,2024-08,C,23,4.0
PEPPERONI,1.7999999999999998,KG (1 KG),Charcuterie,samedi,2024-08,A,23,4.8
PERSIL,0.5,KG (1 KG),Legumes Frais,mardi,2024-08,A,23,7.32999
PIMENT ROUGE SALLE,20.0,KG,Legumes Frais,vendredi,2024-08,B,23,20.0
POIVRE NOIR MOULU,2.0,PC (1 KG),Epicerie,lundi,2024-08,B,23,3.0
PUREE ANANAS 1 L,1.0,PC (1 L),Epicerie,lundi,2024-08,D,23,2.0
PUREE DE KIWI 1.32KG MONIN,1.0,PC (1000 GR),Pâtisseries,lundi,2024-08,D,23,2.0
PUREE FRAISE 1.32KG MONIN,1.0,KG (1320 GR),Pâtisseries,lundi,2024-08,D,23,2.0
PUREE MANGUE 1L,1.0,PC (1 L),Epicerie,lundi,2024-08,D,23,2.0
RACLETTE,4.0,PC,Hygiène,lundi,2024-08,B,23,7.0
RAISIN NOIR,38.1,KG (1 KG),Fruits & Legumes Frais,vendredi,2024-08,A,23,38.1
RAISINS JAUNE,23.0,KG (1 KG),Fruits & Legumes Frais,samedi,2024-08,B,23,23.0
RISTRETTO NSPRS,1700.0,PC (1 PC),Cafe,vendredi,2024-08,A,23,6800.0
ROQUETTE FRAIS EN KG,5.15,KG,Legumes Frais,samedi,2024-08,B,23,9.9
ROULEAU DE 750 ETIQUETTE BLANC,3.0,PC (1 PC),Consommable,samedi,2024-08,C,23,16.0
ROULEAU THERMIQUE BALANCE,5.0,PC (1 PC),Fournitures de Bureau,dimanche,2024-08,D,23,30.0
SAC SOUS VIDE LISSE 20*30,600.0,PC (1 PC),Consommable,vendredi,2024-08,A,23,1800.0
SAC SOUS VIDE LISSE 30*30,800.0,PC (1 PC),Consommable,vendredi,2024-08,A,23,1100.0
SAC SOUS VIDE LISSE 40*40,600.0,PC (1 PC),Consommable,vendredi,2024-08,B,23,900.0
SANEX,48.0,PC (1 PC),Hygiène,samedi,2024-08,A,23,100.0
SAUCE A L'AIL PB,11.0,L (1 KG),Epicerie,samedi,2024-08,A,23,11.0
SAUCE AU POIVRE SAC 500GR PB,5.0,KG (1 SAC),Epicerie,samedi,2024-08,B,23,5.0
SAUCE MAYONNAISE PESTO PB,11.0,L (1 L),Epicerie,samedi,2024-08,A,23,11.0
SAUCE PESTO PB,4.0,KG (1 KG),Epicerie,samedi,2024-08,A,23,5.0
SIROP DE CARAMEL 1L MONIN,1.0,PC (1000 ML),Pâtisseries,lundi,2024-08,B,23,5.0
SIROP DE VANILLE 1L MONIN,2.0,PC (700 ML),Pâtisseries,vendredi,2024-08,C,23,3.0
THE SANS SUCRE 0.9g,540.0,PC (1 PC),THE,samedi,2024-08,B,23,1080.0
TOQUE CHEF,3.0,PC (1 PC),Hygiène,jeudi,2024-08,C,23,6.0
VIANDE SECHE FUME (BRESAOLA) TRANCHES 300GR,9.3,KG (1000 GR),Viandes Fraiches,vendredi,2024-08,A,23,11.0
AIL,3.0,KG (1 KG),Legumes Frais,vendredi,2024-08,B,24,8.3
AMANDE EFFILEE,1.0,PC (1 KG),Fruits Secs,samedi,2024-08,B,24,4.0
ANANAS PCES,79.0,PC (1 PC),Fruits & Legumes Frais,lundi,2024-08,A,24,172.0
AUBERGINE LEGUME,11.8,KG (1 KG),Legumes Frais,lundi,2024-08,A,24,17.85
BACON BOEUF FUME TRANCHES ( 300GR),4.5,KG (1000 GR),Viandes Fraiches,mardi,2024-08,A,24,6.9
BASILIC BARQUETTE,6.2,KG,Legumes Frais,mardi,2024-08,A,24,11.05
BASILIC LA BOTTE,1.0,KG (1 KG),Legumes Frais,lundi,2024-08,C,24,3.2999
BEURRE MARGARINE  KG,9.5,PC (1 KG),Beurre Oeuf Fromage,lundi,2024-08,C,24,40.5
BOITE FRAPPE CAFE 1.36KG MONIN,1.0,BTE (1360 GR),Pâtisseries,mercredi,2024-08,C,24,6.0
BOITE FRAPPE VANILLE 1.36KG MONIN,6.0,KG,Pâtisseries,lundi,2024-08,C,24,6.0
CAPRE VRAC,2.0,KG (1 KG),Legumes Frais,mercredi,2024-08,B,24,9.0
CELTIA FUT DE 50L,3.0,PC (50 L),Alcools,mardi,2024-08,B,24,6.0
CHAPLUR,11.0,PC (1 KG),Epicerie,mercredi,2024-08,C,24,16.0
CHOCOLAT CHAUD EN POUDRE,5.0,KG,Cafe,jeudi,2024-08,B,24,7.0
CHOUX ROUGE,9.0,PC (1 PC),Legumes Frais,lundi,2024-08,A,24,9.6
CITRON,7.75,KG (1 KG),Legumes Frais,mercredi,2024-08,A,24,16.75
CITRON SALLE,11.0,KG (1 KG),Legumes Frais,vendredi,2024-08,B,24,28.0
COIFFE EN PAPIER,200.0,PC (1 PC),Hygiène,mardi,2024-08,B,24,1100.0
CORNICHON FRAIS,2.0,KG (1 KG),Legumes Frais,jeudi,2024-08,B,24,12.0
COURGETTE,11.05,KG (1 KG),Legumes Frais,lundi,2024-08,A,24,28.6
COUTEAU A PAIN 20CM,2.0,PC (1 PC),Accessoire & couvert,lundi,2024-08,C,24,5.0
CREME DE BALSAMIQUE,5.0,BTL (1 ML),Epicerie,mardi,2024-08,D,24,10.0
CREVETTE 26/30 AVEC QUEUE  SURG.,1.0,KG (1 KG),Poisson Surgelé_R,mercredi,2024-08,C,24,4.0
CUILLIERE NOIRE EJEM,3200.0,PC,Consommable,lundi,2024-08,A,24,4900.0
EPINARD,5.15,KG (1 KG),Legumes Frais,mardi,2024-08,B,24,12.15
FOURCHETTE NOIRE EMBALEE EJEM,6000.0,PC (1 PC),Consommable,lundi,2024-08,A,24,10000.0
FROMAGE BUCHE BLANCHE CHEVRE KG,1.0,KG (1 KG),Beurre Oeuf Fromage,lundi,2024-08,B,24,5.0
FROMAGE GORGONZELA,1.5,PC (1 KG),Beurre Oeuf Fromage,lundi,2024-08,A,24,13.0
FROMAGE MAASDAM EN BLOC PB,54.5,KG,Beurre Oeuf Fromage,mardi,2024-08,A,24,65.5
FROMAGE PARMESAN PB,3.4000000000000004,KG (0.2 KG),Beurre Oeuf Fromage,lundi,2024-08,A,24,3.8
FUT HEINEKEIN,220.0,PC (1 L),Alcools,mardi,2024-08,B,24,240.0
HARISSA 450G,14.0,BTE,Epicerie,lundi,2024-08,C,24,17.0
JAMBON DE BOEUF FUME,16.5,KG (1 KG),Charcuterie,lundi,2024-08,A,24,18.1
JAMBON DE DINDE,29.8,PC (1 KG),Charcuterie,lundi,2024-08,A,24,34.15
LIPTON ICE TEA FRAMBOISE 33 CL,637.0,PC (1 PC),THE,lundi,2024-08,A,24,637.0
LOT CAFE GRAIN BARISTA,59.0,PC (1 KG),Cafe,vendredi,2024-08,A,24,121.0
LOT DE CAFE TURC,1.0,PC (1 KG),Cafe,vendredi,2024-08,D,24,3.0
MAIS EN VRAC,9.0,PC (1 KG),Legumes Frais,mercredi,2024-08,C,24,9.0
MANCHE A BALAIS,2.0,PC,Hygiène,mercredi,2024-08,B,24,20.0
MARINADE EMINCE DE BOEUF 2KG,8.0,KG (1 KG),Epicerie,mardi,2024-08,B,24,10.0
MELANGE TENDER 2KG PB,8.0,KG (1 KG),Epicerie,mardi,2024-08,B,24,13.0
MENTHE SECHE,1.0,KG (1 KG),Epicerie,lundi,2024-08,D,24,2.0
MOZARELLA BOCCONCINI,15.0,PC (200 GR),Beurre Oeuf Fromage,lundi,2024-08,D,24,23.0
NAPPAGE,1.0,PC,Pâtisseries,samedi,2024-08,C,24,14.0
PAILLE BUBBLE TEA 12MM COLORE,1800.0,PC,Consommable,mardi,2024-08,C,24,1800.0
PAILLE NOIR,37.0,PQT (250 PC),Consommable,lundi,2024-08,A,24,39.0
PAPIER ALUM DE 100,3.0,PC (1 PC),Consommable,mercredi,2024-08,B,24,9.0
PAPIER CUISSON 40*60,2.0,PC (250 PC),Consommable,samedi,2024-08,C,24,4.0
PAPRIKA DOUX,1.0,KG,Fruits & Legumes Frais,lundi,2024-08,C,24,3.0
PAPRIKA FORT,1.0,KG (1 KG),Epicerie,lundi,2024-08,C,24,3.0
PEPPERONI,2.6,KG (1 KG),Charcuterie,mercredi,2024-08,A,24,4.8
PERSIL,0.95,KG (1 KG),Legumes Frais,mercredi,2024-08,A,24,7.32999
PIMENT ROUGE SALLE,7.07,KG,Legumes Frais,jeudi,2024-08,B,24,20.0
POCHETTE CROISSANT 15*7*29,1.0,PC (1000 PC),Consommable,mardi,2024-08,C,24,4.0
POIVRE NOIR MOULU,1.0,PC (1 KG),Epicerie,mercredi,2024-08,B,24,3.0
PUREE ANANAS 1 L,1.0,PC (1 L),Epicerie,samedi,2024-08,D,24,2.0
PUREE FRAISE 1.32KG MONIN,1.0,KG (1320 GR),Pâtisseries,samedi,2024-08,D,24,2.0
PUREE MANGUE 1L,1.0,PC (1 L),Epicerie,samedi,2024-08,D,24,2.0
QUATRE EPICES MOULU,1.0,PC (1 KG),Epicerie,lundi,2024-08,C,24,3.0
RACLETTE,3.0,PC (1 PC),Hygiène,samedi,2024-08,B,24,7.0
RAISIN NOIR,30.9,KG (1 KG),Fruits & Legumes Frais,mardi,2024-08,A,24,38.1
RAISINS JAUNE,15.6,KG (1 KG),Fruits & Legumes Frais,mardi,2024-08,B,24,23.0
RISTRETTO NSPRS,2950.0,PC (1 PC),Cafe,lundi,2024-08,A,24,6800.0
ROQUETTE FRAIS EN KG,8.55,KG,Legumes Frais,lundi,2024-08,B,24,9.9
ROULEAU THERMIQUE BALANCE,5.0,PC (1 PC),Fournitures de Bureau,mercredi,2024-08,D,24,30.0
SAC SOUS VIDE LISSE 20*30,1800.0,PC (1 PC),Consommable,mardi,2024-08,A,24,1800.0
SAC SOUS VIDE LISSE 30*30,800.0,PC (1 PC),Consommable,mardi,2024-08,A,24,1100.0
SAC SOUS VIDE LISSE 40*40,900.0,PC (1 PC),Consommable,mercredi,2024-08,B,24,900.0
SANEX,32.0,PC (1 PC),Hygiène,mardi,2024-08,A,24,100.0
SAUCE A L'AIL PB,11.0,L (1 KG),Epicerie,mardi,2024-08,A,24,11.0
SAUCE AU POIVRE SAC 500GR PB,3.0,KG (1 SAC),Epicerie,mardi,2024-08,B,24,5.0
SAUCE MAYONNAISE PESTO PB,11.0,L (1 L),Epicerie,mardi,2024-08,A,24,11.0
SAUCE PESTO PB,4.0,KG (1 KG),Epicerie,mardi,2024-08,A,24,5.0
SIROP DE CARAMEL 1L MONIN,3.0,PC (1000 ML),Pâtisseries,lundi,2024-08,B,24,5.0
SIROP DE NOISETTES GRILLEES 70CL MONIN,1.0,PC (700 ML),Pâtisseries,lundi,2024-08,D,24,2.0
SIROP DE VANILLE 1L MONIN,1.0,PC (700 ML),Pâtisseries,jeudi,2024-08,C,24,3.0
TOMATES SECHEES,0.5,PC (1000 GR),Epicerie,mardi,2024-08,B,24,5.0
TOQUE CHEF,3.0,PC (1 PC),Hygiène,samedi,2024-08,C,24,6.0
VIANDE SECHE FUME (BRESAOLA) TRANCHES 300GR,6.0,KG (1000 GR),Viandes Fraiches,mardi,2024-08,A,24,11.0
sucre en buchette MF 10kg,2.0,KG,Cafe,lundi,2024-08,C,24,10.0
AIL,4.5,KG (1 KG),Legumes Frais,jeudi,2024-08,B,25,8.3
AMANDE EFFILEE,4.0,PC (1 KG),Fruits Secs,vendredi,2024-08,B,25,4.0
ANANAS PCES,61.0,PC (1 PC),Fruits & Legumes Frais,jeudi,2024-08,A,25,172.0
AUBERGINE LEGUME,11.45,KG,Legumes Frais,vendredi,2024-08,A,25,17.85
BACON BOEUF FUME TRANCHES ( 300GR),3.0,KG (1000 GR),Viandes Fraiches,jeudi,2024-08,A,25,6.9
BASILIC BARQUETTE,5.4,KG (1 KG),Legumes Frais,samedi,2024-08,A,25,11.05
BEURRE MARGARINE  KG,21.75,PC (1 KG),Beurre Oeuf Fromage,vendredi,2024-08,C,25,40.5
BOITE FRAPPE CAFE 1.36KG MONIN,3.0,BTE (1360 GR),Pâtisseries,mardi,2024-09,C,25,6.0
BOITE FRAPPE VANILLE 1.36KG MONIN,4.0,KG (1 KG),Pâtisseries,dimanche,2024-09,C,25,6.0
BOUTEILLE DE VINAIGRETTE 250ML,11.0,PC (250 GR),Epicerie,samedi,2024-08,A,25,16.0
CAPRE VRAC,2.0,KG (1 KG),Legumes Frais,dimanche,2024-09,B,25,9.0
CELTIA FUT DE 50L,3.0,PC (50 L),Alcools,jeudi,2024-09,B,25,6.0
CHAPLUR,10.0,PC (1 KG),Epicerie,samedi,2024-08,C,25,16.0
CHOCOLAT CHAUD EN POUDRE,5.0,KG (1 KG),Cafe,vendredi,2024-09,B,25,7.0
CHOUX ROUGE,2.85,PC (1 PC),Legumes Frais,samedi,2024-08,A,25,9.6
CITRON,12.2,KG (1 KG),Legumes Frais,samedi,2024-08,A,25,16.75
CITRON SALLE,28.0,KG (1 KG),Legumes Frais,vendredi,2024-08,B,25,28.0
COIFFE EN PAPIER,700.0,PC (1 PC),Hygiène,jeudi,2024-08,B,25,1100.0
CORNICHON FRAIS,2.0,KG (1 KG),Legumes Frais,lundi,2024-09,B,25,12.0
COURGETTE,14.6,KG (1 KG),Legumes Frais,samedi,2024-08,A,25,28.6
COUTEAU A PAIN 20CM,5.0,PC,Accessoire & couvert,samedi,2024-08,C,25,5.0
COUVERCLE AVEC TROU BOMBE 95KY,2000.0,PC,Consommable,jeudi,2024-08,B,25,3300.0
CREVETTE 26/30 AVEC QUEUE  SURG.,3.0,KG,Poisson Surgelé_R,vendredi,2024-08,C,25,4.0
CUILLIERE NOIRE EJEM,1800.0,PC (1 PC),Consommable,samedi,2024-08,A,25,4900.0
EPINARD,6.15,KG,Legumes Frais,vendredi,2024-08,B,25,12.15
FOURCHETTE NOIRE EMBALEE EJEM,10000.0,PC (1 PC),Consommable,jeudi,2024-08,A,25,10000.0
FROMAGE BUCHE BLANCHE CHEVRE KG,2.0,KG (1 KG),Beurre Oeuf Fromage,jeudi,2024-08,B,25,5.0
FROMAGE GORGONZELA,1.5,PC (1 KG),Beurre Oeuf Fromage,jeudi,2024-08,A,25,13.0
FROMAGE MAASDAM EN BLOC PB,65.5,KG (1 KG),Beurre Oeuf Fromage,jeudi,2024-08,A,25,65.5
FROMAGE PARMESAN PB,3.6,KG (0.2 KG),Beurre Oeuf Fromage,jeudi,2024-08,A,25,3.8
FUT HEINEKEIN,140.0,PC (1 L),Alcools,vendredi,2024-08,B,25,240.0
GOBLET 9 0Z MF,1600.0,PC (1 PC),Consommable,dimanche,2024-09,A,25,1600.0
HARISSA 450G,13.0,BTE (1 BTE),Epicerie,lundi,2024-09,C,25,17.0
HARISSA ARBI,5.0,KG (1 KG),Epicerie,samedi,2024-09,A,25,23.0
JAMBON DE BOEUF FUME,14.335,KG,Charcuterie,samedi,2024-08,A,25,18.1
JAMBON DE DINDE,16.85,PC (1 KG),Charcuterie,jeudi,2024-08,A,25,34.15
LIPTON ICE TEA FRAMBOISE 33 CL,360.0,PC (1 PC),THE,jeudi,2024-08,A,25,637.0
LOT CAFE GRAIN BARISTA,16.0,PC (1 KG),Cafe,jeudi,2024-08,A,25,121.0
MANCHE A BALAIS,4.0,PC (1 PC),Hygiène,jeudi,2024-08,B,25,20.0
MARINADE EMINCE DE BOEUF 2KG,10.0,KG (1 KG),Epicerie,jeudi,2024-08,B,25,10.0
MELANGE EPICES VIANDE 500GR PB,1.0,KG (1 KG),Epicerie,samedi,2024-08,D,25,2.0
MELANGE TENDER 2KG PB,13.0,KG (1 KG),Epicerie,jeudi,2024-08,B,25,13.0
MIEL DOUX & FRAIS,4.0,PC (1 PC),Epicerie,dimanche,2024-09,C,25,11.0
MOZARELLA BOCCONCINI,14.0,PC (200 GR),Beurre Oeuf Fromage,vendredi,2024-08,D,25,23.0
NAPPAGE,5.0,PC,Pâtisseries,vendredi,2024-08,C,25,14.0
NOISETTE GRILLEE CONCASSEE,3.0,PC (1 KG),Fruits Secs,vendredi,2024-08,D,25,3.0
PAILLE BUBBLE TEA 12MM COLORE,600.0,PC (1 PC),Consommable,jeudi,2024-08,C,25,1800.0
PAILLE NOIR,28.0,PQT (250 PC),Consommable,jeudi,2024-08,A,25,39.0
PAPIER ALUM DE 100,2.0,PC,Consommable,jeudi,2024-08,B,25,9.0
PAPIER CUISSON 40*60,2.0,PC (250 PC),Consommable,vendredi,2024-08,C,25,4.0
PEPPERONI,0.6,KG (1 KG),Charcuterie,vendredi,2024-08,A,25,4.8
PIMENT ROUGE SALLE,17.0,KG,Legumes Frais,samedi,2024-08,B,25,20.0
PISTACHE CONCASSEE,3.0,PC (1000 GR),Fruits Secs,vendredi,2024-08,C,25,4.0
POCHETTE CROISSANT 15*7*29,4.0,PC (1000 PC),Consommable,samedi,2024-08,C,25,4.0
POIVRE NOIR MOULU,3.0,PC (1 KG),Epicerie,samedi,2024-08,B,25,3.0
PUREE DE KIWI 1.32KG MONIN,1.0,PC (1000 GR),Pâtisseries,dimanche,2024-09,D,25,2.0
RACLETTE,5.0,PC (1 PC),Hygiène,jeudi,2024-08,B,25,7.0
RAISIN NOIR,21.35,KG (1 KG),Fruits & Legumes Frais,jeudi,2024-08,A,25,38.1
RAISINS JAUNE,19.0,KG (1 KG),Fruits & Legumes Frais,jeudi,2024-08,B,25,23.0
RISTRETTO NSPRS,2100.0,PC (1 PC),Cafe,jeudi,2024-08,A,25,6800.0
ROQUETTE FRAIS EN KG,9.9,KG,Legumes Frais,samedi,2024-08,B,25,9.9
ROULEAU DE 750 ETIQUETTE BLANC,16.0,PC,Consommable,vendredi,2024-08,C,25,16.0
SAC SOUS VIDE LISSE 20*30,500.0,PC,Consommable,vendredi,2024-08,A,25,1800.0
SAC SOUS VIDE LISSE 30*30,500.0,PC,Consommable,vendredi,2024-08,A,25,1100.0
SAC SOUS VIDE LISSE 40*40,500.0,PC,Consommable,vendredi,2024-08,B,25,900.0
SANEX,80.0,PC (1 PC),Hygiène,vendredi,2024-08,A,25,100.0
SAUCE A L'AIL PB,11.0,L (1 KG),Epicerie,jeudi,2024-08,A,25,11.0
SAUCE AU POIVRE SAC 500GR PB,3.0,KG (1 SAC),Epicerie,jeudi,2024-08,B,25,5.0
SAUCE MAYONNAISE PESTO PB,11.0,L (1 L),Epicerie,jeudi,2024-08,A,25,11.0
SAUCE PESTO PB,4.0,KG (1 KG),Epicerie,jeudi,2024-08,A,25,5.0
SIROP DE CARAMEL 1L MONIN,2.0,PC (1000 ML),Pâtisseries,dimanche,2024-09,B,25,5.0
SIROP DE NOISETTES GRILLEES 70CL MONIN,1.0,PC (700 ML),Pâtisseries,lundi,2024-09,D,25,2.0
SIROP DE VANILLE 1L MONIN,2.0,PC (700 ML),Pâtisseries,dimanche,2024-09,C,25,3.0
THE SANS SUCRE 0.9g,180.0,PC (1 PC),THE,lundi,2024-09,B,25,1080.0
THYM MOULU,1.0,PC (1 KG),Epicerie,samedi,2024-08,D,25,2.0
TOMATES SECHEES,5.0,PC (1000 GR),Epicerie,dimanche,2024-09,B,25,5.0
TOQUE CHEF,5.0,PC (1 PC),Hygiène,vendredi,2024-08,C,25,6.0
VARIANTES,5.0,KG,Legumes Frais,mardi,2024-09,D,25,10.0
VIANDE SECHE FUME (BRESAOLA) TRANCHES 300GR,5.3,KG (1000 GR),Viandes Fraiches,jeudi,2024-08,A,25,11.0
sucre en buchette MF 10kg,1.0,KG,Cafe,dimanche,2024-09,C,25,10.0
AIL,3.0,KG (1 KG),Legumes Frais,mercredi,2024-09,B,26,8.3
ANANAS PCES,39.0,PC (1 PC),Fruits & Legumes Frais,mardi,2024-09,A,26,172.0
AUBERGINE LEGUME,17.1,KG (1 KG),Legumes Frais,dimanche,2024-09,A,26,17.85
BACON BOEUF FUME TRANCHES ( 300GR),3.9,KG (1000 GR),Viandes Fraiches,dimanche,2024-09,A,26,6.9
BACTYGEL 703 CF,1.0,BTL (1 BTL),Hygiène,vendredi,2024-09,B,26,4.0
BASILIC BARQUETTE,4.15,KG (1 KG),Legumes Frais,mercredi,2024-09,A,26,11.05
BASILIC LA BOTTE,1.5,KG (1 KG),Legumes Frais,lundi,2024-09,C,26,3.2999
BEURRE MARGARINE  KG,4.5,PC (1 KG),Beurre Oeuf Fromage,dimanche,2024-09,C,26,40.5
BOUTEILLE DE VINAIGRETTE 250ML,12.0,PC (250 GR),Epicerie,mardi,2024-09,A,26,16.0
CAPRE VRAC,4.0,KG (1 KG),Legumes Frais,lundi,2024-09,B,26,9.0
CELTIA FUT DE 50L,4.0,PC (50 L),Alcools,dimanche,2024-09,B,26,6.0
CHOCOLAT CHAUD EN POUDRE,6.0,KG (1 KG),Cafe,vendredi,2024-09,B,26,7.0
CHOUX ROUGE,6.3,PC (1 PC),Legumes Frais,jeudi,2024-09,A,26,9.6
CITRON,6.15,KG (1 KG),Legumes Frais,dimanche,2024-09,A,26,16.75
CITRON SALLE,7.0,KG (1 KG),Legumes Frais,vendredi,2024-09,B,26,28.0
COIFFE EN PAPIER,500.0,PC (1 PC),Hygiène,dimanche,2024-09,B,26,1100.0
COURGETTE,11.3,KG (1 KG),Legumes Frais,mardi,2024-09,A,26,28.6
COUVERCLE AVEC TROU BOMBE 95KY,950.0,PC,Consommable,dimanche,2024-09,B,26,3300.0
CREME DE BALSAMIQUE,6.0,BTL (1 ML),Epicerie,samedi,2024-09,D,26,10.0
CREVETTE 26/30 AVEC QUEUE  SURG.,1.0,KG,Poisson Surgelé_R,lundi,2024-09,C,26,4.0
CUILLIERE NOIRE EJEM,900.0,PC,Consommable,mardi,2024-09,A,26,4900.0
FOURCHETTE NOIRE EMBALEE EJEM,3000.0,PC (1 PC),Consommable,dimanche,2024-09,A,26,10000.0
FROMAGE GORGONZELA,0.6,PC (1 KG),Beurre Oeuf Fromage,vendredi,2024-09,A,26,13.0
FROMAGE MAASDAM EN BLOC PB,40.0,KG,Beurre Oeuf Fromage,mardi,2024-09,A,26,65.5
FROMAGE PARMESAN PB,2.2,KG (0.2 KG),Beurre Oeuf Fromage,mardi,2024-09,A,26,3.8
FUT HEINEKEIN,160.0,PC (1 L),Alcools,lundi,2024-09,B,26,240.0
GOBLET 9 0Z MF,200.0,PC (1 PC),Consommable,samedi,2024-09,A,26,1600.0
HARISSA ARBI,3.0,KG,Epicerie,lundi,2024-09,A,26,23.0
JAMBON DE BOEUF FUME,10.8,KG (1 KG),Charcuterie,mardi,2024-09,A,26,18.1
JAMBON DE DINDE,16.05,PC (1 KG),Charcuterie,lundi,2024-09,A,26,34.15
JOUR ET NUIT ROUGE 1/2,6.0,PC (1 PC),Alcools,dimanche,2024-09,C,26,48.0
LEVURE CHIMIQUE,1.0,PC (1 PC),Pâtisseries,samedi,2024-09,D,26,3.0
LIPTON ICE TEA FRAMBOISE 33 CL,305.0,PC (1 PC),THE,dimanche,2024-09,A,26,637.0
LOT CAFE GRAIN BARISTA,27.0,PC (1 KG),Cafe,dimanche,2024-09,A,26,121.0
MAIS EN VRAC,2.0,PC (1 KG),Legumes Frais,samedi,2024-09,C,26,9.0
MANCHE A BALAIS,5.0,PC (1 PC),Hygiène,jeudi,2024-09,B,26,20.0
MARINADE EMINCE DE BOEUF 2KG,7.0,KG,Epicerie,mardi,2024-09,B,26,10.0
MELANGE EPICES VIANDE 500GR PB,0.5,KG (1 KG),Epicerie,samedi,2024-09,D,26,2.0
MELANGE TENDER 2KG PB,9.0,KG,Epicerie,mardi,2024-09,B,26,13.0
MIEL DOUX & FRAIS,5.0,PC (1 PC),Epicerie,dimanche,2024-09,C,26,11.0
MOZARELLA BOCCONCINI,3.0,PC (200 GR),Beurre Oeuf Fromage,lundi,2024-09,D,26,23.0
NAPPAGE,5.0,PC,Pâtisseries,dimanche,2024-09,C,26,14.0
NUTELLA 600GR,54.0,PC (1 PC),Pâtisseries,jeudi,2024-09,B,26,114.0
PAILLE NOIR,19.0,PQT (1000 PC),Consommable,dimanche,2024-09,A,26,39.0
PAPIER ALUM DE 100,1.0,PC (1 PC),Consommable,mercredi,2024-09,B,26,9.0
PAPIER CUISSON 40*60,1.0,PC (500 PC),Consommable,mardi,2024-09,C,26,4.0
PEPPERONI,1.8,KG (1 KG),Charcuterie,dimanche,2024-09,A,26,4.8
PERSIL,0.55,KG (1 KG),Legumes Frais,mardi,2024-09,A,26,7.32999
PIMENT ROUGE SALLE,12.0,KG,Legumes Frais,vendredi,2024-09,B,26,20.0
POCHETTE CROISSANT 15*7*29,2.0,PC (1000 PC),Consommable,mardi,2024-09,C,26,4.0
PUREE ANANAS 1 L,2.0,PC (1 L),Epicerie,lundi,2024-09,D,26,2.0
PUREE DE KIWI 1.32KG MONIN,2.0,PC (1000 GR),Pâtisseries,samedi,2024-09,D,26,2.0
PUREE MANGUE 1L,1.0,PC (1 L),Epicerie,lundi,2024-09,D,26,2.0
RACLETTE,3.0,PC,Hygiène,mercredi,2024-09,B,26,7.0
RAISIN NOIR,24.65,KG (1 KG),Fruits & Legumes Frais,dimanche,2024-09,A,26,38.1
RAISINS JAUNE,20.5,KG,Fruits & Legumes Frais,lundi,2024-09,B,26,23.0
RISTRETTO NSPRS,4500.0,PC,Cafe,dimanche,2024-09,A,26,6800.0
ROQUETTE FRAIS EN KG,6.6,KG,Legumes Frais,lundi,2024-09,B,26,9.9
SAC SOUS VIDE LISSE 20*30,500.0,PC (1 PC),Consommable,lundi,2024-09,A,26,1800.0
SAC SOUS VIDE LISSE 30*30,700.0,PC (1 PC),Consommable,lundi,2024-09,A,26,1100.0
SAC SOUS VIDE LISSE 40*40,300.0,PC (1 PC),Consommable,lundi,2024-09,B,26,900.0
SANEX,36.0,PC,Hygiène,dimanche,2024-09,A,26,100.0
SAUCE A L'AIL PB,9.0,L (1 KG),Epicerie,mardi,2024-09,A,26,11.0
SAUCE AU POIVRE SAC 500GR PB,3.0,KG (1 SAC),Epicerie,mardi,2024-09,B,26,5.0
SAUCE MAYONNAISE PESTO PB,8.0,L,Epicerie,mardi,2024-09,A,26,11.0
SAUCE PESTO PB,3.0,KG (1 KG),Epicerie,jeudi,2024-09,A,26,5.0
SIROP DE CARAMEL 1L MONIN,2.0,PC (1000 ML),Pâtisseries,lundi,2024-09,B,26,5.0
SIROP DE VANILLE 1L MONIN,1.0,PC (700 ML),Pâtisseries,jeudi,2024-09,C,26,3.0
THYM MOULU,1.0,PC (1 KG),Epicerie,jeudi,2024-09,D,26,2.0
TOMATES SECHEES,1.0,PC (1000 GR),Epicerie,lundi,2024-09,B,26,5.0
TOQUE CHEF,3.0,PC (1 PC),Hygiène,dimanche,2024-09,C,26,6.0
VIANDE SECHE FUME (BRESAOLA) TRANCHES 300GR,5.0,KG (1000 GR),Viandes Fraiches,dimanche,2024-09,A,26,11.0
sucre en buchette MF 10kg,1.0,KG (1 KG),Cafe,samedi,2024-09,C,26,10.0
AIL,2.0,KG,Legumes Frais,vendredi,2024-09,B,27,8.3
AMANDE EFFILEE,2.0,PC (1 KG),Fruits Secs,jeudi,2024-09,B,27,4.0
ANANAS PCES,52.0,PC (1 PC),Fruits & Legumes Frais,mercredi,2024-09,A,27,172.0
AUBERGINE LEGUME,13.55,KG (1 KG),Legumes Frais,vendredi,2024-09,A,27,17.85
BACON BOEUF FUME TRANCHES ( 300GR),3.3,KG (1000 GR),Viandes Fraiches,vendredi,2024-09,A,27,6.9
BACTYGEL 703 CF,3.0,BTL (1 BTL),Hygiène,mercredi,2024-09,B,27,4.0
BASILIC BARQUETTE,1.6,KG (1 KG),Legumes Frais,mercredi,2024-09,A,27,11.05
BASILIC LA BOTTE,1.9,KG,Legumes Frais,jeudi,2024-09,C,27,3.2999
BEURRE MARGARINE  KG,9.0,PC (1 KG),Beurre Oeuf Fromage,vendredi,2024-09,C,27,40.5
BOITE FRAPPE CAFE 1.36KG MONIN,2.0,BTE (1360 GR),Pâtisseries,vendredi,2024-09,C,27,6.0
BOUTEILLE DE VINAIGRETTE 250ML,16.0,PC (250 GR),Epicerie,jeudi,2024-09,A,27,16.0
CAPRE VRAC,2.0,KG (1 KG),Legumes Frais,vendredi,2024-09,B,27,9.0
CELTIA FUT DE 50L,3.0,PC (50 L),Alcools,dimanche,2024-09,B,27,6.0
CHAPLUR,5.0,PC (1 KG),Epicerie,mardi,2024-09,C,27,16.0
CHOCOLAT CHAUD EN POUDRE,1.0,KG,Cafe,samedi,2024-09,B,27,7.0
CHOUX ROUGE,2.45,PC (1 PC),Legumes Frais,jeudi,2024-09,A,27,9.6
CITRON,4.95,KG (1 KG),Legumes Frais,mercredi,2024-09,A,27,16.75
CITRON SALLE,12.0,KG (1 KG),Legumes Frais,vendredi,2024-09,B,27,28.0
COIFFE EN PAPIER,201.0,PC (1 PC),Hygiène,mercredi,2024-09,B,27,1100.0
CORNICHON FRAIS,2.0,KG (1 KG),Legumes Frais,vendredi,2024-09,B,27,12.0
COURGETTE,22.0,KG (1 KG),Legumes Frais,mercredi,2024-09,A,27,28.6
COUVERCLE AVEC TROU BOMBE 95KY,1900.0,PC,Consommable,vendredi,2024-09,B,27,3300.0
CREVETTE 26/30 AVEC QUEUE  SURG.,3.0,KG,Poisson Surgelé_R,jeudi,2024-09,C,27,4.0
CUILLIERE NOIRE EJEM,1300.0,PC,Consommable,mercredi,2024-09,A,27,4900.0
EPINARD,4.35,KG (1 KG),Legumes Frais,jeudi,2024-09,B,27,12.15
FOURCHETTE NOIRE EMBALEE EJEM,4000.0,PC (1 PC),Consommable,vendredi,2024-09,A,27,10000.0
FROMAGE BUCHE BLANCHE CHEVRE KG,2.0,KG (1 KG),Beurre Oeuf Fromage,samedi,2024-09,B,27,5.0
FROMAGE GORGONZELA,1.65,PC (1 KG),Beurre Oeuf Fromage,samedi,2024-09,A,27,13.0
FROMAGE MAASDAM EN BLOC PB,33.0,KG,Beurre Oeuf Fromage,jeudi,2024-09,A,27,65.5
FROMAGE PARMESAN PB,2.2,KG (0.2 KG),Beurre Oeuf Fromage,jeudi,2024-09,A,27,3.8
FUT HEINEKEIN,20.0,PC (1 L),Alcools,jeudi,2024-09,B,27,240.0
GOBLET 9 0Z MF,800.0,PC (1 PC),Consommable,mardi,2024-09,A,27,1600.0
HARISSA ARBI,2.0,KG (1 KG),Epicerie,vendredi,2024-09,A,27,23.0
JAMBON DE BOEUF FUME,10.95,KG (1 KG),Charcuterie,mercredi,2024-09,A,27,18.1
JAMBON DE DINDE,7.4,PC (1 KG),Charcuterie,jeudi,2024-09,A,27,34.15
LEVURE CHIMIQUE,1.0,PC (1 PC),Pâtisseries,mercredi,2024-09,D,27,3.0
LIPTON ICE TEA FRAMBOISE 33 CL,202.0,PC (1 PC),THE,mercredi,2024-09,A,27,637.0
LOT CAFE GRAIN BARISTA,19.0,PC (1 KG),Cafe,mercredi,2024-09,A,27,121.0
LOT DE CAFE TURC,3.0,PC (1 KG),Cafe,mardi,2024-09,D,27,3.0
MAIS EN VRAC,2.0,PC (1 KG),Legumes Frais,vendredi,2024-09,C,27,9.0
MANCHE A BALAIS,1.0,PC (1 PC),Hygiène,mardi,2024-09,B,27,20.0
MARINADE EMINCE DE BOEUF 2KG,7.0,KG (1 KG),Epicerie,jeudi,2024-09,B,27,10.0
MELANGE TENDER 2KG PB,8.0,KG (1 KG),Epicerie,jeudi,2024-09,B,27,13.0
MIEL DOUX & FRAIS,4.0,PC (1 PC),Epicerie,mercredi,2024-09,C,27,11.0
MOZARELLA BOCCONCINI,4.0,PC (200 GR),Beurre Oeuf Fromage,samedi,2024-09,D,27,23.0
NAPPAGE,14.0,PC,Pâtisseries,jeudi,2024-09,C,27,14.0
NUTELLA 600GR,90.0,PC,Pâtisseries,mercredi,2024-09,B,27,114.0
PAILLE NOIR,11.0,PQT (250 PC),Consommable,mercredi,2024-09,A,27,39.0
PAPIER ALUM DE 100,2.0,PC (1 PC),Consommable,samedi,2024-09,B,27,9.0
PAPIER CUISSON 40*60,2.0,PC (500 PC),Consommable,lundi,2024-09,C,27,4.0
PAPRIKA DOUX,1.0,KG,Fruits & Legumes Frais,mercredi,2024-09,C,27,3.0
PAPRIKA FORT,1.0,KG (1 KG),Epicerie,jeudi,2024-09,C,27,3.0
PEPPERONI,1.2,KG (1 KG),Charcuterie,vendredi,2024-09,A,27,4.8
PIMENT ROUGE SALLE,3.0,KG,Legumes Frais,mercredi,2024-09,B,27,20.0
PISTACHE CONCASSEE,1.0,PC (1000 GR),Fruits Secs,mercredi,2024-09,C,27,4.0
POIVRE NOIR MOULU,2.0,PC (1 KG),Epicerie,mercredi,2024-09,B,27,3.0
QUATRE EPICES MOULU,1.0,PC (1 KG),Epicerie,vendredi,2024-09,C,27,3.0
RAISIN NOIR,27.8,KG (1 KG),Fruits & Legumes Frais,mercredi,2024-09,A,27,38.1
RAISINS JAUNE,10.4,KG (1 KG),Fruits & Legumes Frais,mercredi,2024-09,B,27,23.0
RISTRETTO NSPRS,3000.0,PC (1 PC),Cafe,mercredi,2024-09,A,27,6800.0
ROQUETTE FRAIS EN KG,2.0,KG (1 KG),Legumes Frais,mercredi,2024-09,B,27,9.9
SAC SOUS VIDE LISSE 20*30,200.0,PC (1 PC),Consommable,jeudi,2024-09,A,27,1800.0
SAC SOUS VIDE LISSE 30*30,400.0,PC (1 PC),Consommable,jeudi,2024-09,A,27,1100.0
SAC SOUS VIDE LISSE 40*40,400.0,PC (1 PC),Consommable,vendredi,2024-09,B,27,900.0
SANEX,61.0,PC (1 PC),Hygiène,mercredi,2024-09,A,27,100.0
SAUCE A L'AIL PB,8.0,L (1 KG),Epicerie,jeudi,2024-09,A,27,11.0
SAUCE AU POIVRE SAC 500GR PB,2.0,KG (1 SAC),Epicerie,jeudi,2024-09,B,27,5.0
SAUCE MAYONNAISE PESTO PB,8.0,L (1 L),Epicerie,jeudi,2024-09,A,27,11.0
SAUCE PESTO PB,4.0,KG (1 KG),Epicerie,jeudi,2024-09,A,27,5.0
SIROP DE NOISETTES GRILLEES 70CL MONIN,1.0,PC (700 ML),Pâtisseries,vendredi,2024-09,D,27,2.0
THE SANS SUCRE 0.9g,180.0,PC,THE,jeudi,2024-09,B,27,1080.0
TOMATES SECHEES,0.7,PC (1000 GR),Epicerie,samedi,2024-09,B,27,5.0
TOQUE CHEF,1.0,PC (1 PC),Hygiène,mercredi,2024-09,C,27,6.0
VIANDE SECHE FUME (BRESAOLA) TRANCHES 300GR,6.3,KG (1000 GR),Viandes Fraiches,mercredi,2024-09,A,27,11.0
VINAIGRE 1L,1.0,L (1000 GR),Epicerie,lundi,2024-09,D,27,12.0
AIL,2.0,KG (1 KG),Legumes Frais,mardi,2024-10,B,28,8.3
AMANDE EFFILEE,1.0,PC (1 KG),Fruits Secs,dimanche,2024-09,B,28,4.0
ANANAS PCES,63.0,PC (1 PC),Fruits & Legumes Frais,samedi,2024-09,A,28,172.0
AUBERGINE LEGUME,16.35,KG (1 KG),Legumes Frais,lundi,2024-09,A,28,17.85
BACON BOEUF FUME TRANCHES ( 300GR),3.0,KG (1000 GR),Viandes Fraiches,samedi,2024-09,A,28,6.9
BASILIC BARQUETTE,4.45,KG (1 KG),Legumes Frais,dimanche,2024-09,A,28,11.05
BEURRE MARGARINE  KG,23.0,PC (1 KG),Beurre Oeuf Fromage,dimanche,2024-09,C,28,40.5
BOITE FRAPPE CAFE 1.36KG MONIN,1.0,BTE (1360 GR),Pâtisseries,dimanche,2024-09,C,28,6.0
BOITE FRAPPE VANILLE 1.36KG MONIN,3.0,KG,Pâtisseries,dimanche,2024-09,C,28,6.0
BOUTEILLE DE VINAIGRETTE 250ML,10.0,PC (250 GR),Epicerie,samedi,2024-09,A,28,16.0
CAPRE VRAC,4.0,KG (1 KG),Legumes Frais,mardi,2024-10,B,28,9.0
CELTIA FUT DE 50L,4.0,PC (50 L),Alcools,mardi,2024-10,B,28,6.0
CHAPLUR,5.0,PC (1 KG),Epicerie,vendredi,2024-10,C,28,16.0
CHOCOLAT CHAUD EN POUDRE,2.0,KG (1 KG),Cafe,lundi,2024-10,B,28,7.0
CHOUX ROUGE,2.85,PC (1 PC),Legumes Frais,lundi,2024-09,A,28,9.6
CITRON,1.15,KG (1 KG),Legumes Frais,lundi,2024-09,A,28,16.75
CITRON SALLE,21.0,KG (1 KG),Legumes Frais,dimanche,2024-09,B,28,28.0
COIFFE EN PAPIER,799.0,PC,Hygiène,samedi,2024-09,B,28,1100.0
CORNICHON FRAIS,2.0,KG,Legumes Frais,vendredi,2024-10,B,28,12.0
COURGETTE,14.35,KG (1 KG),Legumes Frais,mardi,2024-10,A,28,28.6
COUVERCLE AVEC TROU BOMBE 95KY,1250.0,PC,Consommable,samedi,2024-09,B,28,3300.0
CREME DE BALSAMIQUE,10.0,BTL (1 ML),Epicerie,samedi,2024-09,D,28,10.0
CREVETTE 26/30 AVEC QUEUE  SURG.,1.0,KG,Poisson Surgelé_R,lundi,2024-10,C,28,4.0
CUILLIERE NOIRE EJEM,400.0,PC (1 PC),Consommable,mercredi,2024-10,A,28,4900.0
CURCUMIN MOULU,1.0,SCH (1 KG),Epicerie,mardi,2024-10,D,28,2.2
EPINARD,3.25,KG (1 KG),Legumes Frais,mardi,2024-10,B,28,12.15
FOURCHETTE NOIRE EMBALEE EJEM,5000.0,PC (1 PC),Consommable,samedi,2024-09,A,28,10000.0
FROMAGE BUCHE BLANCHE CHEVRE KG,2.0,KG (1 KG),Beurre Oeuf Fromage,samedi,2024-09,B,28,5.0
FROMAGE GORGONZELA,1.35,PC (1 KG),Beurre Oeuf Fromage,samedi,2024-09,A,28,13.0
FROMAGE MAASDAM EN BLOC PB,36.0,KG (1 KG),Beurre Oeuf Fromage,samedi,2024-09,A,28,65.5
FROMAGE PARMESAN PB,2.4,KG (0.2 KG),Beurre Oeuf Fromage,samedi,2024-09,A,28,3.8
GOBLET 9 0Z MF,400.0,PC (1 PC),Consommable,jeudi,2024-10,A,28,1600.0
HARISSA 450G,17.0,BTE,Epicerie,samedi,2024-09,C,28,17.0
JAMBON DE BOEUF FUME,10.15,KG (1 KG),Charcuterie,mardi,2024-10,A,28,18.1
JAMBON DE DINDE,25.0,PC (1 KG),Charcuterie,samedi,2024-09,A,28,34.15
JOUR ET NUIT ROUGE 1/2,15.0,PC (1 PC),Alcools,mardi,2024-10,C,28,48.0
LENTILLE VRAC,3.0,PC (1 PC),Legumes Secs,vendredi,2024-10,D,28,3.0
LIPTON ICE TEA FRAMBOISE 33 CL,137.0,PC (1 PC),THE,lundi,2024-09,A,28,637.0
LOT CAFE GRAIN BARISTA,3.0,PC (1 KG),Cafe,jeudi,2024-10,A,28,121.0
MAIS EN VRAC,4.0,PC (1 KG),Legumes Frais,mardi,2024-10,C,28,9.0
MANCHE A BALAIS,4.0,PC (1 PC),Hygiène,dimanche,2024-09,B,28,20.0
MARINADE EMINCE DE BOEUF 2KG,8.0,KG (1 KG),Epicerie,samedi,2024-09,B,28,10.0
MELANGE TENDER 2KG PB,8.0,KG (1 KG),Epicerie,samedi,2024-09,B,28,13.0
MENTHE SECHE,1.0,KG (1 KG),Epicerie,lundi,2024-09,D,28,2.0
MIEL DOUX & FRAIS,6.0,PC (1 PC),Epicerie,samedi,2024-09,C,28,11.0
MOZARELLA BOCCONCINI,23.0,PC (200 GR),Beurre Oeuf Fromage,lundi,2024-09,D,28,23.0
NUTELLA 600GR,72.0,PC (1 PC),Pâtisseries,samedi,2024-09,B,28,114.0
PAILLE NOIR,29.0,PQT (250 PC),Consommable,samedi,2024-09,A,28,39.0
PAPIER ALUM DE 100,4.0,PC,Consommable,dimanche,2024-09,B,28,9.0
PAPIER CUISSON 40*60,3.0,PC (500 PC),Consommable,dimanche,2024-09,C,28,4.0
PAPRIKA DOUX,2.0,KG,Fruits & Legumes Frais,mardi,2024-10,C,28,3.0
PEPPERONI,1.2,KG (1 KG),Charcuterie,samedi,2024-09,A,28,4.8
PERSIL,0.75,KG (1 KG),Legumes Frais,dimanche,2024-09,A,28,7.32999
PIMENT ROUGE SALLE,18.0,KG,Legumes Frais,vendredi,2024-10,B,28,20.0
PISTACHE CONCASSEE,0.1,PC (1000 GR),Fruits Secs,lundi,2024-09,C,28,4.0
POIVRE NOIR MOULU,1.0,PC (1 KG),Epicerie,mercredi,2024-10,B,28,3.0
PUREE ANANAS 1 L,1.0,PC (1 L),Epicerie,dimanche,2024-09,D,28,2.0
PUREE DE BANANE 1L,2.0,PC (1 L),Epicerie,dimanche,2024-09,D,28,2.0
PUREE FRAISE 1.32KG MONIN,1.0,KG (1320 GR),Pâtisseries,samedi,2024-10,D,28,2.0
PUREE MANGUE 1L,1.0,PC (1 L),Epicerie,dimanche,2024-09,D,28,2.0
QUATRE EPICES MOULU,1.0,PC (1 KG),Epicerie,vendredi,2024-10,C,28,3.0
RACLETTE,5.0,PC (1 PC),Hygiène,dimanche,2024-09,B,28,7.0
RAISIN NOIR,21.65,KG,Fruits & Legumes Frais,samedi,2024-09,A,28,38.1
RAISINS JAUNE,16.8,KG (1 KG),Fruits & Legumes Frais,samedi,2024-09,B,28,23.0
RISTRETTO NSPRS,150.0,PC (1 PC),Cafe,samedi,2024-09,A,28,6800.0
ROQUETTE FRAIS EN KG,2.0,KG (1 KG),Legumes Frais,dimanche,2024-09,B,28,9.9
ROQUETTE SALADE BARQUETTE,0.6,KG,Legumes Frais,lundi,2024-10,A,28,5.9
ROULEAU DE 750 ETIQUETTE BLANC,2.0,PC,Consommable,lundi,2024-09,C,28,16.0
SAC SOUS VIDE LISSE 20*30,400.0,PC (1 PC),Consommable,mardi,2024-10,A,28,1800.0
SAC SOUS VIDE LISSE 30*30,600.0,PC (1 PC),Consommable,dimanche,2024-09,A,28,1100.0
SAC SOUS VIDE LISSE 40*40,300.0,PC (1 PC),Consommable,mardi,2024-10,B,28,900.0
SANEX,47.0,PC (1 PC),Hygiène,samedi,2024-09,A,28,100.0
SAUCE A L'AIL PB,8.0,L (1 KG),Epicerie,samedi,2024-09,A,28,11.0
SAUCE AU POIVRE SAC 500GR PB,2.0,KG (1 SAC),Epicerie,samedi,2024-09,B,28,5.0
SAUCE MAYONNAISE PESTO PB,8.0,L (1 L),Epicerie,samedi,2024-09,A,28,11.0
SAUCE PESTO PB,3.0,KG (1 KG),Epicerie,mardi,2024-10,A,28,5.0
SIROP DE CARAMEL 1L MONIN,2.0,PC (1000 ML),Pâtisseries,jeudi,2024-10,B,28,5.0
SIROP DE NOISETTES GRILLEES 70CL MONIN,2.0,PC (700 ML),Pâtisseries,jeudi,2024-10,D,28,2.0
THE SANS SUCRE 0.9g,900.0,PC (1 PC),THE,samedi,2024-09,B,28,1080.0
TOMATES SECHEES,0.8,PC (1000 GR),Epicerie,samedi,2024-09,B,28,5.0
TOQUE CHEF,5.0,PC (1 PC),Hygiène,dimanche,2024-09,C,28,6.0
VARIANTES,5.0,KG,Legumes Frais,lundi,2024-09,D,28,10.0
VIANDE SECHE FUME (BRESAOLA) TRANCHES 300GR,6.0,KG (1000 GR),Viandes Fraiches,samedi,2024-09,A,28,11.0
VINAIGRE 1L,5.0,L (1000 GR),Epicerie,lundi,2024-09,D,28,12.0
AIL,2.0,KG (1 KG),Legumes Frais,vendredi,2024-10,B,29,8.3
ANANAS PCES,70.0,PC (1 PC),Fruits & Legumes Frais,mardi,2024-10,A,29,172.0
AUBERGINE LEGUME,7.5,KG (1 KG),Legumes Frais,vendredi,2024-10,A,29,17.85
BACON BOEUF FUME TRANCHES ( 300GR),3.9,KG (1000 GR),Viandes Fraiches,jeudi,2024-10,A,29,6.9
BASILIC BARQUETTE,1.55,KG (1 KG),Legumes Frais,mardi,2024-10,A,29,11.05
BASILIC LA BOTTE,2.55,KG,Legumes Frais,vendredi,2024-10,C,29,3.2999
BEURRE MARGARINE  KG,4.5,PC (1 KG),Beurre Oeuf Fromage,lundi,2024-10,C,29,40.5
BOITE FRAPPE CAFE 1.36KG MONIN,2.0,BTE (1360 GR),Pâtisseries,vendredi,2024-10,C,29,6.0
BOITE FRAPPE VANILLE 1.36KG MONIN,1.0,KG,Pâtisseries,vendredi,2024-10,C,29,6.0
BOUTEILLE DE VINAIGRETTE 250ML,10.0,PC (250 GR),Epicerie,mardi,2024-10,A,29,16.0
CAPRE VRAC,6.0,KG (1 KG),Legumes Frais,dimanche,2024-10,B,29,9.0
CELTIA FUT DE 50L,3.0,PC (50 L),Alcools,vendredi,2024-10,B,29,6.0
CHAPLUR,10.0,PC (1 KG),Epicerie,lundi,2024-10,C,29,16.0
CHOUX ROUGE,6.25,PC (1 PC),Legumes Frais,mercredi,2024-10,A,29,9.6
CITRON,7.0,KG (1 KG),Legumes Frais,mercredi,2024-10,A,29,16.75
CITRON SALLE,6.0,KG (1 KG),Legumes Frais,vendredi,2024-10,B,29,28.0
COIFFE EN PAPIER,700.0,PC,Hygiène,mardi,2024-10,B,29,1100.0
CORNICHON FRAIS,2.0,KG,Legumes Frais,lundi,2024-10,B,29,12.0
COURGETTE,18.1,KG (1 KG),Legumes Frais,mercredi,2024-10,A,29,28.6
COUVERCLE AVEC TROU BOMBE 95KY,100.0,PC,Consommable,samedi,2024-10,B,29,3300.0
CREVETTE 26/30 AVEC QUEUE  SURG.,1.0,KG,Poisson Surgelé_R,mardi,2024-10,C,29,4.0
CUILLIERE NOIRE EJEM,2300.0,PC,Consommable,mercredi,2024-10,A,29,4900.0
CURCUMIN MOULU,1.0,SCH (1 KG),Epicerie,mardi,2024-10,D,29,2.2
FOURCHETTE NOIRE EMBALEE EJEM,6000.0,PC,Consommable,mercredi,2024-10,A,29,10000.0
FROMAGE BLANC FONDU KG,6.6000000000000005,KG,Beurre Oeuf Fromage,dimanche,2024-10,C,29,15.4
FROMAGE MAASDAM EN BLOC PB,42.0,KG (1 KG),Beurre Oeuf Fromage,mardi,2024-10,A,29,65.5
FROMAGE PARMESAN PB,3.0,KG (0.2 KG),Beurre Oeuf Fromage,mardi,2024-10,A,29,3.8
FUT HEINEKEIN,120.0,PC (1 L),Alcools,mardi,2024-10,B,29,240.0
HARISSA 450G,4.0,BTE,Epicerie,vendredi,2024-10,C,29,17.0
JAMBON DE BOEUF FUME,6.15,KG (1 KG),Charcuterie,vendredi,2024-10,A,29,18.1
JOUR ET NUIT ROUGE 1/2,12.0,PC (1 PC),Alcools,vendredi,2024-10,C,29,48.0
LIPTON ICE TEA FRAMBOISE 33 CL,168.0,PC (1 PC),THE,mardi,2024-10,A,29,637.0
LOT CAFE GRAIN BARISTA,20.0,PC (1 KG),Cafe,jeudi,2024-10,A,29,121.0
MAIS EN VRAC,4.0,PC (1 KG),Legumes Frais,mardi,2024-10,C,29,9.0
MANCHE A BALAIS,1.0,PC (1 PC),Hygiène,jeudi,2024-10,B,29,20.0
MARINADE EMINCE DE BOEUF 2KG,8.0,KG (1 KG),Epicerie,jeudi,2024-10,B,29,10.0
MELANGE EPICES VIANDE 500GR PB,0.5,KG (1 KG),Epicerie,mardi,2024-10,D,29,2.0
MELANGE TENDER 2KG PB,10.0,KG (1 KG),Epicerie,mardi,2024-10,B,29,13.0
MIEL DOUX & FRAIS,4.0,PC (1 PC),Epicerie,vendredi,2024-10,C,29,11.0
MOZARELLA BOCCONCINI,8.0,PC (200 GR),Beurre Oeuf Fromage,mardi,2024-10,D,29,23.0
NAPPAGE,1.0,PC,Pâtisseries,lundi,2024-10,C,29,14.0
NUTELLA 600GR,78.0,PC,Pâtisseries,jeudi,2024-10,B,29,114.0
PAILLE NOIR,13.0,PQT (250 PC),Consommable,mardi,2024-10,A,29,39.0
PAPIER CUISSON 40*60,1.0,PC (250 PC),Consommable,samedi,2024-10,C,29,4.0
PAPRIKA DOUX,2.0,KG,Fruits & Legumes Frais,mardi,2024-10,C,29,3.0
PEPPERONI,1.8,KG (1 KG),Charcuterie,jeudi,2024-10,A,29,4.8
PERSIL,1.45,KG (1 KG),Legumes Frais,jeudi,2024-10,A,29,7.32999
PIMENT ROUGE SALLE,12.0,KG,Legumes Frais,mardi,2024-10,B,29,20.0
POCHETTE CROISSANT 15*7*29,2.0,PC (1000 PC),Consommable,dimanche,2024-10,C,29,4.0
PUREE ANANAS 1 L,1.0,PC (1 L),Epicerie,mardi,2024-10,D,29,2.0
PUREE FRAISE 1.32KG MONIN,1.0,KG (1320 GR),Pâtisseries,mardi,2024-10,D,29,2.0
RAISIN NOIR,26.6999,KG (1 KG),Fruits & Legumes Frais,mardi,2024-10,A,29,38.1
RAISINS JAUNE,18.25,KG (1 KG),Fruits & Legumes Frais,mardi,2024-10,B,29,23.0
ROQUETTE SALADE BARQUETTE,5.0,KG,Legumes Frais,mardi,2024-10,A,29,5.9
SAC SOUS VIDE LISSE 20*30,600.0,PC (1 PC),Consommable,mardi,2024-10,A,29,1800.0
SAC SOUS VIDE LISSE 30*30,1100.0,PC (1 PC),Consommable,mardi,2024-10,A,29,1100.0
SANEX,36.0,PC (1 PC),Hygiène,mardi,2024-10,A,29,100.0
SAUCE A L'AIL PB,10.0,L (1 KG),Epicerie,mardi,2024-10,A,29,11.0
SAUCE AU POIVRE SAC 500GR PB,2.5,KG (1 SAC),Epicerie,mardi,2024-10,B,29,5.0
SAUCE MAYONNAISE PESTO PB,6.0,L (1 L),Epicerie,mardi,2024-10,A,29,11.0
SAUCE PESTO PB,2.0,KG (1 KG),Epicerie,mardi,2024-10,A,29,5.0
THE SANS SUCRE 0.9g,720.0,PC,THE,vendredi,2024-10,B,29,1080.0
TOMATES SECHEES,0.3,PC (1000 GR),Epicerie,dimanche,2024-10,B,29,5.0
VARIANTES,7.0,KG (1 KG),Legumes Frais,mardi,2024-10,D,29,10.0
VIANDE SECHE FUME (BRESAOLA) TRANCHES 300GR,3.3,KG (1000 GR),Viandes Fraiches,jeudi,2024-10,A,29,11.0
AIL,3.1,KG (1 KG),Legumes Frais,mardi,2024-10,B,30,8.3
ANANAS PCES,40.0,PC (1 PC),Fruits & Legumes Frais,vendredi,2024-10,A,30,172.0
AUBERGINE LEGUME,17.85,KG (1 KG),Legumes Frais,samedi,2024-10,A,30,17.85
BACON BOEUF FUME TRANCHES ( 300GR),4.8,KG (1000 GR),Viandes Fraiches,dimanche,2024-10,A,30,6.9
BASILIC BARQUETTE,2.8000000000000003,KG (1 KG),Legumes Frais,mardi,2024-10,A,30,11.05
BASILIC LA BOTTE,3.2999,KG,Legumes Frais,vendredi,2024-10,C,30,3.2999
BEURRE MARGARINE  KG,18.0,PC (1 KG),Beurre Oeuf Fromage,dimanche,2024-10,C,30,40.5
BOUTEILLE DE VINAIGRETTE 250ML,16.0,PC (250 GR),Epicerie,samedi,2024-10,A,30,16.0
CAPRE VRAC,2.0,KG (1 KG),Legumes Frais,lundi,2024-10,B,30,9.0
CELTIA FUT DE 50L,4.0,PC (50 L),Alcools,samedi,2024-10,B,30,6.0
CHOUX ROUGE,5.0,PC (1 PC),Legumes Frais,lundi,2024-10,A,30,9.6
CITRON,3.25,KG (1 KG),Legumes Frais,vendredi,2024-10,A,30,16.75
CITRON SALLE,21.0,KG (1 KG),Legumes Frais,samedi,2024-10,B,30,28.0
COIFFE EN PAPIER,400.0,PC (1 PC),Hygiène,jeudi,2024-10,B,30,1100.0
COURGETTE,18.0,KG (1 KG),Legumes Frais,samedi,2024-10,A,30,28.6
CREME DE BALSAMIQUE,9.0,BTL (1 ML),Epicerie,jeudi,2024-10,D,30,10.0
CREVETTE 26/30 AVEC QUEUE  SURG.,1.0,KG,Poisson Surgelé_R,samedi,2024-10,C,30,4.0
CUILLIERE NOIRE EJEM,1500.0,PC (1 PC),Consommable,vendredi,2024-10,A,30,4900.0
CURCUMIN MOULU,2.0,SCH (1 KG),Epicerie,lundi,2024-10,D,30,2.2
DATTE EN VRAC,2.85,KG (1 KG),Fruits & Legumes Frais,jeudi,2024-10,B,30,18.3
EPINARD,2.15,KG (1 KG),Legumes Frais,jeudi,2024-10,B,30,12.15
FOURCHETTE NOIRE EMBALEE EJEM,3000.0,PC (1 PC),Consommable,samedi,2024-10,A,30,10000.0
FROMAGE BLANC FONDU KG,15.4,KG,Beurre Oeuf Fromage,vendredi,2024-10,C,30,15.4
FROMAGE BUCHE BLANCHE CHEVRE KG,3.0,KG (1 KG),Beurre Oeuf Fromage,mardi,2024-10,B,30,5.0
FROMAGE GORGONZELA,1.95,PC (1 KG),Beurre Oeuf Fromage,dimanche,2024-10,A,30,13.0
FROMAGE MAASDAM EN BLOC PB,32.0,KG (1 KG),Beurre Oeuf Fromage,samedi,2024-10,A,30,65.5
FROMAGE PARMESAN PB,2.4,KG (0.2 KG),Beurre Oeuf Fromage,samedi,2024-10,A,30,3.8
FUT HEINEKEIN,160.0,PC (1 L),Alcools,vendredi,2024-10,B,30,240.0
HARISSA ARBI,10.0,BTE (0.45 KG),Epicerie,vendredi,2024-10,A,30,23.0
JAMBON DE BOEUF FUME,18.1,KG,Charcuterie,vendredi,2024-10,A,30,18.1
JAMBON DE DINDE,7.25,PC (1 KG),Charcuterie,samedi,2024-10,A,30,34.15
JOUR ET NUIT ROUGE 1/2,18.0,PC (1 PC),Alcools,vendredi,2024-10,C,30,48.0
LIPTON ICE TEA FRAMBOISE 33 CL,237.0,PC (1 PC),THE,vendredi,2024-10,A,30,637.0
LOT CAFE GRAIN BARISTA,18.0,PC (1 KG),Cafe,vendredi,2024-10,A,30,121.0
MANCHE A BALAIS,3.0,PC (1 PC),Hygiène,samedi,2024-10,B,30,20.0
MARINADE EMINCE DE BOEUF 2KG,8.0,KG (1 KG),Epicerie,samedi,2024-10,B,30,10.0
MELANGE TENDER 2KG PB,8.0,KG (1 KG),Epicerie,samedi,2024-10,B,30,13.0
MIEL DOUX & FRAIS,5.0,PC (1 PC),Epicerie,lundi,2024-10,C,30,11.0
NAPPAGE,1.0,PC,Pâtisseries,vendredi,2024-10,C,30,14.0
NUTELLA 600GR,60.0,PC (1 PC),Pâtisseries,lundi,2024-10,B,30,114.0
PAILLE BUBBLE TEA 12MM COLORE,600.0,PC,Consommable,mardi,2024-10,C,30,1800.0
PAPIER ALUM DE 100,4.0,PC (1 PC),Consommable,mardi,2024-10,B,30,9.0
PAPIER CUISSON 40*60,3.0,PC (250 PC),Consommable,samedi,2024-10,C,30,4.0
PAPRIKA DOUX,2.0,KG,Fruits & Legumes Frais,lundi,2024-10,C,30,3.0
PEPPERONI,0.6,KG (1 KG),Charcuterie,dimanche,2024-10,A,30,4.8
PERSIL,1.5,KG (1 KG),Legumes Frais,vendredi,2024-10,A,30,7.32999
PIMENT ROUGE SALLE,20.0,KG,Legumes Frais,samedi,2024-10,B,30,20.0
PISTACHE CONCASSEE,1.0,PC (1000 GR),Fruits Secs,mardi,2024-10,C,30,4.0
POCHETTE CROISSANT 15*7*29,2.0,PC (1000 PC),Consommable,samedi,2024-10,C,30,4.0
POIVRE NOIR MOULU,3.0,PC (1 KG),Epicerie,dimanche,2024-10,B,30,3.0
PUREE DE KIWI 1.32KG MONIN,1.0,PC (1000 GR),Pâtisseries,vendredi,2024-10,D,30,2.0
QUATRE EPICES MOULU,1.0,PC (1 KG),Epicerie,mercredi,2024-10,C,30,3.0
RACLETTE,2.0,PC (1 PC),Hygiène,samedi,2024-10,B,30,7.0
RAISIN NOIR,26.6,KG (1 KG),Fruits & Legumes Frais,vendredi,2024-10,A,30,38.1
RAISINS JAUNE,15.05,KG,Fruits & Legumes Frais,vendredi,2024-10,B,30,23.0
ROQUETTE SALADE BARQUETTE,4.199999999999999,KG (1 KG),Legumes Frais,lundi,2024-10,A,30,5.9
ROULEAU DE 750 ETIQUETTE BLANC,2.0,PC (1 PC),Consommable,vendredi,2024-10,C,30,16.0
SAC SOUS VIDE LISSE 20*30,400.0,PC (1 PC),Consommable,mardi,2024-10,A,30,1800.0
SAC SOUS VIDE LISSE 30*30,1000.0,PC (1 PC),Consommable,vendredi,2024-10,A,30,1100.0
SAC SOUS VIDE LISSE 40*40,600.0,PC (1 PC),Consommable,samedi,2024-10,B,30,900.0
SANEX,49.0,PC (1 PC),Hygiène,vendredi,2024-10,A,30,100.0
SAUCE A L'AIL PB,8.0,L (1 KG),Epicerie,samedi,2024-10,A,30,11.0
SAUCE AU POIVRE SAC 500GR PB,0.5,KG (1 SAC),Epicerie,samedi,2024-10,B,30,5.0
SAUCE PESTO PB,4.0,PC (0.6 KG),Epicerie,samedi,2024-10,A,30,5.0
SIROP DE VANILLE 1L MONIN,2.0,PC (700 ML),Pâtisseries,mercredi,2024-10,C,30,3.0
TOMATES SECHEES,0.2,PC (1000 GR),Epicerie,dimanche,2024-10,B,30,5.0
VIANDE SECHE FUME (BRESAOLA) TRANCHES 300GR,11.0,KG (1000 GR),Viandes Fraiches,vendredi,2024-10,A,30,11.0
AIL,4.4,KG (1 KG),Legumes Frais,mardi,2024-10,B,31,8.3
AMANDE EFFILEE,3.0,PC (1 KG),Fruits Secs,vendredi,2024-11,B,31,4.0
ANANAS PCES,51.0,UNIT (1 PC),Fruits & Legumes Frais,lundi,2024-10,A,31,172.0
AUBERGINE LEGUME,16.2,KG (1 KG),Legumes Frais,lundi,2024-10,A,31,17.85
BACON BOEUF FUME TRANCHES ( 300GR),4.8,KG (1000 GR),Viandes Fraiches,lundi,2024-10,A,31,6.9
BASILIC BARQUETTE,4.15,KG (1 KG),Legumes Frais,mardi,2024-10,A,31,11.05
BASILIC LA BOTTE,1.9,KG,Legumes Frais,mardi,2024-10,C,31,3.2999
BEURRE MARGARINE  KG,18.0,PC (1 KG),Beurre Oeuf Fromage,lundi,2024-10,C,31,40.5
BOITE FRAPPE VANILLE 1.36KG MONIN,2.0,KG (1 KG),Pâtisseries,mercredi,2024-10,C,31,6.0
BOUTEILLE DE VINAIGRETTE 250ML,16.0,PC (250 GR),Epicerie,mardi,2024-10,A,31,16.0
CAPRE VRAC,3.0,KG (1 KG),Legumes Frais,mercredi,2024-10,B,31,9.0
CELTIA FUT DE 50L,5.0,PC (50 L),Alcools,vendredi,2024-11,B,31,6.0
CHAPLUR,15.0,PC (1 KG),Epicerie,mercredi,2024-10,C,31,16.0
CHOCOLAT CHAUD EN POUDRE,2.0,KG (1 KG),Cafe,mercredi,2024-11,B,31,7.0
CHOUX ROUGE,6.65,PC (1 PC),Legumes Frais,lundi,2024-10,A,31,9.6
CITRON,6.25,KG (1 KG),Legumes Frais,lundi,2024-10,A,31,16.75
CITRON SALLE,10.0,KG (1 KG),Legumes Frais,jeudi,2024-10,B,31,28.0
COIFFE EN PAPIER,200.0,PC (1 PC),Hygiène,jeudi,2024-10,B,31,1100.0
CORNICHON FRAIS,3.0,KG (1 KG),Legumes Frais,dimanche,2024-11,B,31,12.0
COURGETTE,28.6,KG (1 KG),Legumes Frais,lundi,2024-10,A,31,28.6
CREME DE BALSAMIQUE,6.0,BTL (1 ML),Epicerie,samedi,2024-11,D,31,10.0
CREVETTE 26/30 AVEC QUEUE  SURG.,4.0,KG (1 KG),Poisson Surgelé_R,lundi,2024-10,C,31,4.0
CUILLIERE NOIRE EJEM,2000.0,PC,Consommable,lundi,2024-10,A,31,4900.0
DATTE EN VRAC,6.15,KG,Fruits & Legumes Frais,lundi,2024-10,B,31,18.3
EPINARD,7.300000000000001,KG (1 KG),Legumes Frais,mardi,2024-10,B,31,12.15
FOURCHETTE NOIRE EMBALEE EJEM,3000.0,PC,Consommable,mercredi,2024-10,A,31,10000.0
FROMAGE BLANC FONDU KG,6.6,KG,Beurre Oeuf Fromage,vendredi,2024-11,C,31,15.4
FROMAGE GORGONZELA,1.65,PC (1 KG),Beurre Oeuf Fromage,lundi,2024-10,A,31,13.0
FROMAGE MAASDAM EN BLOC PB,57.0,KG (1 KG),Beurre Oeuf Fromage,mardi,2024-10,A,31,65.5
FROMAGE PARMESAN PB,3.8,KG (0.2 KG),Beurre Oeuf Fromage,mardi,2024-10,A,31,3.8
FUT HEINEKEIN,100.0,PC (1 L),Alcools,mercredi,2024-11,B,31,240.0
HARISSA ARBI,9.0,BTE (0.45 KG),Epicerie,mercredi,2024-10,A,31,23.0
JAMBON DE BOEUF FUME,7.4,KG (1 KG),Charcuterie,mercredi,2024-10,A,31,18.1
JAMBON DE DINDE,20.3,PC (1 KG),Charcuterie,lundi,2024-10,A,31,34.15
JOUR ET NUIT ROUGE 1/2,4.0,PC (1 PC),Alcools,lundi,2024-10,C,31,48.0
LENTILLE VRAC,1.0,PC,Legumes Secs,mardi,2024-11,D,31,3.0
LIPTON ICE TEA FRAMBOISE 33 CL,166.0,PC (1 PC),THE,lundi,2024-10,A,31,637.0
LOT CAFE GRAIN BARISTA,59.0,PC (1 KG),Cafe,lundi,2024-10,A,31,121.0
MANCHE A BALAIS,1.0,PC (1 PC),Hygiène,mercredi,2024-10,B,31,20.0
MARINADE EMINCE DE BOEUF 2KG,8.0,KG (1 KG),Epicerie,mardi,2024-10,B,31,10.0
MELANGE TENDER 2KG PB,7.0,KG (1 KG),Epicerie,jeudi,2024-10,B,31,13.0
MOZARELLA BOCCONCINI,5.0,PC (200 GR),Beurre Oeuf Fromage,lundi,2024-11,D,31,23.0
NAPPAGE,1.0,PC,Pâtisseries,vendredi,2024-11,C,31,14.0
NOISETTE GRILLEE CONCASSEE,1.0,PC (1 KG),Fruits Secs,dimanche,2024-11,D,31,3.0
NUTELLA 600GR,114.0,PC (1 PC),Pâtisseries,lundi,2024-10,B,31,114.0
PAILLE NOIR,10.0,PQT (250 PC),Consommable,mercredi,2024-10,A,31,39.0
PAPIER CUISSON 40*60,2.0,PC (250 PC),Consommable,vendredi,2024-11,C,31,4.0
PEPPERONI,2.1,KG (1 KG),Charcuterie,lundi,2024-10,A,31,4.8
PERSIL,2.15,KG (1 KG),Legumes Frais,mercredi,2024-10,A,31,7.32999
PIMENT ROUGE SALLE,5.0,KG,Legumes Frais,jeudi,2024-10,B,31,20.0
PISTACHE CONCASSEE,2.0,PC (1000 GR),Fruits Secs,lundi,2024-10,C,31,4.0
POIVRE NOIR MOULU,1.0,PC (1 KG),Epicerie,mardi,2024-11,B,31,3.0
PUREE DE KIWI 1.32KG MONIN,1.0,PC (1000 GR),Pâtisseries,vendredi,2024-11,D,31,2.0
RACLETTE,1.0,PC (1 PC),Hygiène,mardi,2024-11,B,31,7.0
RAISIN NOIR,30.15,KG (1 KG),Fruits & Legumes Frais,lundi,2024-10,A,31,38.1
RAISINS JAUNE,15.1,KG (1 KG),Fruits & Legumes Frais,lundi,2024-10,B,31,23.0
ROQUETTE FRAIS EN KG,3.0,KG (1 KG),Legumes Frais,vendredi,2024-11,B,31,9.9
ROQUETTE SALADE BARQUETTE,2.3,KG,Legumes Frais,mercredi,2024-10,A,31,5.9
ROULEAU DE 750 ETIQUETTE BLANC,5.0,PC (1 PC),Consommable,lundi,2024-11,C,31,16.0
ROULEAU THERMIQUE BALANCE,20.0,PC (1 PC),Fournitures de Bureau,samedi,2024-11,D,31,30.0
SAC SOUS VIDE LISSE 20*30,400.0,PC (1 PC),Consommable,mardi,2024-10,A,31,1800.0
SAC SOUS VIDE LISSE 30*30,1100.0,PC (1 PC),Consommable,mardi,2024-10,A,31,1100.0
SAC SOUS VIDE LISSE 40*40,600.0,PC (1 PC),Consommable,mardi,2024-10,B,31,900.0
SANEX,51.0,PC,Hygiène,mardi,2024-10,A,31,100.0
SAUCE A L'AIL PB,6.0,KG (1 KG),Epicerie,mardi,2024-10,A,31,11.0
SAUCE AU POIVRE SAC 500GR PB,2.0,KG (1 SAC),Epicerie,mardi,2024-10,B,31,5.0
SAUCE PESTO PB,3.0,PC (0.6 KG),Epicerie,jeudi,2024-10,A,31,5.0
SIROP DE VANILLE 1L MONIN,1.0,PC (700 ML),Pâtisseries,lundi,2024-10,C,31,3.0
THYM MOULU,2.0,PC (1 KG),Epicerie,mardi,2024-10,D,31,2.0
TOMATES SECHEES,1.0,PC (1000 GR),Epicerie,mercredi,2024-10,B,31,5.0
TOQUE CHEF,2.0,PC (1 PC),Hygiène,mardi,2024-10,C,31,6.0
VARIANTES,3.0,KG (1 KG),Legumes Frais,mercredi,2024-11,D,31,10.0
VIANDE SECHE FUME (BRESAOLA) TRANCHES 300GR,2.9,KG (1000 GR),Viandes Fraiches,lundi,2024-10,A,31,11.0
VINAIGRE 1L,2.0,L (1000 GR),Epicerie,mardi,2024-11,D,31,12.0
AIL,3.45,KG (1 KG),Legumes Frais,mardi,2024-11,B,32,8.3
AMANDE EFFILEE,2.0,PC (1 KG),Fruits Secs,vendredi,2024-11,B,32,4.0
ANANAS PCES,39.0,UNIT (1 PC),Fruits & Legumes Frais,jeudi,2024-11,A,32,172.0
AUBERGINE LEGUME,15.35,KG (1 KG),Legumes Frais,jeudi,2024-11,A,32,17.85
BACON BOEUF FUME TRANCHES ( 300GR),3.3,KG (1000 GR),Viandes Fraiches,jeudi,2024-11,A,32,6.9
BASILIC BARQUETTE,4.7,KG (1 KG),Legumes Frais,vendredi,2024-11,A,32,11.05
BEURRE MARGARINE  KG,13.5,PC (1 KG),Beurre Oeuf Fromage,samedi,2024-11,C,32,40.5
BOITE FRAPPE VANILLE 1.36KG MONIN,3.0,KG,Pâtisseries,vendredi,2024-11,C,32,6.0
BOUTEILLE DE VINAIGRETTE 250ML,12.0,PC (250 GR),Epicerie,samedi,2024-11,A,32,16.0
CAPRE VRAC,3.0,KG (1 KG),Legumes Frais,samedi,2024-11,B,32,9.0
CELTIA FUT DE 50L,2.0,PC (50 L),Alcools,vendredi,2024-11,B,32,6.0
CHOUX ROUGE,8.8,PC (1 PC),Legumes Frais,vendredi,2024-11,A,32,9.6
CITRON,1.3,KG,Legumes Frais,jeudi,2024-11,A,32,16.75
CITRON SALLE,15.0,KG (1 KG),Legumes Frais,jeudi,2024-11,B,32,28.0
COIFFE EN PAPIER,1100.0,PC (1 PC),Hygiène,jeudi,2024-11,B,32,1100.0
CORNICHON FRAIS,3.0,KG (1 KG),Legumes Frais,vendredi,2024-11,B,32,12.0
COURGETTE,13.55,KG (1 KG),Legumes Frais,jeudi,2024-11,A,32,28.6
CREME DE BALSAMIQUE,3.0,BTL (1 ML),Epicerie,samedi,2024-11,D,32,10.0
CREVETTE 26/30 AVEC QUEUE  SURG.,2.0,KG,Poisson Surgelé_R,mardi,2024-11,C,32,4.0
CUILLIERE NOIRE EJEM,1300.0,PC (1 PC),Consommable,vendredi,2024-11,A,32,4900.0
CURCUMIN MOULU,1.0,SCH (1 KG),Epicerie,mardi,2024-11,D,32,2.2
DATTE EN VRAC,5.2,KG (1 KG),Fruits & Legumes Frais,dimanche,2024-11,B,32,18.3
EPINARD,5.1,KG (1 KG),Legumes Frais,mardi,2024-11,B,32,12.15
FOURCHETTE NOIRE EMBALEE EJEM,6000.0,PC (1 PC),Consommable,samedi,2024-11,A,32,10000.0
FROMAGE BLANC FONDU KG,8.8,KG,Beurre Oeuf Fromage,samedi,2024-11,C,32,15.4
FROMAGE MAASDAM EN BLOC PB,28.0,KG (1 KG),Beurre Oeuf Fromage,vendredi,2024-11,A,32,65.5
FROMAGE PARMESAN PB,1.6,KG (0.2 KG),Beurre Oeuf Fromage,vendredi,2024-11,A,32,3.8
FUT HEINEKEIN,80.0,PC (1 L),Alcools,lundi,2024-11,B,32,240.0
GOBLET 9 0Z MF,1000.0,PC (1 PC),Consommable,vendredi,2024-11,A,32,1600.0
HARISSA ARBI,20.0,BTE (0.45 KG),Epicerie,dimanche,2024-11,A,32,23.0
JAMBON DE BOEUF FUME,12.5,KG (1 KG),Charcuterie,samedi,2024-11,A,32,18.1
JAMBON DE DINDE,1.2,KG (1 KG),Charcuterie,samedi,2024-11,A,32,34.15
JOUR ET NUIT ROUGE 1/2,32.0,PC,Alcools,vendredi,2024-11,C,32,48.0
LEVURE CHIMIQUE,2.0,PC (1 PC),Pâtisseries,jeudi,2024-11,D,32,3.0
LIPTON ICE TEA FRAMBOISE 33 CL,379.0,PC (1 PC),THE,vendredi,2024-11,A,32,637.0
LOT CAFE GRAIN BARISTA,47.0,PC (1 KG),Cafe,jeudi,2024-11,A,32,121.0
LOT DE CAFE TURC,1.625,PC (1 KG),Cafe,samedi,2024-11,D,32,3.0
MAIS EN VRAC,4.0,PC (1 KG),Legumes Frais,dimanche,2024-11,C,32,9.0
MANCHE A BALAIS,4.0,PC,Hygiène,samedi,2024-11,B,32,20.0
MARINADE EMINCE DE BOEUF 2KG,4.0,KG (1 KG),Epicerie,jeudi,2024-11,B,32,10.0
MELANGE EPICES VIANDE 500GR PB,0.5,KG (1 KG),Epicerie,jeudi,2024-11,D,32,2.0
MELANGE TENDER 2KG PB,10.0,KG (1 KG),Epicerie,jeudi,2024-11,B,32,13.0
MENTHE SECHE,1.0,KG (1 KG),Epicerie,vendredi,2024-11,D,32,2.0
MOZARELLA BOCCONCINI,10.0,PC (200 GR),Beurre Oeuf Fromage,samedi,2024-11,D,32,23.0
NAPPAGE,1.0,PC,Pâtisseries,samedi,2024-11,C,32,14.0
NOISETTE GRILLEE CONCASSEE,1.0,PC (1 KG),Fruits Secs,jeudi,2024-11,D,32,3.0
NUTELLA 600GR,43.0,PC (1 PC),Pâtisseries,jeudi,2024-11,B,32,114.0
PAILLE NOIR,16.0,PQT (250 PC),Consommable,mardi,2024-11,A,32,39.0
PAPIER ALUM DE 100,1.0,PC (1 PC),Consommable,samedi,2024-11,B,32,9.0
PAPRIKA FORT,2.0,KG (1 KG),Epicerie,mardi,2024-11,C,32,3.0
PEPPERONI,1.5,KG (1 KG),Charcuterie,samedi,2024-11,A,32,4.8
PERSIL,4.6,KG (1 KG),Legumes Frais,vendredi,2024-11,A,32,7.32999
PIMENT ROUGE SALLE,3.0,KG (1 KG),Legumes Frais,dimanche,2024-11,B,32,20.0
PISTACHE CONCASSEE,1.0,PC (1000 GR),Fruits Secs,jeudi,2024-11,C,32,4.0
POCHETTE CROISSANT 15*7*29,4.0,PC (1000 PC),Consommable,samedi,2024-11,C,32,4.0
POIVRE NOIR MOULU,2.0,PC (1 KG),Epicerie,lundi,2024-11,B,32,3.0
PUREE ANANAS 1 L,1.0,PC (1 L),Epicerie,dimanche,2024-11,D,32,2.0
PUREE DE BANANE 1L,1.0,PC (1 L),Epicerie,dimanche,2024-11,D,32,2.0
PUREE DE KIWI 1.32KG MONIN,1.0,PC (1000 GR),Pâtisseries,vendredi,2024-11,D,32,2.0
PUREE FRAISE 1.32KG MONIN,1.0,KG (1320 GR),Pâtisseries,dimanche,2024-11,D,32,2.0
PUREE MANGUE 1L,1.0,PC (1 L),Epicerie,dimanche,2024-11,D,32,2.0
QUATRE EPICES MOULU,1.0,PC (1 KG),Epicerie,lundi,2024-11,C,32,3.0
RACLETTE,2.0,PC (1 PC),Hygiène,samedi,2024-11,B,32,7.0
RAISIN NOIR,24.75,KG (1 KG),Fruits & Legumes Frais,vendredi,2024-11,A,32,38.1
RAISINS JAUNE,7.05,KG,Fruits & Legumes Frais,samedi,2024-11,B,32,23.0
ROQUETTE FRAIS EN KG,2.0,KG (1 KG),Legumes Frais,samedi,2024-11,B,32,9.9
ROQUETTE SALADE BARQUETTE,1.6,KG (1 KG),Legumes Frais,mardi,2024-11,A,32,5.9
SAC SOUS VIDE LISSE 20*30,600.0,PC,Consommable,dimanche,2024-11,A,32,1800.0
SAC SOUS VIDE LISSE 30*30,100.0,PC (1 PC),Consommable,dimanche,2024-11,A,32,1100.0
SAC SOUS VIDE LISSE 40*40,200.0,PC (1 PC),Consommable,vendredi,2024-11,B,32,900.0
SANEX,48.0,PC (1 PC),Hygiène,jeudi,2024-11,A,32,100.0
SAUCE A L'AIL PB,10.0,KG (1 KG),Epicerie,jeudi,2024-11,A,32,11.0
SAUCE AU POIVRE SAC 500GR PB,2.5,KG (1 SAC),Epicerie,jeudi,2024-11,B,32,5.0
SAUCE PESTO PB,4.0,PC (0.6 KG),Epicerie,jeudi,2024-11,A,32,5.0
SIROP DE CARAMEL 1L MONIN,3.0,PC (1000 ML),Pâtisseries,vendredi,2024-11,B,32,5.0
SIROP DE NOISETTES GRILLEES 70CL MONIN,2.0,PC (700 ML),Pâtisseries,vendredi,2024-11,D,32,2.0
SIROP DE VANILLE 1L MONIN,3.0,PC (700 ML),Pâtisseries,vendredi,2024-11,C,32,3.0
TOMATES SECHEES,0.6,PC (1000 GR),Epicerie,samedi,2024-11,B,32,5.0
VARIANTES,3.0,KG (1 KG),Legumes Frais,samedi,2024-11,D,32,10.0
VIANDE SECHE FUME (BRESAOLA) TRANCHES 300GR,6.0,KG (1000 GR),Viandes Fraiches,jeudi,2024-11,A,32,11.0
sucre en buchette MF 10kg,1.0,KG,Cafe,vendredi,2024-11,C,32,10.0
AIL EN POUDRE,2.0,KG,Fruits & Legumes Frais,samedi,2024-11,C,33,2.0
ANANAS PCES,71.0,PC (1 PC),Fruits & Legumes Frais,dimanche,2024-11,A,33,172.0
AUBERGINE LEGUME,11.3,KG (1 KG),Legumes Frais,lundi,2024-11,A,33,17.85
BACON BOEUF FUME TRANCHES ( 300GR),3.0,KG (1000 GR),Viandes Fraiches,lundi,2024-11,A,33,6.9
BASILIC BARQUETTE,2.9000000000000004,KG,Legumes Frais,dimanche,2024-11,A,33,11.05
BEURRE MARGARINE  KG,4.5,PC (1 KG),Beurre Oeuf Fromage,vendredi,2024-11,C,33,40.5
BOITE FRAPPE CAFE 1.36KG MONIN,1.0,BTE (1360 GR),Pâtisseries,vendredi,2024-11,C,33,6.0
BOUTEILLE DE VINAIGRETTE 250ML,8.0,PC (250 GR),Epicerie,mardi,2024-11,A,33,16.0
CAPRE VRAC,2.0,KG (1 KG),Legumes Frais,vendredi,2024-11,B,33,9.0
CELTIA FUT DE 50L,5.0,PC (50 L),Alcools,lundi,2024-11,B,33,6.0
CHAPLUR,5.0,PC (1 KG),Epicerie,jeudi,2024-11,C,33,16.0
CHOUX ROUGE,2.9,PC (1 PC),Legumes Frais,mercredi,2024-11,A,33,9.6
CITRON,3.0,KG (1 KG),Legumes Frais,vendredi,2024-11,A,33,16.75
CITRON SALLE,14.0,KG (1 KG),Legumes Frais,lundi,2024-11,B,33,28.0
COIFFE EN PAPIER,400.0,PC (1 PC),Hygiène,jeudi,2024-11,B,33,1100.0
CORNICHON FRAIS,4.0,KG (1 KG),Legumes Frais,jeudi,2024-11,B,33,12.0
COURGETTE,7.4,KG (1 KG),Legumes Frais,vendredi,2024-11,A,33,28.6
COUTEAU A PAIN 21 CM,2.0,PC (1 PC),Accessoire & couvert,dimanche,2024-11,D,33,4.0
CREVETTE 26/30 AVEC QUEUE  SURG.,2.0,KG (1 KG),Poisson Surgelé_R,jeudi,2024-11,C,33,4.0
CUILLIERE NOIRE EJEM,2800.0,PC,Consommable,dimanche,2024-11,A,33,4900.0
CURCUMIN MOULU,1.0,SCH (1 KG),Epicerie,dimanche,2024-11,D,33,2.2
DATTE EN VRAC,3.2,KG (1 KG),Fruits & Legumes Frais,mercredi,2024-11,B,33,18.3
EPINARD,1.55,KG (1 KG),Legumes Frais,vendredi,2024-11,B,33,12.15
FOURCHETTE NOIRE EMBALEE EJEM,2000.0,PC (1 PC),Consommable,samedi,2024-11,A,33,10000.0
FROMAGE BLANC FONDU KG,13.2,KG,Beurre Oeuf Fromage,dimanche,2024-11,C,33,15.4
FROMAGE BUCHE BLANCHE CHEVRE KG,1.0,KG (1 KG),Beurre Oeuf Fromage,dimanche,2024-11,B,33,5.0
FROMAGE MAASDAM EN BLOC PB,18.0,KG (1 KG),Beurre Oeuf Fromage,dimanche,2024-11,A,33,65.5
FROMAGE PARMESAN PB,1.2000000000000002,KG (0.2 KG),Beurre Oeuf Fromage,dimanche,2024-11,A,33,3.8
FUT HEINEKEIN,200.0,PC (1 L),Alcools,dimanche,2024-11,B,33,240.0
GOBLET 9 0Z MF,900.0,PC (1 PC),Consommable,samedi,2024-11,A,33,1600.0
HARISSA ARBI,23.0,BTE (0.45 KG),Epicerie,mardi,2024-11,A,33,23.0
JAMBON DE BOEUF FUME,6.7,KG (1 KG),Charcuterie,mercredi,2024-11,A,33,18.1
JAMBON DE DINDE,11.06,KG (1 KG),Charcuterie,jeudi,2024-11,A,33,34.15
LIPTON ICE TEA FRAMBOISE 33 CL,74.0,PC (1 PC),THE,lundi,2024-11,A,33,637.0
MANCHE A BALAIS,6.0,PC (1 PC),Hygiène,mardi,2024-11,B,33,20.0
MELANGE EPICES VIANDE 500GR PB,0.5,KG (1 KG),Epicerie,jeudi,2024-11,D,33,2.0
MELANGE TENDER 2KG PB,6.0,KG (1 KG),Epicerie,mardi,2024-11,B,33,13.0
NAPPAGE,1.0,PC,Pâtisseries,mardi,2024-11,C,33,14.0
NUTELLA 600GR,42.0,PC (1 PC),Pâtisseries,vendredi,2024-11,B,33,114.0
PAILLE NOIR,10.0,PQT (250 PC),Consommable,lundi,2024-11,A,33,39.0
PAPIER ALUM DE 100,1.0,PC (1 PC),Consommable,mardi,2024-11,B,33,9.0
PAPIER CUISSON 40*60,2.0,PC (500 PC),Consommable,lundi,2024-11,C,33,4.0
PAPRIKA FORT,2.0,KG (1 KG),Epicerie,dimanche,2024-11,C,33,3.0
PEPPERONI,0.6,KG (1 KG),Charcuterie,lundi,2024-11,A,33,4.8
PIMENT ROUGE SALLE,15.0,KG (1 KG),Epicerie,lundi,2024-11,B,33,20.0
POIVRE NOIR MOULU,1.0,PC (1 KG),Epicerie,mardi,2024-11,B,33,3.0
QUATRE EPICES MOULU,2.0,PC (1 KG),Epicerie,jeudi,2024-11,C,33,3.0
RACLETTE,6.0,PC (1 PC),Hygiène,mardi,2024-11,B,33,7.0
RAISIN NOIR,25.7,KG (1 KG),Fruits & Legumes Frais,dimanche,2024-11,A,33,38.1
ROQUETTE FRAIS EN KG,2.95,KG (1 KG),Legumes Frais,mercredi,2024-11,B,33,9.9
SAC SOUS VIDE LISSE 20*30,800.0,PC (1 PC),Consommable,dimanche,2024-11,A,33,1800.0
SAC SOUS VIDE LISSE 30*30,200.0,PC (1 PC),Consommable,mardi,2024-11,A,33,1100.0
SAC SOUS VIDE LISSE 40*40,500.0,PC (1 PC),Consommable,dimanche,2024-11,B,33,900.0
SANEX,20.0,PC (1 PC),Hygiène,mardi,2024-11,A,33,100.0
SAUCE A L'AIL PB,8.0,KG (1 KG),Epicerie,mardi,2024-11,A,33,11.0
SAUCE AU POIVRE SAC 500GR PB,2.0,KG (1 SAC),Epicerie,mardi,2024-11,B,33,5.0
SAUCE PESTO PB,4.0,PC (0.6 KG),Epicerie,mardi,2024-11,A,33,5.0
THE SANS SUCRE 0.9g,20.0,PC (1 PC),THE,lundi,2024-11,B,33,1080.0
TOMATES SECHEES,0.3,PC (1000 GR),Epicerie,jeudi,2024-11,B,33,5.0
TOQUE CHEF,1.0,PC (1 PC),Hygiène,dimanche,2024-11,C,33,6.0
VIANDE SECHE FUME (BRESAOLA) TRANCHES 300GR,4.2,KG (1000 GR),Viandes Fraiches,lundi,2024-11,A,33,11.0
VINAIGRE CREME DE BALSAMIQUE,4.0,BTL (500 ML),Epicerie,samedi,2024-11,D,33,9.0
AIL,2.45,KG (1 KG),Legumes Frais,samedi,2024-11,B,34,8.3
AIL EN POUDRE,1.0,KG (1 KG),Fruits & Legumes Frais,vendredi,2024-11,C,34,2.0
AMANDE EFFILEE,1.0,PC (1 KG),Fruits Secs,dimanche,2024-12,B,34,4.0
ANANAS PCES,45.0,PC (1 PC),Fruits & Legumes Frais,mercredi,2024-11,A,34,172.0
AUBERGINE LEGUME,14.55,KG (1 KG),Legumes Frais,mercredi,2024-11,A,34,17.85
BACON BOEUF FUME TRANCHES ( 300GR),1.5,KG (1000 GR),Viandes Fraiches,dimanche,2024-12,A,34,6.9
BACTYGEL 703 CF,3.0,BTL (1 BTL),Hygiène,mardi,2024-12,B,34,4.0
BASILIC BARQUETTE,3.75,KG (1 KG),Legumes Frais,samedi,2024-11,A,34,11.05
BASILIC LA BOTTE,1.0,KG,Legumes Frais,mercredi,2024-11,C,34,3.2999
BEURRE MARGARINE  KG,4.5,PC (1 KG),Beurre Oeuf Fromage,mercredi,2024-11,C,34,40.5
BOITE FRAPPE CAFE 1.36KG MONIN,2.0,BTE (1360 GR),Pâtisseries,dimanche,2024-12,C,34,6.0
BOUTEILLE DE VINAIGRETTE 250ML,10.0,PC (250 GR),Epicerie,jeudi,2024-11,A,34,16.0
CAPRE VRAC,9.0,KG (1 KG),Legumes Frais,jeudi,2024-11,B,34,9.0
CELTIA FUT DE 50L,2.0,PC (50 L),Alcools,vendredi,2024-11,B,34,6.0
CHORBA FRIK,3.0,PQT (0.5 KG),Epicerie,mardi,2024-12,D,34,23.0
CHOUX ROUGE,4.7,PC (1 PC),Legumes Frais,samedi,2024-11,A,34,9.6
CITRON,6.85,KG (1 KG),Legumes Frais,mercredi,2024-11,A,34,16.75
CITRON SALLE,18.0,KG (1 KG),Legumes Frais,vendredi,2024-11,B,34,28.0
COIFFE EN PAPIER,600.0,PC (1 PC),Hygiène,jeudi,2024-11,B,34,1100.0
CORNICHON FRAIS,5.0,KG (1 KG),Legumes Frais,vendredi,2024-11,B,34,12.0
COURGETTE,12.55,KG (1 KG),Legumes Frais,mercredi,2024-11,A,34,28.6
COUTEAU A PAIN 21 CM,1.0,PC (1 PC),Accessoire & couvert,mercredi,2024-11,D,34,4.0
CUILLIERE NOIRE EJEM,2700.0,PC (1 PC),Consommable,mercredi,2024-11,A,34,4900.0
CURCUMIN MOULU,2.0,SCH (1 KG),Epicerie,mercredi,2024-11,D,34,2.2
DATTE EN VRAC,4.3,KG (1 KG),Fruits & Legumes Frais,lundi,2024-12,B,34,18.3
EPINARD,3.95,KG,Legumes Frais,vendredi,2024-11,B,34,12.15
FOURCHETTE NOIRE EMBALEE EJEM,1000.0,PC (1 PC),Consommable,dimanche,2024-12,A,34,10000.0
FROMAGE BLANC FONDU KG,6.0,KG,Beurre Oeuf Fromage,vendredi,2024-11,C,34,15.4
FROMAGE BUCHE BLANCHE CHEVRE KG,1.0,KG (1 KG),Beurre Oeuf Fromage,vendredi,2024-11,B,34,5.0
FROMAGE MAASDAM EN BLOC PB,30.0,KG (1 KG),Beurre Oeuf Fromage,jeudi,2024-11,A,34,65.5
FROMAGE PARMESAN PB,2.6,KG (0.2 KG),Beurre Oeuf Fromage,jeudi,2024-11,A,34,3.8
FUT HEINEKEIN,140.0,PC (1 L),Alcools,vendredi,2024-11,B,34,240.0
GOBLET 9 0Z MF,100.0,PC (1 PC),Consommable,mercredi,2024-11,A,34,1600.0
HARISSA ARBI,9.0,BTE (0.45 KG),Epicerie,jeudi,2024-11,A,34,23.0
JAMBON DE BOEUF FUME,6.05,KG (1 KG),Charcuterie,jeudi,2024-11,A,34,18.1
JAMBON DE DINDE,16.8,KG (1 KG),Charcuterie,vendredi,2024-11,A,34,34.15
JOUR ET NUIT ROUGE 1/2,11.0,PC (1 PC),Alcools,mercredi,2024-11,C,34,48.0
LENTILLE VRAC,1.0,PC (1 PC),Legumes Secs,mardi,2024-12,D,34,3.0
LIPTON ICE TEA FRAMBOISE 33 CL,110.0,PC (1 PC),THE,jeudi,2024-11,A,34,637.0
LOT CAFE GRAIN BARISTA,32.0,PC (1 KG),Cafe,dimanche,2024-12,A,34,121.0
LOT DE CAFE TURC,1.0,PC (1 KG),Cafe,dimanche,2024-12,D,34,3.0
MAIS EN VRAC,4.0,PC (1 KG),Legumes Frais,vendredi,2024-11,C,34,9.0
MANCHE A BALAIS,1.0,PC (1 PC),Hygiène,jeudi,2024-12,B,34,20.0
MARGARINE,13.5,KG (1 KG),Beurre Oeuf Fromage,dimanche,2024-12,B,34,13.5
MENTHE SECHE,2.0,KG (1 KG),Epicerie,mercredi,2024-12,D,34,2.0
NAPPAGE,2.0,PC (1 PC),Pâtisseries,dimanche,2024-12,C,34,14.0
NUTELLA 600GR,42.0,PC (1 PC),Pâtisseries,vendredi,2024-11,B,34,114.0
PAILLE BUBBLE TEA 12MM COLORE,1400.0,PC,Consommable,mercredi,2024-11,C,34,1800.0
PAILLE NOIR,4.0,PQT (250 PC),Consommable,lundi,2024-12,A,34,39.0
PAPIER ALUM DE 100,1.0,PC (1 PC),Consommable,mercredi,2024-11,B,34,9.0
PAPIER CUISSON 40*60,2.0,PQT (500 PC),Consommable,lundi,2024-12,C,34,4.0
PAPRIKA FORT,2.0,KG (1 KG),Epicerie,mercredi,2024-12,C,34,3.0
PEPPERONI,0.8999999999999999,KG (1 KG),Charcuterie,lundi,2024-12,A,34,4.8
PERSIL,1.55,KG (1 KG),Legumes Frais,jeudi,2024-12,A,34,7.32999
PIMENT ROUGE SALLE,5.0,KG (1 KG),Epicerie,vendredi,2024-12,B,34,20.0
PUREE ANANAS 1 L,1.0,PC (1 L),Epicerie,mardi,2024-12,D,34,2.0
PUREE DE BANANE 1L,1.0,PC (1 L),Epicerie,mardi,2024-12,D,34,2.0
PUREE FRAISE 1.32KG MONIN,2.0,KG (1320 GR),Pâtisseries,mardi,2024-12,D,34,2.0
PUREE MANGUE 1L,1.0,PC (1 L),Epicerie,mardi,2024-12,D,34,2.0
RAISIN NOIR,10.35,KG (1 KG),Fruits & Legumes Frais,mardi,2024-12,A,34,38.1
ROQUETTE FRAIS EN KG,2.55,KG (1 KG),Legumes Frais,mercredi,2024-11,B,34,9.9
ROQUETTE SALADE BARQUETTE,2.2,KG,Legumes Frais,lundi,2024-12,A,34,5.9
ROULEAU DE 750 ETIQUETTE BLANC,5.0,PC (1 PC),Consommable,jeudi,2024-12,C,34,16.0
SAC SOUS VIDE LISSE 20*30,100.0,PC (1 PC),Consommable,mardi,2024-12,A,34,1800.0
SAC SOUS VIDE LISSE 30*30,600.0,PC (1 PC),Consommable,jeudi,2024-11,A,34,1100.0
SAC SOUS VIDE LISSE 40*40,400.0,PC (1 PC),Consommable,mardi,2024-12,B,34,900.0
SANEX,40.0,PC (1 PC),Hygiène,mercredi,2024-11,A,34,100.0
SAUCE A L'AIL PB,8.0,KG (1 KG),Epicerie,jeudi,2024-11,A,34,11.0
SAUCE AU POIVRE SAC 500GR PB,0.5,KG (1 SAC),Epicerie,jeudi,2024-11,B,34,5.0
SAUCE PESTO PB,4.0,PC (0.6 KG),Epicerie,jeudi,2024-11,A,34,5.0
SIROP DE NOISETTES GRILLEES 70CL MONIN,1.0,PC (700 ML),Pâtisseries,mardi,2024-12,D,34,2.0
TOMATES SECHEES,0.5,PC (1000 GR),Epicerie,vendredi,2024-11,B,34,5.0
TOQUE CHEF,4.0,PC,Hygiène,vendredi,2024-11,C,34,6.0
VARIANTES,4.0,KG (1 KG),Legumes Frais,vendredi,2024-11,D,34,10.0
VIANDE SECHE FUME (BRESAOLA) TRANCHES 300GR,4.2,KG (1000 GR),Viandes Fraiches,jeudi,2024-11,A,34,11.0
VINAIGRE CREME DE BALSAMIQUE,4.0,BTL (500 ML),Epicerie,mercredi,2024-12,D,34,9.0
sucre en buchette MF 10kg,2.0,KG (1 KG),Cafe,jeudi,2024-11,C,34,10.0
AIL,0.25,KG (1 KG),Legumes Frais,jeudi,2024-12,B,35,8.3
AIL EN POUDRE,1.0,KG (1 KG),Fruits & Legumes Frais,vendredi,2024-12,C,35,2.0
AMANDE EFFILEE,1.0,PC (1 KG),Fruits Secs,lundi,2024-12,B,35,4.0
ANANAS PCES,56.0,PC (1 PC),Fruits & Legumes Frais,samedi,2024-12,A,35,172.0
AUBERGINE LEGUME,3.0,KG (1 KG),Legumes Frais,lundi,2024-12,A,35,17.85
BACON BOEUF FUME TRANCHES ( 300GR),2.1,KG (1000 GR),Viandes Fraiches,lundi,2024-12,A,35,6.9
BACTYGEL 703 CF,1.0,BTL,Hygiène,samedi,2024-12,B,35,4.0
BASILIC BARQUETTE,2.5,KG,Legumes Frais,lundi,2024-12,A,35,11.05
BOITE FRAPPE CAFE 1.36KG MONIN,1.0,BTE (1360 GR),Pâtisseries,dimanche,2024-12,C,35,6.0
BOUTEILLE DE VINAIGRETTE 250ML,8.0,PC (250 GR),Epicerie,dimanche,2024-12,A,35,16.0
CELTIA FUT DE 50L,4.0,PC (50 L),Alcools,dimanche,2024-12,B,35,6.0
CHAPLUR,5.0,PC (1 KG),Epicerie,vendredi,2024-12,C,35,16.0
CHOCOLAT CHAUD EN POUDRE,4.0,KG (1 KG),Cafe,samedi,2024-12,B,35,7.0
CHOUX ROUGE,7.9,PC (1 PC),Legumes Frais,lundi,2024-12,A,35,9.6
CITRON,1.1,KG (1 KG),Legumes Frais,lundi,2024-12,A,35,16.75
CITRON SALLE,7.0,KG,Legumes Frais,vendredi,2024-12,B,35,28.0
COIFFE EN PAPIER,600.0,PC (1 PC),Hygiène,lundi,2024-12,B,35,1100.0
COURGETTE,6.1,KG (1 KG),Legumes Frais,lundi,2024-12,A,35,28.6
COUTEAU A PAIN 21 CM,3.0,PC (1 PC),Accessoire & couvert,vendredi,2024-12,D,35,4.0
CREVETTE 26/30 AVEC QUEUE  SURG.,1.0,KG,Poisson Surgelé_R,dimanche,2024-12,C,35,4.0
CUILLIERE NOIRE EJEM,1400.0,PC,Consommable,samedi,2024-12,A,35,4900.0
CURCUMIN MOULU,2.0,SCH (1 KG),Epicerie,samedi,2024-12,D,35,2.2
DATTE EN VRAC,1.25,KG,Fruits & Legumes Frais,lundi,2024-12,B,35,18.3
EPINARD,3.5,KG (1 KG),Legumes Frais,jeudi,2024-12,B,35,12.15
FOURCHETTE NOIRE EMBALEE EJEM,4000.0,PC,Consommable,jeudi,2024-12,A,35,10000.0
FROMAGE BLANC FONDU KG,6.4,KG,Beurre Oeuf Fromage,jeudi,2024-12,C,35,15.4
FROMAGE MAASDAM EN BLOC PB,6.0,KG (1 KG),Beurre Oeuf Fromage,dimanche,2024-12,A,35,65.5
FROMAGE PARMESAN PB,0.8,KG (0.2 KG),Beurre Oeuf Fromage,jeudi,2024-12,A,35,3.8
FUT HEINEKEIN,160.0,PC (1 L),Alcools,dimanche,2024-12,B,35,240.0
HARISSA ARBI,16.0,BTE (0.45 KG),Epicerie,samedi,2024-12,A,35,23.0
JAMBON DE BOEUF FUME,5.85,KG (1 KG),Charcuterie,dimanche,2024-12,A,35,18.1
JAMBON DE DINDE,8.4,KG (1 KG),Charcuterie,dimanche,2024-12,A,35,34.15
JOUR ET NUIT ROUGE 1/2,6.0,PC (1 PC),Alcools,lundi,2024-12,C,35,48.0
LIPTON ICE TEA FRAMBOISE 33 CL,95.0,PC (1 PC),THE,lundi,2024-12,A,35,637.0
LOT CAFE GRAIN BARISTA,4.0,PC (1 KG),Cafe,jeudi,2024-12,A,35,121.0
MAIS EN VRAC,4.0,PC (1 KG),Legumes Frais,lundi,2024-12,C,35,9.0
MANCHE A BALAIS,8.0,PC (1 PC),Hygiène,vendredi,2024-12,B,35,20.0
NAPPAGE,1.0,PC (1 PC),Pâtisseries,vendredi,2024-12,C,35,14.0
NOISETTE GRILLEE CONCASSEE,1.0,PC (1 KG),Fruits Secs,lundi,2024-12,D,35,3.0
NUTELLA 600GR,66.0,PC (1 PC),Pâtisseries,lundi,2024-12,B,35,114.0
PAILLE BUBBLE TEA 12MM COLORE,1400.0,PC,Consommable,samedi,2024-12,C,35,1800.0
PAILLE NOIR,6.0,PQT (250 PC),Consommable,jeudi,2024-12,A,35,39.0
PEPPERONI,0.8999999999999999,KG,Charcuterie,samedi,2024-12,A,35,4.8
PERSIL,1.45,KG (1 KG),Legumes Frais,dimanche,2024-12,A,35,7.32999
PIMENT ROUGE SALLE,5.0,KG (1 KG),Epicerie,mardi,2024-12,B,35,20.0
PISTACHE CONCASSEE,1.0,PC (1000 GR),Fruits Secs,lundi,2024-12,C,35,4.0
POIVRE NOIR MOULU,1.0,PC (1 KG),Epicerie,dimanche,2024-12,B,35,3.0
PUREE ANANAS 1 L,1.0,PC (1 L),Epicerie,samedi,2024-12,D,35,2.0
PUREE DE BANANE 1L,1.0,PC (1 L),Epicerie,samedi,2024-12,D,35,2.0
PUREE DE KIWI 1.32KG MONIN,1.0,PC (1000 GR),Pâtisseries,samedi,2024-12,D,35,2.0
PUREE FRAISE 1.32KG MONIN,1.0,KG (1320 GR),Pâtisseries,samedi,2024-12,D,35,2.0
PUREE MANGUE 1L,1.0,PC (1 L),Epicerie,samedi,2024-12,D,35,2.0
RACLETTE,5.0,PC (1 PC),Hygiène,dimanche,2024-12,B,35,7.0
RAISIN NOIR,4.2,KG (1 KG),Fruits & Legumes Frais,lundi,2024-12,A,35,38.1
ROQUETTE SALADE BARQUETTE,3.15,KG (1 KG),Legumes Frais,lundi,2024-12,A,35,5.9
SAC SOUS VIDE LISSE 30*30,600.0,PC (1 PC),Consommable,samedi,2024-12,A,35,1100.0
SAC SOUS VIDE LISSE 40*40,600.0,PC (1 PC),Consommable,samedi,2024-12,B,35,900.0
SANEX,48.0,PC (1 PC),Hygiène,samedi,2024-12,A,35,100.0
SAUCE A L'AIL PB,8.0,KG (1 KG),Epicerie,dimanche,2024-12,A,35,11.0
SAUCE PESTO PB,2.0,PC (0.6 KG),Epicerie,jeudi,2024-12,A,35,5.0
SIROP DE CARAMEL 1L MONIN,2.0,PC (1000 ML),Pâtisseries,samedi,2024-12,B,35,5.0
SIROP DE NOISETTES GRILLEES 70CL MONIN,1.0,PC (700 ML),Pâtisseries,samedi,2024-12,D,35,2.0
VIANDE SECHE FUME (BRESAOLA) TRANCHES 300GR,2.1,KG (1000 GR),Viandes Fraiches,lundi,2024-12,A,35,11.0
VINAIGRE 1L,1.0,L (1000 GR),Epicerie,lundi,2024-12,D,35,12.0
AIL,1.85,KG (1 KG),Legumes Frais,lundi,2024-12,B,36,8.3
AMANDE EFFILEE,1.0,PC (1 KG),Fruits Secs,lundi,2024-12,B,36,4.0
ANANAS PCES,68.0,PC (1 PC),Fruits & Legumes Frais,mardi,2024-12,A,36,172.0
BACON BOEUF FUME TRANCHES ( 300GR),2.1,KG (1000 GR),Viandes Fraiches,mardi,2024-12,A,36,6.9
BACTYGEL 703 CF,1.0,BTL (1 BTL),Hygiène,mardi,2024-12,B,36,4.0
BASILIC BARQUETTE,2.2,KG,Legumes Frais,mardi,2024-12,A,36,11.05
BOITE FRAPPE VANILLE 1.36KG MONIN,1.0,KG,Pâtisseries,mercredi,2024-12,C,36,6.0
BOUTEILLE DE VINAIGRETTE 250ML,10.0,PC (250 GR),Epicerie,mardi,2024-12,A,36,16.0
CAPRE VRAC,2.0,KG,Legumes Frais,mardi,2024-12,B,36,9.0
CELTIA FUT DE 50L,2.0,PC (50 L),Alcools,mardi,2024-12,B,36,6.0
CITRON SALLE,7.0,KG,Legumes Frais,jeudi,2024-12,B,36,28.0
COIFFE EN PAPIER,300.0,PC,Hygiène,vendredi,2024-12,B,36,1100.0
CORNICHON FRAIS,2.0,KG,Legumes Frais,mardi,2024-12,B,36,12.0
COURGETTE,16.35,KG (1 KG),Legumes Frais,mardi,2024-12,A,36,28.6
COUTEAU A PAIN 21 CM,4.0,PC (1 PC),Accessoire & couvert,mardi,2024-12,D,36,4.0
CREVETTE 26/30 AVEC QUEUE  SURG.,2.0,KG,Poisson Surgelé_R,jeudi,2024-12,C,36,4.0
CUILLIERE NOIRE EJEM,2200.0,PC,Consommable,samedi,2024-12,A,36,4900.0
CURCUMIN MOULU,1.0,SCH (1 KG),Epicerie,lundi,2024-12,D,36,2.2
DATTE EN VRAC,1.75,KG,Fruits & Legumes Frais,mercredi,2024-12,B,36,18.3
EPINARD,5.5,KG (1 KG),Legumes Frais,samedi,2024-12,B,36,12.15
FOURCHETTE NOIRE EMBALEE EJEM,2000.0,PC,Consommable,mercredi,2024-12,A,36,10000.0
FROMAGE BLANC FONDU KG,6.6000000000000005,KG,Beurre Oeuf Fromage,mardi,2024-12,C,36,15.4
FROMAGE PARMESAN PB,1.8,KG (1 KG),Beurre Oeuf Fromage,mardi,2024-12,A,36,3.8
FUT HEINEKEIN,46.0,BTL (20 L),Alcools,vendredi,2024-12,B,36,240.0
GOBLET 9 0Z MF,1000.0,PC (1 PC),Consommable,lundi,2024-12,A,36,1600.0
HARISSA ARBI,12.0,BTE (0.45 KG),Epicerie,mardi,2024-12,A,36,23.0
JAMBON DE BOEUF FUME,6.199999999999999,KG (1 KG),Charcuterie,jeudi,2024-12,A,36,18.1
JAMBON DE DINDE,10.05,KG (1 KG),Charcuterie,jeudi,2024-12,A,36,34.15
JOUR ET NUIT ROUGE 1/2,18.0,PC (1 PC),Alcools,jeudi,2024-12,C,36,48.0
LIPTON ICE TEA FRAMBOISE 33 CL,121.0,PC (1 PC),THE,mardi,2024-12,A,36,637.0
LOT CAFE GRAIN BARISTA,10.0,PC (1 KG),Cafe,lundi,2024-12,A,36,121.0
MAIS EN VRAC,7.0,PC (1 KG),Legumes Frais,vendredi,2024-12,C,36,9.0
MARGARINE,9.0,KG,Beurre Oeuf Fromage,samedi,2024-12,B,36,13.5
MELANGE EPICES VIANDE 500GR PB,2.0,KG (1 KG),Epicerie,mardi,2024-12,D,36,2.0
NUTELLA 600GR,12.0,PC (1 PC),Pâtisseries,jeudi,2024-12,B,36,114.0
OIGNION VERT,4.55,KG,Legumes Frais,mardi,2024-12,D,36,11.15
PAILLE BUBBLE TEA 12MM COLORE,1000.0,PC,Consommable,vendredi,2024-12,C,36,1800.0
PAILLE NOIR,10.0,PQT (250 PC),Consommable,samedi,2024-12,A,36,39.0
PAPIER CUISSON 40*60,2.0,PC (250 PC),Consommable,mercredi,2024-12,C,36,4.0
PAPRIKA FORT,3.0,KG (1 KG),Epicerie,samedi,2024-12,C,36,3.0
PEPPERONI,1.5,KG (1 KG),Charcuterie,mercredi,2024-12,A,36,4.8
PERSIL,2.1,KG (1 KG),Legumes Frais,mardi,2024-12,A,36,7.32999
PIMENT ROUGE SALLE,5.0,KG (1 KG),Epicerie,jeudi,2024-12,B,36,20.0
POIVRE NOIR MOULU,2.0,PC (1 KG),Epicerie,mercredi,2024-12,B,36,3.0
QUATRE EPICES MOULU,1.0,PC (1 KG),Epicerie,lundi,2024-12,C,36,3.0
RACLETTE,1.0,PC (1 PC),Hygiène,mardi,2024-12,B,36,7.0
ROQUETTE SALADE BARQUETTE,2.5,KG,Legumes Frais,jeudi,2024-12,A,36,5.9
SAC SOUS VIDE LISSE 30*30,600.0,PC,Consommable,mardi,2024-12,A,36,1100.0
SAC SOUS VIDE LISSE 40*40,600.0,PC,Consommable,jeudi,2024-12,B,36,900.0
SANEX,44.0,PC (1 PC),Hygiène,mardi,2024-12,A,36,100.0
SAUCE A L'AIL PB,10.0,KG (1 KG),Epicerie,mardi,2024-12,A,36,11.0
SAUCE PESTO PB,5.0,PC (0.6 KG),Epicerie,mardi,2024-12,A,36,5.0
VIANDE SECHE FUME (BRESAOLA) TRANCHES 300GR,5.1,KG (1000 GR),Viandes Fraiches,mardi,2024-12,A,36,11.0
VINAIGRE 1L,2.0,L (1000 GR),Epicerie,mercredi,2024-12,D,36,12.0
AIL,1.45,KG (1 KG),Legumes Frais,samedi,2025-01,B,37,8.3
AMANDE EFFILEE,2.0,PC (1 KG),Fruits Secs,mercredi,2025-01,B,37,4.0
ANANAS PCES,59.0,PC (1 PC),Fruits & Legumes Frais,vendredi,2024-12,A,37,172.0
BACON BOEUF FUME TRANCHES ( 300GR),6.9,KG (1000 GR),Viandes Fraiches,vendredi,2024-12,A,37,6.9
BASILIC BARQUETTE,3.2,KG (1 KG),Legumes Frais,vendredi,2024-12,A,37,11.05
BOITE FRAPPE CAFE 1.36KG MONIN,1.0,BTE (1360 GR),Pâtisseries,dimanche,2025-01,C,37,6.0
BOITE FRAPPE VANILLE 1.36KG MONIN,1.0,KG,Pâtisseries,dimanche,2025-01,C,37,6.0
BOUTEILLE DE VINAIGRETTE 250ML,12.0,PC (250 GR),Epicerie,samedi,2024-12,A,37,16.0
CAPRE VRAC,3.0,KG,Legumes Frais,lundi,2024-12,B,37,9.0
CELTIA FUT DE 50L,3.0,PC (50 L),Alcools,dimanche,2024-12,B,37,6.0
CHOCOLAT CHAUD EN POUDRE,1.0,KG (1 KG),Cafe,dimanche,2024-12,B,37,7.0
CHOUX ROUGE,3.5,KG (1 KG),Legumes Frais,vendredi,2024-12,A,37,9.6
CITRON SALLE,3.0,SEAU (7 KG),Legumes Frais,mercredi,2025-01,B,37,28.0
COIFFE EN PAPIER,900.0,SCH (100 PC),Hygiène,vendredi,2024-12,B,37,1100.0
CORNICHON FRAIS,2.0,SEAU (3 KG),Legumes Frais,lundi,2024-12,B,37,12.0
COURGETTE,16.75,KG (1 KG),Legumes Frais,samedi,2024-12,A,37,28.6
COUTEAU A PAIN 21 CM,1.0,PC (1 PC),Accessoire & couvert,dimanche,2024-12,D,37,4.0
CREVETTE 26/30 AVEC QUEUE  SURG.,2.0,KG (1 KG),Poisson Surgelé_R,mardi,2024-12,C,37,4.0
CUILLIERE NOIRE EJEM,24.0,SCH (100 PC),Consommable,dimanche,2024-12,A,37,4900.0
CURCUMIN MOULU,1.0,SCH (1 KG),Epicerie,vendredi,2024-12,D,37,2.2
DATTE EN VRAC,4.6,KG (1 KG),Fruits & Legumes Frais,mercredi,2025-01,B,37,18.3
EPINARD,3.8,KG (1 KG),Legumes Frais,vendredi,2024-12,B,37,12.15
FOURCHETTE NOIRE EMBALEE EJEM,5.0,SCH (1000 PC),Consommable,samedi,2024-12,A,37,10000.0
FROMAGE BLANC FONDU KG,8.8,KG (1 KG),Beurre Oeuf Fromage,samedi,2024-12,C,37,15.4
FROMAGE PARMESAN PB,1.4,KG (1 KG),Beurre Oeuf Fromage,samedi,2024-12,A,37,3.8
FUT HEINEKEIN,9.0,BTL (20 L),Alcools,vendredi,2024-12,B,37,240.0
GOBLET 9 0Z MF,1000.0,PC (1 PC),Consommable,dimanche,2024-12,A,37,1600.0
HARISSA ARBI,9.0,BTE (0.45 KG),Epicerie,samedi,2025-01,A,37,23.0
JAMBON DE BOEUF FUME,6.4,KG (1 KG),Charcuterie,dimanche,2024-12,A,37,18.1
JAMBON DE DINDE,19.2,KG (1 KG),Charcuterie,samedi,2024-12,A,37,34.15
JOUR ET NUIT ROUGE 1/2,5.0,PC (1 PC),Alcools,jeudi,2025-01,C,37,48.0
LENTILLE VRAC,2.0,PC (1 PC),Legumes Secs,samedi,2025-01,D,37,3.0
LIPTON ICE TEA FRAMBOISE 33 CL,76.0,PC,THE,mardi,2024-12,A,37,637.0
LOT DE CAFE TURC,0.5,PC (1 KG),Cafe,mercredi,2025-01,D,37,3.0
MAIS EN VRAC,1.0,PC (1 KG),Legumes Frais,jeudi,2025-01,C,37,9.0
MANCHE A BALAIS,4.0,PC (1 PC),Hygiène,dimanche,2024-12,B,37,20.0
MARGARINE,9.0,KG (1 KG),Beurre Oeuf Fromage,mardi,2024-12,B,37,13.5
NAPPAGE,2.0,PC (1 PC),Pâtisseries,mercredi,2025-01,C,37,14.0
NUTELLA 600GR,110.0,PC (1 PC),Pâtisseries,vendredi,2024-12,B,37,114.0
OIGNION VERT,11.15,KG (1 KG),Legumes Frais,lundi,2024-12,D,37,11.15
PAILLE BUBBLE TEA 12MM COLORE,603.0,PC,Consommable,samedi,2024-12,C,37,1800.0
PAILLE NOIR,12.0,PQT (250 PC),Consommable,samedi,2024-12,A,37,39.0
PAPIER CUISSON 40*60,3.0,PQT (500 PC),Consommable,mercredi,2025-01,C,37,4.0
PAPRIKA FORT,2.0,KG (1 KG),Epicerie,vendredi,2025-01,C,37,3.0
PEPPERONI,0.6,KG (1 KG),Charcuterie,mercredi,2025-01,A,37,4.8
PERSIL,3.95,KG (1 KG),Legumes Frais,vendredi,2024-12,A,37,7.32999
PIMENT ROUGE SALLE,10.0,KG (1 KG),Epicerie,mardi,2024-12,B,37,20.0
POCHETTE CROISSANT 15*7*29,2.0,PC (1000 PC),Consommable,samedi,2024-12,C,37,4.0
POIVRE NOIR MOULU,1.0,PC (1 KG),Epicerie,lundi,2024-12,B,37,3.0
PUREE ANANAS 1 L,1.0,PC (1 L),Epicerie,vendredi,2025-01,D,37,2.0
PUREE DE BANANE 1L,1.0,PC (1 L),Epicerie,dimanche,2025-01,D,37,2.0
PUREE FRAISE 1.32KG MONIN,1.0,KG (1320 GR),Pâtisseries,dimanche,2025-01,D,37,2.0
PUREE MANGUE 1L,1.0,PC (1 L),Epicerie,dimanche,2025-01,D,37,2.0
QUATRE EPICES MOULU,1.0,PC (1 KG),Epicerie,vendredi,2025-01,C,37,3.0
RACLETTE,3.0,PC (1 PC),Hygiène,dimanche,2024-12,B,37,7.0
ROQUETTE FRAIS EN KG,1.3,KG,Legumes Frais,samedi,2025-01,B,37,9.9
ROQUETTE SALADE BARQUETTE,2.6,KG,Legumes Frais,vendredi,2024-12,A,37,5.9
ROULEAU DE 750 ETIQUETTE BLANC,4.0,PC,Consommable,mardi,2024-12,C,37,16.0
ROULEAU THERMIQUE BALANCE,4.0,PC (1 PC),Fournitures de Bureau,vendredi,2024-12,D,37,30.0
SAC SOUS VIDE LISSE 20*30,600.0,SAC (100 PC),Consommable,vendredi,2024-12,A,37,1800.0
SAC SOUS VIDE LISSE 30*30,800.0,SAC (100 PC),Consommable,vendredi,2024-12,A,37,1100.0
SAC SOUS VIDE LISSE 40*40,200.0,SAC (100 PC),Consommable,samedi,2024-12,B,37,900.0
SANEX,27.0,PC (1 PC),Hygiène,vendredi,2024-12,A,37,100.0
SAUCE A L'AIL PB,8.0,KG (1 KG),Epicerie,samedi,2024-12,A,37,11.0
SAUCE PESTO PB,5.0,PC (0.6 KG),Epicerie,samedi,2024-12,A,37,5.0
SIROP DE VANILLE 1L MONIN,1.0,PC (700 ML),Pâtisseries,dimanche,2025-01,C,37,3.0
TOMATES SECHEES,0.3,PC (1000 GR),Epicerie,mercredi,2025-01,B,37,5.0
VARIANTES,7.0,KG,Legumes Frais,dimanche,2024-12,D,37,10.0
VIANDE SECHE FUME (BRESAOLA) TRANCHES 300GR,9.3,KG (1000 GR),Viandes Fraiches,vendredi,2024-12,A,37,11.0
VINAIGRE CREME DE BALSAMIQUE,4.0,BTL (500 ML),Epicerie,vendredi,2025-01,D,37,9.0
AIL,3.0,KG (1 KG),Legumes Frais,mercredi,2025-01,B,38,8.3
AIL EN POUDRE,1.0,KG (1 KG),Fruits & Legumes Frais,vendredi,2025-01,C,38,2.0
AMANDE EFFILEE,2.0,PC (1 KG),Fruits Secs,jeudi,2025-01,B,38,4.0
ANANAS PCES,30.0,PC (1 PC),Fruits & Legumes Frais,vendredi,2025-01,A,38,172.0
BACON BOEUF FUME TRANCHES ( 300GR),3.9,KG (1000 GR),Viandes Fraiches,lundi,2025-01,A,38,6.9
BACTYGEL 703 CF,3.0,BTL (1 BTL),Hygiène,lundi,2025-01,B,38,4.0
BASILIC BARQUETTE,3.8,KG (1 KG),Legumes Frais,mardi,2025-01,A,38,11.05
BOITE FRAPPE VANILLE 1.36KG MONIN,2.0,KG,Pâtisseries,lundi,2025-01,C,38,6.0
BOUTEILLE DE VINAIGRETTE 250ML,8.0,PC (250 GR),Epicerie,mardi,2025-01,A,38,16.0
CAPRE VRAC,1.0,SEAU (2 KG),Legumes Frais,dimanche,2025-01,B,38,9.0
CELTIA FUT DE 50L,2.0,PC (50 L),Alcools,vendredi,2025-01,B,38,6.0
CHAPLUR,10.0,PC (1 KG),Epicerie,vendredi,2025-01,C,38,16.0
CHOCOLAT CHAUD EN POUDRE,7.0,KG (1 KG),Cafe,lundi,2025-01,B,38,7.0
CHORBA FRIK,5.0,PQT (0.5 KG),Epicerie,lundi,2025-01,D,38,23.0
CHOUX ROUGE,3.75,KG (1 KG),Legumes Frais,mardi,2025-01,A,38,9.6
CITRON SALLE,3.0,SEAU (7 KG),Legumes Frais,lundi,2025-01,B,38,28.0
COIFFE EN PAPIER,200.0,PC,Hygiène,vendredi,2025-01,B,38,1100.0
CORNICHON FRAIS,1.0,SEAU (2 KG),Legumes Frais,jeudi,2025-01,B,38,12.0
COURGETTE,17.75,KG (1 KG),Legumes Frais,lundi,2025-01,A,38,28.6
CREVETTE 26/30 AVEC QUEUE  SURG.,3.0,KG,Poisson Surgelé_R,jeudi,2025-01,C,38,4.0
CUILLIERE NOIRE EJEM,19.0,SCH (100 PC),Consommable,lundi,2025-01,A,38,4900.0
CURCUMIN MOULU,2.2,SCH (1 KG),Epicerie,jeudi,2025-01,D,38,2.2
DATTE EN VRAC,2.0,KG (1 KG),Fruits & Legumes Frais,lundi,2025-01,B,38,18.3
EPINARD,4.25,KG (1 KG),Legumes Frais,mercredi,2025-01,B,38,12.15
FOURCHETTE NOIRE EMBALEE EJEM,2.0,SCH (1000 PC),Consommable,jeudi,2025-01,A,38,10000.0
FROMAGE BLANC FONDU KG,6.6000000000000005,KG (1 KG),Beurre Oeuf Fromage,mercredi,2025-01,C,38,15.4
FROMAGE PARMESAN PB,1.8,KG (1 KG),Beurre Oeuf Fromage,mardi,2025-01,A,38,3.8
FUT HEINEKEIN,9.0,BTL (20 L),Alcools,lundi,2025-01,B,38,240.0
HARISSA ARBI,16.0,BTE (0.45 KG),Epicerie,lundi,2025-01,A,38,23.0
JAMBON DE BOEUF FUME,8.6,KG (1 KG),Charcuterie,mardi,2025-01,A,38,18.1
JAMBON DE DINDE,12.2,KG (1 KG),Charcuterie,mardi,2025-01,A,38,34.15
JOUR ET NUIT ROUGE 1/2,6.0,PC (1 PC),Alcools,vendredi,2025-01,C,38,48.0
LENTILLE VRAC,1.0,PC (1 PC),Legumes Secs,jeudi,2025-01,D,38,3.0
LIPTON ICE TEA FRAMBOISE 33 CL,139.0,PC (1 PC),THE,lundi,2025-01,A,38,637.0
LOT CAFE GRAIN BARISTA,17.0,PC (1 KG),Cafe,vendredi,2025-01,A,38,121.0
LOT DE CAFE TURC,1.0,PC (1 KG),Cafe,vendredi,2025-01,D,38,3.0
MAIS EN VRAC,4.0,PC (1 KG),Legumes Frais,vendredi,2025-01,C,38,9.0
MANCHE A BALAIS,2.0,PC (1 PC),Hygiène,jeudi,2025-01,B,38,20.0
MARGARINE,9.0,KG (1 KG),Beurre Oeuf Fromage,jeudi,2025-01,B,38,13.5
MENTHE SECHE,0.12,KG (1 KG),Epicerie,lundi,2025-01,D,38,2.0
NAPPAGE,1.0,PC (1 PC),Pâtisseries,mardi,2025-01,C,38,14.0
NOISETTE GRILLEE CONCASSEE,2.0,PC (1 KG),Fruits Secs,lundi,2025-01,D,38,3.0
NUTELLA 600GR,1.0,PC,Pâtisseries,lundi,2025-01,B,38,114.0
OIGNION VERT,3.45,KG (1 KG),Legumes Frais,mardi,2025-01,D,38,11.15
PAILLE BUBBLE TEA 12MM COLORE,7.0,SCH (200 PC),Consommable,lundi,2025-01,C,38,1800.0
PAILLE NOIR,8.0,PQT (250 PC),Consommable,lundi,2025-01,A,38,39.0
PAPRIKA DOUX,3.0,KG (1 KG),Epicerie,vendredi,2025-01,C,38,3.0
PAPRIKA FORT,2.0,KG (1 KG),Epicerie,lundi,2025-01,C,38,3.0
PEPPERONI,0.6,KG (1 KG),Charcuterie,lundi,2025-01,A,38,4.8
PERSIL,1.4500000000000002,KG (1 KG),Legumes Frais,jeudi,2025-01,A,38,7.32999
PIMENT ROUGE SALLE,10.0,KG (1 KG),Epicerie,jeudi,2025-01,B,38,20.0
POIVRE NOIR MOULU,2.0,PC (1 KG),Epicerie,lundi,2025-01,B,38,3.0
QUATRE EPICES MOULU,2.0,PC (1 KG),Epicerie,lundi,2025-01,C,38,3.0
RACLETTE,1.0,PC (1 PC),Hygiène,jeudi,2025-01,B,38,7.0
ROQUETTE FRAIS EN KG,1.4,KG (1 KG),Legumes Frais,mercredi,2025-01,B,38,9.9
ROULEAU DE 750 ETIQUETTE BLANC,1.0,PC,Consommable,lundi,2025-01,C,38,16.0
SAC SOUS VIDE LISSE 20*30,400.0,SAC (100 PC),Consommable,mardi,2025-01,A,38,1800.0
SAC SOUS VIDE LISSE 30*30,800.0,SAC (100 PC),Consommable,mardi,2025-01,A,38,1100.0
SAC SOUS VIDE LISSE 40*40,400.0,SAC (100 PC),Consommable,mardi,2025-01,B,38,900.0
SANEX,13.0,PC (1 PC),Hygiène,lundi,2025-01,A,38,100.0
SAUCE A L'AIL PB,8.0,KG (1 KG),Epicerie,mardi,2025-01,A,38,11.0
SAUCE PESTO PB,4.0,PC (0.6 KG),Epicerie,mardi,2025-01,A,38,5.0
SIROP DE CARAMEL 1L MONIN,3.0,PC (1000 ML),Pâtisseries,vendredi,2025-01,B,38,5.0
SIROP DE VANILLE 1L MONIN,3.0,PC (700 ML),Pâtisseries,vendredi,2025-01,C,38,3.0
THYM MOULU,1.0,PC (1 KG),Epicerie,vendredi,2025-01,D,38,2.0
TOMATES SECHEES,0.2,PC (1000 GR),Epicerie,vendredi,2025-01,B,38,5.0
VARIANTES,1.0,SEAU (7 KG),Legumes Frais,lundi,2025-01,D,38,10.0
VIANDE SECHE FUME (BRESAOLA) TRANCHES 300GR,5.4,KG (1000 GR),Viandes Fraiches,lundi,2025-01,A,38,11.0
AIL,1.0,KG,Legumes Frais,lundi,2025-01,B,39,8.3
AIL EN POUDRE,2.0,KG (1 KG),Fruits & Legumes Frais,lundi,2025-01,C,39,2.0
AMANDE EFFILEE,2.0,PC (1 KG),Fruits Secs,samedi,2025-01,B,39,4.0
ANANAS PCES,51.0,PC (1 PC),Fruits & Legumes Frais,jeudi,2025-01,A,39,172.0
BACON BOEUF FUME TRANCHES ( 300GR),1.8,KG (1000 GR),Viandes Fraiches,vendredi,2025-01,A,39,6.9
BACTYGEL 703 CF,2.0,BTL,Hygiène,samedi,2025-01,B,39,4.0
BASILIC BARQUETTE,4.05,KG (1 KG),Legumes Frais,vendredi,2025-01,A,39,11.05
BOUTEILLE DE VINAIGRETTE 250ML,10.0,PC (250 GR),Epicerie,jeudi,2025-01,A,39,16.0
CAPRE VRAC,2.0,SEAU (2 KG),Legumes Frais,jeudi,2025-01,B,39,9.0
CELTIA FUT DE 50L,2.0,PC (50 L),Alcools,vendredi,2025-01,B,39,6.0
CHAPLUR,5.0,PC (1 KG),Epicerie,mardi,2025-01,C,39,16.0
CHOCOLAT CHAUD EN POUDRE,2.0,KG (1 KG),Cafe,lundi,2025-01,B,39,7.0
CHORBA FRIK,1.0,PQT (0.5 KG),Epicerie,dimanche,2025-01,D,39,23.0
CHOUX ROUGE,3.5,KG (1 KG),Legumes Frais,vendredi,2025-01,A,39,9.6
CITRON SALLE,2.0,SEAU (3 KG),Legumes Frais,vendredi,2025-01,B,39,28.0
COIFFE EN PAPIER,200.0,SCH (100 PC),Hygiène,jeudi,2025-01,B,39,1100.0
CORNICHON FRAIS,1.0,SEAU (2 KG),Legumes Frais,vendredi,2025-01,B,39,12.0
COURGETTE,23.35,KG (1 KG),Legumes Frais,vendredi,2025-01,A,39,28.6
CREVETTE 26/30 AVEC QUEUE  SURG.,3.0,KG (1 KG),Poisson Surgelé_R,jeudi,2025-01,C,39,4.0
CUILLIERE NOIRE EJEM,35.0,SCH (100 PC),Consommable,jeudi,2025-01,A,39,4900.0
EPINARD,0.6,KG (1 KG),Legumes Frais,mercredi,2025-01,B,39,12.15
FOURCHETTE NOIRE EMBALEE EJEM,7.0,SCH (1000 PC),Consommable,samedi,2025-01,A,39,10000.0
FROMAGE BLANC FONDU KG,2.2,KG,Beurre Oeuf Fromage,samedi,2025-01,C,39,15.4
FROMAGE BUCHE BLANCHE CHEVRE KG,1.0,KG (1 KG),Beurre Oeuf Fromage,vendredi,2025-01,B,39,5.0
FROMAGE GORGONZELA,2.0,PC (150 GR),Beurre Oeuf Fromage,vendredi,2025-01,A,39,13.0
FROMAGE PARMESAN PB,1.2000000000000002,KG (1 KG),Beurre Oeuf Fromage,samedi,2025-01,A,39,3.8
FUT HEINEKEIN,6.0,BTL (20 L),Alcools,jeudi,2025-01,B,39,240.0
HARISSA ARBI,17.0,BTE (0.45 KG),Epicerie,vendredi,2025-01,A,39,23.0
JAMBON DE BOEUF FUME,4.5,KG (1 KG),Charcuterie,samedi,2025-01,A,39,18.1
JAMBON DE DINDE,18.1,KG (1 KG),Charcuterie,vendredi,2025-01,A,39,34.15
JOUR ET NUIT ROUGE 1/2,16.0,PC (1 PC),Alcools,mardi,2025-01,C,39,48.0
LENTILLE VRAC,2.0,PC (1 KG),Legumes Secs,mardi,2025-01,D,39,3.0
LIPTON ICE TEA FRAMBOISE 33 CL,75.0,PC (1 PC),THE,vendredi,2025-01,A,39,637.0
LOT CAFE GRAIN BARISTA,14.0,PC (1 KG),Cafe,jeudi,2025-01,A,39,121.0
MAIS EN VRAC,1.0,PC (1 KG),Legumes Frais,mercredi,2025-01,C,39,9.0
MANCHE A BALAIS,4.0,PC (1 PC),Hygiène,vendredi,2025-01,B,39,20.0
MARGARINE,9.0,KG,Beurre Oeuf Fromage,vendredi,2025-01,B,39,13.5
MOZARELLA BOCCONCINI,4.0,PC (200 GR),Beurre Oeuf Fromage,lundi,2025-01,D,39,23.0
NAPPAGE,2.0,PC (1 PC),Pâtisseries,mercredi,2025-01,C,39,14.0
NUTELLA 600GR,1.0,PC,Pâtisseries,jeudi,2025-01,B,39,114.0
OIGNION VERT,2.6,KG (1 KG),Legumes Frais,mercredi,2025-01,D,39,11.15
PAILLE NOIR,14.0,PQT (250 PC),Consommable,samedi,2025-01,A,39,39.0
PAPIER ALUM DE 100,1.0,PC (1 PC),Consommable,samedi,2025-01,B,39,9.0
PAPIER CUISSON 40*60,2.0,PQT (500 PC),Consommable,vendredi,2025-01,C,39,4.0
PAPRIKA FORT,2.0,KG (1 KG),Epicerie,mercredi,2025-01,C,39,3.0
PEPPERONI,0.3,KG (1 KG),Charcuterie,samedi,2025-01,A,39,4.8
PERSIL,2.7,KG (1 KG),Legumes Frais,vendredi,2025-01,A,39,7.32999
PIMENT ROUGE SALLE,15.0,KG (1 KG),Epicerie,vendredi,2025-01,B,39,20.0
PISTACHE CONCASSEE,1.0,PC (1000 GR),Fruits Secs,jeudi,2025-01,C,39,4.0
POCHETTE CROISSANT 15*7*29,2.0,PC (1000 PC),Consommable,dimanche,2025-01,C,39,4.0
POIVRE NOIR MOULU,1.0,PC (1 KG),Epicerie,vendredi,2025-01,B,39,3.0
QUATRE EPICES MOULU,1.0,PC (1 KG),Epicerie,lundi,2025-01,C,39,3.0
RACLETTE,3.0,PC (1 PC),Hygiène,dimanche,2025-01,B,39,7.0
ROQUETTE SALADE BARQUETTE,2.45,KG (1 KG),Legumes Frais,lundi,2025-01,A,39,5.9
ROULEAU DE 750 ETIQUETTE BLANC,3.0,PC (1 PC),Consommable,samedi,2025-01,C,39,16.0
SAC SOUS VIDE LISSE 20*30,400.0,SAC (100 PC),Consommable,jeudi,2025-01,A,39,1800.0
SAC SOUS VIDE LISSE 30*30,400.0,SAC (100 PC),Consommable,jeudi,2025-01,A,39,1100.0
SAC SOUS VIDE LISSE 40*40,200.0,SAC (100 PC),Consommable,mercredi,2025-01,B,39,900.0
SANEX,8.0,PC (1 PC),Hygiène,samedi,2025-01,A,39,100.0
SAUCE A L'AIL PB,8.0,KG (1 KG),Epicerie,jeudi,2025-01,A,39,11.0
SAUCE PESTO PB,5.0,PC (0.6 KG),Epicerie,jeudi,2025-01,A,39,5.0
SIROP DE CARAMEL 1L MONIN,1.0,PC (1000 ML),Pâtisseries,samedi,2025-01,B,39,5.0
SIROP DE NOISETTES GRILLEES 70CL MONIN,1.0,PC (700 ML),Pâtisseries,samedi,2025-01,D,39,2.0
SIROP DE VANILLE 1L MONIN,1.0,PC (700 ML),Pâtisseries,samedi,2025-01,C,39,3.0
TOQUE CHEF,1.0,PC,Hygiène,mercredi,2025-01,C,39,6.0
VIANDE SECHE FUME (BRESAOLA) TRANCHES 300GR,5.1,KG (1000 GR),Viandes Fraiches,jeudi,2025-01,A,39,11.0
VINAIGRE CREME DE BALSAMIQUE,3.0,BTL (500 ML),Epicerie,vendredi,2025-01,D,39,9.0
AIL,1.3,KG (1 KG),Legumes Frais,jeudi,2025-01,B,40,8.3
AIL EN POUDRE,1.0,KG (1 KG),Fruits & Legumes Frais,mardi,2025-01,C,40,2.0
AMANDE EFFILEE,1.0,PC (1 KG),Fruits Secs,vendredi,2025-01,B,40,4.0
ANANAS PCES,20.0,PC (1 PC),Fruits & Legumes Frais,dimanche,2025-01,A,40,172.0
BACON BOEUF FUME TRANCHES ( 300GR),1.7999999999999998,KG (1000 GR),Viandes Fraiches,vendredi,2025-01,A,40,6.9
BACTYGEL 703 CF,4.0,BTL,Hygiène,samedi,2025-02,B,40,4.0
BASILIC BARQUETTE,2.7,KG (1 KG),Legumes Frais,mardi,2025-01,A,40,11.05
BOITE FRAPPE CAFE 1.36KG MONIN,2.0,BTE (1360 GR),Pâtisseries,dimanche,2025-01,C,40,6.0
BOITE FRAPPE VANILLE 1.36KG MONIN,2.0,KG,Pâtisseries,mercredi,2025-01,C,40,6.0
BOUTEILLE DE VINAIGRETTE 250ML,6.0,PC (250 GR),Epicerie,mardi,2025-01,A,40,16.0
CAPRE VRAC,1.0,SEAU (2 KG),Legumes Frais,lundi,2025-01,B,40,9.0
CELTIA FUT DE 50L,1.0,PC (50 L),Alcools,jeudi,2025-01,B,40,6.0
CHORBA FRIK,4.0,PQT (0.5 KG),Epicerie,mercredi,2025-01,D,40,23.0
CHOUX ROUGE,5.3,KG (1 KG),Legumes Frais,lundi,2025-01,A,40,9.6
CITRON SALLE,1.0,SEAU (7 KG),Legumes Frais,lundi,2025-02,B,40,28.0
COIFFE EN PAPIER,802.0,SCH (100 PC),Hygiène,mardi,2025-01,B,40,1100.0
CORNICHON FRAIS,1.0,SEAU (2 KG),Legumes Frais,mardi,2025-01,B,40,12.0
COURGETTE,11.7,KG (1 KG),Legumes Frais,mercredi,2025-01,A,40,28.6
COUTEAU A PAIN 21 CM,2.0,PC (1 PC),Accessoire & couvert,lundi,2025-02,D,40,4.0
CREVETTE 26/30 AVEC QUEUE  SURG.,2.0,KG (1 KG),Poisson Surgelé_R,mercredi,2025-01,C,40,4.0
CUILLIERE NOIRE EJEM,19.0,SCH (100 PC),Consommable,dimanche,2025-01,A,40,4900.0
CURCUMIN MOULU,2.0,SCH (1 KG),Epicerie,lundi,2025-01,D,40,2.2
DATTE EN VRAC,4.0,KG,Fruits & Legumes Frais,mercredi,2025-01,B,40,18.3
EPINARD,12.15,KG,Legumes Frais,mardi,2025-01,B,40,12.15
FOURCHETTE NOIRE EMBALEE EJEM,1.0,SCH (1000 PC),Consommable,samedi,2025-02,A,40,10000.0
FROMAGE BLANC FONDU KG,6.6000000000000005,KG (1 KG),Beurre Oeuf Fromage,mercredi,2025-01,C,40,15.4
FROMAGE BUCHE BLANCHE CHEVRE KG,2.0,KG (1 KG),Beurre Oeuf Fromage,vendredi,2025-01,B,40,5.0
FROMAGE GORGONZELA,5.0,PC (150 GR),Beurre Oeuf Fromage,mercredi,2025-01,A,40,13.0
FROMAGE PARMESAN PB,1.6,KG (1 KG),Beurre Oeuf Fromage,mardi,2025-01,A,40,3.8
FUT HEINEKEIN,6.0,BTL (20 L),Alcools,lundi,2025-01,B,40,240.0
GOBLET 9 0Z MF,1000.0,PC (1 PC),Consommable,jeudi,2025-01,A,40,1600.0
HARISSA ARBI,17.0,BTE (0.45 KG),Epicerie,mardi,2025-01,A,40,23.0
JAMBON DE BOEUF FUME,5.9,KG (1 KG),Charcuterie,dimanche,2025-01,A,40,18.1
JAMBON DE DINDE,18.29,KG (1 KG),Charcuterie,lundi,2025-01,A,40,34.15
JOUR ET NUIT ROUGE 1/2,15.0,PC (1 PC),Alcools,jeudi,2025-01,C,40,48.0
LENTILLE VRAC,2.0,PC (1 KG),Legumes Secs,lundi,2025-01,D,40,3.0
LIPTON ICE TEA FRAMBOISE 33 CL,55.0,PC (1 PC),THE,lundi,2025-01,A,40,637.0
LOT CAFE GRAIN BARISTA,34.0,PC (1 KG),Cafe,dimanche,2025-02,A,40,121.0
LOT DE CAFE TURC,0.5,PC (1 KG),Cafe,mercredi,2025-01,D,40,3.0
MAIS EN VRAC,6.0,PC (1 KG),Legumes Frais,lundi,2025-01,C,40,9.0
MANCHE A BALAIS,20.0,PC,Hygiène,lundi,2025-01,B,40,20.0
MARGARINE,2.0,SEAU (4.5 KG),Beurre Oeuf Fromage,mercredi,2025-01,B,40,13.5
MELANGE EPICES VIANDE 500GR PB,1.0,KG (1 KG),Epicerie,jeudi,2025-01,D,40,2.0
MOUSSE CHOCOLAT,1.0,PC,Pâtisseries,mercredi,2025-01,D,40,4.0
MOZARELLA BOCCONCINI,8.0,PC (200 GR),Beurre Oeuf Fromage,mercredi,2025-01,D,40,23.0
NUTELLA 600GR,16.0,PC,Pâtisseries,jeudi,2025-01,B,40,114.0
OIGNION VERT,1.15,KG,Legumes Frais,lundi,2025-02,D,40,11.15
PAILLE NOIR,12.0,PQT (250 PC),Consommable,mardi,2025-01,A,40,39.0
PAPIER CUISSON 40*60,1.0,PQT (500 PC),Consommable,vendredi,2025-01,C,40,4.0
PAPRIKA FORT,2.0,KG (1 KG),Epicerie,mercredi,2025-01,C,40,3.0
PEPPERONI,0.6,KG (1 KG),Charcuterie,dimanche,2025-01,A,40,4.8
PERSIL,2.8,KG (1 KG),Legumes Frais,lundi,2025-01,A,40,7.32999
PIMENT ROUGE SALLE,10.0,KG (1 KG),Epicerie,lundi,2025-01,B,40,20.0
PISTACHE CONCASSEE,1.0,PC (1000 GR),Fruits Secs,mercredi,2025-01,C,40,4.0
POIVRE NOIR MOULU,2.0,PC (1 KG),Epicerie,jeudi,2025-01,B,40,3.0
PUREE ANANAS 1 L,1.0,PC (1 L),Epicerie,mercredi,2025-01,D,40,2.0
PUREE DE BANANE 1L,1.0,PC (1 L),Epicerie,mercredi,2025-01,D,40,2.0
PUREE FRAISE 1.32KG MONIN,1.0,KG (1320 GR),Pâtisseries,mercredi,2025-01,D,40,2.0
PUREE MANGUE 1L,1.0,PC (1 L),Epicerie,mercredi,2025-01,D,40,2.0
QUATRE EPICES MOULU,1.0,PC (1 KG),Epicerie,lundi,2025-01,C,40,3.0
RACLETTE,5.0,PC (1 PC),Hygiène,lundi,2025-01,B,40,7.0
ROQUETTE SALADE BARQUETTE,5.2,KG,Legumes Frais,dimanche,2025-01,A,40,5.9
SAC SOUS VIDE LISSE 20*30,600.0,SAC (100 PC),Consommable,dimanche,2025-01,A,40,1800.0
SAC SOUS VIDE LISSE 30*30,500.0,SAC (100 PC),Consommable,mercredi,2025-01,A,40,1100.0
SAC SOUS VIDE LISSE 40*40,300.0,SAC (100 PC),Consommable,dimanche,2025-01,B,40,900.0
SANEX,5.0,PC (1 PC),Hygiène,mardi,2025-01,A,40,100.0
SAUCE A L'AIL PB,4.0,KG (1 KG),Epicerie,mardi,2025-01,A,40,11.0
SAUCE PESTO PB,4.0,PC (0.6 KG),Epicerie,mardi,2025-01,A,40,5.0
TOMATES SECHEES,1.0,PC (1000 GR),Epicerie,mardi,2025-01,B,40,5.0
VARIANTES,1.0,SEAU (7 KG),Legumes Frais,lundi,2025-02,D,40,10.0
VIANDE SECHE FUME (BRESAOLA) TRANCHES 300GR,3.9,KG (1000 GR),Viandes Fraiches,dimanche,2025-01,A,40,11.0
VINAIGRE CREME DE BALSAMIQUE,4.0,BTL (500 ML),Epicerie,mardi,2025-01,D,40,9.0
sucre en buchette MF 10kg,1.0,KG (1 KG),Cafe,jeudi,2025-01,C,40,10.0
AIL,2.3,KG (1 KG),Legumes Frais,jeudi,2025-02,B,41,8.3
AMANDE EFFILEE,1.0,PC (1 KG),Fruits Secs,vendredi,2025-02,B,41,4.0
ANANAS PCES,25.0,PC (1 PC),Fruits & Legumes Frais,mercredi,2025-02,A,41,172.0
BACON BOEUF FUME TRANCHES ( 300GR),3.5,KG (1000 GR),Viandes Fraiches,vendredi,2025-02,A,41,6.9
BACTYGEL 703 CF,1.0,BTL (1 BTL),Hygiène,mercredi,2025-02,B,41,4.0
BASILIC BARQUETTE,4.050000000000001,KG (1 KG),Legumes Frais,mercredi,2025-02,A,41,11.05
BOITE FRAPPE VANILLE 1.36KG MONIN,2.0,BTE (1.36 KG),Pâtisseries,jeudi,2025-02,C,41,6.0
BOUTEILLE DE VINAIGRETTE 250ML,4.0,PC (250 GR),Epicerie,jeudi,2025-02,A,41,16.0
CELTIA FUT DE 50L,3.0,PC (50 L),Alcools,vendredi,2025-02,B,41,6.0
CHAPLUR,12.0,PC (1 KG),Epicerie,mardi,2025-02,C,41,16.0
CHORBA FRIK,12.0,PQT (0.5 KG),Epicerie,mercredi,2025-02,D,41,23.0
CHOUX ROUGE,6.199999999999999,KG (1 KG),Legumes Frais,mercredi,2025-02,A,41,9.6
CITRON SALLE,1.0,SEAU (7 KG),Legumes Frais,lundi,2025-02,B,41,28.0
COIFFE EN PAPIER,6.0,SCH (100 PC),Hygiène,vendredi,2025-02,B,41,1100.0
COURGETTE,26.75,KG (1 KG),Legumes Frais,mercredi,2025-02,A,41,28.6
CREVETTE 26/30 AVEC QUEUE  SURG.,2.0,KG,Poisson Surgelé_R,jeudi,2025-02,C,41,4.0
CUILLIERE NOIRE EJEM,33.0,SCH (100 PC),Consommable,mercredi,2025-02,A,41,4900.0
CURCUMIN MOULU,2.0,SCH (1 KG),Epicerie,jeudi,2025-02,D,41,2.2
EPINARD,4.0,KG (1 KG),Legumes Frais,lundi,2025-02,B,41,12.15
FOURCHETTE NOIRE EMBALEE EJEM,4.0,SCH (1000 PC),Consommable,dimanche,2025-02,A,41,10000.0
FROMAGE BLANC FONDU KG,4.4,KG (1 KG),Beurre Oeuf Fromage,vendredi,2025-02,C,41,15.4
FROMAGE GORGONZELA,13.0,PC (150 GR),Beurre Oeuf Fromage,jeudi,2025-02,A,41,13.0
FROMAGE PARMESAN PB,1.6,KG (1 KG),Beurre Oeuf Fromage,jeudi,2025-02,A,41,3.8
FUT HEINEKEIN,9.0,BTL (20 L),Alcools,jeudi,2025-02,B,41,240.0
HARISSA ARBI,17.0,BTE (0.45 KG),Epicerie,jeudi,2025-02,A,41,23.0
JAMBON DE BOEUF FUME,7.45,KG (1 KG),Charcuterie,mercredi,2025-02,A,41,18.1
JAMBON DE DINDE,14.4,KG (1 KG),Charcuterie,mercredi,2025-02,A,41,34.15
JOUR ET NUIT ROUGE 1/2,6.0,PC (1 PC),Alcools,jeudi,2025-02,C,41,48.0
LENTILLE VRAC,2.0,PC (1 KG),Legumes Secs,mercredi,2025-02,D,41,3.0
LEVURE CHIMIQUE,3.0,PQT (1000 GR),Pâtisseries,mercredi,2025-02,D,41,3.0
LIPTON ICE TEA FRAMBOISE 33 CL,34.0,PC (1 PC),THE,jeudi,2025-02,A,41,637.0
LOT CAFE GRAIN BARISTA,21.0,PC (1 KG),Cafe,jeudi,2025-02,A,41,121.0
LOT DE CAFE TURC,1.0,PC (1 KG),Cafe,mercredi,2025-02,D,41,3.0
MAIS EN VRAC,5.0,PC (1 KG),Legumes Frais,jeudi,2025-02,C,41,9.0
MARGARINE,3.0,SEAU (4.5 KG),Beurre Oeuf Fromage,mardi,2025-02,B,41,13.5
MOZARELLA BOCCONCINI,3.0,PC (200 GR),Beurre Oeuf Fromage,jeudi,2025-02,D,41,23.0
NAPPAGE,2.0,PC (1 PC),Pâtisseries,vendredi,2025-02,C,41,14.0
NOISETTE GRILLEE CONCASSEE,1.0,PC (1 KG),Fruits Secs,mardi,2025-02,D,41,3.0
OIGNION VERT,4.74,KG,Legumes Frais,mercredi,2025-02,D,41,11.15
PAILLE NOIR,13.0,PQT (250 PC),Consommable,mercredi,2025-02,A,41,39.0
PAPIER ALUM DE 100,2.0,PC (1 PC),Consommable,samedi,2025-02,B,41,9.0
PAPRIKA FORT,1.0,KG (1 KG),Epicerie,dimanche,2025-02,C,41,3.0
PEPPERONI,0.6,KG (1 KG),Charcuterie,mardi,2025-02,A,41,4.8
PERSIL,5.0,KG (1 KG),Legumes Frais,vendredi,2025-02,A,41,7.32999
PIMENT ROUGE SALLE,10.0,KG (1 KG),Epicerie,jeudi,2025-02,B,41,20.0
PISTACHE CONCASSEE,1.0,PC (1000 GR),Fruits Secs,mardi,2025-02,C,41,4.0
QUATRE EPICES MOULU,1.0,PC (1 KG),Epicerie,lundi,2025-02,C,41,3.0
ROQUETTE FRAIS EN KG,2.28,KG,Legumes Frais,mardi,2025-02,B,41,9.9
ROQUETTE SALADE BARQUETTE,2.75,KG,Legumes Frais,mercredi,2025-02,A,41,5.9
ROULEAU DE 750 ETIQUETTE BLANC,3.0,PC,Consommable,mercredi,2025-02,C,41,16.0
SAC SOUS VIDE LISSE 20*30,700.0,SAC (100 PC),Consommable,mercredi,2025-02,A,41,1800.0
SAC SOUS VIDE LISSE 30*30,3.0,SAC (100 PC),Consommable,mardi,2025-02,A,41,1100.0
SAC SOUS VIDE LISSE 40*40,300.0,SAC (100 PC),Consommable,mardi,2025-02,B,41,900.0
SANEX,7.0,PC (1 PC),Hygiène,vendredi,2025-02,A,41,100.0
SAUCE A L'AIL PB,6.0,KG (1 KG),Epicerie,jeudi,2025-02,A,41,11.0
SAUCE PESTO PB,4.0,PC (0.6 KG),Epicerie,jeudi,2025-02,A,41,5.0
TOMATES SECHEES,0.6,PC (1000 GR),Epicerie,vendredi,2025-02,B,41,5.0
VIANDE SECHE FUME (BRESAOLA) TRANCHES 300GR,4.2,KG (1000 GR),Viandes Fraiches,vendredi,2025-02,A,41,11.0
AIL,5.0,KG,Legumes Frais,samedi,2025-02,B,42,8.3
AIL EN POUDRE,1.0,KG (1 KG),Epicerie,mardi,2025-02,C,42,2.0
AMANDE EFFILEE,1.0,PC (1 KG),Fruits Secs,samedi,2025-02,B,42,4.0
ANANAS PCES,43.0,PC (1 PC),Fruits & Legumes Frais,lundi,2025-02,A,42,172.0
BACON BOEUF FUME TRANCHES ( 300GR),3.3,KG (1000 GR),Viandes Fraiches,jeudi,2025-02,A,42,6.9
BACTYGEL 703 CF,4.0,BTL (1 BTL),Hygiène,mardi,2025-02,B,42,4.0
BASILIC BARQUETTE,4.05,KG (1 KG),Legumes Frais,samedi,2025-02,A,42,11.05
BOITE FRAPPE CAFE 1.36KG MONIN,1.0,BTE (1360 GR),Pâtisseries,samedi,2025-02,C,42,6.0
BOITE FRAPPE VANILLE 1.36KG MONIN,1.0,BTE (1.36 KG),Pâtisseries,samedi,2025-02,C,42,6.0
BOUTEILLE DE VINAIGRETTE 250ML,5.0,PC (250 GR),Epicerie,samedi,2025-02,A,42,16.0
CAPRE VRAC,2.0,SEAU (2 KG),Legumes Frais,samedi,2025-02,B,42,9.0
CELTIA FUT DE 50L,3.0,PC (50 L),Alcools,vendredi,2025-02,B,42,6.0
CHOCOLAT CHAUD EN POUDRE,1.0,KG (1 KG),Cafe,lundi,2025-02,B,42,7.0
CHORBA FRIK,10.0,PQT (0.5 KG),Epicerie,lundi,2025-02,D,42,23.0
CHOUX ROUGE,9.5,KG (1 KG),Legumes Frais,samedi,2025-02,A,42,9.6
CITRON SALLE,2.0,SEAU (7 KG),Legumes Frais,dimanche,2025-02,B,42,28.0
COIFFE EN PAPIER,4.0,SCH (100 PC),Hygiène,mercredi,2025-02,B,42,1100.0
CORNICHON FRAIS,1.0,SEAU (2 KG),Legumes Frais,samedi,2025-02,B,42,12.0
COURGETTE,13.0,KG (1 KG),Legumes Frais,samedi,2025-02,A,42,28.6
CREVETTE 26/30 AVEC QUEUE  SURG.,2.0,KG (1 KG),Poisson Surgelé_R,dimanche,2025-02,C,42,4.0
CUILLIERE NOIRE EJEM,16.0,SCH (100 PC),Consommable,lundi,2025-02,A,42,4900.0
CURCUMIN MOULU,2.0,SCH (1 KG),Epicerie,lundi,2025-02,D,42,2.2
DATTE EN VRAC,5.25,KG (1 KG),Fruits & Legumes Frais,lundi,2025-02,B,42,18.3
EPINARD,2.0,KG (1 KG),Legumes Frais,dimanche,2025-02,B,42,12.15
FOURCHETTE NOIRE EMBALEE EJEM,3.0,SCH (1000 PC),Consommable,samedi,2025-02,A,42,10000.0
FROMAGE BLANC FONDU KG,2.0,KG (1 KG),Beurre Oeuf Fromage,dimanche,2025-02,C,42,15.4
FROMAGE PARMESAN PB,1.4,KG (1 KG),Beurre Oeuf Fromage,lundi,2025-02,A,42,3.8
FUT HEINEKEIN,9.0,BTL (20 L),Alcools,lundi,2025-02,B,42,240.0
GOBLET 9 0Z MF,1000.0,PC (1 PC),Consommable,dimanche,2025-02,A,42,1600.0
HARISSA ARBI,19.0,BTE (0.45 KG),Epicerie,samedi,2025-02,A,42,23.0
JAMBON DE BOEUF FUME,9.75,KG (1 KG),Charcuterie,dimanche,2025-02,A,42,18.1
JAMBON DE DINDE,24.25,KG (1 KG),Charcuterie,samedi,2025-02,A,42,34.15
JOUR ET NUIT ROUGE 1/2,12.0,PC (1 PC),Alcools,mardi,2025-02,C,42,48.0
LIPTON ICE TEA FRAMBOISE 33 CL,59.0,PC (1 PC),THE,lundi,2025-02,A,42,637.0
LOT DE CAFE TURC,1.0,PC (1 KG),Cafe,samedi,2025-02,D,42,3.0
MANCHE A BALAIS,1.0,PC (1 PC),Hygiène,lundi,2025-02,B,42,20.0
MARGARINE,2.0,SEAU (4.5 KG),Beurre Oeuf Fromage,lundi,2025-02,B,42,13.5
NAPPAGE,1.0,PC (1 PC),Pâtisseries,samedi,2025-02,C,42,14.0
NOISETTE GRILLEE CONCASSEE,1.0,PC (1 KG),Fruits Secs,lundi,2025-02,D,42,3.0
OIGNION VERT,4.0,KG (1 KG),Legumes Frais,samedi,2025-02,D,42,11.15
PAILLE NOIR,18.0,PQT (250 PC),Consommable,samedi,2025-02,A,42,39.0
PAPIER ALUM DE 100,2.0,PC (1 PC),Consommable,samedi,2025-02,B,42,9.0
PAPIER CUISSON 40*60,1.0,PQT (500 PC),Consommable,lundi,2025-02,C,42,4.0
PAPRIKA DOUX,1.0,KG (1 KG),Epicerie,samedi,2025-02,C,42,3.0
PAPRIKA FORT,1.0,KG (1 KG),Epicerie,lundi,2025-02,C,42,3.0
PEPPERONI,0.8999999999999999,KG (1 KG),Charcuterie,vendredi,2025-02,A,42,4.8
PERSIL,2.85,KG (1 KG),Legumes Frais,mardi,2025-02,A,42,7.32999
PIMENT ROUGE SALLE,10.0,KG (1 KG),Epicerie,mardi,2025-02,B,42,20.0
POIVRE NOIR MOULU,1.0,PC (1 KG),Epicerie,mardi,2025-02,B,42,3.0
PUREE DE BANANE 1L,1.0,PC (1 L),Epicerie,samedi,2025-02,D,42,2.0
PUREE FRAISE 1.32KG MONIN,1.0,KG (1320 GR),Pâtisseries,samedi,2025-02,D,42,2.0
QUATRE EPICES MOULU,2.0,PC (1 KG),Epicerie,mardi,2025-02,C,42,3.0
RACLETTE,1.0,PC (1 PC),Hygiène,lundi,2025-02,B,42,7.0
ROQUETTE SALADE BARQUETTE,2.5,KG,Legumes Frais,dimanche,2025-02,A,42,5.9
ROULEAU DE 750 ETIQUETTE BLANC,3.0,PC (1 PC),Consommable,samedi,2025-02,C,42,16.0
SAC SOUS VIDE LISSE 20*30,400.0,SAC (100 PC),Consommable,dimanche,2025-02,A,42,1800.0
SAC SOUS VIDE LISSE 30*30,5.0,SAC (100 PC),Consommable,dimanche,2025-02,A,42,1100.0
SAC SOUS VIDE LISSE 40*40,200.0,SAC (100 PC),Consommable,dimanche,2025-02,B,42,900.0
SANEX,10.0,PC (1 PC),Hygiène,samedi,2025-02,A,42,100.0
SAUCE A L'AIL PB,7.0,KG (1 KG),Epicerie,samedi,2025-02,A,42,11.0
SAUCE PESTO PB,3.0,PC (0.6 KG),Epicerie,samedi,2025-02,A,42,5.0
SIROP DE CARAMEL 1L MONIN,1.0,PC (1000 ML),Pâtisseries,samedi,2025-02,B,42,5.0
TOMATES SECHEES,0.8,PC (1000 GR),Epicerie,samedi,2025-02,B,42,5.0
TOQUE CHEF,1.0,PC (1 PC),Hygiène,samedi,2025-02,C,42,6.0
VIANDE SECHE FUME (BRESAOLA) TRANCHES 300GR,6.6,KG (1000 GR),Viandes Fraiches,samedi,2025-02,A,42,11.0
VINAIGRE CREME DE BALSAMIQUE,2.0,BTL (500 ML),Epicerie,dimanche,2025-02,D,42,9.0
sucre en buchette MF 10kg,1.0,KG (1 KG),Cafe,dimanche,2025-02,C,42,10.0
AIL,1.1,KG,Legumes Frais,mardi,2025-03,B,43,8.3
AIL EN POUDRE,2.0,KG (1 KG),Epicerie,samedi,2025-03,C,43,2.0
ANANAS PCES,31.0,PC (1 PC),Fruits & Legumes Frais,mardi,2025-02,A,43,172.0
BACON BOEUF FUME TRANCHES ( 300GR),2.7,KG (1000 GR),Viandes Fraiches,mercredi,2025-02,A,43,6.9
BACTYGEL 703 CF,3.0,BTL,Hygiène,jeudi,2025-02,B,43,4.0
BASILIC BARQUETTE,3.85,KG (1 KG),Legumes Frais,mardi,2025-02,A,43,11.05
BOUTEILLE DE VINAIGRETTE 250ML,3.0,PC (250 GR),Epicerie,mardi,2025-02,A,43,16.0
CAPRE VRAC,1.0,SEAU (2 KG),Legumes Frais,samedi,2025-03,B,43,9.0
CELTIA FUT DE 50L,1.0,PC (50 L),Alcools,vendredi,2025-02,B,43,6.0
CHORBA FRIK,15.0,PQT (0.5 KG),Epicerie,samedi,2025-03,D,43,23.0
CHOUX ROUGE,3.65,KG (1 KG),Legumes Frais,jeudi,2025-02,A,43,9.6
CITRON SALLE,1.0,SEAU (7 KG),Legumes Frais,dimanche,2025-03,B,43,28.0
COIFFE EN PAPIER,7.0,SCH (100 PC),Hygiène,mercredi,2025-02,B,43,1100.0
CORNICHON FRAIS,2.0,SEAU (2 KG),Legumes Frais,samedi,2025-03,B,43,12.0
COURGETTE,13.9,KG (1 KG),Legumes Frais,mardi,2025-02,A,43,28.6
CREVETTE 26/30 AVEC QUEUE  SURG.,1.0,KG (1 KG),Poisson Surgelé_R,lundi,2025-03,C,43,4.0
CUILLIERE NOIRE EJEM,21.0,SCH (100 PC),Consommable,mardi,2025-02,A,43,4900.0
CURCUMIN MOULU,1.0,SCH (1 KG),Epicerie,samedi,2025-03,D,43,2.2
DATTE EN VRAC,15.6,KG (1 KG),Fruits & Legumes Frais,samedi,2025-03,B,43,18.3
EPINARD,2.1,KG,Legumes Frais,jeudi,2025-03,B,43,12.15
FOURCHETTE NOIRE EMBALEE EJEM,2.0,SCH (1000 PC),Consommable,mercredi,2025-02,A,43,10000.0
FROMAGE BLANC FONDU KG,2.4,KG (1 KG),Beurre Oeuf Fromage,mardi,2025-02,C,43,15.4
FROMAGE BUCHE BLANCHE CHEVRE KG,2.0,KG (1 KG),Beurre Oeuf Fromage,mardi,2025-02,B,43,5.0
FROMAGE PARMESAN PB,0.8,KG (1 KG),Beurre Oeuf Fromage,mardi,2025-02,A,43,3.8
FUT HEINEKEIN,5.0,BTL (20 L),Alcools,jeudi,2025-02,B,43,240.0
GOBLET 9 0Z MF,400.0,PC (1 PC),Consommable,mardi,2025-02,A,43,1600.0
HARISSA ARBI,10.0,BTE (0.45 KG),Epicerie,samedi,2025-03,A,43,23.0
JAMBON DE BOEUF FUME,4.4,KG (1 KG),Charcuterie,samedi,2025-03,A,43,18.1
JAMBON DE DINDE,6.1,KG (1 KG),Charcuterie,mardi,2025-02,A,43,34.15
JOUR ET NUIT ROUGE 1/2,10.0,PC (1 PC),Alcools,mardi,2025-02,C,43,48.0
LEVURE CHIMIQUE,3.0,PQT (1000 GR),Pâtisseries,mardi,2025-03,D,43,3.0
LIPTON ICE TEA FRAMBOISE 33 CL,151.0,PC (1 PC),THE,mardi,2025-02,A,43,637.0
LOT DE CAFE TURC,0.375,PC (1 KG),Cafe,samedi,2025-03,D,43,3.0
MARGARINE,2.0,SEAU (4.5 KG),Beurre Oeuf Fromage,mardi,2025-02,B,43,13.5
MELANGE EPICES VIANDE 500GR PB,1.0,SAC (0.5 KG),Epicerie,mardi,2025-03,D,43,2.0
MENTHE SECHE,0.36,KG (1 KG),Epicerie,samedi,2025-03,D,43,2.0
MOUSSE CHOCOLAT,4.0,PC (1 PC),Pâtisseries,lundi,2025-03,D,43,4.0
NAPPAGE,1.0,PC (1 PC),Pâtisseries,mardi,2025-02,C,43,14.0
OIGNION VERT,2.21,KG,Legumes Frais,mercredi,2025-02,D,43,11.15
PAILLE BUBBLE TEA 12MM COLORE,5.0,SCH (200 PC),Consommable,samedi,2025-03,C,43,1800.0
PAILLE NOIR,7.0,PQT (250 PC),Consommable,mardi,2025-02,A,43,39.0
PAPIER ALUM DE 100,2.0,PC,Consommable,samedi,2025-03,B,43,9.0
PAPIER CUISSON 40*60,1.0,PQT (500 PC),Consommable,mercredi,2025-02,C,43,4.0
PEPPERONI,0.6,KG (1 KG),Charcuterie,samedi,2025-03,A,43,4.8
PERSIL,5.3,KG (1 KG),Legumes Frais,mardi,2025-02,A,43,7.32999
PIMENT ROUGE SALLE,10.0,KG (1 KG),Epicerie,jeudi,2025-02,B,43,20.0
POIVRE NOIR MOULU,3.0,PC (1 KG),Epicerie,mardi,2025-02,B,43,3.0
QUATRE EPICES MOULU,1.0,PC (1 KG),Epicerie,lundi,2025-03,C,43,3.0
RACLETTE,7.0,PC,Hygiène,mercredi,2025-02,B,43,7.0
ROQUETTE SALADE BARQUETTE,3.45,KG,Legumes Frais,mercredi,2025-02,A,43,5.9
SAC SOUS VIDE LISSE 20*30,400.0,SAC (100 PC),Consommable,mardi,2025-02,A,43,1800.0
SAC SOUS VIDE LISSE 30*30,7.0,SAC (100 PC),Consommable,mardi,2025-02,A,43,1100.0
SAC SOUS VIDE LISSE 40*40,200.0,SAC (100 PC),Consommable,dimanche,2025-03,B,43,900.0
SANEX,3.0,PC (1 PC),Hygiène,samedi,2025-03,A,43,100.0
SAUCE A L'AIL PB,6.0,KG (1 KG),Epicerie,mardi,2025-02,A,43,11.0
SAUCE PESTO PB,4.0,PC (0.6 KG),Epicerie,mardi,2025-02,A,43,5.0
SIROP DE CARAMEL 1L MONIN,1.0,PC (1000 ML),Pâtisseries,mardi,2025-02,B,43,5.0
TOQUE CHEF,2.0,PC (1 PC),Hygiène,mardi,2025-02,C,43,6.0
VIANDE SECHE FUME (BRESAOLA) TRANCHES 300GR,3.6,KG (1000 GR),Viandes Fraiches,mercredi,2025-02,A,43,11.0
AIL,8.3,KG,Legumes Frais,vendredi,2025-03,B,44,8.3
AIL EN POUDRE,2.0,KG (1 KG),Epicerie,jeudi,2025-03,C,44,2.0
AMANDE EFFILEE,1.0,PC (1 KG),Fruits Secs,mercredi,2025-03,B,44,4.0
ANANAS PCES,6.0,PC (1 PC),Fruits & Legumes Frais,samedi,2025-03,A,44,172.0
BACON BOEUF FUME TRANCHES ( 300GR),1.5,KG (1000 GR),Viandes Fraiches,samedi,2025-03,A,44,6.9
BACTYGEL 703 CF,3.0,BTL (1 BTL),Hygiène,dimanche,2025-03,B,44,4.0
BASILIC BARQUETTE,2.5,KG (1 KG),Legumes Frais,vendredi,2025-03,A,44,11.05
CAPRE VRAC,1.0,SEAU (2 KG),Legumes Frais,samedi,2025-03,B,44,9.0
CHAPLUR,2.0,PC (1 KG),Epicerie,mercredi,2025-03,C,44,16.0
CHORBA FRIK,23.0,PQT (0.5 KG),Epicerie,samedi,2025-03,D,44,23.0
CHOUX ROUGE,4.0,KG (1 KG),Legumes Frais,samedi,2025-03,A,44,9.6
CITRON SALLE,1.0,SEAU (7 KG),Legumes Frais,samedi,2025-03,B,44,28.0
COIFFE EN PAPIER,8.0,SCH (100 PC),Hygiène,dimanche,2025-03,B,44,1100.0
COURGETTE,6.1,KG (1 KG),Legumes Frais,samedi,2025-03,A,44,28.6
CREVETTE 26/30 AVEC QUEUE  SURG.,2.0,KG (1 KG),Poisson Surgelé_R,mercredi,2025-03,C,44,4.0
CUILLIERE NOIRE EJEM,20.0,SCH (100 PC),Consommable,vendredi,2025-03,A,44,4900.0
CURCUMIN MOULU,2.0,SCH (1 KG),Epicerie,vendredi,2025-03,D,44,2.2
DATTE EN VRAC,18.3,KG (1 KG),Fruits & Legumes Frais,vendredi,2025-03,B,44,18.3
EPINARD,4.9,KG (1 KG),Legumes Frais,samedi,2025-03,B,44,12.15
FOURCHETTE NOIRE EMBALEE EJEM,2.0,SCH (1000 PC),Consommable,lundi,2025-03,A,44,10000.0
FROMAGE BLANC FONDU KG,4.4,KG (1 KG),Beurre Oeuf Fromage,vendredi,2025-03,C,44,15.4
FROMAGE BUCHE BLANCHE CHEVRE KG,1.0,KG (1 KG),Beurre Oeuf Fromage,samedi,2025-03,B,44,5.0
FROMAGE GORGONZELA,4.0,PC (150 GR),Beurre Oeuf Fromage,samedi,2025-03,A,44,13.0
FROMAGE PARMESAN PB,0.4,KG (1 KG),Beurre Oeuf Fromage,samedi,2025-03,A,44,3.8
HARISSA ARBI,11.0,BTE (0.45 KG),Epicerie,mercredi,2025-03,A,44,23.0
JAMBON DE BOEUF FUME,3.35,KG (1 KG),Charcuterie,mardi,2025-03,A,44,18.1
JAMBON DE DINDE,7.4,KG (1 KG),Charcuterie,dimanche,2025-03,A,44,34.15
LENTILLE VRAC,1.0,PC (1 KG),Legumes Secs,vendredi,2025-03,D,44,3.0
LIPTON ICE TEA FRAMBOISE 33 CL,72.0,PC (1 PC),THE,vendredi,2025-03,A,44,637.0
MARGARINE,2.0,SEAU (4.5 KG),Beurre Oeuf Fromage,dimanche,2025-03,B,44,13.5
NAPPAGE,1.0,PC,Pâtisseries,mercredi,2025-03,C,44,14.0
OIGNION VERT,5.0,KG,Legumes Frais,mercredi,2025-03,D,44,11.15
PAILLE NOIR,6.0,PQT (250 PC),Consommable,vendredi,2025-03,A,44,39.0
PAPIER ALUM DE 100,3.0,PC (1 PC),Consommable,samedi,2025-03,B,44,9.0
PAPIER CUISSON 40*60,1.0,PQT (500 PC),Consommable,dimanche,2025-03,C,44,4.0
PAPRIKA DOUX,2.0,KG (1 KG),Epicerie,vendredi,2025-03,C,44,3.0
PEPPERONI,0.6,KG (1 KG),Charcuterie,samedi,2025-03,A,44,4.8
PERSIL,4.2,KG (1 KG),Legumes Frais,samedi,2025-03,A,44,7.32999
QUATRE EPICES MOULU,1.0,PC (1 KG),Epicerie,mercredi,2025-03,C,44,3.0
ROQUETTE SALADE BARQUETTE,3.65,KG,Legumes Frais,vendredi,2025-03,A,44,5.9
ROULEAU DE 750 ETIQUETTE BLANC,3.0,PC,Consommable,jeudi,2025-03,C,44,16.0
SAC SOUS VIDE LISSE 20*30,300.0,SAC (100 PC),Consommable,dimanche,2025-03,A,44,1800.0
SAC SOUS VIDE LISSE 30*30,5.0,SAC (100 PC),Consommable,dimanche,2025-03,A,44,1100.0
SAC SOUS VIDE LISSE 40*40,200.0,SAC (100 PC),Consommable,dimanche,2025-03,B,44,900.0
SANEX,4.0,PC (1 PC),Hygiène,samedi,2025-03,A,44,100.0
SAUCE A L'AIL PB,1.0,KG (1 KG),Epicerie,samedi,2025-03,A,44,11.0
SAUCE PESTO PB,1.0,PC (0.6 KG),Epicerie,samedi,2025-03,A,44,5.0
VARIANTES,1.0,SEAU (7 KG),Legumes Frais,samedi,2025-03,D,44,10.0
VIANDE SECHE FUME (BRESAOLA) TRANCHES 300GR,3.6,KG (1000 GR),Viandes Fraiches,samedi,2025-03,A,44,11.0
AIL EN POUDRE,1.0,KG,Epicerie,mardi,2025-03,C,45,2.0
ANANAS PCES,21.0,PC,Fruits & Legumes Frais,lundi,2025-03,A,45,172.0
BACON BOEUF FUME TRANCHES ( 300GR),0.8999999999999999,KG (1000 GR),Viandes Fraiches,dimanche,2025-03,A,45,6.9
BACTYGEL 703 CF,4.0,BTL (1 BTL),Hygiène,vendredi,2025-03,B,45,4.0
BASILIC BARQUETTE,3.25,KG,Legumes Frais,mercredi,2025-03,A,45,11.05
CHAPLUR,2.0,PC (1 KG),Epicerie,lundi,2025-03,C,45,16.0
CHORBA FRIK,11.0,PQT (0.5 KG),Epicerie,lundi,2025-03,D,45,23.0
COIFFE EN PAPIER,3.0,SCH (100 PC),Hygiène,vendredi,2025-03,B,45,1100.0
COURGETTE,14.9,KG (1 KG),Legumes Frais,lundi,2025-03,A,45,28.6
CUILLIERE NOIRE EJEM,1.0,SCH (100 PC),Consommable,jeudi,2025-03,A,45,4900.0
CURCUMIN MOULU,2.0,SCH (1 KG),Epicerie,mardi,2025-03,D,45,2.2
DATTE EN VRAC,15.4,KG (1 KG),Fruits & Legumes Frais,lundi,2025-03,B,45,18.3
FOURCHETTE NOIRE EMBALEE EJEM,1.0,SCH (1000 PC),Consommable,mercredi,2025-03,A,45,10000.0
FROMAGE BLANC FONDU KG,6.6000000000000005,KG,Beurre Oeuf Fromage,lundi,2025-03,C,45,15.4
FROMAGE PARMESAN PB,0.4,KG (1 KG),Beurre Oeuf Fromage,mardi,2025-03,A,45,3.8
HARISSA ARBI,18.0,BTE (0.45 KG),Epicerie,lundi,2025-03,A,45,23.0
JAMBON DE BOEUF FUME,1.6,KG (1 KG),Charcuterie,lundi,2025-03,A,45,18.1
JAMBON DE DINDE,1.2,KG (1 KG),Charcuterie,vendredi,2025-03,A,45,34.15
LENTILLE VRAC,2.0,PC (1 KG),Legumes Secs,mardi,2025-03,D,45,3.0
LEVURE CHIMIQUE,1.0,PQT (1000 GR),Pâtisseries,lundi,2025-03,D,45,3.0
LIPTON ICE TEA FRAMBOISE 33 CL,84.0,PC (1 PC),THE,mardi,2025-03,A,45,637.0
MARGARINE,2.0,SEAU (4.5 KG),Beurre Oeuf Fromage,lundi,2025-03,B,45,13.5
MENTHE SECHE,0.3,KG (1 KG),Epicerie,lundi,2025-03,D,45,2.0
NAPPAGE,1.0,PC (1 PC),Pâtisseries,vendredi,2025-03,C,45,14.0
PAILLE NOIR,14.0,PQT (250 PC),Consommable,mercredi,2025-03,A,45,39.0
PAPIER ALUM DE 100,1.0,PC (1 PC),Consommable,samedi,2025-03,B,45,9.0
PAPRIKA DOUX,1.0,KG (1 KG),Epicerie,mardi,2025-03,C,45,3.0
PERSIL,1.0,KG (1 KG),Legumes Frais,jeudi,2025-03,A,45,7.32999
POIVRE NOIR MOULU,1.0,PC (1 KG),Epicerie,mardi,2025-03,B,45,3.0
QUATRE EPICES MOULU,1.0,PC (1 KG),Epicerie,jeudi,2025-03,C,45,3.0
RACLETTE,1.0,PC (1 PC),Hygiène,mardi,2025-03,B,45,7.0
ROQUETTE SALADE BARQUETTE,0.45,KG,Legumes Frais,lundi,2025-03,A,45,5.9
SAC SOUS VIDE LISSE 20*30,100.0,SAC (100 PC),Consommable,mardi,2025-03,A,45,1800.0
SAC SOUS VIDE LISSE 30*30,3.0,SAC (100 PC),Consommable,mardi,2025-03,A,45,1100.0
SAC SOUS VIDE LISSE 40*40,200.0,SAC (100 PC),Consommable,lundi,2025-03,B,45,900.0
SANEX,4.0,PC (1 PC),Hygiène,jeudi,2025-03,A,45,100.0
SAUCE A L'AIL PB,5.0,KG (1 KG),Epicerie,mardi,2025-03,A,45,11.0
SAUCE PESTO PB,1.0,PC (0.6 KG),Epicerie,mardi,2025-03,A,45,5.0
VIANDE SECHE FUME (BRESAOLA) TRANCHES 300GR,0.8999999999999999,KG (1000 GR),Viandes Fraiches,dimanche,2025-03,A,45,11.0
AIL,1.4,KG (1 KG),Legumes Frais,vendredi,2025-03,B,46,8.3
AMANDE EFFILEE,2.0,PC (1 KG),Fruits Secs,mercredi,2025-04,B,46,4.0
ANANAS PCES,47.0,PC,Fruits & Legumes Frais,samedi,2025-03,A,46,172.0
BACON BOEUF FUME TRANCHES ( 300GR),2.4,KG (1000 GR),Viandes Fraiches,samedi,2025-03,A,46,6.9
BACTYGEL 703 CF,2.0,BTL (1 BTL),Hygiène,jeudi,2025-04,B,46,4.0
BASILIC BARQUETTE,3.3,KG,Legumes Frais,lundi,2025-03,A,46,11.05
BOITE FRAPPE CAFE 1.36KG MONIN,2.0,BTE (1360 GR),Pâtisseries,dimanche,2025-03,C,46,6.0
BOUTEILLE DE VINAIGRETTE 250ML,2.0,PC (250 GR),Epicerie,samedi,2025-03,A,46,16.0
CAPRE VRAC,2.0,SEAU (2 KG),Legumes Frais,vendredi,2025-03,B,46,9.0
CELTIA FUT DE 50L,2.0,PC (50 L),Alcools,vendredi,2025-04,B,46,6.0
CHAPLUR,1.0,PC (1 KG),Epicerie,mercredi,2025-04,C,46,16.0
CHOCOLAT CHAUD EN POUDRE,3.0,KG (1 KG),Cafe,dimanche,2025-03,B,46,7.0
CHORBA FRIK,3.0,PQT (0.5 KG),Epicerie,vendredi,2025-03,D,46,23.0
CHOUX ROUGE,8.1,KG (1 KG),Legumes Frais,jeudi,2025-03,A,46,9.6
CITRON SALLE,2.0,SEAU (7 KG),Legumes Frais,mercredi,2025-04,B,46,28.0
COIFFE EN PAPIER,1.0,SCH (100 PC),Hygiène,samedi,2025-03,B,46,1100.0
CORNICHON FRAIS,1.0,SEAU (2 KG),Legumes Frais,mercredi,2025-04,B,46,12.0
COURGETTE,12.05,KG,Legumes Frais,jeudi,2025-03,A,46,28.6
COUTEAU A PAIN 21 CM,1.0,PC (1 PC),Accessoire & couvert,mercredi,2025-04,D,46,4.0
CREVETTE 26/30 AVEC QUEUE  SURG.,1.0,KG (1 KG),Poisson Surgelé_R,samedi,2025-04,C,46,4.0
CUILLIERE NOIRE EJEM,22.0,SCH (100 PC),Consommable,vendredi,2025-03,A,46,4900.0
CURCUMIN MOULU,1.0,SCH (1 KG),Epicerie,mercredi,2025-04,D,46,2.2
DATTE EN VRAC,6.8,KG (1 KG),Fruits & Legumes Frais,jeudi,2025-03,B,46,18.3
EPINARD,2.1,KG (1 KG),Legumes Frais,mercredi,2025-04,B,46,12.15
FOURCHETTE NOIRE EMBALEE EJEM,3.0,SCH (1000 PC),Consommable,dimanche,2025-03,A,46,10000.0
FROMAGE BLANC FONDU KG,6.6000000000000005,KG,Beurre Oeuf Fromage,dimanche,2025-03,C,46,15.4
FROMAGE BUCHE BLANCHE CHEVRE KG,2.0,KG (1 KG),Beurre Oeuf Fromage,mercredi,2025-04,B,46,5.0
FROMAGE GORGONZELA,3.0,PC (150 GR),Beurre Oeuf Fromage,mercredi,2025-04,A,46,13.0
FROMAGE PARMESAN PB,1.2000000000000002,KG (1 KG),Beurre Oeuf Fromage,dimanche,2025-03,A,46,3.8
FUT HEINEKEIN,5.0,BTL (20 L),Alcools,mercredi,2025-04,B,46,240.0
GOBLET 9 0Z MF,500.0,PC (1 PC),Consommable,mardi,2025-04,A,46,1600.0
HARISSA ARBI,8.0,BTE (0.45 KG),Epicerie,samedi,2025-03,A,46,23.0
JAMBON DE BOEUF FUME,3.0,KG (1 KG),Charcuterie,mercredi,2025-04,A,46,18.1
JAMBON DE DINDE,24.6,KG (1 KG),Charcuterie,jeudi,2025-03,A,46,34.15
LEVURE CHIMIQUE,1.0,PQT (1000 GR),Pâtisseries,samedi,2025-04,D,46,3.0
LIPTON ICE TEA FRAMBOISE 33 CL,132.0,PC (1 PC),THE,jeudi,2025-03,A,46,637.0
MANCHE A BALAIS,2.0,PC (1 PC),Hygiène,lundi,2025-03,B,46,20.0
MARGARINE,3.0,SEAU (4.5 KG),Beurre Oeuf Fromage,vendredi,2025-03,B,46,13.5
MOUSSE CHOCOLAT,1.0,PC,Pâtisseries,dimanche,2025-03,D,46,4.0
OIGNION VERT,2.0,KG (1 KG),Legumes Frais,samedi,2025-04,D,46,11.15
PAILLE BUBBLE TEA 12MM COLORE,1.0,SCH (200 PC),Consommable,jeudi,2025-04,C,46,1800.0
PAILLE NOIR,7.0,PQT (250 PC),Consommable,vendredi,2025-03,A,46,39.0
PAPIER ALUM DE 100,1.0,PC (1 PC),Consommable,samedi,2025-04,B,46,9.0
PAPIER CUISSON 40*60,1.0,PQT (500 PC),Consommable,dimanche,2025-03,C,46,4.0
PAPRIKA FORT,1.0,KG (1 KG),Epicerie,vendredi,2025-04,C,46,3.0
PEPPERONI,0.6,KG (1 KG),Charcuterie,samedi,2025-04,A,46,4.8
PERSIL,2.3,KG (1 KG),Legumes Frais,vendredi,2025-04,A,46,7.32999
PIMENT ROUGE SALLE,15.0,KG (1 KG),Epicerie,dimanche,2025-03,B,46,20.0
PISTACHE CONCASSEE,1.0,PC (1000 GR),Fruits Secs,vendredi,2025-04,C,46,4.0
POCHETTE CROISSANT 15*7*29,2.0,PC (1000 PC),Consommable,jeudi,2025-04,C,46,4.0
POIVRE NOIR MOULU,1.0,PC (1 KG),Epicerie,lundi,2025-03,B,46,3.0
PUREE ANANAS 1 L,1.0,PC (1 L),Epicerie,dimanche,2025-03,D,46,2.0
PUREE DE BANANE 1L,1.0,PC (1 L),Epicerie,dimanche,2025-03,D,46,2.0
PUREE DE KIWI 1.32KG MONIN,1.0,PC (1000 GR),Pâtisseries,dimanche,2025-03,D,46,2.0
PUREE MANGUE 1L,1.0,PC (1 L),Epicerie,dimanche,2025-03,D,46,2.0
QUATRE EPICES MOULU,1.0,PC (1 KG),Epicerie,mercredi,2025-04,C,46,3.0
RACLETTE,3.0,PC,Hygiène,samedi,2025-03,B,46,7.0
ROQUETTE SALADE BARQUETTE,2.6,KG (1 KG),Legumes Frais,samedi,2025-03,A,46,5.9
SAC SOUS VIDE LISSE 20*30,300.0,SAC (100 PC),Consommable,jeudi,2025-03,A,46,1800.0
SAC SOUS VIDE LISSE 30*30,7.0,SAC (100 PC),Consommable,jeudi,2025-03,A,46,1100.0
SAC SOUS VIDE LISSE 40*40,200.0,SAC (100 PC),Consommable,jeudi,2025-04,B,46,900.0
SANEX,8.0,PC (1 PC),Hygiène,vendredi,2025-03,A,46,100.0
SAUCE A L'AIL PB,6.0,KG (1 KG),Epicerie,samedi,2025-03,A,46,11.0
SAUCE PESTO PB,3.0,PC (0.6 KG),Epicerie,samedi,2025-03,A,46,5.0
VARIANTES,1.0,SEAU (7 KG),Legumes Frais,mercredi,2025-04,D,46,10.0
VIANDE SECHE FUME (BRESAOLA) TRANCHES 300GR,4.2,KG (1000 GR),Viandes Fraiches,vendredi,2025-03,A,46,11.0
VINAIGRE CREME DE BALSAMIQUE,6.0,BTL (500 ML),Epicerie,vendredi,2025-03,D,46,9.0
AIL,1.2,KG,Legumes Frais,dimanche,2025-04,B,47,8.3
AIL EN POUDRE,2.0,KG (1 KG),Epicerie,dimanche,2025-04,C,47,2.0
AMANDE EFFILEE,2.0,PC (1 KG),Fruits Secs,mercredi,2025-04,B,47,4.0
ANANAS PCES,3.0,PC,Fruits & Legumes Frais,jeudi,2025-04,A,47,172.0
BACON BOEUF FUME TRANCHES ( 300GR),3.3,KG (1000 GR),Viandes Fraiches,lundi,2025-04,A,47,6.9
BACTYGEL 703 CF,2.0,BTL,Hygiène,samedi,2025-04,B,47,4.0
BASILIC BARQUETTE,4.65,KG (1 KG),Legumes Frais,mardi,2025-04,A,47,11.05
BOUTEILLE DE VINAIGRETTE 250ML,5.0,PC (250 GR),Epicerie,mardi,2025-04,A,47,16.0
CAPRE VRAC,1.0,SEAU (2 KG),Legumes Frais,vendredi,2025-04,B,47,9.0
CELTIA FUT DE 50L,1.0,PC (50 L),Alcools,vendredi,2025-04,B,47,6.0
CHAPLUR,10.0,PC (1 KG),Epicerie,lundi,2025-04,C,47,16.0
CHOCOLAT CHAUD EN POUDRE,1.0,KG (1 KG),Cafe,dimanche,2025-04,B,47,7.0
CHOUX ROUGE,6.4,KG (1 KG),Legumes Frais,lundi,2025-04,A,47,9.6
CITRON SALLE,3.0,SEAU (7 KG),Legumes Frais,mercredi,2025-04,B,47,28.0
COIFFE EN PAPIER,9.0,SCH (100 PC),Hygiène,dimanche,2025-04,B,47,1100.0
CORNICHON FRAIS,1.0,SEAU (2 KG),Legumes Frais,dimanche,2025-04,B,47,12.0
COURGETTE,8.0,KG (1 KG),Legumes Frais,mercredi,2025-04,A,47,28.6
COUTEAU A PAIN 21 CM,1.0,PC (1 PC),Accessoire & couvert,lundi,2025-04,D,47,4.0
CREVETTE 26/30 AVEC QUEUE  SURG.,2.0,KG,Poisson Surgelé_R,mardi,2025-04,C,47,4.0
CUILLIERE NOIRE EJEM,28.0,SCH (100 PC),Consommable,lundi,2025-04,A,47,4900.0
CURCUMIN MOULU,1.0,SCH (1 KG),Epicerie,lundi,2025-04,D,47,2.2
DATTE EN VRAC,3.2,KG (1 KG),Fruits & Legumes Frais,mardi,2025-04,B,47,18.3
EPINARD,2.05,KG (1 KG),Legumes Frais,lundi,2025-04,B,47,12.15
FOURCHETTE NOIRE EMBALEE EJEM,3.0,SCH (1000 PC),Consommable,dimanche,2025-04,A,47,10000.0
FROMAGE BLANC FONDU KG,2.2,KG,Beurre Oeuf Fromage,lundi,2025-04,C,47,15.4
FROMAGE BUCHE BLANCHE CHEVRE KG,1.0,KG (1 KG),Beurre Oeuf Fromage,vendredi,2025-04,B,47,5.0
FROMAGE GORGONZELA,8.0,PC (150 GR),Beurre Oeuf Fromage,lundi,2025-04,A,47,13.0
FROMAGE PARMESAN PB,1.4,KG (1 KG),Beurre Oeuf Fromage,mardi,2025-04,A,47,3.8
FUT HEINEKEIN,10.0,BTL (20 L),Alcools,lundi,2025-04,B,47,240.0
GOBLET 9 0Z MF,500.0,PC (1 PC),Consommable,dimanche,2025-04,A,47,1600.0
HARISSA ARBI,19.0,BTE (0.45 KG),Epicerie,dimanche,2025-04,A,47,23.0
JAMBON DE BOEUF FUME,10.65,KG (1 KG),Charcuterie,lundi,2025-04,A,47,18.1
JAMBON DE DINDE,32.2,KG (1 KG),Charcuterie,dimanche,2025-04,A,47,34.15
JOUR ET NUIT ROUGE 1/2,16.0,PC (1 PC),Alcools,vendredi,2025-04,C,47,48.0
LENTILLE VRAC,1.0,PC (1 KG),Legumes Secs,samedi,2025-04,D,47,3.0
LIPTON ICE TEA FRAMBOISE 33 CL,32.0,PC (1 PC),THE,dimanche,2025-04,A,47,637.0
LOT CAFE GRAIN BARISTA,1.0,PC (1 KG),Cafe,lundi,2025-04,A,47,121.0
MAIS EN VRAC,2.0,PC (1 KG),Legumes Frais,lundi,2025-04,C,47,9.0
MANCHE A BALAIS,3.0,PC (1 PC),Hygiène,lundi,2025-04,B,47,20.0
MARGARINE,2.0,SEAU (4.5 KG),Beurre Oeuf Fromage,mardi,2025-04,B,47,13.5
MENTHE SECHE,0.18,KG (1 KG),Epicerie,dimanche,2025-04,D,47,2.0
NUTELLA 600GR,2.0,PC (1 PC),Pâtisseries,dimanche,2025-04,B,47,114.0
OIGNION VERT,4.4,KG,Legumes Frais,lundi,2025-04,D,47,11.15
PAILLE NOIR,20.0,PQT (250 PC),Consommable,dimanche,2025-04,A,47,39.0
PAPIER ALUM DE 100,1.0,PC (1 PC),Consommable,samedi,2025-04,B,47,9.0
PAPIER CUISSON 40*60,2.0,PQT (500 PC),Consommable,mercredi,2025-04,C,47,4.0
PAPRIKA FORT,1.0,KG (1 KG),Epicerie,vendredi,2025-04,C,47,3.0
PEPPERONI,0.6,KG (1 KG),Charcuterie,lundi,2025-04,A,47,4.8
PERSIL,1.9,KG,Legumes Frais,mercredi,2025-04,A,47,7.32999
PIMENT ROUGE SALLE,16.0,KG (1 KG),Epicerie,mardi,2025-04,B,47,20.0
POCHETTE CROISSANT 15*7*29,2.0,PC (1000 PC),Consommable,lundi,2025-04,C,47,4.0
POIVRE NOIR MOULU,2.0,SCH (1 KG),Epicerie,lundi,2025-04,B,47,3.0
PUREE DE BANANE 1L,1.0,PC (1 L),Epicerie,vendredi,2025-04,D,47,2.0
PUREE DE KIWI 1.32KG MONIN,1.0,PC (1000 GR),Pâtisseries,vendredi,2025-04,D,47,2.0
QUATRE EPICES MOULU,1.0,PC (1 KG),Epicerie,vendredi,2025-04,C,47,3.0
RACLETTE,3.0,PC (1 PC),Hygiène,jeudi,2025-04,B,47,7.0
ROQUETTE FRAIS EN KG,1.0,KG (1 KG),Legumes Frais,mardi,2025-04,B,47,9.9
ROQUETTE SALADE BARQUETTE,1.75,KG,Legumes Frais,mercredi,2025-04,A,47,5.9
ROULEAU DE 750 ETIQUETTE BLANC,6.0,PC,Consommable,lundi,2025-04,C,47,16.0
ROULEAU THERMIQUE BALANCE,4.0,PC (1 PC),Fournitures de Bureau,samedi,2025-04,D,47,30.0
SAC SOUS VIDE LISSE 20*30,400.0,SAC (100 PC),Consommable,lundi,2025-04,A,47,1800.0
SAC SOUS VIDE LISSE 30*30,7.0,SAC (100 PC),Consommable,lundi,2025-04,A,47,1100.0
SAC SOUS VIDE LISSE 40*40,400.0,SAC (100 PC),Consommable,lundi,2025-04,B,47,900.0
SANEX,7.0,PC (1 PC),Hygiène,dimanche,2025-04,A,47,100.0
SAUCE A L'AIL PB,8.0,KG (1 KG),Epicerie,mardi,2025-04,A,47,11.0
SAUCE PESTO PB,4.0,PC (0.6 KG),Epicerie,mardi,2025-04,A,47,5.0
SIROP DE CARAMEL 1L MONIN,1.0,PC (1000 ML),Pâtisseries,mardi,2025-04,B,47,5.0
SIROP DE NOISETTES GRILLEES 70CL MONIN,1.0,PC (700 ML),Pâtisseries,vendredi,2025-04,D,47,2.0
THYM MOULU,1.0,PC (1 KG),Epicerie,mardi,2025-04,D,47,2.0
VARIANTES,1.0,SEAU (7 KG),Legumes Frais,mardi,2025-04,D,47,10.0
VIANDE SECHE FUME (BRESAOLA) TRANCHES 300GR,4.5,KG (1000 GR),Viandes Fraiches,lundi,2025-04,A,47,11.0
VINAIGRE CREME DE BALSAMIQUE,2.0,BTL (500 ML),Epicerie,samedi,2025-04,D,47,9.0
sucre en buchette MF 10kg,1.0,KG (1 KG),Cafe,mardi,2025-04,C,47,10.0
AIL,2.95,KG (1 KG),Legumes Frais,jeudi,2025-04,B,48,8.3
AMANDE EFFILEE,1.0,PC (1 KG),Fruits Secs,lundi,2025-04,B,48,4.0
BACON BOEUF FUME TRANCHES ( 300GR),4.8,KG (1000 GR),Viandes Fraiches,mercredi,2025-04,A,48,6.9
BACTYGEL 703 CF,2.0,BTL (1 BTL),Hygiène,vendredi,2025-04,B,48,4.0
BASILIC BARQUETTE,3.8,KG (1 KG),Legumes Frais,samedi,2025-04,A,48,11.05
BOITE FRAPPE CAFE 1.36KG MONIN,1.0,BTE (1360 GR),Pâtisseries,vendredi,2025-04,C,48,6.0
BOITE FRAPPE VANILLE 1.36KG MONIN,4.0,BTE (1.36 KG),Pâtisseries,jeudi,2025-04,C,48,6.0
BOUTEILLE DE VINAIGRETTE 250ML,5.0,PC (250 GR),Epicerie,jeudi,2025-04,A,48,16.0
CAPRE VRAC,1.0,SEAU (2 KG),Legumes Frais,dimanche,2025-04,B,48,9.0
CELTIA FUT DE 50L,4.0,PC (50 L),Alcools,vendredi,2025-04,B,48,6.0
CHAPLUR,1.0,PC (1 KG),Epicerie,dimanche,2025-04,C,48,16.0
CHOUX ROUGE,5.45,KG (1 KG),Legumes Frais,mardi,2025-04,A,48,9.6
CITRON SALLE,2.0,SEAU (7 KG),Legumes Frais,mardi,2025-04,B,48,28.0
COIFFE EN PAPIER,7.0,SCH (100 PC),Hygiène,vendredi,2025-04,B,48,1100.0
CORNICHON FRAIS,1.0,SEAU (2 KG),Legumes Frais,jeudi,2025-04,B,48,12.0
COURGETTE,13.0,KG (1 KG),Legumes Frais,jeudi,2025-04,A,48,28.6
COUTEAU A PAIN 21 CM,1.0,PC (1 PC),Accessoire & couvert,vendredi,2025-04,D,48,4.0
CREVETTE 26/30 AVEC QUEUE  SURG.,2.0,KG,Poisson Surgelé_R,samedi,2025-04,C,48,4.0
CUILLIERE NOIRE EJEM,29.0,SCH (100 PC),Consommable,samedi,2025-04,A,48,4900.0
CURCUMIN MOULU,1.0,SCH (1 KG),Epicerie,mercredi,2025-04,D,48,2.2
DATTE EN VRAC,1.4,KG,Fruits & Legumes Frais,jeudi,2025-04,B,48,18.3
EPINARD,2.2,KG (1 KG),Legumes Frais,jeudi,2025-04,B,48,12.15
FOURCHETTE NOIRE EMBALEE EJEM,2.0,SCH (1000 PC),Consommable,jeudi,2025-04,A,48,10000.0
FROMAGE BLANC FONDU KG,4.4,KG,Beurre Oeuf Fromage,vendredi,2025-04,C,48,15.4
FROMAGE BUCHE BLANCHE CHEVRE KG,5.0,KG (1 KG),Beurre Oeuf Fromage,mercredi,2025-04,B,48,5.0
FROMAGE GORGONZELA,2.0,PC (150 GR),Beurre Oeuf Fromage,mercredi,2025-04,A,48,13.0
FROMAGE PARMESAN PB,1.2000000000000002,KG (1 KG),Beurre Oeuf Fromage,samedi,2025-04,A,48,3.8
FUT HEINEKEIN,7.0,BTL (20 L),Alcools,jeudi,2025-04,B,48,240.0
GOBLET 9 0Z MF,1500.0,PC (1 PC),Consommable,mercredi,2025-04,A,48,1600.0
HARISSA ARBI,16.0,BTE (0.45 KG),Epicerie,jeudi,2025-04,A,48,23.0
JAMBON DE BOEUF FUME,11.85,KG (1 KG),Charcuterie,vendredi,2025-04,A,48,18.1
JAMBON DE DINDE,12.0,KG (1 KG),Charcuterie,dimanche,2025-04,A,48,34.15
JOUR ET NUIT ROUGE 1/2,12.0,PC (1 PC),Alcools,vendredi,2025-04,C,48,48.0
LEVURE CHIMIQUE,2.0,PQT (1000 GR),Pâtisseries,jeudi,2025-04,D,48,3.0
MANCHE A BALAIS,4.0,PC (1 PC),Hygiène,samedi,2025-04,B,48,20.0
MARGARINE,3.0,SEAU (4.5 KG),Beurre Oeuf Fromage,samedi,2025-04,B,48,13.5
MENTHE SECHE,1.0,KG,Epicerie,mercredi,2025-04,D,48,2.0
NOISETTE GRILLEE CONCASSEE,3.0,PC (1 KG),Fruits Secs,mercredi,2025-04,D,48,3.0
OIGNION VERT,3.75,KG,Legumes Frais,samedi,2025-04,D,48,11.15
PAILLE NOIR,10.0,PQT (250 PC),Consommable,vendredi,2025-04,A,48,39.0
PAPIER CUISSON 40*60,1.0,PQT (500 PC),Consommable,mardi,2025-04,C,48,4.0
PEPPERONI,2.7,KG (1 KG),Charcuterie,mercredi,2025-04,A,48,4.8
PERSIL,2.9,KG,Legumes Frais,vendredi,2025-04,A,48,7.32999
PIMENT ROUGE SALLE,10.0,KG (1 KG),Epicerie,samedi,2025-04,B,48,20.0
PISTACHE CONCASSEE,2.0,PC (1000 GR),Fruits Secs,mardi,2025-04,C,48,4.0
PUREE ANANAS 1 L,1.0,PC (1 L),Epicerie,jeudi,2025-04,D,48,2.0
PUREE DE BANANE 1L,1.0,PC (1 L),Epicerie,jeudi,2025-04,D,48,2.0
PUREE DE KIWI 1.32KG MONIN,1.0,PC (1000 GR),Pâtisseries,jeudi,2025-04,D,48,2.0
PUREE FRAISE 1.32KG MONIN,1.0,KG (1320 GR),Pâtisseries,jeudi,2025-04,D,48,2.0
PUREE MANGUE 1L,1.0,PC (1 L),Epicerie,jeudi,2025-04,D,48,2.0
QUATRE EPICES MOULU,1.0,PC (1 KG),Epicerie,mercredi,2025-04,C,48,3.0
RACLETTE,2.0,PC (1 PC),Hygiène,lundi,2025-04,B,48,7.0
ROQUETTE FRAIS EN KG,1.9,KG (1 KG),Legumes Frais,vendredi,2025-04,B,48,9.9
ROQUETTE SALADE BARQUETTE,1.3,KG,Legumes Frais,mercredi,2025-04,A,48,5.9
SAC SOUS VIDE LISSE 20*30,202.0,SAC (100 PC),Consommable,lundi,2025-04,A,48,1800.0
SAC SOUS VIDE LISSE 30*30,11.0,SAC (100 PC),Consommable,jeudi,2025-04,A,48,1100.0
SAC SOUS VIDE LISSE 40*40,800.0,SAC (100 PC),Consommable,vendredi,2025-04,B,48,900.0
SANEX,8.0,PC (1 PC),Hygiène,vendredi,2025-04,A,48,100.0
SAUCE A L'AIL PB,8.0,KG (1 KG),Epicerie,jeudi,2025-04,A,48,11.0
SAUCE PESTO PB,4.0,PC (0.6 KG),Epicerie,jeudi,2025-04,A,48,5.0
SIROP DE CARAMEL 1L MONIN,1.0,PC (1000 ML),Pâtisseries,jeudi,2025-04,B,48,5.0
SIROP DE NOISETTES GRILLEES 70CL MONIN,1.0,PC (700 ML),Pâtisseries,jeudi,2025-04,D,48,2.0
SIROP DE VANILLE 1L MONIN,1.0,PC (700 ML),Pâtisseries,jeudi,2025-04,C,48,3.0
VIANDE SECHE FUME (BRESAOLA) TRANCHES 300GR,7.8,KG (1000 GR),Viandes Fraiches,mercredi,2025-04,A,48,11.0
VINAIGRE CREME DE BALSAMIQUE,7.0,BTL (500 ML),Epicerie,vendredi,2025-04,D,48,9.0
sucre en buchette MF 10kg,3.0,KG (1 KG),Cafe,mercredi,2025-04,C,48,10.0
AIL,1.0,KG (1 KG),Legumes Frais,vendredi,2025-05,B,49,8.3
AMANDE EFFILEE,3.0,PC (1 KG),Fruits Secs,samedi,2025-04,B,49,4.0
ANANAS PCES,43.0,PC,Fruits & Legumes Frais,mardi,2025-04,A,49,172.0
BACON BOEUF FUME TRANCHES ( 300GR),2.7,KG (1000 GR),Viandes Fraiches,samedi,2025-04,A,49,6.9
BASILIC BARQUETTE,4.1,KG (1 KG),Legumes Frais,samedi,2025-04,A,49,11.05
BOUTEILLE DE VINAIGRETTE 250ML,5.0,PC (250 GR),Epicerie,samedi,2025-04,A,49,16.0
CAPRE VRAC,2.0,SEAU (2 KG),Legumes Frais,mardi,2025-04,B,49,9.0
CELTIA FUT DE 50L,2.0,PC (50 L),Alcools,mardi,2025-04,B,49,6.0
CHAPLUR,5.0,PC (1 KG),Epicerie,samedi,2025-04,C,49,16.0
CHOUX ROUGE,9.5,KG (1 KG),Legumes Frais,samedi,2025-04,A,49,9.6
CITRON SALLE,1.0,SEAU (7 KG),Legumes Frais,mardi,2025-04,B,49,28.0
COIFFE EN PAPIER,11.0,SCH (100 PC),Hygiène,samedi,2025-04,B,49,1100.0
CORNICHON FRAIS,5.0,SEAU (2 KG),Legumes Frais,lundi,2025-05,B,49,12.0
COURGETTE,14.3,KG (1 KG),Legumes Frais,samedi,2025-04,A,49,28.6
COUTEAU A PAIN 21 CM,3.0,PC (1 PC),Accessoire & couvert,lundi,2025-04,D,49,4.0
CREVETTE 26/30 AVEC QUEUE  SURG.,1.0,KG,Poisson Surgelé_R,jeudi,2025-05,C,49,4.0
CUILLIERE NOIRE EJEM,19.0,SCH (100 PC),Consommable,dimanche,2025-04,A,49,4900.0
EPINARD,5.7,KG (1 KG),Legumes Frais,mardi,2025-04,B,49,12.15
FOURCHETTE NOIRE EMBALEE EJEM,6.0,SCH (1000 PC),Consommable,samedi,2025-04,A,49,10000.0
FROMAGE BLANC FONDU KG,6.6000000000000005,KG,Beurre Oeuf Fromage,samedi,2025-04,C,49,15.4
FROMAGE BUCHE BLANCHE CHEVRE KG,5.0,KG (1 KG),Beurre Oeuf Fromage,mercredi,2025-04,B,49,5.0
FROMAGE GORGONZELA,8.0,PC (150 GR),Beurre Oeuf Fromage,mardi,2025-04,A,49,13.0
FROMAGE PARMESAN PB,1.4,KG (1 KG),Beurre Oeuf Fromage,samedi,2025-04,A,49,3.8
FUT HEINEKEIN,9.0,BTL (20 L),Alcools,lundi,2025-04,B,49,240.0
GOBLET 9 0Z MF,100.0,PC (1 PC),Consommable,jeudi,2025-05,A,49,1600.0
HARISSA ARBI,20.0,BTE (0.45 KG),Epicerie,samedi,2025-04,A,49,23.0
JAMBON DE BOEUF FUME,10.6,KG (1 KG),Charcuterie,dimanche,2025-04,A,49,18.1
JAMBON DE DINDE,28.9,KG,Charcuterie,lundi,2025-04,A,49,34.15
JOUR ET NUIT ROUGE 1/2,5.0,PC (1 PC),Alcools,vendredi,2025-05,C,49,48.0
LENTILLE VRAC,1.0,PC (1 KG),Legumes Secs,samedi,2025-04,D,49,3.0
MAIS EN VRAC,1.0,PC (1 KG),Legumes Frais,samedi,2025-04,C,49,9.0
MANCHE A BALAIS,5.0,PC (1 PC),Hygiène,samedi,2025-04,B,49,20.0
MARGARINE,1.0,SEAU (4.5 KG),Beurre Oeuf Fromage,samedi,2025-04,B,49,13.5
PAILLE NOIR,25.0,PQT (250 PC),Consommable,samedi,2025-04,A,49,39.0
PAPIER ALUM DE 100,2.0,PC (1 PC),Consommable,samedi,2025-04,B,49,9.0
PAPIER CUISSON 40*60,2.0,PQT (500 PC),Consommable,mardi,2025-04,C,49,4.0
PEPPERONI,2.7,KG (1 KG),Charcuterie,samedi,2025-04,A,49,4.8
PERSIL,1.3,KG (1 KG),Legumes Frais,dimanche,2025-04,A,49,7.32999
PIMENT ROUGE SALLE,10.0,KG (1 KG),Epicerie,mardi,2025-04,B,49,20.0
POCHETTE CROISSANT 15*7*29,1.0,PC (1000 PC),Consommable,samedi,2025-04,C,49,4.0
POIVRE NOIR MOULU,2.0,SCH (1 KG),Epicerie,vendredi,2025-05,B,49,3.0
QUATRE EPICES MOULU,2.0,PC (1 KG),Epicerie,jeudi,2025-05,C,49,3.0
RACLETTE,5.0,PC (1 PC),Hygiène,samedi,2025-04,B,49,7.0
ROQUETTE SALADE BARQUETTE,5.15,KG (1 KG),Legumes Frais,samedi,2025-04,A,49,5.9
ROULEAU DE 750 ETIQUETTE BLANC,3.0,PC,Consommable,samedi,2025-05,C,49,16.0
SAC SOUS VIDE LISSE 20*30,8.0,SAC (100 PC),Consommable,mardi,2025-04,A,49,1800.0
SAC SOUS VIDE LISSE 30*30,8.0,SAC (100 PC),Consommable,mardi,2025-04,A,49,1100.0
SANEX,7.0,PC (1 PC),Hygiène,samedi,2025-04,A,49,100.0
SAUCE A L'AIL PB,8.0,KG (1 KG),Epicerie,samedi,2025-04,A,49,11.0
SAUCE PESTO PB,4.0,PC (0.6 KG),Epicerie,samedi,2025-04,A,49,5.0
SIROP DE VANILLE 1L MONIN,1.0,PC (700 ML),Pâtisseries,vendredi,2025-05,C,49,3.0
TOMATES SECHEES,0.6,PC (1000 GR),Epicerie,lundi,2025-04,B,49,5.0
VIANDE SECHE FUME (BRESAOLA) TRANCHES 300GR,7.2,KG (1000 GR),Viandes Fraiches,samedi,2025-04,A,49,11.0
VINAIGRE CREME DE BALSAMIQUE,6.0,BTL (500 ML),Epicerie,samedi,2025-05,D,49,9.0
AIL,3.0,KG (1 KG),Legumes Frais,dimanche,2025-05,B,50,8.3
AIL EN POUDRE,1.0,KG (1 KG),Epicerie,jeudi,2025-05,C,50,2.0
AMANDE EFFILEE,2.0,PC (1 KG),Fruits Secs,mardi,2025-05,B,50,4.0
ANANAS PCES,22.0,PC (1 PC),Fruits & Legumes Frais,mardi,2025-05,A,50,172.0
BACON BOEUF FUME TRANCHES ( 300GR),4.5,KG (1000 GR),Viandes Fraiches,mardi,2025-05,A,50,6.9
BASILIC BARQUETTE,11.05,KG (1 KG),Legumes Frais,mardi,2025-05,A,50,11.05
BOUTEILLE DE VINAIGRETTE 250ML,5.0,PC (250 GR),Epicerie,mardi,2025-05,A,50,16.0
CELTIA FUT DE 50L,2.0,PC (50 L),Alcools,vendredi,2025-05,B,50,6.0
CHAPLUR,3.0,PC (1 KG),Epicerie,lundi,2025-05,C,50,16.0
CHOUX ROUGE,8.0,KG (1 KG),Legumes Frais,mardi,2025-05,A,50,9.6
CITRON SALLE,2.0,SEAU (7 KG),Legumes Frais,mercredi,2025-05,B,50,28.0
COIFFE EN PAPIER,8.0,SCH (100 PC),Hygiène,dimanche,2025-05,B,50,1100.0
COURGETTE,15.9,KG (1 KG),Legumes Frais,mardi,2025-05,A,50,28.6
CREVETTE 26/30 AVEC QUEUE  SURG.,2.0,KG (1 KG),Poisson Surgelé_R,mercredi,2025-05,C,50,4.0
CUILLIERE NOIRE EJEM,34.0,SCH (100 PC),Consommable,mercredi,2025-05,A,50,4900.0
CURCUMIN MOULU,1.0,SCH (1 KG),Epicerie,lundi,2025-05,D,50,2.2
DATTE EN VRAC,3.3,KG (1 KG),Fruits & Legumes Frais,mardi,2025-05,B,50,18.3
EPINARD,3.1,KG,Legumes Frais,mercredi,2025-05,B,50,12.15
FOURCHETTE NOIRE EMBALEE EJEM,4.0,SCH (1000 PC),Consommable,vendredi,2025-05,A,50,10000.0
FROMAGE BLANC FONDU KG,4.4,KG,Beurre Oeuf Fromage,lundi,2025-05,C,50,15.4
FROMAGE BUCHE BLANCHE CHEVRE KG,3.0,KG (1 KG),Beurre Oeuf Fromage,vendredi,2025-05,B,50,5.0
FROMAGE GORGONZELA,2.0,PC (150 GR),Beurre Oeuf Fromage,dimanche,2025-05,A,50,13.0
FROMAGE PARMESAN PB,1.2000000000000002,KG (1 KG),Beurre Oeuf Fromage,mardi,2025-05,A,50,3.8
FUT HEINEKEIN,9.0,BTL (20 L),Alcools,jeudi,2025-05,B,50,240.0
GOBLET 9 0Z MF,700.0,PC (1 PC),Consommable,mardi,2025-05,A,50,1600.0
HARISSA ARBI,7.0,BTE (0.45 KG),Epicerie,dimanche,2025-05,A,50,23.0
JAMBON DE BOEUF FUME,9.7,KG (1 KG),Charcuterie,vendredi,2025-05,A,50,18.1
JAMBON DE DINDE,9.65,KG (1 KG),Charcuterie,lundi,2025-05,A,50,34.15
JOUR ET NUIT ROUGE 1/2,26.0,PC (1 PC),Alcools,mardi,2025-05,C,50,48.0
LENTILLE VRAC,2.0,PC (1 KG),Legumes Secs,jeudi,2025-05,D,50,3.0
LEVURE CHIMIQUE,2.0,PQT (1000 GR),Pâtisseries,mardi,2025-05,D,50,3.0
MANCHE A BALAIS,14.0,PC (1 PC),Hygiène,mardi,2025-05,B,50,20.0
MELANGE EPICES VIANDE 500GR PB,1.0,SAC (0.5 KG),Epicerie,mardi,2025-05,D,50,2.0
MOUSSE CHOCOLAT,2.0,PC,Pâtisseries,samedi,2025-05,D,50,4.0
NOISETTE GRILLEE CONCASSEE,1.0,PC (1 KG),Fruits Secs,mardi,2025-05,D,50,3.0
PAILLE BUBBLE TEA 12MM COLORE,3.0,SCH (200 PC),Consommable,jeudi,2025-05,C,50,1800.0
PAILLE NOIR,10.0,PQT (250 PC),Consommable,mercredi,2025-05,A,50,39.0
PAPIER CUISSON 40*60,1.0,PQT (500 PC),Consommable,mardi,2025-05,C,50,4.0
PEPPERONI,0.8999999999999999,KG (1 KG),Charcuterie,vendredi,2025-05,A,50,4.8
PERSIL,2.4,KG (1 KG),Legumes Frais,mardi,2025-05,A,50,7.32999
PIMENT ROUGE SALLE,5.0,KG (1 KG),Epicerie,vendredi,2025-05,B,50,20.0
PISTACHE CONCASSEE,2.0,PC (1000 GR),Fruits Secs,mardi,2025-05,C,50,4.0
POCHETTE CROISSANT 15*7*29,1.0,PC (1000 PC),Consommable,jeudi,2025-05,C,50,4.0
POIVRE NOIR MOULU,2.0,SCH (1 KG),Epicerie,lundi,2025-05,B,50,3.0
PUREE ANANAS 1 L,1.0,PC (1 L),Epicerie,mercredi,2025-05,D,50,2.0
PUREE DE BANANE 1L,1.0,PC (1 L),Epicerie,mercredi,2025-05,D,50,2.0
PUREE DE KIWI 1.32KG MONIN,1.0,PC (1000 GR),Pâtisseries,mardi,2025-05,D,50,2.0
PUREE FRAISE 1.32KG MONIN,1.0,KG (1320 GR),Pâtisseries,mercredi,2025-05,D,50,2.0
PUREE MANGUE 1L,1.0,PC (1 L),Epicerie,mercredi,2025-05,D,50,2.0
QUATRE EPICES MOULU,1.0,PC (1 KG),Epicerie,lundi,2025-05,C,50,3.0
RACLETTE,5.0,PC (1 PC),Hygiène,mercredi,2025-05,B,50,7.0
ROQUETTE SALADE BARQUETTE,5.05,KG (1 KG),Legumes Frais,mercredi,2025-05,A,50,5.9
ROULEAU DE 750 ETIQUETTE BLANC,5.0,PC,Consommable,dimanche,2025-05,C,50,16.0
SAC SOUS VIDE LISSE 20*30,4.0,SAC (100 PC),Consommable,vendredi,2025-05,A,50,1800.0
SAC SOUS VIDE LISSE 30*30,1.0,SAC (100 PC),Consommable,mercredi,2025-05,A,50,1100.0
SAC SOUS VIDE LISSE 40*40,6.0,SAC (100 PC),Consommable,dimanche,2025-05,B,50,900.0
SANEX,13.0,PC (1 PC),Hygiène,mardi,2025-05,A,50,100.0
SAUCE A L'AIL PB,10.0,KG (1 KG),Epicerie,mardi,2025-05,A,50,11.0
SAUCE PESTO PB,5.0,PC (0.6 KG),Epicerie,mardi,2025-05,A,50,5.0
SIROP DE CARAMEL 1L MONIN,1.0,PC (1000 ML),Pâtisseries,mardi,2025-05,B,50,5.0
THYM MOULU,1.0,PC (1 KG),Epicerie,jeudi,2025-05,D,50,2.0
TOMATES SECHEES,0.5,PC (1000 GR),Epicerie,jeudi,2025-05,B,50,5.0
TOQUE CHEF,1.0,PC (1 PC),Hygiène,jeudi,2025-05,C,50,6.0
VARIANTES,1.0,SEAU (7 KG),Legumes Frais,dimanche,2025-05,D,50,10.0
VIANDE SECHE FUME (BRESAOLA) TRANCHES 300GR,7.5,KG (1000 GR),Viandes Fraiches,mardi,2025-05,A,50,11.0
VINAIGRE CREME DE BALSAMIQUE,9.0,BTL (500 ML),Epicerie,lundi,2025-05,D,50,9.0
AIL,2.2,KG (1 KG),Legumes Frais,mercredi,2025-05,B,51,8.3
AMANDE EFFILEE,4.0,PC (1 KG),Fruits Secs,vendredi,2025-05,B,51,4.0
BACON BOEUF FUME TRANCHES ( 300GR),3.6,KG (1000 GR),Viandes Fraiches,samedi,2025-05,A,51,6.9
BACTYGEL 703 CF,4.0,BTL (1 BTL),Hygiène,mardi,2025-05,B,51,4.0
BASILIC BARQUETTE,6.55,KG,Legumes Frais,dimanche,2025-05,A,51,11.05
BOITE FRAPPE CAFE 1.36KG MONIN,1.0,BTE (1360 GR),Pâtisseries,vendredi,2025-05,C,51,6.0
BOITE FRAPPE VANILLE 1.36KG MONIN,1.0,BTE (1.36 KG),Pâtisseries,vendredi,2025-05,C,51,6.0
BOUTEILLE DE VINAIGRETTE 250ML,4.0,PC (250 GR),Epicerie,samedi,2025-05,A,51,16.0
CAPRE VRAC,2.0,SEAU (2 KG),Legumes Frais,mardi,2025-05,B,51,9.0
CELTIA FUT DE 50L,4.0,PC (50 L),Alcools,vendredi,2025-05,B,51,6.0
CHAPLUR,5.0,PC (1 KG),Epicerie,samedi,2025-05,C,51,16.0
CHOUX ROUGE,9.6,KG (1 KG),Legumes Frais,vendredi,2025-05,A,51,9.6
CITRON SALLE,1.0,SEAU (7 KG),Legumes Frais,dimanche,2025-05,B,51,28.0
COIFFE EN PAPIER,6.0,SCH (100 PC),Hygiène,mardi,2025-05,B,51,1100.0
CORNICHON FRAIS,2.0,SEAU (2 KG),Legumes Frais,mardi,2025-05,B,51,12.0
COURGETTE,19.55,KG (1 KG),Legumes Frais,vendredi,2025-05,A,51,28.6
CUILLIERE NOIRE EJEM,6.0,SCH (100 PC),Consommable,dimanche,2025-05,A,51,4900.0
CURCUMIN MOULU,1.0,SCH (1 KG),Epicerie,vendredi,2025-05,D,51,2.2
DATTE EN VRAC,2.8,KG,Fruits & Legumes Frais,dimanche,2025-05,B,51,18.3
EPINARD,5.35,KG (1 KG),Legumes Frais,dimanche,2025-05,B,51,12.15
FOURCHETTE NOIRE EMBALEE EJEM,5.0,SCH (1000 PC),Consommable,vendredi,2025-05,A,51,10000.0
FROMAGE BLANC FONDU KG,4.4,KG (1 KG),Beurre Oeuf Fromage,lundi,2025-05,C,51,15.4
FROMAGE BUCHE BLANCHE CHEVRE KG,5.0,KG (1 KG),Beurre Oeuf Fromage,mardi,2025-05,B,51,5.0
FROMAGE PARMESAN PB,1.4,KG (1 KG),Beurre Oeuf Fromage,vendredi,2025-05,A,51,3.8
FUT HEINEKEIN,6.0,BTL (20 L),Alcools,lundi,2025-05,B,51,240.0
GOBLET 9 0Z MF,600.0,PC (1 PC),Consommable,dimanche,2025-05,A,51,1600.0
HARISSA ARBI,15.0,BTE (0.45 KG),Epicerie,vendredi,2025-05,A,51,23.0
JAMBON DE BOEUF FUME,7.449999999999999,KG (1 KG),Charcuterie,mardi,2025-05,A,51,18.1
JAMBON DE DINDE,3.55,KG (1 KG),Charcuterie,lundi,2025-05,A,51,34.15
JOUR ET NUIT ROUGE 1/2,12.0,PC (1 PC),Alcools,mercredi,2025-05,C,51,48.0
LIPTON ICE TEA FRAMBOISE 33 CL,1.0,PC,THE,mardi,2025-05,A,51,637.0
MAIS EN VRAC,2.0,PC (1 KG),Legumes Frais,vendredi,2025-05,C,51,9.0
MANCHE A BALAIS,4.0,PC (1 PC),Hygiène,samedi,2025-05,B,51,20.0
MARGARINE,3.0,SEAU (4.5 KG),Beurre Oeuf Fromage,vendredi,2025-05,B,51,13.5
MELANGE EPICES VIANDE 500GR PB,2.0,SAC (0.5 KG),Epicerie,vendredi,2025-05,D,51,2.0
PAILLE BUBBLE TEA 12MM COLORE,6.0,SCH (200 PC),Consommable,jeudi,2025-05,C,51,1800.0
PAILLE NOIR,20.0,PQT (250 PC),Consommable,samedi,2025-05,A,51,39.0
PAPIER ALUM DE 100,2.0,PC (1 PC),Consommable,samedi,2025-05,B,51,9.0
PAPIER CUISSON 40*60,2.0,PQT (500 PC),Consommable,samedi,2025-05,C,51,4.0
PEPPERONI,2.1,KG (1 KG),Charcuterie,samedi,2025-05,A,51,4.8
PERSIL,1.4,KG (1 KG),Legumes Frais,mardi,2025-05,A,51,7.32999
PIMENT ROUGE SALLE,5.0,KG (1 KG),Epicerie,dimanche,2025-05,B,51,20.0
PISTACHE CONCASSEE,1.0,PC (1000 GR),Fruits Secs,lundi,2025-05,C,51,4.0
POIVRE NOIR MOULU,2.0,SCH (1 KG),Epicerie,jeudi,2025-05,B,51,3.0
PUREE DE BANANE 1L,1.0,PC (1 L),Epicerie,vendredi,2025-05,D,51,2.0
PUREE FRAISE 1.32KG MONIN,1.0,KG (1320 GR),Pâtisseries,vendredi,2025-05,D,51,2.0
PUREE MANGUE 1L,1.0,PC (1 L),Epicerie,vendredi,2025-05,D,51,2.0
QUATRE EPICES MOULU,1.0,PC (1 KG),Epicerie,jeudi,2025-05,C,51,3.0
RACLETTE,2.0,PC (1 PC),Hygiène,jeudi,2025-05,B,51,7.0
ROQUETTE SALADE BARQUETTE,5.9,KG,Legumes Frais,samedi,2025-05,A,51,5.9
SAC SOUS VIDE LISSE 20*30,7.0,SAC (100 PC),Consommable,mardi,2025-05,A,51,1800.0
SAC SOUS VIDE LISSE 30*30,11.0,SAC (100 PC),Consommable,vendredi,2025-05,A,51,1100.0
SAC SOUS VIDE LISSE 40*40,5.0,SAC (100 PC),Consommable,samedi,2025-05,B,51,900.0
SANEX,12.0,PC (1 PC),Hygiène,samedi,2025-05,A,51,100.0
SAUCE A L'AIL PB,6.0,KG (1 KG),Epicerie,samedi,2025-05,A,51,11.0
SAUCE PESTO PB,4.0,PC (0.6 KG),Epicerie,samedi,2025-05,A,51,5.0
SIROP DE CARAMEL 1L MONIN,1.0,PC (1000 ML),Pâtisseries,vendredi,2025-05,B,51,5.0
SIROP DE VANILLE 1L MONIN,1.0,PC (700 ML),Pâtisseries,vendredi,2025-05,C,51,3.0
THYM MOULU,1.0,PC (1 KG),Epicerie,mercredi,2025-05,D,51,2.0
TOMATES SECHEES,0.5,PC (1000 GR),Epicerie,samedi,2025-05,B,51,5.0
VIANDE SECHE FUME (BRESAOLA) TRANCHES 300GR,6.0,KG (1000 GR),Viandes Fraiches,samedi,2025-05,A,51,11.0
sucre en buchette MF 10kg,1.0,KG (1 KG),Cafe,samedi,2025-05,C,51,10.0
AIL,1.75,KG (1 KG),Legumes Frais,mardi,2025-05,B,52,8.3
AMANDE EFFILEE,1.0,PC (1 KG),Fruits Secs,jeudi,2025-05,B,52,4.0
ANANAS PCES,9.0,PC (1 PC),Fruits & Legumes Frais,vendredi,2025-05,A,52,172.0
BACON BOEUF FUME TRANCHES ( 300GR),0.6,KG (1000 GR),Viandes Fraiches,lundi,2025-05,A,52,6.9
BACTYGEL 703 CF,1.0,BTL,Hygiène,samedi,2025-05,B,52,4.0
BASILIC BARQUETTE,2.9,KG (1 KG),Legumes Frais,mardi,2025-05,A,52,11.05
BOITE FRAPPE VANILLE 1.36KG MONIN,2.0,BTE (1.36 KG),Pâtisseries,mardi,2025-05,C,52,6.0
BOUTEILLE DE VINAIGRETTE 250ML,3.0,PC (250 GR),Epicerie,mardi,2025-05,A,52,16.0
CAPRE VRAC,2.0,SEAU (2 KG),Legumes Frais,lundi,2025-05,B,52,9.0
CELTIA FUT DE 50L,1.0,PC (50 L),Alcools,mardi,2025-05,B,52,6.0
CHOUX ROUGE,2.15,KG (1 KG),Legumes Frais,jeudi,2025-05,A,52,9.6
CITRON SALLE,1.0,SEAU (7 KG),Legumes Frais,samedi,2025-05,B,52,28.0
COIFFE EN PAPIER,5.0,SCH (100 PC),Hygiène,samedi,2025-05,B,52,1100.0
COURGETTE,4.0,KG (1 KG),Legumes Frais,jeudi,2025-05,A,52,28.6
CREVETTE 26/30 AVEC QUEUE  SURG.,3.0,KG (1 KG),Poisson Surgelé_R,lundi,2025-05,C,52,4.0
CUILLIERE NOIRE EJEM,13.0,SCH (100 PC),Consommable,lundi,2025-05,A,52,4900.0
DATTE EN VRAC,4.0,KG (1 KG),Fruits & Legumes Frais,mercredi,2025-05,B,52,18.3
EPINARD,6.0,KG (1 KG),Legumes Frais,mardi,2025-05,B,52,12.15
FOURCHETTE NOIRE EMBALEE EJEM,1.0,SCH (1000 PC),Consommable,vendredi,2025-05,A,52,10000.0
FROMAGE BLANC FONDU KG,2.2,KG,Beurre Oeuf Fromage,vendredi,2025-05,C,52,15.4
FROMAGE BUCHE BLANCHE CHEVRE KG,1.0,KG (1 KG),Beurre Oeuf Fromage,mardi,2025-05,B,52,5.0
FROMAGE PARMESAN PB,1.0,KG (1 KG),Beurre Oeuf Fromage,mardi,2025-05,A,52,3.8
FUT HEINEKEIN,6.0,BTL (20 L),Alcools,lundi,2025-05,B,52,240.0
GOBLET 9 0Z MF,50.0,PC,Consommable,samedi,2025-05,A,52,1600.0
HARISSA ARBI,2.0,BTE (0.45 KG),Epicerie,jeudi,2025-05,A,52,23.0
JAMBON DE BOEUF FUME,4.6,KG (1 KG),Charcuterie,mardi,2025-05,A,52,18.1
JOUR ET NUIT ROUGE 1/2,5.0,PC (1 PC),Alcools,lundi,2025-05,C,52,48.0
LENTILLE VRAC,2.0,PC (1 KG),Legumes Secs,vendredi,2025-05,D,52,3.0
MARGARINE,1.0,SEAU (4.5 KG),Beurre Oeuf Fromage,jeudi,2025-05,B,52,13.5
NOISETTE GRILLEE CONCASSEE,1.0,PC (1 KG),Fruits Secs,lundi,2025-05,D,52,3.0
OIGNION VERT,2.5,KG,Legumes Frais,lundi,2025-05,D,52,11.15
PAILLE BUBBLE TEA 12MM COLORE,1.0,SCH (200 PC),Consommable,jeudi,2025-05,C,52,1800.0
PAILLE NOIR,9.0,PQT (250 PC),Consommable,jeudi,2025-05,A,52,39.0
PAPIER CUISSON 40*60,1.0,PQT (500 PC),Consommable,vendredi,2025-05,C,52,4.0
PERSIL,0.8,KG (1 KG),Legumes Frais,lundi,2025-05,A,52,7.32999
PIMENT ROUGE SALLE,5.0,KG (1 KG),Epicerie,samedi,2025-05,B,52,20.0
POCHETTE CROISSANT 15*7*29,1.0,PC (1000 PC),Consommable,samedi,2025-05,C,52,4.0
PUREE ANANAS 1 L,1.0,PC (1 L),Epicerie,mardi,2025-05,D,52,2.0
ROQUETTE SALADE BARQUETTE,3.3,KG (1 KG),Legumes Frais,mardi,2025-05,A,52,5.9
SAC SOUS VIDE LISSE 30*30,2.0,SAC (100 PC),Consommable,vendredi,2025-05,A,52,1100.0
SANEX,3.0,PC (1 PC),Hygiène,jeudi,2025-05,A,52,100.0
SAUCE A L'AIL PB,4.0,KG (1 KG),Epicerie,mardi,2025-05,A,52,11.0
SAUCE PESTO PB,4.0,PC (0.6 KG),Epicerie,mardi,2025-05,A,52,5.0
SIROP DE VANILLE 1L MONIN,1.0,PC (700 ML),Pâtisseries,mardi,2025-05,C,52,3.0
VIANDE SECHE FUME (BRESAOLA) TRANCHES 300GR,3.3,KG (1000 GR),Viandes Fraiches,jeudi,2025-05,A,52,11.0
VINAIGRE CREME DE BALSAMIQUE,2.0,BTL (500 ML),Epicerie,vendredi,2025-05,D,52,9.0
